record_id,hash_mismatch,hash_match,signature_invalid,trusted_root_invalid,vendor_mismatch,sbom_missing,sbom_incomplete,version_changed,unauthorized_rollback,vulnerability_present,vulnerability_applicable,unexpected_component,evidence_age_days,stale_evidence,very_stale_evidence,integrity_or_authentication_failure,supply_chain_identity_mismatch,evidence_quality_issue,component_risk_indicator
REC-00001,0,1,0,0,0,0,0,1,1,0,0,0,0,0,0,0,0,0,0
REC-00002,0,1,0,0,0,0,0,0,0,0,0,0,26,0,0,0,0,0,0
REC-00003,1,0,0,0,0,0,0,0,0,0,0,0,9,0,0,1,1,0,0
REC-00004,0,1,0,0,0,1,1,0,0,0,0,0,19,0,0,0,0,1,0
REC-00005,0,1,0,0,0,0,0,0,0,0,0,1,28,0,0,0,0,0,1
REC-00006,0,1,0,0,0,1,1,0,0,0,0,0,24,0,0,0,0,1,0
REC-00007,0,1,0,0,0,0,0,0,0,0,0,0,12,0,0,0,0,0,0
REC-00008,0,1,0,0,0,0,0,0,0,0,0,0,7,0,0,0,0,0,0
REC-00009,0,1,0,0,0,0,0,0,0,1,1,0,18,0,0,0,0,0,1
REC-00010,0,1,0,0,0,0,0,0,0,0,0,0,6,0,0,0,0,0,0
REC-00011,0,1,0,1,0,0,0,0,0,0,0,0,27,0,0,1,0,0,0
REC-00012,1,0,0,0,0,0,0,0,0,0,0,0,20,0,0,1,1,0,0
REC-00013,0,1,0,1,0,0,0,0,0,0,0,0,25,0,0,1,0,0,0
REC-00014,0,1,0,0,0,0,0,0,0,0,0,0,16,0,0,0,0,0,0
REC-00015,0,1,0,0,0,0,0,0,0,0,0,0,3,0,0,0,0,0,0
REC-00016,0,1,1,1,0,0,0,0,0,0,0,0,24,0,0,1,0,0,0
REC-00017,0,1,0,1,1,0,0,0,0,0,0,0,11,0,0,1,1,0,0
REC-00018,0,1,1,1,0,0,0,0,0,0,0,0,8,0,0,1,0,0,0
REC-00019,0,1,0,0,0,0,0,0,0,0,0,0,143,1,1,0,0,1,0
REC-00020,0,1,0,0,0,0,0,0,0,0,0,0,212,1,1,0,0,1,0
REC-00021,0,1,0,0,0,1,1,0,0,0,0,0,15,0,0,0,0,1,0
REC-00022,1,0,0,0,0,0,0,0,0,0,0,0,9,0,0,1,1,0,0
REC-00023,0,1,0,0,0,0,0,0,0,0,0,0,8,0,0,0,0,0,0
REC-00024,0,1,0,0,0,0,0,0,0,0,0,0,96,1,1,0,0,1,0
REC-00025,0,1,0,0,0,0,0,0,0,0,0,1,25,0,0,0,0,0,1
REC-00026,0,1,0,0,0,0,0,0,0,1,1,0,27,0,0,0,0,0,1
REC-00027,0,1,0,0,0,0,0,1,1,0,0,0,12,0,0,0,0,0,0
REC-00028,0,1,0,0,0,1,1,0,0,0,0,0,20,0,0,0,0,1,0
REC-00029,0,1,0,0,0,0,0,0,0,0,0,0,149,1,1,0,0,1,0
REC-00030,0,1,0,0,0,0,0,0,0,0,0,0,0,0,0,0,0,0,0
REC-00031,0,1,0,0,0,0,0,0,0,0,0,0,14,0,0,0,0,0,0
REC-00032,0,1,0,0,0,0,0,0,0,0,0,0,238,1,1,0,0,1,0
REC-00033,1,0,0,0,0,0,0,0,0,0,0,0,5,0,0,1,1,0,0
REC-00034,0,1,0,0,0,1,1,0,0,0,0,0,26,0,0,0,0,1,0
REC-00035,0,1,0,0,0,0,0,0,0,1,1,0,27,0,0,0,0,0,1
REC-00036,0,1,0,0,0,0,0,0,0,0,0,1,22,0,0,0,0,0,1
REC-00037,0,1,1,1,0,0,0,0,0,0,0,0,24,0,0,1,0,0,0
REC-00038,0,1,0,0,0,0,0,0,0,0,0,0,5,0,0,0,0,0,0
REC-00039,1,0,0,0,0,0,0,0,0,0,0,0,2,0,0,1,1,0,0
REC-00040,0,1,1,1,0,0,0,0,0,0,0,0,23,0,0,1,0,0,0
REC-00041,0,1,0,0,0,0,0,0,0,0,0,0,20,0,0,0,0,0,0
REC-00042,0,1,1,1,0,0,0,0,0,0,0,0,18,0,0,1,0,0,0
REC-00043,0,1,0,1,1,0,0,0,0,0,0,0,11,0,0,1,1,0,0
REC-00044,1,0,0,0,0,0,0,0,0,0,0,0,8,0,0,1,1,0,0
REC-00045,1,0,0,0,0,0,0,0,0,0,0,0,24,0,0,1,1,0,0
REC-00046,0,1,0,1,0,0,0,0,0,0,0,0,4,0,0,1,0,0,0
REC-00047,1,0,0,0,0,0,0,0,0,0,0,0,8,0,0,1,1,0,0
REC-00048,1,0,0,0,0,0,0,0,0,0,0,0,23,0,0,1,1,0,0
REC-00049,0,1,0,0,0,0,0,0,0,0,0,0,142,1,1,0,0,1,0
REC-00050,0,1,0,0,0,1,1,0,0,0,0,0,11,0,0,0,0,1,0
REC-00051,0,1,0,0,0,0,0,0,0,0,0,0,147,1,1,0,0,1,0
REC-00052,0,1,0,0,0,0,0,0,0,0,0,1,11,0,0,0,0,0,1
REC-00053,0,1,0,0,0,0,0,0,0,0,0,0,24,0,0,0,0,0,0
REC-00054,0,1,0,0,0,0,0,0,0,1,1,0,28,0,0,0,0,0,1
REC-00055,0,1,0,0,0,0,0,0,0,1,1,0,5,0,0,0,0,0,1
REC-00056,0,1,0,0,0,0,0,0,0,1,1,0,13,0,0,0,0,0,1
REC-00057,0,1,0,1,1,0,0,0,0,0,0,0,21,0,0,1,1,0,0
REC-00058,0,1,0,0,0,0,0,0,0,0,0,0,120,1,1,0,0,1,0
REC-00059,0,1,0,0,0,0,0,0,0,0,0,0,18,0,0,0,0,0,0
REC-00060,0,1,0,0,0,0,0,0,0,1,1,0,12,0,0,0,0,0,1
REC-00061,0,1,0,0,0,0,0,0,0,0,0,0,8,0,0,0,0,0,0
REC-00062,0,1,0,0,0,1,1,0,0,0,0,0,17,0,0,0,0,1,0
REC-00063,1,0,0,0,0,0,0,0,0,0,0,0,1,0,0,1,1,0,0
REC-00064,0,1,0,0,0,0,0,0,0,0,0,0,7,0,0,0,0,0,0
REC-00065,0,1,0,0,0,0,0,0,0,0,0,0,26,0,0,0,0,0,0
REC-00066,0,1,1,1,0,0,0,0,0,0,0,0,23,0,0,1,0,0,0
REC-00067,0,1,0,0,0,0,0,0,0,0,0,0,5,0,0,0,0,0,0
REC-00068,0,1,0,0,0,0,0,0,0,0,0,0,18,0,0,0,0,0,0
REC-00069,0,1,0,0,0,0,0,0,0,0,0,1,23,0,0,0,0,0,1
REC-00070,0,1,0,0,0,0,0,0,0,0,0,0,362,1,1,0,0,1,0
REC-00071,0,1,0,0,0,0,0,1,1,0,0,0,23,0,0,0,0,0,0
REC-00072,0,1,0,0,0,0,0,0,0,1,1,0,23,0,0,0,0,0,1
REC-00073,0,1,0,0,0,0,0,0,0,0,0,0,12,0,0,0,0,0,0
REC-00074,0,1,0,0,0,0,0,1,1,0,0,0,7,0,0,0,0,0,0
REC-00075,0,1,1,1,0,0,0,0,0,0,0,0,16,0,0,1,0,0,0
REC-00076,0,1,0,0,0,0,0,1,1,0,0,0,26,0,0,0,0,0,0
REC-00077,0,1,0,0,0,0,0,0,0,0,0,0,15,0,0,0,0,0,0
REC-00078,0,1,0,0,0,1,1,0,0,0,0,0,22,0,0,0,0,1,0
REC-00079,0,1,0,0,0,0,0,0,0,0,0,0,99,1,1,0,0,1,0
REC-00080,0,1,0,0,0,0,0,0,0,0,0,0,13,0,0,0,0,0,0
REC-00081,0,1,0,0,0,0,0,0,0,0,0,0,6,0,0,0,0,0,0
REC-00082,0,1,0,1,1,0,0,0,0,0,0,0,16,0,0,1,1,0,0
REC-00083,0,1,0,0,0,0,0,0,0,0,0,0,5,0,0,0,0,0,0
REC-00084,0,1,0,0,0,0,0,0,0,1,1,0,0,0,0,0,0,0,1
REC-00085,0,1,0,0,0,0,0,0,0,0,0,0,9,0,0,0,0,0,0
REC-00086,0,1,0,0,0,0,0,0,0,0,0,1,6,0,0,0,0,0,1
REC-00087,0,1,0,1,1,0,0,0,0,0,0,0,25,0,0,1,1,0,0
REC-00088,0,1,0,0,0,1,1,0,0,0,0,0,24,0,0,0,0,1,0
REC-00089,0,1,0,0,0,0,0,0,0,1,1,0,18,0,0,0,0,0,1
REC-00090,0,1,0,0,0,0,0,0,0,0,0,0,8,0,0,0,0,0,0
REC-00091,0,1,0,0,0,0,0,0,0,0,0,0,8,0,0,0,0,0,0
REC-00092,0,1,0,0,0,0,0,1,1,0,0,0,22,0,0,0,0,0,0
REC-00093,1,0,0,0,0,0,0,0,0,0,0,0,24,0,0,1,1,0,0
REC-00094,0,1,1,1,0,0,0,0,0,0,0,0,1,0,0,1,0,0,0
REC-00095,0,1,0,0,0,1,1,0,0,0,0,0,5,0,0,0,0,1,0
REC-00096,0,1,0,0,0,0,0,0,0,0,0,0,28,0,0,0,0,0,0
REC-00097,0,1,0,0,0,1,1,0,0,0,0,0,12,0,0,0,0,1,0
REC-00098,0,1,0,0,0,0,0,0,0,0,0,0,15,0,0,0,0,0,0
REC-00099,0,1,0,0,0,0,0,0,0,0,0,1,3,0,0,0,0,0,1
REC-00100,0,1,0,0,0,0,0,0,0,1,1,0,13,0,0,0,0,0,1
REC-00101,0,1,0,0,0,0,0,0,0,0,0,0,29,0,0,0,0,0,0
REC-00102,0,1,0,0,0,0,0,0,0,0,0,0,319,1,1,0,0,1,0
REC-00103,0,1,0,0,0,1,1,0,0,0,0,0,11,0,0,0,0,1,0
REC-00104,0,1,0,0,0,0,0,0,0,0,0,1,29,0,0,0,0,0,1
REC-00105,0,1,0,1,1,0,0,0,0,0,0,0,13,0,0,1,1,0,0
REC-00106,0,1,0,0,0,0,0,0,0,0,0,0,12,0,0,0,0,0,0
REC-00107,0,1,0,0,0,0,0,0,0,1,1,0,13,0,0,0,0,0,1
REC-00108,1,0,0,0,0,0,0,0,0,0,0,0,12,0,0,1,1,0,0
REC-00109,0,1,0,1,1,0,0,0,0,0,0,0,27,0,0,1,1,0,0
REC-00110,1,0,0,0,0,0,0,0,0,0,0,0,29,0,0,1,1,0,0
REC-00111,0,1,0,0,0,0,0,0,0,0,0,0,16,0,0,0,0,0,0
REC-00112,0,1,0,0,0,0,0,0,0,0,0,0,1,0,0,0,0,0,0
REC-00113,1,0,0,0,0,0,0,0,0,0,0,0,19,0,0,1,1,0,0
REC-00114,0,1,0,0,0,0,0,0,0,0,0,0,29,0,0,0,0,0,0
REC-00115,0,1,0,0,0,0,0,0,0,0,0,0,155,1,1,0,0,1,0
REC-00116,0,1,0,0,0,0,0,0,0,0,0,0,12,0,0,0,0,0,0
REC-00117,1,0,0,0,0,0,0,0,0,0,0,0,24,0,0,1,1,0,0
REC-00118,0,1,0,0,0,0,0,0,0,0,0,0,20,0,0,0,0,0,0
REC-00119,1,0,0,0,0,0,0,0,0,0,0,0,0,0,0,1,1,0,0
REC-00120,0,1,1,1,0,0,0,0,0,0,0,0,13,0,0,1,0,0,0
REC-00121,1,0,0,0,0,0,0,0,0,0,0,0,15,0,0,1,1,0,0
REC-00122,0,1,0,0,0,0,0,0,0,0,0,0,18,0,0,0,0,0,0
REC-00123,0,1,0,0,0,0,0,0,0,0,0,1,12,0,0,0,0,0,1
REC-00124,0,1,0,0,0,0,0,0,0,1,1,0,11,0,0,0,0,0,1
REC-00125,0,1,0,0,0,0,0,1,1,0,0,0,12,0,0,0,0,0,0
REC-00126,1,0,0,0,0,0,0,0,0,0,0,0,20,0,0,1,1,0,0
REC-00127,0,1,0,0,0,0,0,0,0,0,0,1,0,0,0,0,0,0,1
REC-00128,0,1,0,0,0,0,0,0,0,0,0,0,23,0,0,0,0,0,0
REC-00129,0,1,0,0,0,0,0,0,0,0,0,0,28,0,0,0,0,0,0
REC-00130,0,1,0,0,0,0,0,0,0,1,1,0,3,0,0,0,0,0,1
REC-00131,0,1,0,1,1,0,0,0,0,0,0,0,27,0,0,1,1,0,0
REC-00132,0,1,0,0,0,0,0,0,0,1,1,0,19,0,0,0,0,0,1
REC-00133,0,1,1,1,0,0,0,0,0,0,0,0,16,0,0,1,0,0,0
REC-00134,0,1,1,1,0,0,0,0,0,0,0,0,19,0,0,1,0,0,0
REC-00135,0,1,0,0,0,0,0,0,0,0,0,0,11,0,0,0,0,0,0
REC-00136,0,1,0,0,0,0,0,0,0,0,0,1,16,0,0,0,0,0,1
REC-00137,0,1,0,0,0,0,0,0,0,1,1,0,27,0,0,0,0,0,1
REC-00138,0,1,0,1,0,0,0,0,0,0,0,0,4,0,0,1,0,0,0
REC-00139,0,1,0,0,0,0,0,0,0,0,0,0,4,0,0,0,0,0,0
REC-00140,0,1,0,0,0,1,1,0,0,0,0,0,28,0,0,0,0,1,0
REC-00141,0,1,0,0,0,0,0,0,0,0,0,0,11,0,0,0,0,0,0
REC-00142,0,1,0,0,0,0,0,0,0,0,0,0,0,0,0,0,0,0,0
REC-00143,1,0,0,0,0,0,0,0,0,0,0,0,12,0,0,1,1,0,0
REC-00144,0,1,0,0,0,0,0,0,0,1,1,0,6,0,0,0,0,0,1
REC-00145,0,1,0,0,0,0,0,0,0,0,0,1,19,0,0,0,0,0,1
REC-00146,0,1,0,0,0,0,0,0,0,0,0,0,0,0,0,0,0,0,0
REC-00147,0,1,0,0,0,0,0,0,0,0,0,0,265,1,1,0,0,1,0
REC-00148,0,1,0,0,0,0,0,1,1,0,0,0,23,0,0,0,0,0,0
REC-00149,0,1,0,0,0,0,0,0,0,0,0,0,174,1,1,0,0,1,0
REC-00150,0,1,0,0,0,0,0,0,0,1,1,0,27,0,0,0,0,0,1
REC-00151,0,1,0,0,0,0,0,0,0,0,0,0,4,0,0,0,0,0,0
REC-00152,0,1,0,0,0,0,0,0,0,0,0,0,22,0,0,0,0,0,0
REC-00153,0,1,0,0,0,0,0,0,0,0,0,0,10,0,0,0,0,0,0
REC-00154,1,0,0,0,0,0,0,0,0,0,0,0,8,0,0,1,1,0,0
REC-00155,0,1,0,0,0,1,1,0,0,0,0,0,12,0,0,0,0,1,0
REC-00156,0,1,0,1,1,0,0,0,0,0,0,0,3,0,0,1,1,0,0
REC-00157,0,1,0,0,0,0,0,1,1,0,0,0,24,0,0,0,0,0,0
REC-00158,0,1,1,1,0,0,0,0,0,0,0,0,9,0,0,1,0,0,0
REC-00159,0,1,0,0,0,1,1,0,0,0,0,0,3,0,0,0,0,1,0
REC-00160,0,1,0,0,0,0,0,0,0,0,0,0,344,1,1,0,0,1,0
REC-00161,0,1,0,1,0,0,0,0,0,0,0,0,5,0,0,1,0,0,0
REC-00162,0,1,0,0,0,0,0,0,0,0,0,0,17,0,0,0,0,0,0
REC-00163,0,1,0,0,0,0,0,0,0,1,1,0,4,0,0,0,0,0,1
REC-00164,0,1,0,1,1,0,0,0,0,0,0,0,22,0,0,1,1,0,0
REC-00165,0,1,0,0,0,0,0,0,0,0,0,0,3,0,0,0,0,0,0
REC-00166,0,1,0,0,0,0,0,0,0,0,0,0,18,0,0,0,0,0,0
REC-00167,0,1,1,1,0,0,0,0,0,0,0,0,14,0,0,1,0,0,0
REC-00168,1,0,0,0,0,0,0,0,0,0,0,0,26,0,0,1,1,0,0
REC-00169,0,1,0,0,0,0,0,0,0,0,0,0,2,0,0,0,0,0,0
REC-00170,0,1,0,0,0,0,0,0,0,0,0,0,14,0,0,0,0,0,0
REC-00171,0,1,1,1,0,0,0,0,0,0,0,0,25,0,0,1,0,0,0
REC-00172,1,0,0,0,0,0,0,0,0,0,0,0,3,0,0,1,1,0,0
REC-00173,0,1,0,0,0,0,0,0,0,0,0,0,2,0,0,0,0,0,0
REC-00174,0,1,0,0,0,0,0,0,0,1,1,0,26,0,0,0,0,0,1
REC-00175,0,1,0,0,0,0,0,0,0,0,0,0,24,0,0,0,0,0,0
REC-00176,1,0,0,0,0,0,0,0,0,0,0,0,5,0,0,1,1,0,0
REC-00177,0,1,1,1,0,0,0,0,0,0,0,0,28,0,0,1,0,0,0
REC-00178,0,1,0,0,0,1,1,0,0,0,0,0,0,0,0,0,0,1,0
REC-00179,1,0,0,0,0,0,0,0,0,0,0,0,1,0,0,1,1,0,0
REC-00180,0,1,0,0,0,1,1,0,0,0,0,0,17,0,0,0,0,1,0
REC-00181,0,1,0,0,0,0,0,0,0,0,0,0,0,0,0,0,0,0,0
REC-00182,0,1,1,1,0,0,0,0,0,0,0,0,25,0,0,1,0,0,0
REC-00183,0,1,0,0,0,0,0,0,0,0,0,0,28,0,0,0,0,0,0
REC-00184,0,1,0,0,0,1,1,0,0,0,0,0,30,0,0,0,0,1,0
REC-00185,0,1,0,0,0,0,0,0,0,0,0,0,26,0,0,0,0,0,0
REC-00186,0,1,0,1,1,0,0,0,0,0,0,0,15,0,0,1,1,0,0
REC-00187,0,1,0,0,0,0,0,0,0,0,0,0,0,0,0,0,0,0,0
REC-00188,0,1,0,0,0,0,0,0,0,1,1,0,30,0,0,0,0,0,1
REC-00189,0,1,0,1,1,0,0,0,0,0,0,0,10,0,0,1,1,0,0
REC-00190,0,1,1,1,0,0,0,0,0,0,0,0,30,0,0,1,0,0,0
REC-00191,0,1,0,0,0,0,0,0,0,0,0,0,26,0,0,0,0,0,0
REC-00192,1,0,0,0,0,0,0,0,0,0,0,0,6,0,0,1,1,0,0
REC-00193,0,1,0,0,0,0,0,0,0,0,0,1,25,0,0,0,0,0,1
REC-00194,0,1,0,0,0,0,0,0,0,0,0,0,5,0,0,0,0,0,0
REC-00195,0,1,0,0,0,0,0,1,1,0,0,0,17,0,0,0,0,0,0
REC-00196,0,1,0,0,0,0,0,0,0,0,0,0,4,0,0,0,0,0,0
REC-00197,0,1,0,1,1,0,0,0,0,0,0,0,19,0,0,1,1,0,0
REC-00198,0,1,0,0,0,1,1,0,0,0,0,0,24,0,0,0,0,1,0
REC-00199,0,1,0,0,0,0,0,0,0,1,1,0,19,0,0,0,0,0,1
REC-00200,0,1,0,0,0,0,0,0,0,0,0,0,18,0,0,0,0,0,0
REC-00201,0,1,0,1,0,0,0,0,0,0,0,0,1,0,0,1,0,0,0
REC-00202,0,1,1,1,0,0,0,0,0,0,0,0,23,0,0,1,0,0,0
REC-00203,1,0,0,0,0,0,0,0,0,0,0,0,15,0,0,1,1,0,0
REC-00204,0,1,0,1,1,0,0,0,0,0,0,0,27,0,0,1,1,0,0
REC-00205,0,1,1,1,0,0,0,0,0,0,0,0,22,0,0,1,0,0,0
REC-00206,1,0,0,0,0,0,0,0,0,0,0,0,27,0,0,1,1,0,0
REC-00207,0,1,0,0,0,0,0,0,0,0,0,1,12,0,0,0,0,0,1
REC-00208,0,1,0,0,0,0,0,0,0,0,0,0,278,1,1,0,0,1,0
REC-00209,0,1,0,0,0,0,0,1,1,0,0,0,22,0,0,0,0,0,0
REC-00210,0,1,0,0,0,0,0,0,0,0,0,0,29,0,0,0,0,0,0
REC-00211,1,0,0,0,0,0,0,0,0,0,0,0,10,0,0,1,1,0,0
REC-00212,0,1,0,0,0,0,0,0,0,0,0,0,2,0,0,0,0,0,0
REC-00213,0,1,0,0,0,0,0,0,0,0,0,0,278,1,1,0,0,1,0
REC-00214,1,0,0,0,0,0,0,0,0,0,0,0,16,0,0,1,1,0,0
REC-00215,0,1,0,0,0,0,0,0,0,0,0,0,0,0,0,0,0,0,0
REC-00216,0,1,0,0,0,1,1,0,0,0,0,0,22,0,0,0,0,1,0
REC-00217,1,0,0,0,0,0,0,0,0,0,0,0,22,0,0,1,1,0,0
REC-00218,0,1,0,1,1,0,0,0,0,0,0,0,30,0,0,1,1,0,0
REC-00219,1,0,0,0,0,0,0,0,0,0,0,0,27,0,0,1,1,0,0
REC-00220,0,1,0,0,0,1,1,0,0,0,0,0,14,0,0,0,0,1,0
REC-00221,0,1,0,0,0,0,0,0,0,0,0,0,29,0,0,0,0,0,0
REC-00222,0,1,0,0,0,0,0,0,0,0,0,1,0,0,0,0,0,0,1
REC-00223,0,1,0,0,0,0,0,1,1,0,0,0,8,0,0,0,0,0,0
REC-00224,1,0,0,0,0,0,0,0,0,0,0,0,18,0,0,1,1,0,0
REC-00225,0,1,0,0,0,0,0,0,0,0,0,0,30,0,0,0,0,0,0
REC-00226,0,1,0,0,0,0,0,0,0,0,0,0,21,0,0,0,0,0,0
REC-00227,0,1,0,0,0,0,0,0,0,0,0,0,11,0,0,0,0,0,0
REC-00228,0,1,0,0,0,0,0,0,0,0,0,0,13,0,0,0,0,0,0
REC-00229,0,1,0,0,0,1,1,0,0,0,0,0,25,0,0,0,0,1,0
REC-00230,0,1,0,0,0,0,0,1,1,0,0,0,7,0,0,0,0,0,0
REC-00231,0,1,0,0,0,0,0,0,0,0,0,0,17,0,0,0,0,0,0
REC-00232,0,1,0,0,0,1,1,0,0,0,0,0,21,0,0,0,0,1,0
REC-00233,0,1,0,1,1,0,0,0,0,0,0,0,18,0,0,1,1,0,0
REC-00234,1,0,0,0,0,0,0,0,0,0,0,0,29,0,0,1,1,0,0
REC-00235,0,1,0,0,0,1,1,0,0,0,0,0,3,0,0,0,0,1,0
REC-00236,0,1,0,0,0,0,0,0,0,0,0,0,23,0,0,0,0,0,0
REC-00237,0,1,0,0,0,0,0,0,0,0,0,1,12,0,0,0,0,0,1
REC-00238,0,1,0,0,0,0,0,0,0,0,0,0,28,0,0,0,0,0,0
REC-00239,1,0,0,0,0,0,0,0,0,0,0,0,13,0,0,1,1,0,0
REC-00240,0,1,0,0,0,0,0,0,0,0,0,0,270,1,1,0,0,1,0
REC-00241,0,1,0,0,0,0,0,0,0,1,1,0,8,0,0,0,0,0,1
REC-00242,0,1,0,0,0,0,0,0,0,0,0,1,7,0,0,0,0,0,1
REC-00243,0,1,0,0,0,1,1,0,0,0,0,0,3,0,0,0,0,1,0
REC-00244,0,1,1,1,0,0,0,0,0,0,0,0,24,0,0,1,0,0,0
REC-00245,0,1,0,1,1,0,0,0,0,0,0,0,3,0,0,1,1,0,0
REC-00246,0,1,0,0,0,0,0,1,1,0,0,0,24,0,0,0,0,0,0
REC-00247,0,1,0,0,0,0,0,0,0,1,1,0,6,0,0,0,0,0,1
REC-00248,0,1,1,1,0,0,0,0,0,0,0,0,14,0,0,1,0,0,0
REC-00249,0,1,0,0,0,1,1,0,0,0,0,0,18,0,0,0,0,1,0
REC-00250,0,1,0,0,0,0,0,0,0,0,0,0,99,1,1,0,0,1,0
REC-00251,0,1,0,0,0,0,0,0,0,1,1,0,14,0,0,0,0,0,1
REC-00252,0,1,0,0,0,0,0,0,0,1,1,0,23,0,0,0,0,0,1
REC-00253,0,1,0,0,0,0,0,1,1,0,0,0,8,0,0,0,0,0,0
REC-00254,0,1,0,0,0,0,0,0,0,1,1,0,0,0,0,0,0,0,1
REC-00255,0,1,0,0,0,0,0,0,0,0,0,0,275,1,1,0,0,1,0
REC-00256,0,1,0,0,0,0,0,0,0,1,1,0,24,0,0,0,0,0,1
REC-00257,0,1,0,0,0,0,0,0,0,0,0,0,341,1,1,0,0,1,0
REC-00258,0,1,0,0,0,0,0,1,1,0,0,0,11,0,0,0,0,0,0
REC-00259,1,0,0,0,0,0,0,0,0,0,0,0,1,0,0,1,1,0,0
REC-00260,0,1,0,0,0,0,0,0,0,0,0,0,5,0,0,0,0,0,0
REC-00261,0,1,0,0,0,0,0,1,1,0,0,0,19,0,0,0,0,0,0
REC-00262,0,1,0,0,0,1,1,0,0,0,0,0,30,0,0,0,0,1,0
REC-00263,0,1,0,0,0,0,0,0,0,0,0,0,17,0,0,0,0,0,0
REC-00264,0,1,0,0,0,0,0,0,0,0,0,0,280,1,1,0,0,1,0
REC-00265,1,0,0,0,0,0,0,0,0,0,0,0,14,0,0,1,1,0,0
REC-00266,0,1,0,0,0,0,0,0,0,1,1,0,0,0,0,0,0,0,1
REC-00267,0,1,0,0,0,0,0,0,0,1,1,0,24,0,0,0,0,0,1
REC-00268,0,1,0,0,0,0,0,0,0,0,0,0,5,0,0,0,0,0,0
REC-00269,0,1,1,1,0,0,0,0,0,0,0,0,2,0,0,1,0,0,0
REC-00270,0,1,0,0,0,0,0,0,0,0,0,1,2,0,0,0,0,0,1
REC-00271,0,1,0,0,0,0,0,0,0,0,0,1,7,0,0,0,0,0,1
REC-00272,1,0,0,0,0,0,0,0,0,0,0,0,18,0,0,1,1,0,0
REC-00273,0,1,0,0,0,0,0,1,1,0,0,0,16,0,0,0,0,0,0
REC-00274,1,0,0,0,0,0,0,0,0,0,0,0,0,0,0,1,1,0,0
REC-00275,0,1,0,0,0,0,0,0,0,0,0,0,208,1,1,0,0,1,0
REC-00276,0,1,0,0,0,0,0,1,1,0,0,0,18,0,0,0,0,0,0
REC-00277,0,1,0,0,0,0,0,0,0,0,0,0,23,0,0,0,0,0,0
REC-00278,0,1,1,1,0,0,0,0,0,0,0,0,29,0,0,1,0,0,0
REC-00279,0,1,0,0,0,0,0,0,0,0,0,1,0,0,0,0,0,0,1
REC-00280,0,1,0,0,0,0,0,0,0,0,0,0,1,0,0,0,0,0,0
REC-00281,0,1,0,0,0,0,0,1,1,0,0,0,18,0,0,0,0,0,0
REC-00282,0,1,0,0,0,0,0,0,0,0,0,0,23,0,0,0,0,0,0
REC-00283,0,1,0,0,0,0,0,0,0,1,1,0,7,0,0,0,0,0,1
REC-00284,0,1,0,0,0,1,1,0,0,0,0,0,24,0,0,0,0,1,0
REC-00285,0,1,0,1,1,0,0,0,0,0,0,0,2,0,0,1,1,0,0
REC-00286,0,1,0,0,0,0,0,0,0,0,0,0,10,0,0,0,0,0,0
REC-00287,0,1,0,0,0,0,0,0,0,0,0,0,3,0,0,0,0,0,0
REC-00288,0,1,0,1,0,0,0,0,0,0,0,0,1,0,0,1,0,0,0
REC-00289,0,1,1,1,0,0,0,0,0,0,0,0,16,0,0,1,0,0,0
REC-00290,0,1,0,0,0,1,1,0,0,0,0,0,23,0,0,0,0,1,0
REC-00291,0,1,0,0,0,0,0,0,0,0,0,0,12,0,0,0,0,0,0
REC-00292,0,1,0,0,0,1,1,0,0,0,0,0,17,0,0,0,0,1,0
REC-00293,0,1,0,0,0,0,0,0,0,0,0,0,16,0,0,0,0,0,0
REC-00294,0,1,0,0,0,0,0,0,0,0,0,0,10,0,0,0,0,0,0
REC-00295,1,0,0,0,0,0,0,0,0,0,0,0,2,0,0,1,1,0,0
REC-00296,0,1,0,0,0,0,0,0,0,0,0,0,0,0,0,0,0,0,0
REC-00297,0,1,1,1,0,0,0,0,0,0,0,0,17,0,0,1,0,0,0
REC-00298,0,1,0,0,0,0,0,1,1,0,0,0,29,0,0,0,0,0,0
REC-00299,0,1,0,0,0,0,0,1,1,0,0,0,14,0,0,0,0,0,0
REC-00300,0,1,0,0,0,0,0,0,0,0,0,0,2,0,0,0,0,0,0
REC-00301,0,1,1,1,0,0,0,0,0,0,0,0,12,0,0,1,0,0,0
REC-00302,0,1,0,0,0,0,0,0,0,1,1,0,0,0,0,0,0,0,1
REC-00303,0,1,0,1,1,0,0,0,0,0,0,0,1,0,0,1,1,0,0
REC-00304,0,1,0,0,0,0,0,1,1,0,0,0,28,0,0,0,0,0,0
REC-00305,0,1,0,1,0,0,0,0,0,0,0,0,14,0,0,1,0,0,0
REC-00306,0,1,0,0,0,0,0,1,1,0,0,0,21,0,0,0,0,0,0
REC-00307,0,1,0,0,0,0,0,0,0,0,0,1,29,0,0,0,0,0,1
REC-00308,0,1,0,0,0,0,0,0,0,0,0,0,221,1,1,0,0,1,0
REC-00309,0,1,0,0,0,0,0,0,0,0,0,0,21,0,0,0,0,0,0
REC-00310,0,1,0,0,0,1,1,0,0,0,0,0,13,0,0,0,0,1,0
REC-00311,0,1,0,1,1,0,0,0,0,0,0,0,29,0,0,1,1,0,0
REC-00312,0,1,0,0,0,0,0,1,1,0,0,0,14,0,0,0,0,0,0
REC-00313,0,1,1,1,0,0,0,0,0,0,0,0,8,0,0,1,0,0,0
REC-00314,0,1,0,0,0,0,0,0,0,0,0,0,24,0,0,0,0,0,0
REC-00315,0,1,0,0,0,0,0,0,0,0,0,0,6,0,0,0,0,0,0
REC-00316,0,1,0,0,0,0,0,0,0,0,0,0,8,0,0,0,0,0,0
REC-00317,0,1,0,0,0,0,0,0,0,0,0,0,16,0,0,0,0,0,0
REC-00318,0,1,0,0,0,0,0,0,0,0,0,0,1,0,0,0,0,0,0
REC-00319,0,1,0,0,0,0,0,0,0,0,0,0,254,1,1,0,0,1,0
REC-00320,0,1,0,0,0,0,0,0,0,0,0,0,14,0,0,0,0,0,0
REC-00321,1,0,0,0,0,0,0,0,0,0,0,0,28,0,0,1,1,0,0
REC-00322,0,1,0,0,0,0,0,0,0,0,0,1,17,0,0,0,0,0,1
REC-00323,1,0,0,0,0,0,0,0,0,0,0,0,10,0,0,1,1,0,0
REC-00324,0,1,0,0,0,0,0,0,0,0,0,0,22,0,0,0,0,0,0
REC-00325,0,1,1,1,0,0,0,0,0,0,0,0,26,0,0,1,0,0,0
REC-00326,0,1,0,0,0,0,0,0,0,0,0,0,6,0,0,0,0,0,0
REC-00327,0,1,0,0,0,0,0,0,0,0,0,0,0,0,0,0,0,0,0
REC-00328,1,0,0,0,0,0,0,0,0,0,0,0,16,0,0,1,1,0,0
REC-00329,0,1,0,0,0,0,0,0,0,0,0,0,6,0,0,0,0,0,0
REC-00330,0,1,0,0,0,0,0,0,0,0,0,0,6,0,0,0,0,0,0
REC-00331,0,1,0,0,0,0,0,0,0,0,0,0,24,0,0,0,0,0,0
REC-00332,0,1,0,0,0,0,0,0,0,0,0,0,23,0,0,0,0,0,0
REC-00333,0,1,0,0,0,0,0,0,0,0,0,0,6,0,0,0,0,0,0
REC-00334,0,1,0,0,0,0,0,0,0,0,0,0,11,0,0,0,0,0,0
REC-00335,0,1,0,0,0,0,0,0,0,0,0,0,19,0,0,0,0,0,0
REC-00336,0,1,0,0,0,0,0,0,0,1,1,0,17,0,0,0,0,0,1
REC-00337,0,1,0,0,0,0,0,0,0,0,0,0,20,0,0,0,0,0,0
REC-00338,1,0,0,0,0,0,0,0,0,0,0,0,28,0,0,1,1,0,0
REC-00339,0,1,0,0,0,0,0,0,0,0,0,1,19,0,0,0,0,0,1
REC-00340,0,1,0,0,0,0,0,0,0,0,0,0,9,0,0,0,0,0,0
REC-00341,0,1,0,0,0,0,0,1,1,0,0,0,14,0,0,0,0,0,0
REC-00342,0,1,0,0,0,1,1,0,0,0,0,0,17,0,0,0,0,1,0
REC-00343,0,1,0,0,0,0,0,0,0,0,0,0,298,1,1,0,0,1,0
REC-00344,0,1,0,0,0,0,0,0,0,0,0,0,7,0,0,0,0,0,0
REC-00345,0,1,0,0,0,0,0,0,0,1,1,0,13,0,0,0,0,0,1
REC-00346,1,0,0,0,0,0,0,0,0,0,0,0,18,0,0,1,1,0,0
REC-00347,0,1,0,0,0,1,1,0,0,0,0,0,27,0,0,0,0,1,0
REC-00348,0,1,0,0,0,0,0,0,0,1,1,0,9,0,0,0,0,0,1
REC-00349,0,1,0,0,0,0,0,1,1,0,0,0,5,0,0,0,0,0,0
REC-00350,0,1,0,0,0,0,0,0,0,0,0,0,3,0,0,0,0,0,0
REC-00351,1,0,0,0,0,0,0,0,0,0,0,0,13,0,0,1,1,0,0
REC-00352,1,0,0,0,0,0,0,0,0,0,0,0,29,0,0,1,1,0,0
REC-00353,0,1,0,0,0,0,0,0,0,0,0,0,25,0,0,0,0,0,0
REC-00354,0,1,0,0,0,0,0,0,0,0,0,0,15,0,0,0,0,0,0
REC-00355,0,1,1,1,0,0,0,0,0,0,0,0,22,0,0,1,0,0,0
REC-00356,0,1,0,0,0,0,0,0,0,1,1,0,21,0,0,0,0,0,1
REC-00357,0,1,0,0,0,0,0,0,0,0,0,0,27,0,0,0,0,0,0
REC-00358,1,0,0,0,0,0,0,0,0,0,0,0,12,0,0,1,1,0,0
REC-00359,1,0,0,0,0,0,0,0,0,0,0,0,11,0,0,1,1,0,0
REC-00360,1,0,0,0,0,0,0,0,0,0,0,0,24,0,0,1,1,0,0
REC-00361,0,1,0,0,0,0,0,0,0,0,0,0,30,0,0,0,0,0,0
REC-00362,0,1,0,0,0,0,0,0,0,0,0,1,8,0,0,0,0,0,1
REC-00363,0,1,0,0,0,0,0,0,0,1,1,0,18,0,0,0,0,0,1
REC-00364,1,0,0,0,0,0,0,0,0,0,0,0,22,0,0,1,1,0,0
REC-00365,0,1,0,0,0,0,0,0,0,0,0,0,19,0,0,0,0,0,0
REC-00366,0,1,0,0,0,0,0,0,0,0,0,0,2,0,0,0,0,0,0
REC-00367,0,1,1,1,0,0,0,0,0,0,0,0,20,0,0,1,0,0,0
REC-00368,1,0,0,0,0,0,0,0,0,0,0,0,3,0,0,1,1,0,0
REC-00369,0,1,1,1,0,0,0,0,0,0,0,0,8,0,0,1,0,0,0
REC-00370,0,1,0,0,0,0,0,0,0,0,0,0,14,0,0,0,0,0,0
REC-00371,1,0,0,0,0,0,0,0,0,0,0,0,2,0,0,1,1,0,0
REC-00372,1,0,0,0,0,0,0,0,0,0,0,0,18,0,0,1,1,0,0
REC-00373,0,1,0,1,1,0,0,0,0,0,0,0,29,0,0,1,1,0,0
REC-00374,0,1,0,0,0,0,0,0,0,0,0,1,30,0,0,0,0,0,1
REC-00375,0,1,0,0,0,0,0,0,0,1,1,0,24,0,0,0,0,0,1
REC-00376,1,0,0,0,0,0,0,0,0,0,0,0,3,0,0,1,1,0,0
REC-00377,0,1,0,0,0,0,0,0,0,0,0,0,5,0,0,0,0,0,0
REC-00378,0,1,0,0,0,0,0,0,0,0,0,0,8,0,0,0,0,0,0
REC-00379,0,1,0,0,0,0,0,0,0,0,0,1,16,0,0,0,0,0,1
REC-00380,0,1,0,0,0,0,0,0,0,0,0,0,1,0,0,0,0,0,0
REC-00381,0,1,0,0,0,0,0,0,0,0,0,0,102,1,1,0,0,1,0
REC-00382,0,1,1,1,0,0,0,0,0,0,0,0,25,0,0,1,0,0,0
REC-00383,0,1,0,0,0,0,0,0,0,0,0,0,2,0,0,0,0,0,0
REC-00384,0,1,0,0,0,0,0,1,1,0,0,0,14,0,0,0,0,0,0
REC-00385,0,1,0,0,0,1,1,0,0,0,0,0,2,0,0,0,0,1,0
REC-00386,0,1,0,0,0,0,0,0,0,0,0,1,20,0,0,0,0,0,1
REC-00387,0,1,0,1,0,0,0,0,0,0,0,0,29,0,0,1,0,0,0
REC-00388,0,1,0,0,0,1,1,0,0,0,0,0,15,0,0,0,0,1,0
REC-00389,0,1,0,0,0,0,0,1,1,0,0,0,8,0,0,0,0,0,0
REC-00390,0,1,0,0,0,0,0,0,0,0,0,0,10,0,0,0,0,0,0
REC-00391,1,0,0,0,0,0,0,0,0,0,0,0,15,0,0,1,1,0,0
REC-00392,0,1,0,0,0,1,1,0,0,0,0,0,11,0,0,0,0,1,0
REC-00393,0,1,0,0,0,0,0,0,0,0,0,0,1,0,0,0,0,0,0
REC-00394,1,0,0,0,0,0,0,0,0,0,0,0,25,0,0,1,1,0,0
REC-00395,0,1,0,0,0,0,0,0,0,1,1,0,20,0,0,0,0,0,1
REC-00396,0,1,0,0,0,0,0,0,0,0,0,0,16,0,0,0,0,0,0
REC-00397,0,1,0,0,0,1,1,0,0,0,0,0,26,0,0,0,0,1,0
REC-00398,1,0,0,0,0,0,0,0,0,0,0,0,18,0,0,1,1,0,0
REC-00399,0,1,0,0,0,0,0,0,0,0,0,1,11,0,0,0,0,0,1
REC-00400,0,1,0,0,0,1,1,0,0,0,0,0,7,0,0,0,0,1,0
REC-00401,0,1,0,0,0,0,0,0,0,1,1,0,28,0,0,0,0,0,1
REC-00402,0,1,0,0,0,0,0,0,0,0,0,0,284,1,1,0,0,1,0
REC-00403,0,1,0,0,0,1,1,0,0,0,0,0,0,0,0,0,0,1,0
REC-00404,0,1,0,0,0,0,0,0,0,0,0,0,260,1,1,0,0,1,0
REC-00405,0,1,1,1,0,0,0,0,0,0,0,0,23,0,0,1,0,0,0
REC-00406,0,1,0,0,0,0,0,0,0,0,0,1,3,0,0,0,0,0,1
REC-00407,1,0,0,0,0,0,0,0,0,0,0,0,13,0,0,1,1,0,0
REC-00408,0,1,0,1,1,0,0,0,0,0,0,0,21,0,0,1,1,0,0
REC-00409,1,0,0,0,0,0,0,0,0,0,0,0,5,0,0,1,1,0,0
REC-00410,0,1,0,0,0,0,0,0,0,0,0,0,7,0,0,0,0,0,0
REC-00411,0,1,0,0,0,0,0,0,0,0,0,0,23,0,0,0,0,0,0
REC-00412,0,1,0,0,0,0,0,0,0,0,0,0,20,0,0,0,0,0,0
REC-00413,0,1,0,0,0,0,0,0,0,0,0,0,224,1,1,0,0,1,0
REC-00414,0,1,0,0,0,1,1,0,0,0,0,0,4,0,0,0,0,1,0
REC-00415,0,1,0,0,0,0,0,0,0,0,0,0,134,1,1,0,0,1,0
REC-00416,0,1,0,0,0,0,0,0,0,1,1,0,15,0,0,0,0,0,1
REC-00417,0,1,0,0,0,0,0,0,0,0,0,0,27,0,0,0,0,0,0
REC-00418,0,1,0,0,0,0,0,0,0,1,1,0,6,0,0,0,0,0,1
REC-00419,0,1,0,0,0,0,0,0,0,1,1,0,30,0,0,0,0,0,1
REC-00420,0,1,0,0,0,0,0,1,1,0,0,0,19,0,0,0,0,0,0
REC-00421,0,1,0,0,0,0,0,1,1,0,0,0,11,0,0,0,0,0,0
REC-00422,0,1,0,0,0,0,0,0,0,0,0,0,337,1,1,0,0,1,0
REC-00423,0,1,0,1,0,0,0,0,0,0,0,0,27,0,0,1,0,0,0
REC-00424,0,1,0,0,0,0,0,0,0,0,0,1,0,0,0,0,0,0,1
REC-00425,0,1,0,0,0,0,0,0,0,0,0,0,29,0,0,0,0,0,0
REC-00426,0,1,0,0,0,0,0,0,0,0,0,0,30,0,0,0,0,0,0
REC-00427,0,1,0,1,0,0,0,0,0,0,0,0,6,0,0,1,0,0,0
REC-00428,0,1,0,0,0,0,0,0,0,0,0,0,21,0,0,0,0,0,0
REC-00429,0,1,0,0,0,0,0,0,0,0,0,0,13,0,0,0,0,0,0
REC-00430,1,0,0,0,0,0,0,0,0,0,0,0,13,0,0,1,1,0,0
REC-00431,0,1,1,1,0,0,0,0,0,0,0,0,18,0,0,1,0,0,0
REC-00432,0,1,0,1,1,0,0,0,0,0,0,0,2,0,0,1,1,0,0
REC-00433,0,1,0,0,0,0,0,0,0,0,0,0,217,1,1,0,0,1,0
REC-00434,0,1,0,0,0,0,0,0,0,0,0,0,2,0,0,0,0,0,0
REC-00435,0,1,0,0,0,0,0,0,0,1,1,0,26,0,0,0,0,0,1
REC-00436,0,1,0,0,0,0,0,0,0,0,0,0,12,0,0,0,0,0,0
REC-00437,0,1,0,0,0,0,0,0,0,0,0,0,19,0,0,0,0,0,0
REC-00438,0,1,1,1,0,0,0,0,0,0,0,0,29,0,0,1,0,0,0
REC-00439,0,1,0,0,0,0,0,0,0,0,0,0,18,0,0,0,0,0,0
REC-00440,0,1,0,0,0,0,0,0,0,0,0,0,20,0,0,0,0,0,0
REC-00441,0,1,0,0,0,0,0,1,1,0,0,0,18,0,0,0,0,0,0
REC-00442,0,1,0,0,0,1,1,0,0,0,0,0,4,0,0,0,0,1,0
REC-00443,0,1,0,0,0,0,0,0,0,0,0,0,9,0,0,0,0,0,0
REC-00444,0,1,0,0,0,0,0,0,0,0,0,0,14,0,0,0,0,0,0
REC-00445,0,1,0,0,0,0,0,0,0,0,0,0,7,0,0,0,0,0,0
REC-00446,0,1,0,1,1,0,0,0,0,0,0,0,24,0,0,1,1,0,0
REC-00447,0,1,0,0,0,0,0,0,0,0,0,1,10,0,0,0,0,0,1
REC-00448,0,1,0,1,1,0,0,0,0,0,0,0,4,0,0,1,1,0,0
REC-00449,1,0,0,0,0,0,0,0,0,0,0,0,12,0,0,1,1,0,0
REC-00450,0,1,0,0,0,0,0,1,1,0,0,0,27,0,0,0,0,0,0
REC-00451,0,1,0,0,0,0,0,0,0,0,0,0,0,0,0,0,0,0,0
REC-00452,0,1,0,0,0,0,0,1,1,0,0,0,14,0,0,0,0,0,0
REC-00453,0,1,0,0,0,0,0,0,0,0,0,0,139,1,1,0,0,1,0
REC-00454,0,1,0,0,0,0,0,0,0,0,0,0,13,0,0,0,0,0,0
REC-00455,0,1,1,1,0,0,0,0,0,0,0,0,22,0,0,1,0,0,0
REC-00456,0,1,0,0,0,0,0,0,0,1,1,0,20,0,0,0,0,0,1
REC-00457,0,1,0,0,0,0,0,0,0,1,1,0,21,0,0,0,0,0,1
REC-00458,0,1,0,0,0,0,0,0,0,1,1,0,15,0,0,0,0,0,1
REC-00459,0,1,0,0,0,0,0,0,0,0,0,0,0,0,0,0,0,0,0
REC-00460,0,1,0,0,0,0,0,0,0,0,0,0,321,1,1,0,0,1,0
REC-00461,0,1,0,0,0,0,0,0,0,0,0,1,22,0,0,0,0,0,1
REC-00462,0,1,0,0,0,0,0,0,0,0,0,0,22,0,0,0,0,0,0
REC-00463,0,1,0,0,0,0,0,1,1,0,0,0,24,0,0,0,0,0,0
REC-00464,0,1,0,0,0,0,0,0,0,1,1,0,14,0,0,0,0,0,1
REC-00465,0,1,0,0,0,0,0,0,0,0,0,0,17,0,0,0,0,0,0
REC-00466,0,1,0,0,0,0,0,0,0,0,0,1,10,0,0,0,0,0,1
REC-00467,0,1,0,0,0,1,1,0,0,0,0,0,10,0,0,0,0,1,0
REC-00468,0,1,1,1,0,0,0,0,0,0,0,0,21,0,0,1,0,0,0
REC-00469,0,1,0,0,0,0,0,0,0,0,0,0,11,0,0,0,0,0,0
REC-00470,0,1,0,0,0,0,0,0,0,0,0,0,29,0,0,0,0,0,0
REC-00471,0,1,0,1,1,0,0,0,0,0,0,0,3,0,0,1,1,0,0
REC-00472,1,0,0,0,0,0,0,0,0,0,0,0,26,0,0,1,1,0,0
REC-00473,0,1,0,0,0,0,0,0,0,0,0,0,22,0,0,0,0,0,0
REC-00474,0,1,0,0,0,0,0,0,0,0,0,0,20,0,0,0,0,0,0
REC-00475,0,1,0,0,0,0,0,0,0,0,0,0,15,0,0,0,0,0,0
REC-00476,0,1,0,0,0,0,0,0,0,0,0,0,13,0,0,0,0,0,0
REC-00477,0,1,0,1,1,0,0,0,0,0,0,0,21,0,0,1,1,0,0
REC-00478,0,1,0,0,0,1,1,0,0,0,0,0,4,0,0,0,0,1,0
REC-00479,0,1,1,1,0,0,0,0,0,0,0,0,27,0,0,1,0,0,0
REC-00480,0,1,0,0,0,0,0,0,0,0,0,0,17,0,0,0,0,0,0
REC-00481,1,0,0,0,0,0,0,0,0,0,0,0,0,0,0,1,1,0,0
REC-00482,0,1,0,0,0,1,1,0,0,0,0,0,2,0,0,0,0,1,0
REC-00483,0,1,0,0,0,0,0,0,0,0,0,0,9,0,0,0,0,0,0
REC-00484,0,1,0,0,0,0,0,0,0,0,0,0,12,0,0,0,0,0,0
REC-00485,0,1,0,1,0,0,0,0,0,0,0,0,3,0,0,1,0,0,0
REC-00486,0,1,0,0,0,0,0,0,0,0,0,0,25,0,0,0,0,0,0
REC-00487,0,1,0,0,0,0,0,0,0,0,0,0,18,0,0,0,0,0,0
REC-00488,0,1,0,0,0,0,0,0,0,0,0,0,18,0,0,0,0,0,0
REC-00489,0,1,0,1,1,0,0,0,0,0,0,0,3,0,0,1,1,0,0
REC-00490,0,1,0,0,0,0,0,0,0,0,0,0,24,0,0,0,0,0,0
REC-00491,0,1,0,0,0,0,0,0,0,1,1,0,8,0,0,0,0,0,1
REC-00492,0,1,0,0,0,0,0,0,0,1,1,0,7,0,0,0,0,0,1
REC-00493,0,1,0,0,0,1,1,0,0,0,0,0,26,0,0,0,0,1,0
REC-00494,0,1,0,0,0,0,0,0,0,0,0,0,23,0,0,0,0,0,0
REC-00495,0,1,0,0,0,0,0,0,0,0,0,0,23,0,0,0,0,0,0
REC-00496,0,1,0,0,0,0,0,0,0,0,0,0,1,0,0,0,0,0,0
REC-00497,0,1,0,0,0,0,0,0,0,1,1,0,29,0,0,0,0,0,1
REC-00498,0,1,0,1,1,0,0,0,0,0,0,0,23,0,0,1,1,0,0
REC-00499,0,1,0,0,0,0,0,1,1,0,0,0,8,0,0,0,0,0,0
REC-00500,0,1,0,0,0,0,0,0,0,1,1,0,24,0,0,0,0,0,1
REC-00501,0,1,0,0,0,0,0,0,0,0,0,0,22,0,0,0,0,0,0
REC-00502,0,1,0,0,0,0,0,0,0,1,1,0,7,0,0,0,0,0,1
REC-00503,0,1,0,0,0,0,0,0,0,1,1,0,28,0,0,0,0,0,1
REC-00504,0,1,0,0,0,0,0,0,0,0,0,0,12,0,0,0,0,0,0
REC-00505,0,1,0,0,0,1,1,0,0,0,0,0,13,0,0,0,0,1,0
REC-00506,0,1,0,0,0,0,0,0,0,1,1,0,11,0,0,0,0,0,1
REC-00507,0,1,0,0,0,0,0,0,0,0,0,1,21,0,0,0,0,0,1
REC-00508,1,0,0,0,0,0,0,0,0,0,0,0,1,0,0,1,1,0,0
REC-00509,1,0,0,0,0,0,0,0,0,0,0,0,29,0,0,1,1,0,0
REC-00510,0,1,0,0,0,0,0,0,0,1,1,0,27,0,0,0,0,0,1
REC-00511,0,1,0,0,0,1,1,0,0,0,0,0,6,0,0,0,0,1,0
REC-00512,0,1,1,1,0,0,0,0,0,0,0,0,14,0,0,1,0,0,0
REC-00513,0,1,0,0,0,0,0,0,0,0,0,0,20,0,0,0,0,0,0
REC-00514,1,0,0,0,0,0,0,0,0,0,0,0,8,0,0,1,1,0,0
REC-00515,0,1,0,0,0,0,0,0,0,1,1,0,9,0,0,0,0,0,1
REC-00516,0,1,0,0,0,0,0,0,0,1,1,0,0,0,0,0,0,0,1
REC-00517,0,1,0,0,0,0,0,0,0,0,0,0,94,1,1,0,0,1,0
REC-00518,0,1,0,0,0,1,1,0,0,0,0,0,6,0,0,0,0,1,0
REC-00519,0,1,0,0,0,0,0,0,0,1,1,0,14,0,0,0,0,0,1
REC-00520,0,1,0,0,0,0,0,0,0,0,0,0,17,0,0,0,0,0,0
REC-00521,0,1,0,1,1,0,0,0,0,0,0,0,10,0,0,1,1,0,0
REC-00522,0,1,0,0,0,1,1,0,0,0,0,0,7,0,0,0,0,1,0
REC-00523,0,1,0,0,0,0,0,1,1,0,0,0,4,0,0,0,0,0,0
REC-00524,0,1,0,0,0,0,0,1,1,0,0,0,23,0,0,0,0,0,0
REC-00525,0,1,0,0,0,0,0,0,0,0,0,0,17,0,0,0,0,0,0
REC-00526,0,1,1,1,0,0,0,0,0,0,0,0,22,0,0,1,0,0,0
REC-00527,0,1,0,0,0,0,0,0,0,0,0,0,28,0,0,0,0,0,0
REC-00528,0,1,0,0,0,0,0,0,0,0,0,0,157,1,1,0,0,1,0
REC-00529,0,1,0,0,0,0,0,0,0,0,0,0,13,0,0,0,0,0,0
REC-00530,0,1,0,0,0,1,1,0,0,0,0,0,29,0,0,0,0,1,0
REC-00531,0,1,0,0,0,0,0,0,0,0,0,0,20,0,0,0,0,0,0
REC-00532,1,0,0,0,0,0,0,0,0,0,0,0,30,0,0,1,1,0,0
REC-00533,0,1,0,0,0,1,1,0,0,0,0,0,14,0,0,0,0,1,0
REC-00534,1,0,0,0,0,0,0,0,0,0,0,0,27,0,0,1,1,0,0
REC-00535,0,1,0,0,0,0,0,0,0,0,0,0,8,0,0,0,0,0,0
REC-00536,1,0,0,0,0,0,0,0,0,0,0,0,27,0,0,1,1,0,0
REC-00537,1,0,0,0,0,0,0,0,0,0,0,0,4,0,0,1,1,0,0
REC-00538,0,1,0,0,0,0,0,0,0,0,0,1,30,0,0,0,0,0,1
REC-00539,0,1,0,0,0,0,0,0,0,0,0,1,15,0,0,0,0,0,1
REC-00540,0,1,0,0,0,0,0,0,0,0,0,0,204,1,1,0,0,1,0
REC-00541,0,1,1,1,0,0,0,0,0,0,0,0,13,0,0,1,0,0,0
REC-00542,0,1,0,0,0,0,0,0,0,0,0,0,17,0,0,0,0,0,0
REC-00543,0,1,0,0,0,0,0,0,0,0,0,0,173,1,1,0,0,1,0
REC-00544,0,1,0,0,0,0,0,0,0,0,0,0,25,0,0,0,0,0,0
REC-00545,0,1,0,0,0,1,1,0,0,0,0,0,3,0,0,0,0,1,0
REC-00546,0,1,0,0,0,1,1,0,0,0,0,0,6,0,0,0,0,1,0
REC-00547,0,1,0,0,0,0,0,0,0,1,1,0,11,0,0,0,0,0,1
REC-00548,0,1,0,1,1,0,0,0,0,0,0,0,29,0,0,1,1,0,0
REC-00549,0,1,0,0,0,0,0,0,0,0,0,0,8,0,0,0,0,0,0
REC-00550,0,1,0,0,0,0,0,0,0,0,0,0,25,0,0,0,0,0,0
REC-00551,0,1,0,0,0,0,0,0,0,0,0,0,262,1,1,0,0,1,0
REC-00552,0,1,0,0,0,0,0,0,0,0,0,0,27,0,0,0,0,0,0
REC-00553,0,1,0,0,0,0,0,0,0,0,0,1,22,0,0,0,0,0,1
REC-00554,0,1,0,0,0,0,0,0,0,0,0,0,6,0,0,0,0,0,0
REC-00555,0,1,0,0,0,0,0,0,0,0,0,0,23,0,0,0,0,0,0
REC-00556,0,1,0,1,0,0,0,0,0,0,0,0,8,0,0,1,0,0,0
REC-00557,0,1,0,0,0,0,0,0,0,0,0,0,29,0,0,0,0,0,0
REC-00558,0,1,0,0,0,0,0,0,0,0,0,1,0,0,0,0,0,0,1
REC-00559,0,1,0,1,1,0,0,0,0,0,0,0,5,0,0,1,1,0,0
REC-00560,1,0,0,0,0,0,0,0,0,0,0,0,6,0,0,1,1,0,0
REC-00561,0,1,0,0,0,1,1,0,0,0,0,0,24,0,0,0,0,1,0
REC-00562,0,1,0,0,0,0,0,0,0,0,0,1,2,0,0,0,0,0,1
REC-00563,0,1,0,0,0,0,0,0,0,0,0,0,22,0,0,0,0,0,0
REC-00564,0,1,0,1,1,0,0,0,0,0,0,0,13,0,0,1,1,0,0
REC-00565,0,1,0,0,0,1,1,0,0,0,0,0,10,0,0,0,0,1,0
REC-00566,1,0,0,0,0,0,0,0,0,0,0,0,29,0,0,1,1,0,0
REC-00567,1,0,0,0,0,0,0,0,0,0,0,0,9,0,0,1,1,0,0
REC-00568,1,0,0,0,0,0,0,0,0,0,0,0,17,0,0,1,1,0,0
REC-00569,0,1,0,0,0,0,0,0,0,0,0,0,21,0,0,0,0,0,0
REC-00570,0,1,0,0,0,0,0,0,0,0,0,0,3,0,0,0,0,0,0
REC-00571,0,1,0,0,0,0,0,0,0,0,0,1,7,0,0,0,0,0,1
REC-00572,0,1,0,0,0,0,0,0,0,0,0,0,18,0,0,0,0,0,0
REC-00573,0,1,0,0,0,0,0,0,0,0,0,0,23,0,0,0,0,0,0
REC-00574,0,1,0,0,0,1,1,0,0,0,0,0,2,0,0,0,0,1,0
REC-00575,0,1,0,1,1,0,0,0,0,0,0,0,29,0,0,1,1,0,0
REC-00576,0,1,0,0,0,0,0,0,0,0,0,1,12,0,0,0,0,0,1
REC-00577,0,1,0,0,0,1,1,0,0,0,0,0,2,0,0,0,0,1,0
REC-00578,1,0,0,0,0,0,0,0,0,0,0,0,27,0,0,1,1,0,0
REC-00579,0,1,0,1,1,0,0,0,0,0,0,0,19,0,0,1,1,0,0
REC-00580,0,1,0,0,0,0,0,0,0,0,0,0,16,0,0,0,0,0,0
REC-00581,1,0,0,0,0,0,0,0,0,0,0,0,11,0,0,1,1,0,0
REC-00582,0,1,0,0,0,0,0,0,0,1,1,0,18,0,0,0,0,0,1
REC-00583,1,0,0,0,0,0,0,0,0,0,0,0,4,0,0,1,1,0,0
REC-00584,0,1,0,0,0,0,0,0,0,0,0,0,21,0,0,0,0,0,0
REC-00585,0,1,0,0,0,0,0,0,0,0,0,0,18,0,0,0,0,0,0
REC-00586,0,1,0,0,0,0,0,0,0,1,1,0,23,0,0,0,0,0,1
REC-00587,0,1,0,0,0,0,0,0,0,0,0,0,3,0,0,0,0,0,0
REC-00588,0,1,0,0,0,0,0,0,0,1,1,0,1,0,0,0,0,0,1
REC-00589,0,1,0,1,0,0,0,0,0,0,0,0,11,0,0,1,0,0,0
REC-00590,0,1,0,0,0,0,0,0,0,0,0,0,13,0,0,0,0,0,0
REC-00591,0,1,0,0,0,0,0,0,0,1,1,0,19,0,0,0,0,0,1
REC-00592,0,1,0,1,0,0,0,0,0,0,0,0,16,0,0,1,0,0,0
REC-00593,0,1,0,0,0,0,0,0,0,0,0,0,14,0,0,0,0,0,0
REC-00594,0,1,0,1,1,0,0,0,0,0,0,0,10,0,0,1,1,0,0
REC-00595,0,1,0,0,0,0,0,0,0,0,0,0,15,0,0,0,0,0,0
REC-00596,1,0,0,0,0,0,0,0,0,0,0,0,27,0,0,1,1,0,0
REC-00597,0,1,0,0,0,1,1,0,0,0,0,0,9,0,0,0,0,1,0
REC-00598,0,1,0,0,0,1,1,0,0,0,0,0,23,0,0,0,0,1,0
REC-00599,0,1,0,0,0,0,0,0,0,0,0,1,27,0,0,0,0,0,1
REC-00600,0,1,0,1,0,0,0,0,0,0,0,0,13,0,0,1,0,0,0
REC-00601,0,1,0,0,0,0,0,0,0,0,0,0,237,1,1,0,0,1,0
REC-00602,0,1,0,0,0,0,0,0,0,1,1,0,20,0,0,0,0,0,1
REC-00603,0,1,0,0,0,0,0,0,0,0,0,0,318,1,1,0,0,1,0
REC-00604,0,1,0,0,0,0,0,0,0,0,0,0,29,0,0,0,0,0,0
REC-00605,0,1,0,1,1,0,0,0,0,0,0,0,11,0,0,1,1,0,0
REC-00606,0,1,0,0,0,0,0,0,0,0,0,0,342,1,1,0,0,1,0
REC-00607,0,1,0,0,0,0,0,0,0,1,1,0,12,0,0,0,0,0,1
REC-00608,0,1,0,0,0,0,0,0,0,1,1,0,30,0,0,0,0,0,1
REC-00609,0,1,0,0,0,0,0,0,0,0,0,0,1,0,0,0,0,0,0
REC-00610,0,1,0,0,0,1,1,0,0,0,0,0,22,0,0,0,0,1,0
REC-00611,0,1,0,0,0,0,0,0,0,0,0,0,20,0,0,0,0,0,0
REC-00612,1,0,0,0,0,0,0,0,0,0,0,0,22,0,0,1,1,0,0
REC-00613,0,1,0,0,0,1,1,0,0,0,0,0,20,0,0,0,0,1,0
REC-00614,0,1,0,0,0,1,1,0,0,0,0,0,3,0,0,0,0,1,0
REC-00615,0,1,0,0,0,0,0,1,1,0,0,0,20,0,0,0,0,0,0
REC-00616,0,1,1,1,0,0,0,0,0,0,0,0,7,0,0,1,0,0,0
REC-00617,0,1,0,0,0,0,0,0,0,0,0,0,4,0,0,0,0,0,0
REC-00618,0,1,0,0,0,0,0,1,1,0,0,0,6,0,0,0,0,0,0
REC-00619,0,1,0,0,0,0,0,0,0,0,0,0,23,0,0,0,0,0,0
REC-00620,0,1,0,0,0,0,0,0,0,0,0,0,18,0,0,0,0,0,0
REC-00621,0,1,1,1,0,0,0,0,0,0,0,0,10,0,0,1,0,0,0
REC-00622,0,1,0,0,0,0,0,0,0,0,0,0,25,0,0,0,0,0,0
REC-00623,0,1,0,0,0,0,0,0,0,0,0,0,17,0,0,0,0,0,0
REC-00624,0,1,0,0,0,0,0,0,0,1,1,0,2,0,0,0,0,0,1
REC-00625,0,1,0,0,0,0,0,0,0,0,0,0,129,1,1,0,0,1,0
REC-00626,0,1,0,0,0,0,0,1,1,0,0,0,27,0,0,0,0,0,0
REC-00627,0,1,1,1,0,0,0,0,0,0,0,0,10,0,0,1,0,0,0
REC-00628,0,1,0,0,0,1,1,0,0,0,0,0,11,0,0,0,0,1,0
REC-00629,0,1,0,0,0,0,0,0,0,0,0,1,2,0,0,0,0,0,1
REC-00630,0,1,0,0,0,0,0,1,1,0,0,0,17,0,0,0,0,0,0
REC-00631,0,1,0,0,0,0,0,0,0,0,0,0,27,0,0,0,0,0,0
REC-00632,0,1,0,0,0,0,0,0,0,0,0,0,5,0,0,0,0,0,0
REC-00633,0,1,0,0,0,0,0,0,0,0,0,1,14,0,0,0,0,0,1
REC-00634,0,1,0,0,0,1,1,0,0,0,0,0,20,0,0,0,0,1,0
REC-00635,0,1,0,0,0,0,0,0,0,0,0,0,14,0,0,0,0,0,0
REC-00636,0,1,0,0,0,0,0,0,0,0,0,0,95,1,1,0,0,1,0
REC-00637,0,1,0,0,0,0,0,0,0,0,0,0,3,0,0,0,0,0,0
REC-00638,0,1,0,0,0,0,0,0,0,1,1,0,19,0,0,0,0,0,1
REC-00639,0,1,0,0,0,1,1,0,0,0,0,0,6,0,0,0,0,1,0
REC-00640,0,1,0,0,0,0,0,0,0,0,0,1,21,0,0,0,0,0,1
REC-00641,0,1,1,1,0,0,0,0,0,0,0,0,2,0,0,1,0,0,0
REC-00642,0,1,0,0,0,0,0,0,0,0,0,0,3,0,0,0,0,0,0
REC-00643,0,1,0,0,0,1,1,0,0,0,0,0,5,0,0,0,0,1,0
REC-00644,0,1,0,0,0,0,0,0,0,0,0,0,15,0,0,0,0,0,0
REC-00645,1,0,0,0,0,0,0,0,0,0,0,0,29,0,0,1,1,0,0
REC-00646,0,1,0,0,0,0,0,0,0,0,0,0,22,0,0,0,0,0,0
REC-00647,0,1,0,0,0,1,1,0,0,0,0,0,27,0,0,0,0,1,0
REC-00648,0,1,0,0,0,0,0,0,0,0,0,0,8,0,0,0,0,0,0
REC-00649,0,1,0,0,0,0,0,0,0,0,0,1,27,0,0,0,0,0,1
REC-00650,0,1,1,1,0,0,0,0,0,0,0,0,14,0,0,1,0,0,0
REC-00651,0,1,0,0,0,0,0,0,0,0,0,0,2,0,0,0,0,0,0
REC-00652,0,1,0,0,0,1,1,0,0,0,0,0,19,0,0,0,0,1,0
REC-00653,0,1,0,1,0,0,0,0,0,0,0,0,26,0,0,1,0,0,0
REC-00654,0,1,0,0,0,0,0,0,0,0,0,0,12,0,0,0,0,0,0
REC-00655,0,1,0,0,0,0,0,1,1,0,0,0,11,0,0,0,0,0,0
REC-00656,0,1,0,0,0,0,0,0,0,0,0,0,5,0,0,0,0,0,0
REC-00657,0,1,0,0,0,0,0,0,0,0,0,0,94,1,1,0,0,1,0
REC-00658,0,1,0,0,0,0,0,0,0,0,0,0,14,0,0,0,0,0,0
REC-00659,0,1,0,0,0,0,0,0,0,0,0,0,11,0,0,0,0,0,0
REC-00660,0,1,0,0,0,0,0,0,0,0,0,0,27,0,0,0,0,0,0
REC-00661,0,1,0,0,0,0,0,0,0,0,0,0,11,0,0,0,0,0,0
REC-00662,0,1,0,0,0,0,0,0,0,0,0,0,25,0,0,0,0,0,0
REC-00663,0,1,0,0,0,0,0,0,0,0,0,1,26,0,0,0,0,0,1
REC-00664,0,1,0,0,0,0,0,0,0,1,1,0,9,0,0,0,0,0,1
REC-00665,0,1,0,0,0,0,0,0,0,0,0,0,205,1,1,0,0,1,0
REC-00666,0,1,0,0,0,0,0,0,0,0,0,0,30,0,0,0,0,0,0
REC-00667,0,1,0,0,0,0,0,0,0,0,0,0,30,0,0,0,0,0,0
REC-00668,0,1,0,0,0,0,0,0,0,0,0,0,3,0,0,0,0,0,0
REC-00669,0,1,0,0,0,0,0,0,0,0,0,0,29,0,0,0,0,0,0
REC-00670,1,0,0,0,0,0,0,0,0,0,0,0,10,0,0,1,1,0,0
REC-00671,0,1,1,1,0,0,0,0,0,0,0,0,25,0,0,1,0,0,0
REC-00672,0,1,0,0,0,0,0,0,0,0,0,0,13,0,0,0,0,0,0
REC-00673,1,0,0,0,0,0,0,0,0,0,0,0,6,0,0,1,1,0,0
REC-00674,0,1,0,0,0,0,0,0,0,0,0,0,9,0,0,0,0,0,0
REC-00675,1,0,0,0,0,0,0,0,0,0,0,0,24,0,0,1,1,0,0
REC-00676,0,1,0,0,0,0,0,0,0,1,1,0,22,0,0,0,0,0,1
REC-00677,1,0,0,0,0,0,0,0,0,0,0,0,6,0,0,1,1,0,0
REC-00678,1,0,0,0,0,0,0,0,0,0,0,0,25,0,0,1,1,0,0
REC-00679,1,0,0,0,0,0,0,0,0,0,0,0,20,0,0,1,1,0,0
REC-00680,0,1,0,0,0,0,0,0,0,0,0,0,23,0,0,0,0,0,0
REC-00681,0,1,0,0,0,0,0,0,0,0,0,0,14,0,0,0,0,0,0
REC-00682,0,1,0,0,0,1,1,0,0,0,0,0,8,0,0,0,0,1,0
REC-00683,0,1,1,1,0,0,0,0,0,0,0,0,30,0,0,1,0,0,0
REC-00684,0,1,0,0,0,0,0,0,0,0,0,0,28,0,0,0,0,0,0
REC-00685,0,1,0,0,0,0,0,0,0,0,0,1,2,0,0,0,0,0,1
REC-00686,0,1,0,0,0,0,0,0,0,1,1,0,28,0,0,0,0,0,1
REC-00687,0,1,0,0,0,0,0,0,0,1,1,0,21,0,0,0,0,0,1
REC-00688,1,0,0,0,0,0,0,0,0,0,0,0,3,0,0,1,1,0,0
REC-00689,0,1,0,1,1,0,0,0,0,0,0,0,13,0,0,1,1,0,0
REC-00690,0,1,0,0,0,0,0,0,0,1,1,0,1,0,0,0,0,0,1
REC-00691,0,1,0,0,0,0,0,0,0,0,0,0,27,0,0,0,0,0,0
REC-00692,0,1,1,1,0,0,0,0,0,0,0,0,5,0,0,1,0,0,0
REC-00693,0,1,1,1,0,0,0,0,0,0,0,0,19,0,0,1,0,0,0
REC-00694,0,1,0,0,0,0,0,1,1,0,0,0,8,0,0,0,0,0,0
REC-00695,0,1,0,0,0,0,0,0,0,0,0,0,23,0,0,0,0,0,0
REC-00696,0,1,0,0,0,1,1,0,0,0,0,0,4,0,0,0,0,1,0
REC-00697,0,1,0,0,0,0,0,0,0,0,0,0,13,0,0,0,0,0,0
REC-00698,0,1,0,0,0,1,1,0,0,0,0,0,28,0,0,0,0,1,0
REC-00699,0,1,0,1,1,0,0,0,0,0,0,0,17,0,0,1,1,0,0
REC-00700,0,1,0,1,1,0,0,0,0,0,0,0,1,0,0,1,1,0,0
REC-00701,0,1,0,0,0,0,0,1,1,0,0,0,21,0,0,0,0,0,0
REC-00702,0,1,0,0,0,0,0,0,0,0,0,1,20,0,0,0,0,0,1
REC-00703,0,1,0,0,0,0,0,0,0,0,0,0,4,0,0,0,0,0,0
REC-00704,0,1,0,0,0,1,1,0,0,0,0,0,23,0,0,0,0,1,0
REC-00705,1,0,0,0,0,0,0,0,0,0,0,0,18,0,0,1,1,0,0
REC-00706,0,1,0,0,0,0,0,0,0,0,0,0,289,1,1,0,0,1,0
REC-00707,0,1,1,1,0,0,0,0,0,0,0,0,1,0,0,1,0,0,0
REC-00708,0,1,0,0,0,0,0,0,0,0,0,0,4,0,0,0,0,0,0
REC-00709,0,1,0,0,0,0,0,0,0,0,0,0,17,0,0,0,0,0,0
REC-00710,1,0,0,0,0,0,0,0,0,0,0,0,30,0,0,1,1,0,0
REC-00711,0,1,0,0,0,0,0,0,0,0,0,0,30,0,0,0,0,0,0
REC-00712,0,1,0,0,0,0,0,0,0,0,0,0,7,0,0,0,0,0,0
REC-00713,0,1,0,0,0,1,1,0,0,0,0,0,11,0,0,0,0,1,0
REC-00714,0,1,0,0,0,0,0,0,0,0,0,0,3,0,0,0,0,0,0
REC-00715,0,1,0,0,0,0,0,0,0,0,0,0,15,0,0,0,0,0,0
REC-00716,0,1,0,0,0,0,0,1,1,0,0,0,3,0,0,0,0,0,0
REC-00717,0,1,0,1,0,0,0,0,0,0,0,0,29,0,0,1,0,0,0
REC-00718,0,1,0,0,0,0,0,0,0,0,0,0,6,0,0,0,0,0,0
REC-00719,0,1,0,0,0,0,0,0,0,0,0,0,344,1,1,0,0,1,0
REC-00720,0,1,0,0,0,0,0,0,0,1,1,0,14,0,0,0,0,0,1
REC-00721,0,1,0,0,0,0,0,0,0,0,0,0,23,0,0,0,0,0,0
REC-00722,0,1,0,1,1,0,0,0,0,0,0,0,2,0,0,1,1,0,0
REC-00723,1,0,0,0,0,0,0,0,0,0,0,0,14,0,0,1,1,0,0
REC-00724,0,1,0,0,0,0,0,0,0,0,0,0,14,0,0,0,0,0,0
REC-00725,0,1,0,0,0,0,0,0,0,0,0,0,22,0,0,0,0,0,0
REC-00726,0,1,0,0,0,0,0,0,0,0,0,0,29,0,0,0,0,0,0
REC-00727,1,0,0,0,0,0,0,0,0,0,0,0,2,0,0,1,1,0,0
REC-00728,0,1,1,1,0,0,0,0,0,0,0,0,14,0,0,1,0,0,0
REC-00729,0,1,0,0,0,1,1,0,0,0,0,0,23,0,0,0,0,1,0
REC-00730,0,1,0,0,0,0,0,0,0,0,0,0,18,0,0,0,0,0,0
REC-00731,0,1,0,0,0,0,0,1,1,0,0,0,9,0,0,0,0,0,0
REC-00732,0,1,0,0,0,0,0,0,0,1,1,0,12,0,0,0,0,0,1
REC-00733,0,1,0,0,0,0,0,0,0,0,0,0,29,0,0,0,0,0,0
REC-00734,0,1,0,0,0,0,0,1,1,0,0,0,16,0,0,0,0,0,0
REC-00735,0,1,0,0,0,0,0,0,0,0,0,0,25,0,0,0,0,0,0
REC-00736,0,1,0,0,0,0,0,1,1,0,0,0,21,0,0,0,0,0,0
REC-00737,0,1,1,1,0,0,0,0,0,0,0,0,3,0,0,1,0,0,0
REC-00738,0,1,0,0,0,0,0,0,0,0,0,0,29,0,0,0,0,0,0
REC-00739,0,1,0,0,0,0,0,0,0,0,0,0,27,0,0,0,0,0,0
REC-00740,1,0,0,0,0,0,0,0,0,0,0,0,0,0,0,1,1,0,0
REC-00741,1,0,0,0,0,0,0,0,0,0,0,0,24,0,0,1,1,0,0
REC-00742,0,1,0,1,1,0,0,0,0,0,0,0,9,0,0,1,1,0,0
REC-00743,0,1,0,0,0,0,0,0,0,0,0,0,0,0,0,0,0,0,0
REC-00744,0,1,0,0,0,1,1,0,0,0,0,0,24,0,0,0,0,1,0
REC-00745,0,1,0,0,0,0,0,0,0,0,0,1,21,0,0,0,0,0,1
REC-00746,0,1,0,0,0,0,0,0,0,1,1,0,21,0,0,0,0,0,1
REC-00747,0,1,0,0,0,0,0,0,0,1,1,0,21,0,0,0,0,0,1
REC-00748,0,1,0,0,0,0,0,0,0,1,1,0,15,0,0,0,0,0,1
REC-00749,0,1,0,0,0,0,0,1,1,0,0,0,19,0,0,0,0,0,0
REC-00750,0,1,0,1,1,0,0,0,0,0,0,0,8,0,0,1,1,0,0
REC-00751,0,1,0,0,0,0,0,0,0,0,0,0,12,0,0,0,0,0,0
REC-00752,0,1,0,0,0,0,0,0,0,0,0,1,14,0,0,0,0,0,1
REC-00753,0,1,0,0,0,0,0,1,1,0,0,0,17,0,0,0,0,0,0
REC-00754,0,1,0,0,0,0,0,0,0,0,0,0,29,0,0,0,0,0,0
REC-00755,0,1,0,0,0,0,0,0,0,0,0,0,30,0,0,0,0,0,0
REC-00756,0,1,0,0,0,0,0,0,0,0,0,0,6,0,0,0,0,0,0
REC-00757,1,0,0,0,0,0,0,0,0,0,0,0,9,0,0,1,1,0,0
REC-00758,0,1,0,0,0,0,0,0,0,0,0,0,297,1,1,0,0,1,0
REC-00759,0,1,0,0,0,0,0,1,1,0,0,0,17,0,0,0,0,0,0
REC-00760,0,1,0,0,0,0,0,0,0,1,1,0,0,0,0,0,0,0,1
REC-00761,1,0,0,0,0,0,0,0,0,0,0,0,22,0,0,1,1,0,0
REC-00762,0,1,0,0,0,0,0,0,0,0,0,0,10,0,0,0,0,0,0
REC-00763,0,1,0,1,0,0,0,0,0,0,0,0,0,0,0,1,0,0,0
REC-00764,0,1,1,1,0,0,0,0,0,0,0,0,5,0,0,1,0,0,0
REC-00765,0,1,0,0,0,1,1,0,0,0,0,0,16,0,0,0,0,1,0
REC-00766,1,0,0,0,0,0,0,0,0,0,0,0,16,0,0,1,1,0,0
REC-00767,0,1,0,1,1,0,0,0,0,0,0,0,9,0,0,1,1,0,0
REC-00768,0,1,1,1,0,0,0,0,0,0,0,0,0,0,0,1,0,0,0
REC-00769,0,1,0,0,0,0,0,0,0,0,0,1,11,0,0,0,0,0,1
REC-00770,1,0,0,0,0,0,0,0,0,0,0,0,28,0,0,1,1,0,0
REC-00771,0,1,0,0,0,0,0,0,0,0,0,0,20,0,0,0,0,0,0
REC-00772,0,1,0,0,0,0,0,0,0,0,0,0,8,0,0,0,0,0,0
REC-00773,0,1,0,0,0,0,0,0,0,0,0,0,12,0,0,0,0,0,0
REC-00774,0,1,0,0,0,0,0,1,1,0,0,0,26,0,0,0,0,0,0
REC-00775,0,1,0,0,0,0,0,0,0,0,0,0,17,0,0,0,0,0,0
REC-00776,1,0,0,0,0,0,0,0,0,0,0,0,30,0,0,1,1,0,0
REC-00777,0,1,0,0,0,0,0,0,0,1,1,0,27,0,0,0,0,0,1
REC-00778,0,1,0,1,1,0,0,0,0,0,0,0,20,0,0,1,1,0,0
REC-00779,0,1,0,1,0,0,0,0,0,0,0,0,6,0,0,1,0,0,0
REC-00780,1,0,0,0,0,0,0,0,0,0,0,0,21,0,0,1,1,0,0
REC-00781,0,1,0,0,0,0,0,1,1,0,0,0,30,0,0,0,0,0,0
REC-00782,0,1,0,0,0,1,1,0,0,0,0,0,2,0,0,0,0,1,0
REC-00783,1,0,0,0,0,0,0,0,0,0,0,0,14,0,0,1,1,0,0
REC-00784,0,1,0,0,0,0,0,0,0,1,1,0,24,0,0,0,0,0,1
REC-00785,0,1,0,0,0,0,0,0,0,0,0,0,15,0,0,0,0,0,0
REC-00786,0,1,0,0,0,0,0,0,0,0,0,0,30,0,0,0,0,0,0
REC-00787,0,1,0,0,0,0,0,0,0,0,0,0,1,0,0,0,0,0,0
REC-00788,0,1,1,1,0,0,0,0,0,0,0,0,7,0,0,1,0,0,0
REC-00789,0,1,0,0,0,0,0,0,0,0,0,0,22,0,0,0,0,0,0
REC-00790,1,0,0,0,0,0,0,0,0,0,0,0,24,0,0,1,1,0,0
REC-00791,0,1,0,0,0,0,0,0,0,0,0,0,24,0,0,0,0,0,0
REC-00792,0,1,0,0,0,0,0,0,0,0,0,0,25,0,0,0,0,0,0
REC-00793,0,1,0,0,0,0,0,0,0,0,0,0,7,0,0,0,0,0,0
REC-00794,0,1,0,1,1,0,0,0,0,0,0,0,5,0,0,1,1,0,0
REC-00795,0,1,1,1,0,0,0,0,0,0,0,0,28,0,0,1,0,0,0
REC-00796,0,1,0,0,0,0,0,0,0,0,0,0,16,0,0,0,0,0,0
REC-00797,0,1,0,0,0,0,0,0,0,0,0,0,30,0,0,0,0,0,0
REC-00798,0,1,0,0,0,1,1,0,0,0,0,0,13,0,0,0,0,1,0
REC-00799,0,1,0,0,0,0,0,0,0,1,1,0,24,0,0,0,0,0,1
REC-00800,0,1,0,0,0,0,0,1,1,0,0,0,23,0,0,0,0,0,0
REC-00801,0,1,0,0,0,0,0,0,0,0,0,0,26,0,0,0,0,0,0
REC-00802,0,1,0,0,0,0,0,0,0,0,0,0,27,0,0,0,0,0,0
REC-00803,0,1,0,0,0,0,0,0,0,1,1,0,15,0,0,0,0,0,1
REC-00804,0,1,0,1,1,0,0,0,0,0,0,0,12,0,0,1,1,0,0
REC-00805,0,1,0,0,0,0,0,0,0,0,0,0,15,0,0,0,0,0,0
REC-00806,0,1,0,0,0,1,1,0,0,0,0,0,12,0,0,0,0,1,0
REC-00807,1,0,0,0,0,0,0,0,0,0,0,0,7,0,0,1,1,0,0
REC-00808,0,1,0,0,0,0,0,0,0,1,1,0,26,0,0,0,0,0,1
REC-00809,0,1,0,0,0,0,0,1,1,0,0,0,6,0,0,0,0,0,0
REC-00810,0,1,0,0,0,0,0,0,0,0,0,0,255,1,1,0,0,1,0
REC-00811,0,1,0,0,0,0,0,0,0,0,0,0,26,0,0,0,0,0,0
REC-00812,0,1,0,0,0,0,0,0,0,0,0,0,1,0,0,0,0,0,0
REC-00813,0,1,1,1,0,0,0,0,0,0,0,0,11,0,0,1,0,0,0
REC-00814,1,0,0,0,0,0,0,0,0,0,0,0,8,0,0,1,1,0,0
REC-00815,0,1,0,0,0,0,0,0,0,0,0,0,332,1,1,0,0,1,0
REC-00816,0,1,0,0,0,0,0,0,0,0,0,0,16,0,0,0,0,0,0
REC-00817,1,0,0,0,0,0,0,0,0,0,0,0,17,0,0,1,1,0,0
REC-00818,0,1,0,1,1,0,0,0,0,0,0,0,22,0,0,1,1,0,0
REC-00819,0,1,0,0,0,0,0,0,0,0,0,0,30,0,0,0,0,0,0
REC-00820,0,1,0,0,0,0,0,0,0,0,0,0,10,0,0,0,0,0,0
REC-00821,0,1,0,1,1,0,0,0,0,0,0,0,22,0,0,1,1,0,0
REC-00822,0,1,0,0,0,0,0,0,0,0,0,0,27,0,0,0,0,0,0
REC-00823,0,1,0,0,0,0,0,0,0,0,0,0,10,0,0,0,0,0,0
REC-00824,1,0,0,0,0,0,0,0,0,0,0,0,22,0,0,1,1,0,0
REC-00825,1,0,0,0,0,0,0,0,0,0,0,0,24,0,0,1,1,0,0
REC-00826,0,1,0,0,0,0,0,0,0,0,0,0,10,0,0,0,0,0,0
REC-00827,0,1,0,0,0,1,1,0,0,0,0,0,22,0,0,0,0,1,0
REC-00828,0,1,0,0,0,0,0,0,0,0,0,0,0,0,0,0,0,0,0
REC-00829,0,1,0,0,0,0,0,0,0,0,0,0,28,0,0,0,0,0,0
REC-00830,0,1,0,0,0,0,0,0,0,0,0,0,1,0,0,0,0,0,0
REC-00831,0,1,0,0,0,0,0,0,0,0,0,0,4,0,0,0,0,0,0
REC-00832,1,0,0,0,0,0,0,0,0,0,0,0,12,0,0,1,1,0,0
REC-00833,0,1,0,0,0,0,0,0,0,0,0,0,137,1,1,0,0,1,0
REC-00834,0,1,0,0,0,0,0,0,0,0,0,0,4,0,0,0,0,0,0
REC-00835,0,1,0,0,0,0,0,0,0,0,0,0,12,0,0,0,0,0,0
REC-00836,0,1,1,1,0,0,0,0,0,0,0,0,20,0,0,1,0,0,0
REC-00837,0,1,0,0,0,0,0,0,0,0,0,1,22,0,0,0,0,0,1
REC-00838,0,1,0,0,0,0,0,0,0,0,0,0,7,0,0,0,0,0,0
REC-00839,0,1,0,0,0,0,0,0,0,0,0,0,28,0,0,0,0,0,0
REC-00840,0,1,0,0,0,0,0,0,0,0,0,0,9,0,0,0,0,0,0
REC-00841,0,1,0,0,0,0,0,0,0,0,0,0,28,0,0,0,0,0,0
REC-00842,0,1,0,0,0,0,0,0,0,0,0,0,1,0,0,0,0,0,0
REC-00843,0,1,0,0,0,0,0,0,0,0,0,1,28,0,0,0,0,0,1
REC-00844,0,1,0,0,0,0,0,0,0,0,0,0,19,0,0,0,0,0,0
REC-00845,0,1,0,0,0,0,0,0,0,0,0,0,18,0,0,0,0,0,0
REC-00846,0,1,0,0,0,0,0,0,0,0,0,0,12,0,0,0,0,0,0
REC-00847,0,1,0,0,0,1,1,0,0,0,0,0,3,0,0,0,0,1,0
REC-00848,0,1,0,0,0,0,0,0,0,0,0,1,7,0,0,0,0,0,1
REC-00849,0,1,0,0,0,0,0,0,0,1,1,0,1,0,0,0,0,0,1
REC-00850,0,1,0,0,0,0,0,0,0,1,1,0,5,0,0,0,0,0,1
REC-00851,1,0,0,0,0,0,0,0,0,0,0,0,23,0,0,1,1,0,0
REC-00852,0,1,1,1,0,0,0,0,0,0,0,0,10,0,0,1,0,0,0
REC-00853,0,1,0,0,0,0,0,0,0,0,0,0,23,0,0,0,0,0,0
REC-00854,0,1,0,0,0,0,0,0,0,1,1,0,0,0,0,0,0,0,1
REC-00855,0,1,0,0,0,0,0,0,0,0,0,0,14,0,0,0,0,0,0
REC-00856,1,0,0,0,0,0,0,0,0,0,0,0,7,0,0,1,1,0,0
REC-00857,0,1,0,0,0,0,0,0,0,0,0,0,19,0,0,0,0,0,0
REC-00858,0,1,0,1,0,0,0,0,0,0,0,0,10,0,0,1,0,0,0
REC-00859,0,1,0,1,0,0,0,0,0,0,0,0,5,0,0,1,0,0,0
REC-00860,0,1,0,0,0,1,1,0,0,0,0,0,16,0,0,0,0,1,0
REC-00861,0,1,0,1,1,0,0,0,0,0,0,0,6,0,0,1,1,0,0
REC-00862,0,1,0,0,0,0,0,0,0,0,0,0,7,0,0,0,0,0,0
REC-00863,1,0,0,0,0,0,0,0,0,0,0,0,26,0,0,1,1,0,0
REC-00864,0,1,0,0,0,0,0,0,0,0,0,0,5,0,0,0,0,0,0
REC-00865,0,1,0,0,0,0,0,0,0,0,0,0,361,1,1,0,0,1,0
REC-00866,0,1,0,0,0,0,0,0,0,1,1,0,17,0,0,0,0,0,1
REC-00867,0,1,0,0,0,0,0,0,0,0,0,0,6,0,0,0,0,0,0
REC-00868,0,1,0,0,0,0,0,0,0,0,0,0,121,1,1,0,0,1,0
REC-00869,0,1,0,0,0,0,0,0,0,0,0,0,5,0,0,0,0,0,0
REC-00870,1,0,0,0,0,0,0,0,0,0,0,0,19,0,0,1,1,0,0
REC-00871,0,1,0,0,0,0,0,1,1,0,0,0,18,0,0,0,0,0,0
REC-00872,0,1,0,0,0,0,0,0,0,0,0,0,3,0,0,0,0,0,0
REC-00873,0,1,0,0,0,0,0,0,0,0,0,1,30,0,0,0,0,0,1
REC-00874,0,1,0,0,0,0,0,0,0,0,0,0,22,0,0,0,0,0,0
REC-00875,0,1,0,0,0,0,0,0,0,0,0,0,155,1,1,0,0,1,0
REC-00876,0,1,0,0,0,0,0,0,0,0,0,0,5,0,0,0,0,0,0
REC-00877,0,1,0,0,0,0,0,0,0,0,0,0,7,0,0,0,0,0,0
REC-00878,0,1,0,0,0,0,0,0,0,0,0,0,22,0,0,0,0,0,0
REC-00879,0,1,0,0,0,0,0,0,0,0,0,0,3,0,0,0,0,0,0
REC-00880,0,1,0,1,1,0,0,0,0,0,0,0,2,0,0,1,1,0,0
REC-00881,0,1,0,0,0,0,0,0,0,0,0,0,13,0,0,0,0,0,0
REC-00882,0,1,0,1,1,0,0,0,0,0,0,0,25,0,0,1,1,0,0
REC-00883,0,1,0,0,0,1,1,0,0,0,0,0,9,0,0,0,0,1,0
REC-00884,1,0,0,0,0,0,0,0,0,0,0,0,25,0,0,1,1,0,0
REC-00885,0,1,0,0,0,0,0,0,0,0,0,1,28,0,0,0,0,0,1
REC-00886,0,1,0,0,0,0,0,0,0,0,0,0,14,0,0,0,0,0,0
REC-00887,1,0,0,0,0,0,0,0,0,0,0,0,10,0,0,1,1,0,0
REC-00888,1,0,0,0,0,0,0,0,0,0,0,0,20,0,0,1,1,0,0
REC-00889,0,1,0,0,0,0,0,0,0,0,0,0,24,0,0,0,0,0,0
REC-00890,0,1,0,0,0,0,0,0,0,0,0,0,13,0,0,0,0,0,0
REC-00891,1,0,0,0,0,0,0,0,0,0,0,0,0,0,0,1,1,0,0
REC-00892,0,1,0,0,0,0,0,0,0,0,0,0,6,0,0,0,0,0,0
REC-00893,0,1,0,0,0,0,0,0,0,0,0,1,15,0,0,0,0,0,1
REC-00894,1,0,0,0,0,0,0,0,0,0,0,0,23,0,0,1,1,0,0
REC-00895,0,1,0,0,0,0,0,0,0,0,0,0,0,0,0,0,0,0,0
REC-00896,1,0,0,0,0,0,0,0,0,0,0,0,21,0,0,1,1,0,0
REC-00897,0,1,0,0,0,0,0,0,0,0,0,0,28,0,0,0,0,0,0
REC-00898,0,1,0,0,0,0,0,0,0,0,0,0,22,0,0,0,0,0,0
REC-00899,0,1,0,0,0,0,0,0,0,0,0,0,7,0,0,0,0,0,0
REC-00900,0,1,0,0,0,0,0,0,0,0,0,0,11,0,0,0,0,0,0
REC-00901,1,0,0,0,0,0,0,0,0,0,0,0,22,0,0,1,1,0,0
REC-00902,0,1,0,0,0,0,0,0,0,0,0,0,21,0,0,0,0,0,0
REC-00903,0,1,0,0,0,0,0,0,0,0,0,0,1,0,0,0,0,0,0
REC-00904,0,1,0,0,0,1,1,0,0,0,0,0,29,0,0,0,0,1,0
REC-00905,0,1,0,1,1,0,0,0,0,0,0,0,3,0,0,1,1,0,0
REC-00906,0,1,0,0,0,0,0,0,0,0,0,0,6,0,0,0,0,0,0
REC-00907,0,1,0,0,0,0,0,0,0,0,0,0,22,0,0,0,0,0,0
REC-00908,0,1,0,0,0,0,0,0,0,0,0,0,2,0,0,0,0,0,0
REC-00909,1,0,0,0,0,0,0,0,0,0,0,0,18,0,0,1,1,0,0
REC-00910,0,1,0,0,0,0,0,0,0,0,0,0,1,0,0,0,0,0,0
REC-00911,0,1,0,1,1,0,0,0,0,0,0,0,5,0,0,1,1,0,0
REC-00912,0,1,0,0,0,0,0,0,0,0,0,0,244,1,1,0,0,1,0
REC-00913,0,1,0,0,0,0,0,0,0,0,0,0,302,1,1,0,0,1,0
REC-00914,0,1,0,0,0,0,0,0,0,0,0,0,10,0,0,0,0,0,0
REC-00915,0,1,0,0,0,0,0,0,0,0,0,0,29,0,0,0,0,0,0
REC-00916,0,1,0,0,0,0,0,0,0,0,0,0,9,0,0,0,0,0,0
REC-00917,0,1,0,0,0,1,1,0,0,0,0,0,1,0,0,0,0,1,0
REC-00918,0,1,0,0,0,0,0,0,0,1,1,0,20,0,0,0,0,0,1
REC-00919,0,1,1,1,0,0,0,0,0,0,0,0,18,0,0,1,0,0,0
REC-00920,1,0,0,0,0,0,0,0,0,0,0,0,20,0,0,1,1,0,0
REC-00921,0,1,1,1,0,0,0,0,0,0,0,0,5,0,0,1,0,0,0
REC-00922,0,1,0,0,0,0,0,0,0,0,0,0,16,0,0,0,0,0,0
REC-00923,0,1,0,0,0,0,0,0,0,0,0,0,206,1,1,0,0,1,0
REC-00924,0,1,0,1,1,0,0,0,0,0,0,0,21,0,0,1,1,0,0
REC-00925,0,1,0,0,0,0,0,0,0,0,0,1,18,0,0,0,0,0,1
REC-00926,0,1,0,0,0,0,0,0,0,0,0,0,11,0,0,0,0,0,0
REC-00927,0,1,0,0,0,0,0,0,0,0,0,0,30,0,0,0,0,0,0
REC-00928,0,1,0,1,1,0,0,0,0,0,0,0,3,0,0,1,1,0,0
REC-00929,0,1,0,0,0,0,0,1,1,0,0,0,0,0,0,0,0,0,0
REC-00930,0,1,1,1,0,0,0,0,0,0,0,0,25,0,0,1,0,0,0
REC-00931,0,1,1,1,0,0,0,0,0,0,0,0,11,0,0,1,0,0,0
REC-00932,0,1,0,0,0,1,1,0,0,0,0,0,15,0,0,0,0,1,0
REC-00933,0,1,0,0,0,0,0,0,0,1,1,0,4,0,0,0,0,0,1
REC-00934,0,1,0,0,0,0,0,0,0,0,0,0,28,0,0,0,0,0,0
REC-00935,0,1,0,0,0,0,0,0,0,0,0,0,28,0,0,0,0,0,0
REC-00936,0,1,0,0,0,0,0,0,0,0,0,1,25,0,0,0,0,0,1
REC-00937,0,1,0,0,0,0,0,0,0,0,0,0,303,1,1,0,0,1,0
REC-00938,0,1,0,0,0,1,1,0,0,0,0,0,14,0,0,0,0,1,0
REC-00939,1,0,0,0,0,0,0,0,0,0,0,0,12,0,0,1,1,0,0
REC-00940,1,0,0,0,0,0,0,0,0,0,0,0,29,0,0,1,1,0,0
REC-00941,0,1,0,0,0,0,0,0,0,0,0,0,1,0,0,0,0,0,0
REC-00942,0,1,1,1,0,0,0,0,0,0,0,0,9,0,0,1,0,0,0
REC-00943,0,1,0,0,0,0,0,0,0,0,0,0,9,0,0,0,0,0,0
REC-00944,0,1,0,1,1,0,0,0,0,0,0,0,8,0,0,1,1,0,0
REC-00945,0,1,0,0,0,0,0,0,0,0,0,0,8,0,0,0,0,0,0
REC-00946,0,1,0,0,0,0,0,0,0,0,0,0,24,0,0,0,0,0,0
REC-00947,0,1,0,1,1,0,0,0,0,0,0,0,0,0,0,1,1,0,0
REC-00948,0,1,0,0,0,0,0,0,0,1,1,0,1,0,0,0,0,0,1
REC-00949,0,1,0,0,0,0,0,0,0,0,0,0,1,0,0,0,0,0,0
REC-00950,0,1,1,1,0,0,0,0,0,0,0,0,29,0,0,1,0,0,0
REC-00951,1,0,0,0,0,0,0,0,0,0,0,0,15,0,0,1,1,0,0
REC-00952,0,1,0,0,0,1,1,0,0,0,0,0,25,0,0,0,0,1,0
REC-00953,0,1,0,0,0,1,1,0,0,0,0,0,30,0,0,0,0,1,0
REC-00954,1,0,0,0,0,0,0,0,0,0,0,0,21,0,0,1,1,0,0
REC-00955,0,1,0,0,0,0,0,0,0,1,1,0,29,0,0,0,0,0,1
REC-00956,0,1,0,0,0,0,0,0,0,0,0,0,13,0,0,0,0,0,0
REC-00957,0,1,0,0,0,0,0,0,0,0,0,0,25,0,0,0,0,0,0
REC-00958,0,1,0,0,0,0,0,0,0,0,0,1,1,0,0,0,0,0,1
REC-00959,0,1,0,0,0,0,0,0,0,0,0,1,11,0,0,0,0,0,1
REC-00960,0,1,0,0,0,0,0,0,0,0,0,0,2,0,0,0,0,0,0
REC-00961,0,1,0,0,0,0,0,0,0,0,0,0,30,0,0,0,0,0,0
REC-00962,0,1,0,0,0,1,1,0,0,0,0,0,14,0,0,0,0,1,0
REC-00963,0,1,0,0,0,0,0,0,0,0,0,0,30,0,0,0,0,0,0
REC-00964,0,1,0,0,0,0,0,0,0,0,0,0,267,1,1,0,0,1,0
REC-00965,0,1,0,1,1,0,0,0,0,0,0,0,8,0,0,1,1,0,0
REC-00966,0,1,0,0,0,0,0,0,0,0,0,0,4,0,0,0,0,0,0
REC-00967,0,1,0,0,0,1,1,0,0,0,0,0,24,0,0,0,0,1,0
REC-00968,0,1,0,0,0,0,0,0,0,0,0,0,185,1,1,0,0,1,0
REC-00969,0,1,0,0,0,0,0,0,0,0,0,0,27,0,0,0,0,0,0
REC-00970,1,0,0,0,0,0,0,0,0,0,0,0,10,0,0,1,1,0,0
REC-00971,0,1,0,0,0,0,0,0,0,0,0,0,3,0,0,0,0,0,0
REC-00972,0,1,0,0,0,0,0,0,0,0,0,1,29,0,0,0,0,0,1
REC-00973,1,0,0,0,0,0,0,0,0,0,0,0,29,0,0,1,1,0,0
REC-00974,0,1,0,1,1,0,0,0,0,0,0,0,19,0,0,1,1,0,0
REC-00975,0,1,0,0,0,0,0,0,0,0,0,0,2,0,0,0,0,0,0
REC-00976,0,1,0,0,0,0,0,0,0,0,0,0,27,0,0,0,0,0,0
REC-00977,0,1,0,1,0,0,0,0,0,0,0,0,12,0,0,1,0,0,0
REC-00978,0,1,0,0,0,0,0,0,0,0,0,1,7,0,0,0,0,0,1
REC-00979,0,1,0,0,0,1,1,0,0,0,0,0,5,0,0,0,0,1,0
REC-00980,0,1,0,0,0,1,1,0,0,0,0,0,27,0,0,0,0,1,0
REC-00981,0,1,0,0,0,0,0,0,0,0,0,0,17,0,0,0,0,0,0
REC-00982,0,1,0,0,0,0,0,0,0,0,0,0,20,0,0,0,0,0,0
REC-00983,1,0,0,0,0,0,0,0,0,0,0,0,17,0,0,1,1,0,0
REC-00984,0,1,0,0,0,0,0,0,0,0,0,0,160,1,1,0,0,1,0
REC-00985,0,1,0,0,0,0,0,0,0,0,0,0,5,0,0,0,0,0,0
REC-00986,0,1,0,0,0,0,0,0,0,0,0,0,7,0,0,0,0,0,0
REC-00987,0,1,0,0,0,0,0,0,0,1,1,0,23,0,0,0,0,0,1
REC-00988,0,1,0,0,0,0,0,0,0,0,0,0,2,0,0,0,0,0,0
REC-00989,1,0,0,0,0,0,0,0,0,0,0,0,25,0,0,1,1,0,0
REC-00990,0,1,1,1,0,0,0,0,0,0,0,0,9,0,0,1,0,0,0
REC-00991,0,1,0,0,0,1,1,0,0,0,0,0,13,0,0,0,0,1,0
REC-00992,0,1,0,0,0,1,1,0,0,0,0,0,16,0,0,0,0,1,0
REC-00993,0,1,0,0,0,0,0,0,0,0,0,0,28,0,0,0,0,0,0
REC-00994,0,1,0,0,0,0,0,0,0,0,0,0,25,0,0,0,0,0,0
REC-00995,0,1,0,0,0,0,0,0,0,1,1,0,29,0,0,0,0,0,1
REC-00996,0,1,0,0,0,1,1,0,0,0,0,0,21,0,0,0,0,1,0
REC-00997,0,1,0,0,0,0,0,0,0,0,0,0,19,0,0,0,0,0,0
REC-00998,0,1,1,1,0,0,0,0,0,0,0,0,25,0,0,1,0,0,0
REC-00999,0,1,0,0,0,0,0,0,0,0,0,0,27,0,0,0,0,0,0
REC-01000,0,1,0,0,0,0,0,0,0,1,1,0,12,0,0,0,0,0,1
REC-01001,0,1,0,0,0,0,0,1,1,0,0,0,7,0,0,0,0,0,0
REC-01002,1,0,0,0,0,0,0,0,0,0,0,0,3,0,0,1,1,0,0
REC-01003,0,1,0,0,0,0,0,0,0,0,0,0,15,0,0,0,0,0,0
REC-01004,0,1,0,0,0,0,0,0,0,0,0,0,0,0,0,0,0,0,0
REC-01005,0,1,0,1,1,0,0,0,0,0,0,0,1,0,0,1,1,0,0
REC-01006,0,1,1,1,0,0,0,0,0,0,0,0,26,0,0,1,0,0,0
REC-01007,0,1,0,0,0,0,0,0,0,0,0,0,352,1,1,0,0,1,0
REC-01008,0,1,0,0,0,0,0,0,0,0,0,0,30,0,0,0,0,0,0
REC-01009,0,1,0,0,0,0,0,1,1,0,0,0,29,0,0,0,0,0,0
REC-01010,0,1,0,0,0,0,0,0,0,0,0,0,3,0,0,0,0,0,0
REC-01011,1,0,0,0,0,0,0,0,0,0,0,0,5,0,0,1,1,0,0
REC-01012,0,1,0,0,0,0,0,0,0,0,0,0,10,0,0,0,0,0,0
REC-01013,0,1,1,1,0,0,0,0,0,0,0,0,4,0,0,1,0,0,0
REC-01014,0,1,0,0,0,0,0,0,0,1,1,0,26,0,0,0,0,0,1
REC-01015,0,1,0,0,0,0,0,0,0,0,0,0,1,0,0,0,0,0,0
REC-01016,0,1,0,0,0,0,0,0,0,0,0,0,21,0,0,0,0,0,0
REC-01017,0,1,0,0,0,0,0,0,0,0,0,1,10,0,0,0,0,0,1
REC-01018,0,1,0,0,0,0,0,0,0,1,1,0,8,0,0,0,0,0,1
REC-01019,0,1,0,0,0,0,0,0,0,0,0,0,197,1,1,0,0,1,0
REC-01020,0,1,0,0,0,0,0,1,1,0,0,0,1,0,0,0,0,0,0
REC-01021,0,1,0,0,0,0,0,0,0,0,0,0,0,0,0,0,0,0,0
REC-01022,0,1,0,0,0,0,0,0,0,0,0,0,22,0,0,0,0,0,0
REC-01023,0,1,0,0,0,0,0,0,0,1,1,0,23,0,0,0,0,0,1
REC-01024,0,1,0,0,0,0,0,0,0,0,0,1,14,0,0,0,0,0,1
REC-01025,0,1,0,0,0,0,0,0,0,0,0,1,10,0,0,0,0,0,1
REC-01026,0,1,0,0,0,1,1,0,0,0,0,0,25,0,0,0,0,1,0
REC-01027,0,1,0,1,1,0,0,0,0,0,0,0,2,0,0,1,1,0,0
REC-01028,1,0,0,0,0,0,0,0,0,0,0,0,29,0,0,1,1,0,0
REC-01029,0,1,0,0,0,0,0,0,0,0,0,0,6,0,0,0,0,0,0
REC-01030,0,1,1,1,0,0,0,0,0,0,0,0,1,0,0,1,0,0,0
REC-01031,0,1,0,0,0,0,0,0,0,0,0,0,12,0,0,0,0,0,0
REC-01032,0,1,0,0,0,0,0,0,0,0,0,0,22,0,0,0,0,0,0
REC-01033,0,1,0,0,0,0,0,0,0,0,0,0,19,0,0,0,0,0,0
REC-01034,0,1,0,0,0,0,0,1,1,0,0,0,15,0,0,0,0,0,0
REC-01035,1,0,0,0,0,0,0,0,0,0,0,0,29,0,0,1,1,0,0
REC-01036,1,0,0,0,0,0,0,0,0,0,0,0,16,0,0,1,1,0,0
REC-01037,0,1,0,0,0,1,1,0,0,0,0,0,27,0,0,0,0,1,0
REC-01038,0,1,0,0,0,0,0,0,0,0,0,0,246,1,1,0,0,1,0
REC-01039,0,1,0,0,0,0,0,0,0,1,1,0,10,0,0,0,0,0,1
REC-01040,0,1,0,0,0,0,0,0,0,0,0,0,18,0,0,0,0,0,0
REC-01041,1,0,0,0,0,0,0,0,0,0,0,0,1,0,0,1,1,0,0
REC-01042,0,1,0,0,0,0,0,0,0,0,0,0,8,0,0,0,0,0,0
REC-01043,0,1,0,0,0,1,1,0,0,0,0,0,5,0,0,0,0,1,0
REC-01044,1,0,0,0,0,0,0,0,0,0,0,0,27,0,0,1,1,0,0
REC-01045,0,1,0,0,0,0,0,0,0,0,0,0,7,0,0,0,0,0,0
REC-01046,0,1,1,1,0,0,0,0,0,0,0,0,6,0,0,1,0,0,0
REC-01047,0,1,0,1,0,0,0,0,0,0,0,0,20,0,0,1,0,0,0
REC-01048,0,1,0,0,0,0,0,0,0,1,1,0,28,0,0,0,0,0,1
REC-01049,0,1,1,1,0,0,0,0,0,0,0,0,9,0,0,1,0,0,0
REC-01050,0,1,0,0,0,0,0,0,0,1,1,0,14,0,0,0,0,0,1
REC-01051,0,1,0,0,0,0,0,0,0,0,0,0,14,0,0,0,0,0,0
REC-01052,0,1,0,0,0,0,0,0,0,0,0,0,28,0,0,0,0,0,0
REC-01053,0,1,0,0,0,0,0,0,0,1,1,0,2,0,0,0,0,0,1
REC-01054,0,1,0,0,0,0,0,0,0,0,0,0,147,1,1,0,0,1,0
REC-01055,0,1,0,0,0,0,0,0,0,0,0,1,1,0,0,0,0,0,1
REC-01056,0,1,0,0,0,0,0,0,0,1,1,0,24,0,0,0,0,0,1
REC-01057,1,0,0,0,0,0,0,0,0,0,0,0,9,0,0,1,1,0,0
REC-01058,0,1,0,0,0,0,0,0,0,0,0,0,20,0,0,0,0,0,0
REC-01059,0,1,0,0,0,0,0,0,0,0,0,1,26,0,0,0,0,0,1
REC-01060,1,0,0,0,0,0,0,0,0,0,0,0,27,0,0,1,1,0,0
REC-01061,0,1,0,0,0,0,0,0,0,0,0,1,11,0,0,0,0,0,1
REC-01062,0,1,1,1,0,0,0,0,0,0,0,0,21,0,0,1,0,0,0
REC-01063,0,1,0,0,0,0,0,0,0,0,0,0,17,0,0,0,0,0,0
REC-01064,0,1,0,0,0,0,0,0,0,0,0,1,17,0,0,0,0,0,1
REC-01065,1,0,0,0,0,0,0,0,0,0,0,0,30,0,0,1,1,0,0
REC-01066,1,0,0,0,0,0,0,0,0,0,0,0,12,0,0,1,1,0,0
REC-01067,0,1,0,0,0,0,0,0,0,0,0,0,26,0,0,0,0,0,0
REC-01068,1,0,0,0,0,0,0,0,0,0,0,0,7,0,0,1,1,0,0
REC-01069,0,1,0,0,0,0,0,0,0,0,0,0,26,0,0,0,0,0,0
REC-01070,0,1,0,0,0,1,1,0,0,0,0,0,25,0,0,0,0,1,0
REC-01071,0,1,0,0,0,0,0,0,0,0,0,0,29,0,0,0,0,0,0
REC-01072,0,1,0,0,0,1,1,0,0,0,0,0,21,0,0,0,0,1,0
REC-01073,0,1,0,0,0,1,1,0,0,0,0,0,28,0,0,0,0,1,0
REC-01074,0,1,1,1,0,0,0,0,0,0,0,0,19,0,0,1,0,0,0
REC-01075,1,0,0,0,0,0,0,0,0,0,0,0,13,0,0,1,1,0,0
REC-01076,0,1,0,0,0,0,0,0,0,0,0,0,24,0,0,0,0,0,0
REC-01077,1,0,0,0,0,0,0,0,0,0,0,0,15,0,0,1,1,0,0
REC-01078,0,1,0,0,0,0,0,0,0,0,0,0,9,0,0,0,0,0,0
REC-01079,0,1,0,0,0,0,0,0,0,1,1,0,0,0,0,0,0,0,1
REC-01080,0,1,0,0,0,0,0,0,0,0,0,1,20,0,0,0,0,0,1
REC-01081,0,1,1,1,0,0,0,0,0,0,0,0,11,0,0,1,0,0,0
REC-01082,1,0,0,0,0,0,0,0,0,0,0,0,5,0,0,1,1,0,0
REC-01083,0,1,0,0,0,0,0,0,0,0,0,1,30,0,0,0,0,0,1
REC-01084,0,1,0,0,0,0,0,1,1,0,0,0,26,0,0,0,0,0,0
REC-01085,0,1,0,0,0,0,0,0,0,1,1,0,25,0,0,0,0,0,1
REC-01086,0,1,0,0,0,0,0,0,0,1,1,0,7,0,0,0,0,0,1
REC-01087,0,1,0,0,0,0,0,0,0,0,0,0,18,0,0,0,0,0,0
REC-01088,0,1,0,0,0,1,1,0,0,0,0,0,4,0,0,0,0,1,0
REC-01089,0,1,0,0,0,0,0,0,0,0,0,0,22,0,0,0,0,0,0
REC-01090,0,1,0,0,0,0,0,0,0,0,0,0,6,0,0,0,0,0,0
REC-01091,0,1,0,0,0,0,0,0,0,0,0,0,15,0,0,0,0,0,0
REC-01092,0,1,0,0,0,0,0,0,0,1,1,0,21,0,0,0,0,0,1
REC-01093,0,1,0,1,1,0,0,0,0,0,0,0,8,0,0,1,1,0,0
REC-01094,0,1,1,1,0,0,0,0,0,0,0,0,5,0,0,1,0,0,0
REC-01095,0,1,0,0,0,0,0,0,0,0,0,0,15,0,0,0,0,0,0
REC-01096,1,0,0,0,0,0,0,0,0,0,0,0,19,0,0,1,1,0,0
REC-01097,0,1,0,0,0,0,0,0,0,0,0,0,2,0,0,0,0,0,0
REC-01098,0,1,0,0,0,0,0,0,0,0,0,0,23,0,0,0,0,0,0
REC-01099,0,1,1,1,0,0,0,0,0,0,0,0,16,0,0,1,0,0,0
REC-01100,0,1,0,0,0,0,0,0,0,1,1,0,14,0,0,0,0,0,1
REC-01101,0,1,0,0,0,0,0,0,0,0,0,0,137,1,1,0,0,1,0
REC-01102,0,1,0,0,0,0,0,0,0,0,0,0,5,0,0,0,0,0,0
REC-01103,0,1,1,1,0,0,0,0,0,0,0,0,3,0,0,1,0,0,0
REC-01104,0,1,0,0,0,0,0,1,1,0,0,0,6,0,0,0,0,0,0
REC-01105,0,1,0,0,0,0,0,0,0,0,0,0,19,0,0,0,0,0,0
REC-01106,0,1,0,0,0,0,0,0,0,1,1,0,30,0,0,0,0,0,1
REC-01107,0,1,1,1,0,0,0,0,0,0,0,0,4,0,0,1,0,0,0
REC-01108,0,1,0,0,0,0,0,0,0,0,0,0,28,0,0,0,0,0,0
REC-01109,0,1,0,0,0,0,0,0,0,0,0,1,27,0,0,0,0,0,1
REC-01110,0,1,0,0,0,0,0,1,1,0,0,0,15,0,0,0,0,0,0
REC-01111,1,0,0,0,0,0,0,0,0,0,0,0,29,0,0,1,1,0,0
REC-01112,0,1,0,0,0,0,0,1,1,0,0,0,30,0,0,0,0,0,0
REC-01113,0,1,0,0,0,0,0,0,0,0,0,0,14,0,0,0,0,0,0
REC-01114,1,0,0,0,0,0,0,0,0,0,0,0,26,0,0,1,1,0,0
REC-01115,0,1,0,0,0,0,0,0,0,0,0,0,17,0,0,0,0,0,0
REC-01116,1,0,0,0,0,0,0,0,0,0,0,0,26,0,0,1,1,0,0
REC-01117,0,1,0,0,0,0,0,1,1,0,0,0,26,0,0,0,0,0,0
REC-01118,0,1,0,0,0,0,0,0,0,0,0,0,29,0,0,0,0,0,0
REC-01119,0,1,0,1,1,0,0,0,0,0,0,0,26,0,0,1,1,0,0
REC-01120,0,1,0,0,0,0,0,0,0,0,0,0,30,0,0,0,0,0,0
REC-01121,0,1,0,0,0,0,0,1,1,0,0,0,30,0,0,0,0,0,0
REC-01122,0,1,0,0,0,0,0,0,0,0,0,0,1,0,0,0,0,0,0
REC-01123,0,1,0,0,0,0,0,0,0,0,0,0,4,0,0,0,0,0,0
REC-01124,1,0,0,0,0,0,0,0,0,0,0,0,12,0,0,1,1,0,0
REC-01125,0,1,0,1,0,0,0,0,0,0,0,0,18,0,0,1,0,0,0
REC-01126,0,1,0,0,0,0,0,0,0,0,0,0,16,0,0,0,0,0,0
REC-01127,0,1,0,0,0,0,0,0,0,0,0,0,3,0,0,0,0,0,0
REC-01128,0,1,0,0,0,0,0,0,0,0,0,1,2,0,0,0,0,0,1
REC-01129,0,1,0,0,0,0,0,0,0,0,0,0,26,0,0,0,0,0,0
REC-01130,0,1,0,0,0,0,0,0,0,1,1,0,7,0,0,0,0,0,1
REC-01131,0,1,1,1,0,0,0,0,0,0,0,0,27,0,0,1,0,0,0
REC-01132,0,1,0,0,0,0,0,0,0,0,0,0,4,0,0,0,0,0,0
REC-01133,0,1,0,1,1,0,0,0,0,0,0,0,29,0,0,1,1,0,0
REC-01134,0,1,0,0,0,0,0,1,1,0,0,0,7,0,0,0,0,0,0
REC-01135,1,0,0,0,0,0,0,0,0,0,0,0,5,0,0,1,1,0,0
REC-01136,0,1,0,0,0,0,0,0,0,0,0,1,17,0,0,0,0,0,1
REC-01137,0,1,0,0,0,0,0,0,0,1,1,0,1,0,0,0,0,0,1
REC-01138,0,1,0,0,0,0,0,0,0,0,0,0,6,0,0,0,0,0,0
REC-01139,0,1,0,0,0,0,0,0,0,0,0,1,10,0,0,0,0,0,1
REC-01140,0,1,0,0,0,0,0,0,0,0,0,0,14,0,0,0,0,0,0
REC-01141,0,1,0,0,0,0,0,0,0,0,0,1,26,0,0,0,0,0,1
REC-01142,0,1,0,0,0,0,0,0,0,0,0,1,8,0,0,0,0,0,1
REC-01143,0,1,0,0,0,0,0,0,0,0,0,0,18,0,0,0,0,0,0
REC-01144,0,1,0,0,0,0,0,0,0,0,0,0,27,0,0,0,0,0,0
REC-01145,0,1,0,0,0,0,0,0,0,0,0,0,150,1,1,0,0,1,0
REC-01146,0,1,0,0,0,1,1,0,0,0,0,0,19,0,0,0,0,1,0
REC-01147,0,1,0,0,0,0,0,1,1,0,0,0,5,0,0,0,0,0,0
REC-01148,0,1,0,0,0,0,0,0,0,0,0,0,25,0,0,0,0,0,0
REC-01149,0,1,0,0,0,0,0,1,1,0,0,0,1,0,0,0,0,0,0
REC-01150,0,1,0,0,0,0,0,0,0,0,0,0,27,0,0,0,0,0,0
REC-01151,0,1,0,0,0,0,0,0,0,1,1,0,5,0,0,0,0,0,1
REC-01152,0,1,0,0,0,1,1,0,0,0,0,0,2,0,0,0,0,1,0
REC-01153,0,1,0,1,0,0,0,0,0,0,0,0,15,0,0,1,0,0,0
REC-01154,1,0,0,0,0,0,0,0,0,0,0,0,24,0,0,1,1,0,0
REC-01155,0,1,0,0,0,0,0,0,0,0,0,1,9,0,0,0,0,0,1
REC-01156,0,1,0,0,0,0,0,0,0,0,0,0,22,0,0,0,0,0,0
REC-01157,0,1,1,1,0,0,0,0,0,0,0,0,10,0,0,1,0,0,0
REC-01158,0,1,0,0,0,0,0,0,0,1,1,0,15,0,0,0,0,0,1
REC-01159,1,0,0,0,0,0,0,0,0,0,0,0,23,0,0,1,1,0,0
REC-01160,0,1,0,0,0,0,0,0,0,0,0,0,11,0,0,0,0,0,0
REC-01161,0,1,0,0,0,1,1,0,0,0,0,0,25,0,0,0,0,1,0
REC-01162,0,1,1,1,0,0,0,0,0,0,0,0,27,0,0,1,0,0,0
REC-01163,0,1,1,1,0,0,0,0,0,0,0,0,19,0,0,1,0,0,0
REC-01164,0,1,0,0,0,0,0,0,0,0,0,0,1,0,0,0,0,0,0
REC-01165,0,1,0,0,0,0,0,0,0,0,0,0,141,1,1,0,0,1,0
REC-01166,0,1,1,1,0,0,0,0,0,0,0,0,10,0,0,1,0,0,0
REC-01167,0,1,1,1,0,0,0,0,0,0,0,0,15,0,0,1,0,0,0
REC-01168,1,0,0,0,0,0,0,0,0,0,0,0,9,0,0,1,1,0,0
REC-01169,0,1,0,0,0,0,0,0,0,1,1,0,17,0,0,0,0,0,1
REC-01170,0,1,1,1,0,0,0,0,0,0,0,0,14,0,0,1,0,0,0
REC-01171,0,1,0,1,1,0,0,0,0,0,0,0,1,0,0,1,1,0,0
REC-01172,1,0,0,0,0,0,0,0,0,0,0,0,21,0,0,1,1,0,0
REC-01173,0,1,0,0,0,0,0,0,0,0,0,0,27,0,0,0,0,0,0
REC-01174,0,1,0,0,0,1,1,0,0,0,0,0,0,0,0,0,0,1,0
REC-01175,0,1,0,0,0,0,0,0,0,1,1,0,25,0,0,0,0,0,1
REC-01176,1,0,0,0,0,0,0,0,0,0,0,0,14,0,0,1,1,0,0
REC-01177,1,0,0,0,0,0,0,0,0,0,0,0,8,0,0,1,1,0,0
REC-01178,1,0,0,0,0,0,0,0,0,0,0,0,24,0,0,1,1,0,0
REC-01179,0,1,0,0,0,0,0,0,0,0,0,0,25,0,0,0,0,0,0
REC-01180,0,1,0,0,0,0,0,0,0,1,1,0,30,0,0,0,0,0,1
REC-01181,0,1,1,1,0,0,0,0,0,0,0,0,24,0,0,1,0,0,0
REC-01182,0,1,0,0,0,0,0,0,0,0,0,0,29,0,0,0,0,0,0
REC-01183,0,1,1,1,0,0,0,0,0,0,0,0,13,0,0,1,0,0,0
REC-01184,1,0,0,0,0,0,0,0,0,0,0,0,8,0,0,1,1,0,0
REC-01185,0,1,0,0,0,0,0,0,0,0,0,0,11,0,0,0,0,0,0
REC-01186,0,1,0,0,0,0,0,0,0,0,0,0,17,0,0,0,0,0,0
REC-01187,0,1,0,0,0,0,0,0,0,1,1,0,28,0,0,0,0,0,1
REC-01188,0,1,0,0,0,0,0,0,0,0,0,0,18,0,0,0,0,0,0
REC-01189,0,1,1,1,0,0,0,0,0,0,0,0,6,0,0,1,0,0,0
REC-01190,1,0,0,0,0,0,0,0,0,0,0,0,25,0,0,1,1,0,0
REC-01191,0,1,1,1,0,0,0,0,0,0,0,0,29,0,0,1,0,0,0
REC-01192,0,1,0,0,0,0,0,0,0,1,1,0,17,0,0,0,0,0,1
REC-01193,0,1,0,0,0,0,0,1,1,0,0,0,0,0,0,0,0,0,0
REC-01194,0,1,0,0,0,1,1,0,0,0,0,0,12,0,0,0,0,1,0
REC-01195,0,1,0,0,0,0,0,0,0,0,0,0,26,0,0,0,0,0,0
REC-01196,0,1,0,0,0,0,0,0,0,0,0,0,9,0,0,0,0,0,0
REC-01197,0,1,0,0,0,1,1,0,0,0,0,0,9,0,0,0,0,1,0
REC-01198,0,1,0,0,0,0,0,0,0,0,0,0,25,0,0,0,0,0,0
REC-01199,0,1,0,0,0,0,0,0,0,0,0,0,25,0,0,0,0,0,0
REC-01200,1,0,0,0,0,0,0,0,0,0,0,0,11,0,0,1,1,0,0
REC-01201,0,1,0,0,0,1,1,0,0,0,0,0,9,0,0,0,0,1,0
REC-01202,0,1,1,1,0,0,0,0,0,0,0,0,2,0,0,1,0,0,0
REC-01203,0,1,0,0,0,1,1,0,0,0,0,0,0,0,0,0,0,1,0
REC-01204,0,1,0,0,0,0,0,0,0,0,0,0,13,0,0,0,0,0,0
REC-01205,0,1,0,0,0,0,0,0,0,0,0,0,29,0,0,0,0,0,0
REC-01206,1,0,0,0,0,0,0,0,0,0,0,0,7,0,0,1,1,0,0
REC-01207,1,0,0,0,0,0,0,0,0,0,0,0,24,0,0,1,1,0,0
REC-01208,1,0,0,0,0,0,0,0,0,0,0,0,7,0,0,1,1,0,0
REC-01209,0,1,0,0,0,0,0,0,0,0,0,0,29,0,0,0,0,0,0
REC-01210,0,1,0,0,0,0,0,1,1,0,0,0,27,0,0,0,0,0,0
REC-01211,0,1,0,0,0,0,0,0,0,0,0,0,29,0,0,0,0,0,0
REC-01212,0,1,0,0,0,0,0,0,0,0,0,0,294,1,1,0,0,1,0
REC-01213,0,1,0,1,0,0,0,0,0,0,0,0,22,0,0,1,0,0,0
REC-01214,0,1,0,0,0,1,1,0,0,0,0,0,27,0,0,0,0,1,0
REC-01215,0,1,0,0,0,0,0,0,0,0,0,0,29,0,0,0,0,0,0
REC-01216,0,1,0,1,1,0,0,0,0,0,0,0,17,0,0,1,1,0,0
REC-01217,0,1,0,1,1,0,0,0,0,0,0,0,1,0,0,1,1,0,0
REC-01218,0,1,0,1,1,0,0,0,0,0,0,0,0,0,0,1,1,0,0
REC-01219,0,1,0,0,0,0,0,0,0,0,0,0,4,0,0,0,0,0,0
REC-01220,0,1,0,0,0,0,0,1,1,0,0,0,1,0,0,0,0,0,0
REC-01221,0,1,0,0,0,0,0,0,0,0,0,0,350,1,1,0,0,1,0
REC-01222,0,1,0,0,0,0,0,1,1,0,0,0,28,0,0,0,0,0,0
REC-01223,0,1,0,0,0,0,0,0,0,0,0,0,3,0,0,0,0,0,0
REC-01224,0,1,0,0,0,0,0,0,0,0,0,0,2,0,0,0,0,0,0
REC-01225,0,1,0,0,0,0,0,0,0,0,0,0,9,0,0,0,0,0,0
REC-01226,0,1,0,0,0,0,0,0,0,0,0,0,206,1,1,0,0,1,0
REC-01227,0,1,0,0,0,0,0,0,0,0,0,0,25,0,0,0,0,0,0
REC-01228,0,1,0,0,0,0,0,0,0,0,0,0,0,0,0,0,0,0,0
REC-01229,0,1,0,0,0,0,0,1,1,0,0,0,17,0,0,0,0,0,0
REC-01230,0,1,0,0,0,0,0,0,0,0,0,0,26,0,0,0,0,0,0
REC-01231,0,1,0,0,0,0,0,0,0,0,0,0,27,0,0,0,0,0,0
REC-01232,0,1,0,0,0,0,0,0,0,0,0,0,138,1,1,0,0,1,0
REC-01233,0,1,0,0,0,0,0,0,0,0,0,0,3,0,0,0,0,0,0
REC-01234,1,0,0,0,0,0,0,0,0,0,0,0,21,0,0,1,1,0,0
REC-01235,1,0,0,0,0,0,0,0,0,0,0,0,12,0,0,1,1,0,0
REC-01236,0,1,1,1,0,0,0,0,0,0,0,0,10,0,0,1,0,0,0
REC-01237,0,1,0,0,0,0,0,0,0,0,0,0,6,0,0,0,0,0,0
REC-01238,0,1,0,0,0,0,0,0,0,0,0,1,27,0,0,0,0,0,1
REC-01239,1,0,0,0,0,0,0,0,0,0,0,0,27,0,0,1,1,0,0
REC-01240,0,1,0,0,0,0,0,0,0,0,0,1,13,0,0,0,0,0,1
REC-01241,0,1,0,1,1,0,0,0,0,0,0,0,12,0,0,1,1,0,0
REC-01242,0,1,0,0,0,0,0,1,1,0,0,0,29,0,0,0,0,0,0
REC-01243,0,1,1,1,0,0,0,0,0,0,0,0,8,0,0,1,0,0,0
REC-01244,0,1,0,0,0,0,0,0,0,0,0,0,164,1,1,0,0,1,0
REC-01245,0,1,0,0,0,1,1,0,0,0,0,0,2,0,0,0,0,1,0
REC-01246,0,1,0,0,0,0,0,0,0,0,0,0,20,0,0,0,0,0,0
REC-01247,0,1,0,0,0,0,0,0,0,0,0,0,9,0,0,0,0,0,0
REC-01248,0,1,0,0,0,0,0,0,0,0,0,0,4,0,0,0,0,0,0
REC-01249,0,1,0,0,0,0,0,0,0,0,0,0,20,0,0,0,0,0,0
REC-01250,0,1,0,0,0,0,0,0,0,0,0,1,5,0,0,0,0,0,1
REC-01251,0,1,0,0,0,0,0,0,0,0,0,0,18,0,0,0,0,0,0
REC-01252,0,1,0,0,0,0,0,0,0,1,1,0,6,0,0,0,0,0,1
REC-01253,0,1,0,0,0,0,0,0,0,0,0,1,21,0,0,0,0,0,1
REC-01254,0,1,0,0,0,0,0,0,0,0,0,0,15,0,0,0,0,0,0
REC-01255,0,1,0,0,0,0,0,0,0,1,1,0,2,0,0,0,0,0,1
REC-01256,0,1,0,0,0,0,0,0,0,0,0,1,23,0,0,0,0,0,1
REC-01257,0,1,0,0,0,0,0,0,0,0,0,0,15,0,0,0,0,0,0
REC-01258,0,1,0,0,0,0,0,0,0,0,0,0,6,0,0,0,0,0,0
REC-01259,0,1,0,0,0,0,0,0,0,1,1,0,17,0,0,0,0,0,1
REC-01260,0,1,0,1,0,0,0,0,0,0,0,0,1,0,0,1,0,0,0
REC-01261,0,1,0,0,0,0,0,0,0,0,0,0,15,0,0,0,0,0,0
REC-01262,0,1,0,0,0,0,0,0,0,0,0,0,19,0,0,0,0,0,0
REC-01263,1,0,0,0,0,0,0,0,0,0,0,0,13,0,0,1,1,0,0
REC-01264,0,1,1,1,0,0,0,0,0,0,0,0,17,0,0,1,0,0,0
REC-01265,0,1,0,0,0,1,1,0,0,0,0,0,10,0,0,0,0,1,0
REC-01266,0,1,0,0,0,0,0,0,0,0,0,0,25,0,0,0,0,0,0
REC-01267,1,0,0,0,0,0,0,0,0,0,0,0,28,0,0,1,1,0,0
REC-01268,0,1,0,0,0,0,0,0,0,0,0,0,21,0,0,0,0,0,0
REC-01269,0,1,0,1,1,0,0,0,0,0,0,0,8,0,0,1,1,0,0
REC-01270,0,1,0,1,1,0,0,0,0,0,0,0,26,0,0,1,1,0,0
REC-01271,0,1,1,1,0,0,0,0,0,0,0,0,20,0,0,1,0,0,0
REC-01272,0,1,0,0,0,0,0,0,0,1,1,0,11,0,0,0,0,0,1
REC-01273,0,1,0,0,0,0,0,0,0,0,0,0,25,0,0,0,0,0,0
REC-01274,0,1,1,1,0,0,0,0,0,0,0,0,19,0,0,1,0,0,0
REC-01275,0,1,0,0,0,1,1,0,0,0,0,0,16,0,0,0,0,1,0
REC-01276,0,1,0,0,0,0,0,0,0,0,0,0,24,0,0,0,0,0,0
REC-01277,0,1,0,0,0,0,0,0,0,0,0,0,0,0,0,0,0,0,0
REC-01278,0,1,0,0,0,0,0,0,0,0,0,0,2,0,0,0,0,0,0
REC-01279,0,1,0,0,0,0,0,1,1,0,0,0,2,0,0,0,0,0,0
REC-01280,0,1,0,0,0,0,0,0,0,0,0,0,24,0,0,0,0,0,0
REC-01281,1,0,0,0,0,0,0,0,0,0,0,0,30,0,0,1,1,0,0
REC-01282,0,1,0,0,0,0,0,0,0,1,1,0,5,0,0,0,0,0,1
REC-01283,0,1,0,0,0,0,0,0,0,1,1,0,24,0,0,0,0,0,1
REC-01284,0,1,0,0,0,0,0,0,0,0,0,0,25,0,0,0,0,0,0
REC-01285,0,1,0,0,0,0,0,0,0,0,0,0,25,0,0,0,0,0,0
REC-01286,0,1,0,0,0,0,0,0,0,0,0,0,16,0,0,0,0,0,0
REC-01287,1,0,0,0,0,0,0,0,0,0,0,0,0,0,0,1,1,0,0
REC-01288,0,1,0,0,0,0,0,0,0,0,0,0,285,1,1,0,0,1,0
REC-01289,0,1,0,1,1,0,0,0,0,0,0,0,1,0,0,1,1,0,0
REC-01290,0,1,0,1,0,0,0,0,0,0,0,0,7,0,0,1,0,0,0
REC-01291,0,1,0,0,0,0,0,0,0,0,0,0,218,1,1,0,0,1,0
REC-01292,1,0,0,0,0,0,0,0,0,0,0,0,1,0,0,1,1,0,0
REC-01293,0,1,0,0,0,0,0,0,0,1,1,0,18,0,0,0,0,0,1
REC-01294,0,1,0,0,0,0,0,0,0,0,0,0,23,0,0,0,0,0,0
REC-01295,0,1,0,0,0,1,1,0,0,0,0,0,11,0,0,0,0,1,0
REC-01296,0,1,1,1,0,0,0,0,0,0,0,0,16,0,0,1,0,0,0
REC-01297,1,0,0,0,0,0,0,0,0,0,0,0,16,0,0,1,1,0,0
REC-01298,0,1,0,0,0,0,0,1,1,0,0,0,6,0,0,0,0,0,0
REC-01299,0,1,0,0,0,1,1,0,0,0,0,0,13,0,0,0,0,1,0
REC-01300,1,0,0,0,0,0,0,0,0,0,0,0,21,0,0,1,1,0,0
REC-01301,0,1,0,0,0,1,1,0,0,0,0,0,23,0,0,0,0,1,0
REC-01302,0,1,0,0,0,0,0,0,0,0,0,0,18,0,0,0,0,0,0
REC-01303,1,0,0,0,0,0,0,0,0,0,0,0,20,0,0,1,1,0,0
REC-01304,0,1,0,0,0,0,0,0,0,0,0,0,156,1,1,0,0,1,0
REC-01305,0,1,0,0,0,0,0,0,0,0,0,0,1,0,0,0,0,0,0
REC-01306,0,1,0,0,0,0,0,0,0,0,0,0,27,0,0,0,0,0,0
REC-01307,0,1,0,0,0,0,0,0,0,0,0,0,12,0,0,0,0,0,0
REC-01308,0,1,0,0,0,0,0,0,0,0,0,0,5,0,0,0,0,0,0
REC-01309,0,1,0,0,0,0,0,0,0,0,0,0,25,0,0,0,0,0,0
REC-01310,0,1,0,0,0,1,1,0,0,0,0,0,18,0,0,0,0,1,0
REC-01311,0,1,0,1,1,0,0,0,0,0,0,0,28,0,0,1,1,0,0
REC-01312,0,1,0,0,0,0,0,0,0,1,1,0,3,0,0,0,0,0,1
REC-01313,0,1,0,0,0,0,0,0,0,0,0,1,7,0,0,0,0,0,1
REC-01314,0,1,0,0,0,0,0,0,0,1,1,0,5,0,0,0,0,0,1
REC-01315,0,1,0,0,0,0,0,0,0,1,1,0,19,0,0,0,0,0,1
REC-01316,0,1,0,0,0,0,0,0,0,1,1,0,19,0,0,0,0,0,1
REC-01317,0,1,0,0,0,0,0,0,0,0,0,1,3,0,0,0,0,0,1
REC-01318,1,0,0,0,0,0,0,0,0,0,0,0,22,0,0,1,1,0,0
REC-01319,0,1,0,0,0,1,1,0,0,0,0,0,22,0,0,0,0,1,0
REC-01320,0,1,1,1,0,0,0,0,0,0,0,0,6,0,0,1,0,0,0
REC-01321,0,1,0,0,0,0,0,0,0,0,0,0,2,0,0,0,0,0,0
REC-01322,0,1,0,0,0,0,0,0,0,0,0,1,30,0,0,0,0,0,1
REC-01323,0,1,0,0,0,0,0,0,0,1,1,0,21,0,0,0,0,0,1
REC-01324,0,1,0,0,0,0,0,0,0,1,1,0,12,0,0,0,0,0,1
REC-01325,0,1,0,0,0,1,1,0,0,0,0,0,21,0,0,0,0,1,0
REC-01326,0,1,0,0,0,0,0,0,0,0,0,0,14,0,0,0,0,0,0
REC-01327,0,1,1,1,0,0,0,0,0,0,0,0,6,0,0,1,0,0,0
REC-01328,0,1,0,0,0,0,0,0,0,0,0,0,15,0,0,0,0,0,0
REC-01329,0,1,0,0,0,0,0,0,0,0,0,0,0,0,0,0,0,0,0
REC-01330,1,0,0,0,0,0,0,0,0,0,0,0,0,0,0,1,1,0,0
REC-01331,0,1,0,0,0,0,0,0,0,0,0,0,8,0,0,0,0,0,0
REC-01332,0,1,0,0,0,0,0,0,0,1,1,0,16,0,0,0,0,0,1
REC-01333,0,1,0,0,0,0,0,0,0,0,0,0,22,0,0,0,0,0,0
REC-01334,0,1,0,0,0,0,0,0,0,0,0,0,16,0,0,0,0,0,0
REC-01335,0,1,0,0,0,1,1,0,0,0,0,0,2,0,0,0,0,1,0
REC-01336,0,1,0,0,0,1,1,0,0,0,0,0,28,0,0,0,0,1,0
REC-01337,0,1,0,1,1,0,0,0,0,0,0,0,13,0,0,1,1,0,0
REC-01338,0,1,0,0,0,0,0,0,0,1,1,0,5,0,0,0,0,0,1
REC-01339,1,0,0,0,0,0,0,0,0,0,0,0,24,0,0,1,1,0,0
REC-01340,0,1,0,0,0,0,0,0,0,0,0,0,229,1,1,0,0,1,0
REC-01341,0,1,0,0,0,0,0,0,0,0,0,0,7,0,0,0,0,0,0
REC-01342,0,1,0,0,0,0,0,0,0,1,1,0,28,0,0,0,0,0,1
REC-01343,0,1,0,0,0,0,0,0,0,0,0,0,11,0,0,0,0,0,0
REC-01344,0,1,0,0,0,0,0,0,0,0,0,0,5,0,0,0,0,0,0
REC-01345,0,1,0,0,0,0,0,0,0,0,0,1,29,0,0,0,0,0,1
REC-01346,0,1,0,0,0,0,0,0,0,0,0,0,14,0,0,0,0,0,0
REC-01347,0,1,0,0,0,0,0,0,0,0,0,0,13,0,0,0,0,0,0
REC-01348,0,1,0,0,0,0,0,0,0,1,1,0,25,0,0,0,0,0,1
REC-01349,1,0,0,0,0,0,0,0,0,0,0,0,16,0,0,1,1,0,0
REC-01350,0,1,0,0,0,0,0,0,0,0,0,0,1,0,0,0,0,0,0
REC-01351,0,1,0,1,1,0,0,0,0,0,0,0,10,0,0,1,1,0,0
REC-01352,0,1,0,0,0,0,0,0,0,0,0,0,1,0,0,0,0,0,0
REC-01353,1,0,0,0,0,0,0,0,0,0,0,0,27,0,0,1,1,0,0
REC-01354,0,1,0,0,0,0,0,0,0,1,1,0,10,0,0,0,0,0,1
REC-01355,0,1,0,0,0,0,0,0,0,0,0,0,16,0,0,0,0,0,0
REC-01356,0,1,0,0,0,0,0,0,0,0,0,0,12,0,0,0,0,0,0
REC-01357,0,1,0,0,0,0,0,0,0,1,1,0,24,0,0,0,0,0,1
REC-01358,0,1,0,0,0,0,0,0,0,0,0,0,9,0,0,0,0,0,0
REC-01359,0,1,0,0,0,0,0,0,0,0,0,0,29,0,0,0,0,0,0
REC-01360,0,1,0,0,0,0,0,0,0,1,1,0,8,0,0,0,0,0,1
REC-01361,0,1,0,0,0,0,0,0,0,0,0,0,16,0,0,0,0,0,0
REC-01362,0,1,0,0,0,0,0,0,0,0,0,0,29,0,0,0,0,0,0
REC-01363,0,1,0,0,0,0,0,1,1,0,0,0,25,0,0,0,0,0,0
REC-01364,0,1,0,0,0,0,0,0,0,0,0,1,20,0,0,0,0,0,1
REC-01365,0,1,0,0,0,0,0,0,0,0,0,0,5,0,0,0,0,0,0
REC-01366,0,1,0,1,1,0,0,0,0,0,0,0,1,0,0,1,1,0,0
REC-01367,0,1,0,0,0,1,1,0,0,0,0,0,19,0,0,0,0,1,0
REC-01368,0,1,0,0,0,0,0,0,0,0,0,0,4,0,0,0,0,0,0
REC-01369,0,1,0,0,0,0,0,0,0,0,0,0,8,0,0,0,0,0,0
REC-01370,1,0,0,0,0,0,0,0,0,0,0,0,19,0,0,1,1,0,0
REC-01371,0,1,0,0,0,0,0,0,0,0,0,0,2,0,0,0,0,0,0
REC-01372,0,1,1,1,0,0,0,0,0,0,0,0,9,0,0,1,0,0,0
REC-01373,0,1,0,0,0,0,0,0,0,0,0,0,0,0,0,0,0,0,0
REC-01374,0,1,0,0,0,0,0,1,1,0,0,0,8,0,0,0,0,0,0
REC-01375,0,1,0,1,1,0,0,0,0,0,0,0,14,0,0,1,1,0,0
REC-01376,0,1,0,0,0,0,0,0,0,0,0,0,24,0,0,0,0,0,0
REC-01377,0,1,1,1,0,0,0,0,0,0,0,0,24,0,0,1,0,0,0
REC-01378,0,1,0,0,0,0,0,1,1,0,0,0,20,0,0,0,0,0,0
REC-01379,0,1,0,0,0,0,0,0,0,1,1,0,25,0,0,0,0,0,1
REC-01380,0,1,0,0,0,0,0,0,0,1,1,0,18,0,0,0,0,0,1
REC-01381,0,1,0,0,0,0,0,0,0,0,0,0,103,1,1,0,0,1,0
REC-01382,1,0,0,0,0,0,0,0,0,0,0,0,24,0,0,1,1,0,0
REC-01383,0,1,0,0,0,1,1,0,0,0,0,0,11,0,0,0,0,1,0
REC-01384,0,1,0,0,0,0,0,0,0,0,0,0,22,0,0,0,0,0,0
REC-01385,0,1,0,0,0,0,0,1,1,0,0,0,3,0,0,0,0,0,0
REC-01386,0,1,0,0,0,0,0,0,0,0,0,0,29,0,0,0,0,0,0
REC-01387,0,1,0,0,0,0,0,0,0,0,0,0,11,0,0,0,0,0,0
REC-01388,0,1,0,0,0,0,0,1,1,0,0,0,19,0,0,0,0,0,0
REC-01389,0,1,0,0,0,0,0,0,0,0,0,0,9,0,0,0,0,0,0
REC-01390,0,1,0,0,0,0,0,1,1,0,0,0,19,0,0,0,0,0,0
REC-01391,0,1,0,0,0,1,1,0,0,0,0,0,9,0,0,0,0,1,0
REC-01392,0,1,0,0,0,0,0,0,0,0,0,0,25,0,0,0,0,0,0
REC-01393,1,0,0,0,0,0,0,0,0,0,0,0,21,0,0,1,1,0,0
REC-01394,0,1,0,0,0,0,0,0,0,0,0,0,24,0,0,0,0,0,0
REC-01395,1,0,0,0,0,0,0,0,0,0,0,0,12,0,0,1,1,0,0
REC-01396,1,0,0,0,0,0,0,0,0,0,0,0,2,0,0,1,1,0,0
REC-01397,0,1,0,0,0,0,0,0,0,0,0,0,13,0,0,0,0,0,0
REC-01398,0,1,1,1,0,0,0,0,0,0,0,0,13,0,0,1,0,0,0
REC-01399,0,1,0,0,0,0,0,0,0,0,0,0,16,0,0,0,0,0,0
REC-01400,0,1,0,0,0,0,0,1,1,0,0,0,0,0,0,0,0,0,0
REC-01401,0,1,0,0,0,0,0,0,0,1,1,0,24,0,0,0,0,0,1
REC-01402,0,1,0,0,0,1,1,0,0,0,0,0,18,0,0,0,0,1,0
REC-01403,0,1,0,0,0,0,0,0,0,0,0,0,23,0,0,0,0,0,0
REC-01404,0,1,0,0,0,0,0,0,0,0,0,0,4,0,0,0,0,0,0
REC-01405,0,1,0,0,0,0,0,0,0,0,0,1,12,0,0,0,0,0,1
REC-01406,0,1,1,1,0,0,0,0,0,0,0,0,23,0,0,1,0,0,0
REC-01407,0,1,0,0,0,0,0,0,0,1,1,0,29,0,0,0,0,0,1
REC-01408,0,1,0,0,0,0,0,0,0,1,1,0,29,0,0,0,0,0,1
REC-01409,1,0,0,0,0,0,0,0,0,0,0,0,28,0,0,1,1,0,0
REC-01410,0,1,0,0,0,0,0,0,0,0,0,0,346,1,1,0,0,1,0
REC-01411,0,1,0,0,0,0,0,0,0,0,0,0,118,1,1,0,0,1,0
REC-01412,0,1,0,0,0,0,0,0,0,0,0,0,0,0,0,0,0,0,0
REC-01413,1,0,0,0,0,0,0,0,0,0,0,0,10,0,0,1,1,0,0
REC-01414,1,0,0,0,0,0,0,0,0,0,0,0,21,0,0,1,1,0,0
REC-01415,0,1,0,0,0,0,0,0,0,0,0,0,0,0,0,0,0,0,0
REC-01416,0,1,0,0,0,0,0,0,0,0,0,0,7,0,0,0,0,0,0
REC-01417,0,1,0,0,0,0,0,0,0,0,0,0,6,0,0,0,0,0,0
REC-01418,0,1,0,0,0,1,1,0,0,0,0,0,9,0,0,0,0,1,0
REC-01419,0,1,0,1,0,0,0,0,0,0,0,0,7,0,0,1,0,0,0
REC-01420,0,1,0,0,0,0,0,0,0,0,0,0,19,0,0,0,0,0,0
REC-01421,0,1,0,0,0,0,0,1,1,0,0,0,4,0,0,0,0,0,0
REC-01422,0,1,0,0,0,0,0,0,0,1,1,0,14,0,0,0,0,0,1
REC-01423,0,1,0,0,0,0,0,1,1,0,0,0,4,0,0,0,0,0,0
REC-01424,0,1,0,0,0,0,0,0,0,1,1,0,12,0,0,0,0,0,1
REC-01425,0,1,0,0,0,0,0,0,0,0,0,0,279,1,1,0,0,1,0
REC-01426,0,1,0,0,0,0,0,0,0,0,0,1,21,0,0,0,0,0,1
REC-01427,0,1,0,0,0,0,0,0,0,1,1,0,21,0,0,0,0,0,1
REC-01428,0,1,0,0,0,0,0,0,0,1,1,0,11,0,0,0,0,0,1
REC-01429,0,1,0,0,0,1,1,0,0,0,0,0,12,0,0,0,0,1,0
REC-01430,0,1,0,0,0,0,0,0,0,0,0,0,26,0,0,0,0,0,0
REC-01431,0,1,0,0,0,0,0,0,0,1,1,0,16,0,0,0,0,0,1
REC-01432,0,1,0,0,0,1,1,0,0,0,0,0,3,0,0,0,0,1,0
REC-01433,0,1,0,0,0,0,0,0,0,0,0,0,20,0,0,0,0,0,0
REC-01434,0,1,0,0,0,0,0,0,0,0,0,1,26,0,0,0,0,0,1
REC-01435,1,0,0,0,0,0,0,0,0,0,0,0,25,0,0,1,1,0,0
REC-01436,0,1,1,1,0,0,0,0,0,0,0,0,5,0,0,1,0,0,0
REC-01437,0,1,0,0,0,1,1,0,0,0,0,0,24,0,0,0,0,1,0
REC-01438,0,1,0,0,0,0,0,0,0,0,0,0,17,0,0,0,0,0,0
REC-01439,0,1,0,0,0,0,0,0,0,0,0,0,0,0,0,0,0,0,0
REC-01440,0,1,0,0,0,0,0,0,0,1,1,0,14,0,0,0,0,0,1
REC-01441,0,1,0,0,0,1,1,0,0,0,0,0,22,0,0,0,0,1,0
REC-01442,0,1,0,0,0,0,0,0,0,0,0,0,199,1,1,0,0,1,0
REC-01443,0,1,0,0,0,0,0,0,0,0,0,0,13,0,0,0,0,0,0
REC-01444,0,1,0,0,0,0,0,0,0,0,0,0,5,0,0,0,0,0,0
REC-01445,0,1,0,0,0,0,0,1,1,0,0,0,21,0,0,0,0,0,0
REC-01446,0,1,0,0,0,0,0,0,0,0,0,0,196,1,1,0,0,1,0
REC-01447,0,1,0,0,0,0,0,0,0,0,0,0,1,0,0,0,0,0,0
REC-01448,0,1,0,0,0,0,0,0,0,1,1,0,1,0,0,0,0,0,1
REC-01449,0,1,1,1,0,0,0,0,0,0,0,0,3,0,0,1,0,0,0
REC-01450,0,1,0,0,0,0,0,0,0,0,0,0,2,0,0,0,0,0,0
REC-01451,0,1,0,0,0,0,0,0,0,0,0,0,22,0,0,0,0,0,0
REC-01452,0,1,0,1,1,0,0,0,0,0,0,0,4,0,0,1,1,0,0
REC-01453,0,1,0,0,0,0,0,0,0,0,0,0,263,1,1,0,0,1,0
REC-01454,1,0,0,0,0,0,0,0,0,0,0,0,28,0,0,1,1,0,0
REC-01455,0,1,0,1,0,0,0,0,0,0,0,0,28,0,0,1,0,0,0
REC-01456,0,1,0,0,0,0,0,0,0,0,0,0,224,1,1,0,0,1,0
REC-01457,0,1,0,0,0,0,0,0,0,0,0,0,321,1,1,0,0,1,0
REC-01458,0,1,0,0,0,0,0,1,1,0,0,0,1,0,0,0,0,0,0
REC-01459,0,1,0,0,0,0,0,0,0,0,0,0,3,0,0,0,0,0,0
REC-01460,0,1,0,0,0,0,0,0,0,0,0,0,21,0,0,0,0,0,0
REC-01461,0,1,0,0,0,0,0,0,0,0,0,0,11,0,0,0,0,0,0
REC-01462,0,1,0,0,0,0,0,0,0,0,0,1,1,0,0,0,0,0,1
REC-01463,0,1,0,0,0,0,0,0,0,0,0,0,21,0,0,0,0,0,0
REC-01464,0,1,0,0,0,0,0,0,0,0,0,0,10,0,0,0,0,0,0
REC-01465,0,1,0,0,0,1,1,0,0,0,0,0,24,0,0,0,0,1,0
REC-01466,0,1,0,0,0,1,1,0,0,0,0,0,7,0,0,0,0,1,0
REC-01467,0,1,0,0,0,0,0,0,0,0,0,0,8,0,0,0,0,0,0
REC-01468,0,1,0,0,0,0,0,0,0,0,0,0,13,0,0,0,0,0,0
REC-01469,0,1,0,0,0,0,0,0,0,0,0,0,15,0,0,0,0,0,0
REC-01470,1,0,0,0,0,0,0,0,0,0,0,0,20,0,0,1,1,0,0
REC-01471,0,1,1,1,0,0,0,0,0,0,0,0,13,0,0,1,0,0,0
REC-01472,1,0,0,0,0,0,0,0,0,0,0,0,30,0,0,1,1,0,0
REC-01473,0,1,0,0,0,0,0,0,0,1,1,0,29,0,0,0,0,0,1
REC-01474,0,1,0,0,0,1,1,0,0,0,0,0,7,0,0,0,0,1,0
REC-01475,0,1,0,0,0,0,0,0,0,1,1,0,19,0,0,0,0,0,1
REC-01476,0,1,1,1,0,0,0,0,0,0,0,0,25,0,0,1,0,0,0
REC-01477,0,1,0,0,0,0,0,0,0,0,0,1,23,0,0,0,0,0,1
REC-01478,0,1,0,0,0,0,0,1,1,0,0,0,14,0,0,0,0,0,0
REC-01479,0,1,0,0,0,0,0,1,1,0,0,0,17,0,0,0,0,0,0
REC-01480,0,1,0,0,0,1,1,0,0,0,0,0,10,0,0,0,0,1,0
REC-01481,0,1,0,0,0,0,0,0,0,0,0,0,18,0,0,0,0,0,0
REC-01482,0,1,0,0,0,0,0,0,0,1,1,0,14,0,0,0,0,0,1
REC-01483,0,1,1,1,0,0,0,0,0,0,0,0,21,0,0,1,0,0,0
REC-01484,0,1,0,0,0,0,0,0,0,0,0,0,7,0,0,0,0,0,0
REC-01485,0,1,0,0,0,0,0,1,1,0,0,0,2,0,0,0,0,0,0
REC-01486,0,1,0,0,0,0,0,0,0,0,0,1,22,0,0,0,0,0,1
REC-01487,0,1,0,0,0,0,0,0,0,0,0,0,11,0,0,0,0,0,0
REC-01488,0,1,0,0,0,0,0,0,0,1,1,0,16,0,0,0,0,0,1
REC-01489,1,0,0,0,0,0,0,0,0,0,0,0,18,0,0,1,1,0,0
REC-01490,1,0,0,0,0,0,0,0,0,0,0,0,0,0,0,1,1,0,0
REC-01491,0,1,0,1,0,0,0,0,0,0,0,0,9,0,0,1,0,0,0
REC-01492,1,0,0,0,0,0,0,0,0,0,0,0,3,0,0,1,1,0,0
REC-01493,0,1,0,0,0,0,0,0,0,1,1,0,8,0,0,0,0,0,1
REC-01494,0,1,0,0,0,0,0,0,0,1,1,0,13,0,0,0,0,0,1
REC-01495,1,0,0,0,0,0,0,0,0,0,0,0,13,0,0,1,1,0,0
REC-01496,0,1,0,0,0,0,0,0,0,0,0,0,104,1,1,0,0,1,0
REC-01497,0,1,0,0,0,0,0,0,0,1,1,0,18,0,0,0,0,0,1
REC-01498,0,1,0,0,0,0,0,0,0,0,0,0,26,0,0,0,0,0,0
REC-01499,0,1,0,0,0,0,0,0,0,0,0,0,24,0,0,0,0,0,0
REC-01500,0,1,0,0,0,0,0,0,0,1,1,0,2,0,0,0,0,0,1
REC-01501,1,0,0,0,0,0,0,0,0,0,0,0,7,0,0,1,1,0,0
REC-01502,1,0,0,0,0,0,0,0,0,0,0,0,6,0,0,1,1,0,0
REC-01503,0,1,0,0,0,0,0,0,0,0,0,0,5,0,0,0,0,0,0
REC-01504,0,1,0,0,0,0,0,0,0,1,1,0,29,0,0,0,0,0,1
REC-01505,0,1,0,1,1,0,0,0,0,0,0,0,18,0,0,1,1,0,0
REC-01506,0,1,1,1,0,0,0,0,0,0,0,0,1,0,0,1,0,0,0
REC-01507,0,1,0,0,0,0,0,0,0,0,0,0,23,0,0,0,0,0,0
REC-01508,0,1,0,0,0,0,0,0,0,0,0,0,20,0,0,0,0,0,0
REC-01509,0,1,0,0,0,0,0,0,0,0,0,1,4,0,0,0,0,0,1
REC-01510,0,1,0,0,0,0,0,0,0,0,0,0,19,0,0,0,0,0,0
REC-01511,0,1,0,0,0,0,0,1,1,0,0,0,3,0,0,0,0,0,0
REC-01512,0,1,0,0,0,0,0,0,0,0,0,0,28,0,0,0,0,0,0
REC-01513,0,1,0,0,0,0,0,0,0,0,0,0,18,0,0,0,0,0,0
REC-01514,0,1,1,1,0,0,0,0,0,0,0,0,0,0,0,1,0,0,0
REC-01515,0,1,0,0,0,0,0,0,0,0,0,0,3,0,0,0,0,0,0
REC-01516,0,1,0,0,0,1,1,0,0,0,0,0,0,0,0,0,0,1,0
REC-01517,0,1,0,0,0,0,0,0,0,0,0,0,12,0,0,0,0,0,0
REC-01518,0,1,0,0,0,0,0,0,0,0,0,1,28,0,0,0,0,0,1
REC-01519,0,1,0,0,0,0,0,0,0,1,1,0,21,0,0,0,0,0,1
REC-01520,0,1,0,0,0,0,0,0,0,1,1,0,6,0,0,0,0,0,1
REC-01521,0,1,0,1,1,0,0,0,0,0,0,0,13,0,0,1,1,0,0
REC-01522,0,1,0,1,0,0,0,0,0,0,0,0,22,0,0,1,0,0,0
REC-01523,0,1,0,0,0,0,0,0,0,0,0,0,25,0,0,0,0,0,0
REC-01524,0,1,0,0,0,0,0,0,0,0,0,0,1,0,0,0,0,0,0
REC-01525,0,1,0,0,0,0,0,0,0,0,0,0,26,0,0,0,0,0,0
REC-01526,0,1,0,0,0,0,0,0,0,0,0,0,28,0,0,0,0,0,0
REC-01527,0,1,0,0,0,0,0,0,0,0,0,0,1,0,0,0,0,0,0
REC-01528,0,1,0,0,0,0,0,0,0,0,0,0,121,1,1,0,0,1,0
REC-01529,0,1,0,0,0,0,0,0,0,0,0,0,11,0,0,0,0,0,0
REC-01530,0,1,0,0,0,0,0,0,0,0,0,1,1,0,0,0,0,0,1
REC-01531,0,1,1,1,0,0,0,0,0,0,0,0,15,0,0,1,0,0,0
REC-01532,0,1,0,0,0,1,1,0,0,0,0,0,6,0,0,0,0,1,0
REC-01533,0,1,0,0,0,0,0,0,0,0,0,0,1,0,0,0,0,0,0
REC-01534,0,1,0,0,0,0,0,0,0,0,0,0,192,1,1,0,0,1,0
REC-01535,1,0,0,0,0,0,0,0,0,0,0,0,4,0,0,1,1,0,0
REC-01536,0,1,0,0,0,0,0,0,0,0,0,0,23,0,0,0,0,0,0
REC-01537,0,1,0,1,1,0,0,0,0,0,0,0,11,0,0,1,1,0,0
REC-01538,0,1,0,0,0,0,0,0,0,0,0,0,18,0,0,0,0,0,0
REC-01539,0,1,0,0,0,0,0,0,0,0,0,0,30,0,0,0,0,0,0
REC-01540,0,1,0,0,0,0,0,0,0,0,0,0,17,0,0,0,0,0,0
REC-01541,0,1,0,0,0,0,0,0,0,0,0,0,19,0,0,0,0,0,0
REC-01542,1,0,0,0,0,0,0,0,0,0,0,0,14,0,0,1,1,0,0
REC-01543,0,1,0,1,1,0,0,0,0,0,0,0,8,0,0,1,1,0,0
REC-01544,1,0,0,0,0,0,0,0,0,0,0,0,7,0,0,1,1,0,0
REC-01545,0,1,0,0,0,0,0,0,0,0,0,0,144,1,1,0,0,1,0
REC-01546,0,1,0,0,0,0,0,0,0,0,0,0,5,0,0,0,0,0,0
REC-01547,0,1,0,0,0,0,0,0,0,0,0,0,4,0,0,0,0,0,0
REC-01548,0,1,0,0,0,0,0,1,1,0,0,0,30,0,0,0,0,0,0
REC-01549,0,1,0,0,0,0,0,0,0,1,1,0,13,0,0,0,0,0,1
REC-01550,0,1,0,0,0,0,0,0,0,0,0,0,352,1,1,0,0,1,0
REC-01551,0,1,0,1,1,0,0,0,0,0,0,0,13,0,0,1,1,0,0
REC-01552,0,1,0,0,0,0,0,0,0,0,0,0,20,0,0,0,0,0,0
REC-01553,0,1,0,0,0,0,0,0,0,0,0,0,24,0,0,0,0,0,0
REC-01554,1,0,0,0,0,0,0,0,0,0,0,0,27,0,0,1,1,0,0
REC-01555,1,0,0,0,0,0,0,0,0,0,0,0,16,0,0,1,1,0,0
REC-01556,0,1,0,0,0,0,0,1,1,0,0,0,2,0,0,0,0,0,0
REC-01557,0,1,0,0,0,0,0,0,0,0,0,0,24,0,0,0,0,0,0
REC-01558,0,1,0,0,0,1,1,0,0,0,0,0,29,0,0,0,0,1,0
REC-01559,0,1,0,0,0,0,0,0,0,0,0,0,18,0,0,0,0,0,0
REC-01560,0,1,1,1,0,0,0,0,0,0,0,0,4,0,0,1,0,0,0
REC-01561,1,0,0,0,0,0,0,0,0,0,0,0,1,0,0,1,1,0,0
REC-01562,0,1,0,0,0,0,0,0,0,1,1,0,22,0,0,0,0,0,1
REC-01563,0,1,0,0,0,0,0,0,0,0,0,1,5,0,0,0,0,0,1
REC-01564,1,0,0,0,0,0,0,0,0,0,0,0,28,0,0,1,1,0,0
REC-01565,0,1,1,1,0,0,0,0,0,0,0,0,3,0,0,1,0,0,0
REC-01566,0,1,0,0,0,1,1,0,0,0,0,0,28,0,0,0,0,1,0
REC-01567,1,0,0,0,0,0,0,0,0,0,0,0,22,0,0,1,1,0,0
REC-01568,1,0,0,0,0,0,0,0,0,0,0,0,6,0,0,1,1,0,0
REC-01569,0,1,0,1,0,0,0,0,0,0,0,0,9,0,0,1,0,0,0
REC-01570,0,1,1,1,0,0,0,0,0,0,0,0,16,0,0,1,0,0,0
REC-01571,0,1,0,0,0,1,1,0,0,0,0,0,1,0,0,0,0,1,0
REC-01572,1,0,0,0,0,0,0,0,0,0,0,0,5,0,0,1,1,0,0
REC-01573,0,1,1,1,0,0,0,0,0,0,0,0,16,0,0,1,0,0,0
REC-01574,0,1,0,0,0,0,0,0,0,0,0,0,28,0,0,0,0,0,0
REC-01575,0,1,0,0,0,0,0,0,0,0,0,0,2,0,0,0,0,0,0
REC-01576,0,1,0,0,0,0,0,0,0,0,0,0,26,0,0,0,0,0,0
REC-01577,0,1,1,1,0,0,0,0,0,0,0,0,22,0,0,1,0,0,0
REC-01578,0,1,0,0,0,0,0,0,0,0,0,0,28,0,0,0,0,0,0
REC-01579,0,1,0,0,0,0,0,0,0,0,0,0,8,0,0,0,0,0,0
REC-01580,0,1,0,0,0,0,0,0,0,0,0,0,210,1,1,0,0,1,0
REC-01581,0,1,0,0,0,0,0,0,0,0,0,0,29,0,0,0,0,0,0
REC-01582,0,1,0,0,0,0,0,0,0,0,0,1,20,0,0,0,0,0,1
REC-01583,0,1,0,0,0,0,0,0,0,0,0,0,1,0,0,0,0,0,0
REC-01584,0,1,0,0,0,0,0,0,0,0,0,1,1,0,0,0,0,0,1
REC-01585,1,0,0,0,0,0,0,0,0,0,0,0,18,0,0,1,1,0,0
REC-01586,0,1,0,0,0,0,0,0,0,0,0,0,22,0,0,0,0,0,0
REC-01587,0,1,0,1,1,0,0,0,0,0,0,0,17,0,0,1,1,0,0
REC-01588,0,1,0,0,0,0,0,0,0,1,1,0,11,0,0,0,0,0,1
REC-01589,0,1,0,0,0,0,0,0,0,0,0,0,18,0,0,0,0,0,0
REC-01590,0,1,0,0,0,0,0,0,0,0,0,0,26,0,0,0,0,0,0
REC-01591,0,1,0,0,0,0,0,0,0,0,0,0,19,0,0,0,0,0,0
REC-01592,0,1,0,0,0,0,0,0,0,0,0,0,6,0,0,0,0,0,0
REC-01593,1,0,0,0,0,0,0,0,0,0,0,0,11,0,0,1,1,0,0
REC-01594,0,1,0,0,0,0,0,0,0,0,0,0,27,0,0,0,0,0,0
REC-01595,0,1,1,1,0,0,0,0,0,0,0,0,1,0,0,1,0,0,0
REC-01596,0,1,0,0,0,0,0,0,0,0,0,0,155,1,1,0,0,1,0
REC-01597,0,1,0,0,0,1,1,0,0,0,0,0,12,0,0,0,0,1,0
REC-01598,0,1,0,0,0,0,0,0,0,0,0,0,23,0,0,0,0,0,0
REC-01599,0,1,0,0,0,0,0,0,0,0,0,0,11,0,0,0,0,0,0
REC-01600,0,1,0,0,0,0,0,0,0,1,1,0,1,0,0,0,0,0,1
REC-01601,0,1,0,1,0,0,0,0,0,0,0,0,15,0,0,1,0,0,0
REC-01602,0,1,0,1,1,0,0,0,0,0,0,0,23,0,0,1,1,0,0
REC-01603,0,1,0,0,0,0,0,0,0,0,0,0,10,0,0,0,0,0,0
REC-01604,1,0,0,0,0,0,0,0,0,0,0,0,28,0,0,1,1,0,0
REC-01605,0,1,0,0,0,0,0,0,0,1,1,0,24,0,0,0,0,0,1
REC-01606,0,1,0,0,0,0,0,0,0,0,0,0,269,1,1,0,0,1,0
REC-01607,0,1,0,0,0,0,0,0,0,1,1,0,0,0,0,0,0,0,1
REC-01608,0,1,1,1,0,0,0,0,0,0,0,0,4,0,0,1,0,0,0
REC-01609,0,1,0,0,0,0,0,0,0,0,0,0,2,0,0,0,0,0,0
REC-01610,0,1,0,0,0,0,0,0,0,0,0,0,23,0,0,0,0,0,0
REC-01611,0,1,0,0,0,0,0,0,0,0,0,0,29,0,0,0,0,0,0
REC-01612,0,1,0,0,0,0,0,0,0,0,0,0,6,0,0,0,0,0,0
REC-01613,0,1,1,1,0,0,0,0,0,0,0,0,27,0,0,1,0,0,0
REC-01614,1,0,0,0,0,0,0,0,0,0,0,0,7,0,0,1,1,0,0
REC-01615,0,1,0,0,0,0,0,0,0,0,0,1,26,0,0,0,0,0,1
REC-01616,0,1,0,0,0,0,0,0,0,0,0,0,30,0,0,0,0,0,0
REC-01617,0,1,0,0,0,0,0,0,0,0,0,0,215,1,1,0,0,1,0
REC-01618,0,1,0,0,0,0,0,0,0,1,1,0,23,0,0,0,0,0,1
REC-01619,0,1,0,0,0,0,0,0,0,0,0,0,18,0,0,0,0,0,0
REC-01620,0,1,1,1,0,0,0,0,0,0,0,0,12,0,0,1,0,0,0
REC-01621,0,1,0,0,0,0,0,0,0,1,1,0,4,0,0,0,0,0,1
REC-01622,0,1,0,0,0,0,0,0,0,0,0,0,8,0,0,0,0,0,0
REC-01623,0,1,0,0,0,0,0,0,0,0,0,0,2,0,0,0,0,0,0
REC-01624,0,1,0,0,0,0,0,0,0,0,0,0,16,0,0,0,0,0,0
REC-01625,0,1,1,1,0,0,0,0,0,0,0,0,20,0,0,1,0,0,0
REC-01626,0,1,0,0,0,0,0,0,0,0,0,0,7,0,0,0,0,0,0
REC-01627,0,1,0,0,0,0,0,0,0,0,0,0,1,0,0,0,0,0,0
REC-01628,0,1,0,0,0,0,0,0,0,0,0,0,10,0,0,0,0,0,0
REC-01629,1,0,0,0,0,0,0,0,0,0,0,0,11,0,0,1,1,0,0
REC-01630,1,0,0,0,0,0,0,0,0,0,0,0,10,0,0,1,1,0,0
REC-01631,0,1,0,0,0,1,1,0,0,0,0,0,11,0,0,0,0,1,0
REC-01632,0,1,0,0,0,0,0,0,0,0,0,0,26,0,0,0,0,0,0
REC-01633,0,1,0,0,0,0,0,0,0,0,0,0,1,0,0,0,0,0,0
REC-01634,1,0,0,0,0,0,0,0,0,0,0,0,4,0,0,1,1,0,0
REC-01635,1,0,0,0,0,0,0,0,0,0,0,0,3,0,0,1,1,0,0
REC-01636,1,0,0,0,0,0,0,0,0,0,0,0,12,0,0,1,1,0,0
REC-01637,0,1,0,0,0,0,0,0,0,1,1,0,5,0,0,0,0,0,1
REC-01638,0,1,0,0,0,0,0,0,0,0,0,0,247,1,1,0,0,1,0
REC-01639,0,1,0,0,0,0,0,0,0,1,1,0,16,0,0,0,0,0,1
REC-01640,0,1,0,1,1,0,0,0,0,0,0,0,8,0,0,1,1,0,0
REC-01641,0,1,0,1,1,0,0,0,0,0,0,0,29,0,0,1,1,0,0
REC-01642,0,1,0,0,0,0,0,0,0,0,0,0,8,0,0,0,0,0,0
REC-01643,0,1,0,0,0,0,0,0,0,0,0,0,4,0,0,0,0,0,0
REC-01644,1,0,0,0,0,0,0,0,0,0,0,0,14,0,0,1,1,0,0
REC-01645,0,1,0,0,0,0,0,1,1,0,0,0,29,0,0,0,0,0,0
REC-01646,0,1,0,0,0,0,0,0,0,0,0,0,9,0,0,0,0,0,0
REC-01647,0,1,0,0,0,0,0,0,0,0,0,0,28,0,0,0,0,0,0
REC-01648,0,1,0,0,0,0,0,0,0,0,0,1,14,0,0,0,0,0,1
REC-01649,0,1,0,0,0,0,0,0,0,0,0,0,23,0,0,0,0,0,0
REC-01650,0,1,0,0,0,1,1,0,0,0,0,0,0,0,0,0,0,1,0
REC-01651,0,1,0,0,0,0,0,0,0,0,0,0,12,0,0,0,0,0,0
REC-01652,0,1,0,0,0,0,0,0,0,0,0,0,17,0,0,0,0,0,0
REC-01653,1,0,0,0,0,0,0,0,0,0,0,0,18,0,0,1,1,0,0
REC-01654,0,1,0,0,0,0,0,0,0,0,0,0,27,0,0,0,0,0,0
REC-01655,0,1,0,0,0,0,0,0,0,0,0,0,3,0,0,0,0,0,0
REC-01656,0,1,0,0,0,0,0,0,0,0,0,0,18,0,0,0,0,0,0
REC-01657,0,1,0,0,0,0,0,0,0,1,1,0,12,0,0,0,0,0,1
REC-01658,0,1,0,0,0,1,1,0,0,0,0,0,7,0,0,0,0,1,0
REC-01659,0,1,1,1,0,0,0,0,0,0,0,0,28,0,0,1,0,0,0
REC-01660,0,1,0,0,0,0,0,0,0,0,0,0,24,0,0,0,0,0,0
REC-01661,0,1,0,0,0,0,0,0,0,0,0,0,18,0,0,0,0,0,0
REC-01662,0,1,0,0,0,0,0,0,0,1,1,0,12,0,0,0,0,0,1
REC-01663,0,1,0,0,0,0,0,0,0,1,1,0,7,0,0,0,0,0,1
REC-01664,0,1,0,0,0,0,0,0,0,0,0,1,2,0,0,0,0,0,1
REC-01665,0,1,0,1,1,0,0,0,0,0,0,0,6,0,0,1,1,0,0
REC-01666,0,1,0,0,0,0,0,0,0,0,0,0,6,0,0,0,0,0,0
REC-01667,0,1,0,0,0,1,1,0,0,0,0,0,13,0,0,0,0,1,0
REC-01668,0,1,0,0,0,0,0,1,1,0,0,0,0,0,0,0,0,0,0
REC-01669,1,0,0,0,0,0,0,0,0,0,0,0,18,0,0,1,1,0,0
REC-01670,0,1,0,1,1,0,0,0,0,0,0,0,14,0,0,1,1,0,0
REC-01671,0,1,0,0,0,0,0,0,0,0,0,0,21,0,0,0,0,0,0
REC-01672,0,1,0,0,0,0,0,0,0,0,0,0,30,0,0,0,0,0,0
REC-01673,0,1,0,1,1,0,0,0,0,0,0,0,23,0,0,1,1,0,0
REC-01674,0,1,1,1,0,0,0,0,0,0,0,0,29,0,0,1,0,0,0
REC-01675,0,1,0,0,0,0,0,0,0,1,1,0,23,0,0,0,0,0,1
REC-01676,0,1,0,0,0,1,1,0,0,0,0,0,9,0,0,0,0,1,0
REC-01677,0,1,1,1,0,0,0,0,0,0,0,0,10,0,0,1,0,0,0
REC-01678,0,1,0,1,1,0,0,0,0,0,0,0,8,0,0,1,1,0,0
REC-01679,0,1,0,0,0,0,0,0,0,0,0,0,11,0,0,0,0,0,0
REC-01680,0,1,0,0,0,0,0,0,0,0,0,1,16,0,0,0,0,0,1
REC-01681,0,1,0,0,0,0,0,1,1,0,0,0,16,0,0,0,0,0,0
REC-01682,0,1,0,0,0,1,1,0,0,0,0,0,4,0,0,0,0,1,0
REC-01683,0,1,1,1,0,0,0,0,0,0,0,0,2,0,0,1,0,0,0
REC-01684,0,1,0,0,0,0,0,0,0,0,0,0,7,0,0,0,0,0,0
REC-01685,0,1,0,0,0,0,0,0,0,0,0,0,26,0,0,0,0,0,0
REC-01686,0,1,0,0,0,0,0,0,0,0,0,0,15,0,0,0,0,0,0
REC-01687,0,1,0,0,0,1,1,0,0,0,0,0,1,0,0,0,0,1,0
REC-01688,0,1,0,0,0,1,1,0,0,0,0,0,26,0,0,0,0,1,0
REC-01689,1,0,0,0,0,0,0,0,0,0,0,0,29,0,0,1,1,0,0
REC-01690,0,1,0,0,0,0,0,0,0,1,1,0,7,0,0,0,0,0,1
REC-01691,0,1,0,0,0,0,0,0,0,0,0,0,22,0,0,0,0,0,0
REC-01692,0,1,0,0,0,0,0,0,0,0,0,0,24,0,0,0,0,0,0
REC-01693,0,1,1,1,0,0,0,0,0,0,0,0,10,0,0,1,0,0,0
REC-01694,0,1,0,0,0,0,0,0,0,1,1,0,14,0,0,0,0,0,1
REC-01695,0,1,0,0,0,0,0,0,0,0,0,0,5,0,0,0,0,0,0
REC-01696,0,1,0,0,0,0,0,0,0,0,0,0,0,0,0,0,0,0,0
REC-01697,0,1,1,1,0,0,0,0,0,0,0,0,12,0,0,1,0,0,0
REC-01698,0,1,0,1,1,0,0,0,0,0,0,0,27,0,0,1,1,0,0
REC-01699,0,1,0,0,0,0,0,0,0,1,1,0,4,0,0,0,0,0,1
REC-01700,0,1,0,0,0,1,1,0,0,0,0,0,17,0,0,0,0,1,0
REC-01701,0,1,0,0,0,0,0,0,0,0,0,0,25,0,0,0,0,0,0
REC-01702,0,1,0,0,0,0,0,0,0,0,0,0,207,1,1,0,0,1,0
REC-01703,0,1,0,0,0,0,0,0,0,1,1,0,9,0,0,0,0,0,1
REC-01704,1,0,0,0,0,0,0,0,0,0,0,0,23,0,0,1,1,0,0
REC-01705,0,1,0,0,0,0,0,0,0,0,0,0,11,0,0,0,0,0,0
REC-01706,0,1,0,0,0,0,0,0,0,0,0,0,22,0,0,0,0,0,0
REC-01707,0,1,0,0,0,0,0,0,0,0,0,0,16,0,0,0,0,0,0
REC-01708,0,1,0,0,0,0,0,0,0,0,0,0,5,0,0,0,0,0,0
REC-01709,0,1,0,0,0,0,0,0,0,0,0,0,6,0,0,0,0,0,0
REC-01710,0,1,1,1,0,0,0,0,0,0,0,0,4,0,0,1,0,0,0
REC-01711,0,1,0,0,0,0,0,0,0,0,0,0,17,0,0,0,0,0,0
REC-01712,0,1,0,0,0,0,0,0,0,0,0,1,23,0,0,0,0,0,1
REC-01713,0,1,0,0,0,0,0,0,0,1,1,0,7,0,0,0,0,0,1
REC-01714,0,1,0,0,0,0,0,0,0,0,0,0,19,0,0,0,0,0,0
REC-01715,0,1,0,0,0,0,0,0,0,0,0,1,26,0,0,0,0,0,1
REC-01716,0,1,1,1,0,0,0,0,0,0,0,0,29,0,0,1,0,0,0
REC-01717,0,1,0,0,0,0,0,1,1,0,0,0,29,0,0,0,0,0,0
REC-01718,0,1,0,0,0,0,0,0,0,0,0,0,7,0,0,0,0,0,0
REC-01719,0,1,0,0,0,0,0,0,0,0,0,0,13,0,0,0,0,0,0
REC-01720,0,1,0,0,0,0,0,0,0,0,0,1,25,0,0,0,0,0,1
REC-01721,0,1,0,0,0,0,0,0,0,0,0,0,14,0,0,0,0,0,0
REC-01722,0,1,0,0,0,0,0,0,0,1,1,0,11,0,0,0,0,0,1
REC-01723,0,1,0,0,0,0,0,0,0,0,0,0,17,0,0,0,0,0,0
REC-01724,0,1,0,0,0,0,0,0,0,0,0,0,10,0,0,0,0,0,0
REC-01725,0,1,0,0,0,1,1,0,0,0,0,0,24,0,0,0,0,1,0
REC-01726,0,1,1,1,0,0,0,0,0,0,0,0,17,0,0,1,0,0,0
REC-01727,0,1,0,0,0,0,0,0,0,0,0,0,306,1,1,0,0,1,0
REC-01728,0,1,0,0,0,0,0,0,0,0,0,0,23,0,0,0,0,0,0
REC-01729,1,0,0,0,0,0,0,0,0,0,0,0,14,0,0,1,1,0,0
REC-01730,0,1,0,0,0,1,1,0,0,0,0,0,3,0,0,0,0,1,0
REC-01731,0,1,0,0,0,0,0,0,0,0,0,0,6,0,0,0,0,0,0
REC-01732,0,1,0,0,0,0,0,0,0,0,0,0,154,1,1,0,0,1,0
REC-01733,0,1,0,0,0,0,0,0,0,0,0,1,29,0,0,0,0,0,1
REC-01734,0,1,0,1,0,0,0,0,0,0,0,0,2,0,0,1,0,0,0
REC-01735,0,1,0,0,0,0,0,0,0,0,0,0,307,1,1,0,0,1,0
REC-01736,0,1,0,0,0,0,0,0,0,1,1,0,9,0,0,0,0,0,1
REC-01737,1,0,0,0,0,0,0,0,0,0,0,0,22,0,0,1,1,0,0
REC-01738,0,1,0,0,0,0,0,0,0,0,0,0,29,0,0,0,0,0,0
REC-01739,0,1,0,0,0,0,0,0,0,0,0,0,12,0,0,0,0,0,0
REC-01740,0,1,0,1,1,0,0,0,0,0,0,0,13,0,0,1,1,0,0
REC-01741,0,1,0,1,1,0,0,0,0,0,0,0,4,0,0,1,1,0,0
REC-01742,0,1,0,0,0,0,0,1,1,0,0,0,0,0,0,0,0,0,0
REC-01743,1,0,0,0,0,0,0,0,0,0,0,0,30,0,0,1,1,0,0
REC-01744,0,1,0,0,0,0,0,0,0,1,1,0,12,0,0,0,0,0,1
REC-01745,0,1,0,0,0,0,0,0,0,0,0,0,105,1,1,0,0,1,0
REC-01746,0,1,0,0,0,0,0,1,1,0,0,0,26,0,0,0,0,0,0
REC-01747,0,1,0,0,0,0,0,0,0,0,0,0,19,0,0,0,0,0,0
REC-01748,0,1,0,0,0,0,0,0,0,0,0,0,15,0,0,0,0,0,0
REC-01749,0,1,0,0,0,0,0,0,0,0,0,0,12,0,0,0,0,0,0
REC-01750,0,1,0,0,0,0,0,0,0,0,0,0,273,1,1,0,0,1,0
REC-01751,0,1,0,1,1,0,0,0,0,0,0,0,25,0,0,1,1,0,0
REC-01752,0,1,0,0,0,0,0,0,0,0,0,0,15,0,0,0,0,0,0
REC-01753,0,1,0,0,0,1,1,0,0,0,0,0,5,0,0,0,0,1,0
REC-01754,0,1,0,0,0,0,0,0,0,1,1,0,20,0,0,0,0,0,1
REC-01755,0,1,0,0,0,0,0,0,0,0,0,0,11,0,0,0,0,0,0
REC-01756,0,1,0,0,0,0,0,0,0,0,0,0,5,0,0,0,0,0,0
REC-01757,0,1,0,0,0,0,0,0,0,0,0,0,29,0,0,0,0,0,0
REC-01758,0,1,0,0,0,0,0,0,0,0,0,1,15,0,0,0,0,0,1
REC-01759,0,1,0,0,0,0,0,0,0,0,0,0,0,0,0,0,0,0,0
REC-01760,1,0,0,0,0,0,0,0,0,0,0,0,22,0,0,1,1,0,0
REC-01761,1,0,0,0,0,0,0,0,0,0,0,0,14,0,0,1,1,0,0
REC-01762,1,0,0,0,0,0,0,0,0,0,0,0,21,0,0,1,1,0,0
REC-01763,0,1,1,1,0,0,0,0,0,0,0,0,6,0,0,1,0,0,0
REC-01764,0,1,0,0,0,0,0,0,0,0,0,0,26,0,0,0,0,0,0
REC-01765,0,1,0,0,0,0,0,0,0,0,0,0,24,0,0,0,0,0,0
REC-01766,0,1,0,0,0,0,0,0,0,0,0,0,275,1,1,0,0,1,0
REC-01767,0,1,0,0,0,0,0,1,1,0,0,0,2,0,0,0,0,0,0
REC-01768,0,1,1,1,0,0,0,0,0,0,0,0,28,0,0,1,0,0,0
REC-01769,0,1,0,0,0,0,0,0,0,0,0,0,15,0,0,0,0,0,0
REC-01770,0,1,0,0,0,0,0,0,0,0,0,0,27,0,0,0,0,0,0
REC-01771,0,1,1,1,0,0,0,0,0,0,0,0,7,0,0,1,0,0,0
REC-01772,0,1,0,0,0,0,0,0,0,0,0,1,28,0,0,0,0,0,1
REC-01773,0,1,1,1,0,0,0,0,0,0,0,0,18,0,0,1,0,0,0
REC-01774,0,1,0,0,0,0,0,0,0,0,0,0,24,0,0,0,0,0,0
REC-01775,0,1,1,1,0,0,0,0,0,0,0,0,23,0,0,1,0,0,0
REC-01776,0,1,0,0,0,0,0,0,0,0,0,0,15,0,0,0,0,0,0
REC-01777,1,0,0,0,0,0,0,0,0,0,0,0,12,0,0,1,1,0,0
REC-01778,0,1,0,0,0,0,0,0,0,1,1,0,10,0,0,0,0,0,1
REC-01779,0,1,0,0,0,0,0,0,0,0,0,1,16,0,0,0,0,0,1
REC-01780,0,1,0,0,0,0,0,0,0,0,0,0,22,0,0,0,0,0,0
REC-01781,1,0,0,0,0,0,0,0,0,0,0,0,11,0,0,1,1,0,0
REC-01782,0,1,0,0,0,0,0,0,0,0,0,0,27,0,0,0,0,0,0
REC-01783,1,0,0,0,0,0,0,0,0,0,0,0,9,0,0,1,1,0,0
REC-01784,0,1,0,0,0,0,0,0,0,1,1,0,26,0,0,0,0,0,1
REC-01785,0,1,0,0,0,0,0,0,0,0,0,0,13,0,0,0,0,0,0
REC-01786,0,1,0,0,0,0,0,1,1,0,0,0,28,0,0,0,0,0,0
REC-01787,0,1,0,0,0,0,0,0,0,0,0,0,22,0,0,0,0,0,0
REC-01788,0,1,0,0,0,0,0,0,0,1,1,0,8,0,0,0,0,0,1
REC-01789,0,1,0,1,0,0,0,0,0,0,0,0,13,0,0,1,0,0,0
REC-01790,1,0,0,0,0,0,0,0,0,0,0,0,19,0,0,1,1,0,0
REC-01791,0,1,0,0,0,0,0,0,0,0,0,0,160,1,1,0,0,1,0
REC-01792,0,1,0,0,0,0,0,0,0,0,0,0,26,0,0,0,0,0,0
REC-01793,0,1,0,0,0,0,0,0,0,0,0,1,29,0,0,0,0,0,1
REC-01794,0,1,0,0,0,0,0,0,0,0,0,0,134,1,1,0,0,1,0
REC-01795,0,1,0,0,0,0,0,0,0,0,0,1,13,0,0,0,0,0,1
REC-01796,0,1,1,1,0,0,0,0,0,0,0,0,28,0,0,1,0,0,0
REC-01797,0,1,0,1,1,0,0,0,0,0,0,0,17,0,0,1,1,0,0
REC-01798,1,0,0,0,0,0,0,0,0,0,0,0,23,0,0,1,1,0,0
REC-01799,0,1,0,0,0,0,0,0,0,0,0,0,10,0,0,0,0,0,0
REC-01800,0,1,0,0,0,0,0,0,0,0,0,0,5,0,0,0,0,0,0
REC-01801,1,0,0,0,0,0,0,0,0,0,0,0,15,0,0,1,1,0,0
REC-01802,0,1,0,0,0,0,0,1,1,0,0,0,22,0,0,0,0,0,0
REC-01803,0,1,0,0,0,0,0,0,0,0,0,0,14,0,0,0,0,0,0
REC-01804,0,1,0,1,1,0,0,0,0,0,0,0,17,0,0,1,1,0,0
REC-01805,0,1,0,0,0,0,0,0,0,0,0,0,12,0,0,0,0,0,0
REC-01806,0,1,0,0,0,0,0,0,0,0,0,0,8,0,0,0,0,0,0
REC-01807,0,1,0,0,0,0,0,0,0,1,1,0,5,0,0,0,0,0,1
REC-01808,0,1,0,0,0,0,0,0,0,0,0,0,10,0,0,0,0,0,0
REC-01809,0,1,0,0,0,1,1,0,0,0,0,0,20,0,0,0,0,1,0
REC-01810,0,1,0,0,0,0,0,1,1,0,0,0,10,0,0,0,0,0,0
REC-01811,0,1,0,1,1,0,0,0,0,0,0,0,0,0,0,1,1,0,0
REC-01812,0,1,1,1,0,0,0,0,0,0,0,0,3,0,0,1,0,0,0
REC-01813,0,1,0,0,0,0,0,0,0,1,1,0,9,0,0,0,0,0,1
REC-01814,0,1,0,0,0,1,1,0,0,0,0,0,5,0,0,0,0,1,0
REC-01815,1,0,0,0,0,0,0,0,0,0,0,0,0,0,0,1,1,0,0
REC-01816,0,1,1,1,0,0,0,0,0,0,0,0,16,0,0,1,0,0,0
REC-01817,1,0,0,0,0,0,0,0,0,0,0,0,7,0,0,1,1,0,0
REC-01818,0,1,0,0,0,0,0,0,0,0,0,0,3,0,0,0,0,0,0
REC-01819,1,0,0,0,0,0,0,0,0,0,0,0,18,0,0,1,1,0,0
REC-01820,0,1,1,1,0,0,0,0,0,0,0,0,6,0,0,1,0,0,0
REC-01821,0,1,0,0,0,0,0,0,0,0,0,0,4,0,0,0,0,0,0
REC-01822,0,1,0,0,0,0,0,0,0,0,0,0,25,0,0,0,0,0,0
REC-01823,0,1,0,0,0,0,0,0,0,0,0,0,3,0,0,0,0,0,0
REC-01824,0,1,0,0,0,0,0,0,0,1,1,0,19,0,0,0,0,0,1
REC-01825,0,1,0,0,0,0,0,0,0,0,0,0,19,0,0,0,0,0,0
REC-01826,0,1,0,0,0,1,1,0,0,0,0,0,24,0,0,0,0,1,0
REC-01827,0,1,0,0,0,0,0,1,1,0,0,0,9,0,0,0,0,0,0
REC-01828,0,1,1,1,0,0,0,0,0,0,0,0,7,0,0,1,0,0,0
REC-01829,0,1,1,1,0,0,0,0,0,0,0,0,21,0,0,1,0,0,0
REC-01830,0,1,0,0,0,0,0,0,0,1,1,0,30,0,0,0,0,0,1
REC-01831,0,1,0,0,0,0,0,0,0,0,0,0,28,0,0,0,0,0,0
REC-01832,0,1,0,0,0,0,0,0,0,0,0,1,14,0,0,0,0,0,1
REC-01833,0,1,0,0,0,0,0,0,0,0,0,0,5,0,0,0,0,0,0
REC-01834,0,1,1,1,0,0,0,0,0,0,0,0,4,0,0,1,0,0,0
REC-01835,0,1,1,1,0,0,0,0,0,0,0,0,7,0,0,1,0,0,0
REC-01836,0,1,0,0,0,0,0,1,1,0,0,0,23,0,0,0,0,0,0
REC-01837,0,1,0,0,0,0,0,0,0,1,1,0,11,0,0,0,0,0,1
REC-01838,0,1,0,0,0,0,0,1,1,0,0,0,30,0,0,0,0,0,0
REC-01839,0,1,0,0,0,0,0,0,0,0,0,0,22,0,0,0,0,0,0
REC-01840,0,1,0,1,0,0,0,0,0,0,0,0,19,0,0,1,0,0,0
REC-01841,1,0,0,0,0,0,0,0,0,0,0,0,25,0,0,1,1,0,0
REC-01842,0,1,0,0,0,0,0,0,0,0,0,0,26,0,0,0,0,0,0
REC-01843,0,1,0,1,1,0,0,0,0,0,0,0,3,0,0,1,1,0,0
REC-01844,0,1,0,0,0,0,0,0,0,0,0,0,17,0,0,0,0,0,0
REC-01845,0,1,0,0,0,0,0,0,0,0,0,0,20,0,0,0,0,0,0
REC-01846,0,1,0,1,1,0,0,0,0,0,0,0,24,0,0,1,1,0,0
REC-01847,0,1,0,0,0,0,0,0,0,0,0,0,23,0,0,0,0,0,0
REC-01848,0,1,0,0,0,0,0,0,0,0,0,0,1,0,0,0,0,0,0
REC-01849,0,1,0,0,0,0,0,0,0,0,0,0,27,0,0,0,0,0,0
REC-01850,0,1,0,0,0,0,0,0,0,0,0,0,16,0,0,0,0,0,0
REC-01851,0,1,0,0,0,0,0,0,0,0,0,0,6,0,0,0,0,0,0
REC-01852,0,1,0,0,0,0,0,0,0,1,1,0,18,0,0,0,0,0,1
REC-01853,0,1,0,1,0,0,0,0,0,0,0,0,2,0,0,1,0,0,0
REC-01854,0,1,0,0,0,0,0,0,0,0,0,0,25,0,0,0,0,0,0
REC-01855,1,0,0,0,0,0,0,0,0,0,0,0,3,0,0,1,1,0,0
REC-01856,0,1,0,0,0,0,0,0,0,0,0,0,279,1,1,0,0,1,0
REC-01857,0,1,0,0,0,0,0,0,0,0,0,0,9,0,0,0,0,0,0
REC-01858,0,1,0,0,0,0,0,0,0,0,0,0,26,0,0,0,0,0,0
REC-01859,0,1,0,0,0,0,0,0,0,0,0,0,109,1,1,0,0,1,0
REC-01860,0,1,0,0,0,0,0,0,0,0,0,0,1,0,0,0,0,0,0
REC-01861,0,1,0,0,0,0,0,0,0,0,0,0,124,1,1,0,0,1,0
REC-01862,0,1,0,0,0,0,0,0,0,0,0,0,5,0,0,0,0,0,0
REC-01863,1,0,0,0,0,0,0,0,0,0,0,0,2,0,0,1,1,0,0
REC-01864,0,1,0,0,0,0,0,0,0,0,0,0,8,0,0,0,0,0,0
REC-01865,0,1,0,0,0,0,0,0,0,0,0,0,29,0,0,0,0,0,0
REC-01866,0,1,0,0,0,0,0,0,0,0,0,0,347,1,1,0,0,1,0
REC-01867,0,1,0,0,0,0,0,0,0,0,0,0,28,0,0,0,0,0,0
REC-01868,0,1,0,0,0,0,0,0,0,0,0,1,30,0,0,0,0,0,1
REC-01869,0,1,0,0,0,0,0,0,0,1,1,0,18,0,0,0,0,0,1
REC-01870,0,1,0,0,0,0,0,0,0,0,0,0,24,0,0,0,0,0,0
REC-01871,0,1,0,0,0,0,0,0,0,0,0,1,0,0,0,0,0,0,1
REC-01872,0,1,0,0,0,0,0,0,0,0,0,0,0,0,0,0,0,0,0
REC-01873,1,0,0,0,0,0,0,0,0,0,0,0,9,0,0,1,1,0,0
REC-01874,0,1,0,0,0,0,0,0,0,0,0,0,10,0,0,0,0,0,0
REC-01875,0,1,0,0,0,1,1,0,0,0,0,0,9,0,0,0,0,1,0
REC-01876,0,1,0,0,0,0,0,0,0,0,0,0,18,0,0,0,0,0,0
REC-01877,0,1,0,0,0,0,0,1,1,0,0,0,6,0,0,0,0,0,0
REC-01878,0,1,0,0,0,0,0,0,0,1,1,0,30,0,0,0,0,0,1
REC-01879,0,1,0,0,0,0,0,1,1,0,0,0,3,0,0,0,0,0,0
REC-01880,1,0,0,0,0,0,0,0,0,0,0,0,26,0,0,1,1,0,0
REC-01881,1,0,0,0,0,0,0,0,0,0,0,0,17,0,0,1,1,0,0
REC-01882,0,1,0,0,0,0,0,0,0,0,0,0,15,0,0,0,0,0,0
REC-01883,0,1,0,0,0,0,0,0,0,0,0,0,0,0,0,0,0,0,0
REC-01884,0,1,0,0,0,0,0,0,0,1,1,0,28,0,0,0,0,0,1
REC-01885,0,1,0,0,0,0,0,0,0,0,0,0,29,0,0,0,0,0,0
REC-01886,0,1,0,0,0,0,0,1,1,0,0,0,5,0,0,0,0,0,0
REC-01887,0,1,0,0,0,0,0,0,0,0,0,0,2,0,0,0,0,0,0
REC-01888,0,1,0,0,0,0,0,0,0,0,0,0,6,0,0,0,0,0,0
REC-01889,0,1,1,1,0,0,0,0,0,0,0,0,28,0,0,1,0,0,0
REC-01890,0,1,0,1,0,0,0,0,0,0,0,0,11,0,0,1,0,0,0
REC-01891,0,1,0,1,0,0,0,0,0,0,0,0,24,0,0,1,0,0,0
REC-01892,0,1,0,0,0,0,0,0,0,0,0,0,0,0,0,0,0,0,0
REC-01893,0,1,0,0,0,0,0,0,0,0,0,0,30,0,0,0,0,0,0
REC-01894,0,1,0,1,1,0,0,0,0,0,0,0,20,0,0,1,1,0,0
REC-01895,0,1,0,0,0,0,0,0,0,0,0,0,17,0,0,0,0,0,0
REC-01896,0,1,1,1,0,0,0,0,0,0,0,0,23,0,0,1,0,0,0
REC-01897,0,1,0,0,0,0,0,0,0,0,0,0,9,0,0,0,0,0,0
REC-01898,0,1,1,1,0,0,0,0,0,0,0,0,25,0,0,1,0,0,0
REC-01899,0,1,0,0,0,0,0,0,0,0,0,0,20,0,0,0,0,0,0
REC-01900,0,1,0,0,0,0,0,0,0,0,0,0,27,0,0,0,0,0,0
REC-01901,0,1,0,0,0,0,0,1,1,0,0,0,28,0,0,0,0,0,0
REC-01902,0,1,0,0,0,0,0,0,0,0,0,0,19,0,0,0,0,0,0
REC-01903,0,1,0,1,1,0,0,0,0,0,0,0,4,0,0,1,1,0,0
REC-01904,0,1,0,0,0,0,0,0,0,0,0,0,27,0,0,0,0,0,0
REC-01905,0,1,0,0,0,0,0,0,0,0,0,0,5,0,0,0,0,0,0
REC-01906,0,1,0,0,0,1,1,0,0,0,0,0,26,0,0,0,0,1,0
REC-01907,1,0,0,0,0,0,0,0,0,0,0,0,22,0,0,1,1,0,0
REC-01908,0,1,0,0,0,0,0,0,0,1,1,0,12,0,0,0,0,0,1
REC-01909,0,1,0,0,0,0,0,0,0,0,0,0,26,0,0,0,0,0,0
REC-01910,0,1,0,0,0,0,0,0,0,0,0,0,1,0,0,0,0,0,0
REC-01911,0,1,0,0,0,0,0,0,0,0,0,0,22,0,0,0,0,0,0
REC-01912,1,0,0,0,0,0,0,0,0,0,0,0,6,0,0,1,1,0,0
REC-01913,0,1,0,1,1,0,0,0,0,0,0,0,10,0,0,1,1,0,0
REC-01914,0,1,0,0,0,0,0,0,0,0,0,0,20,0,0,0,0,0,0
REC-01915,0,1,0,1,0,0,0,0,0,0,0,0,12,0,0,1,0,0,0
REC-01916,0,1,0,0,0,0,0,0,0,0,0,0,344,1,1,0,0,1,0
REC-01917,0,1,0,0,0,0,0,0,0,0,0,1,15,0,0,0,0,0,1
REC-01918,0,1,0,1,1,0,0,0,0,0,0,0,1,0,0,1,1,0,0
REC-01919,0,1,0,0,0,0,0,0,0,0,0,0,30,0,0,0,0,0,0
REC-01920,1,0,0,0,0,0,0,0,0,0,0,0,25,0,0,1,1,0,0
REC-01921,0,1,0,0,0,0,0,1,1,0,0,0,2,0,0,0,0,0,0
REC-01922,0,1,0,0,0,0,0,1,1,0,0,0,20,0,0,0,0,0,0
REC-01923,0,1,0,0,0,0,0,0,0,0,0,0,15,0,0,0,0,0,0
REC-01924,0,1,0,0,0,0,0,0,0,1,1,0,11,0,0,0,0,0,1
REC-01925,0,1,0,0,0,0,0,0,0,1,1,0,11,0,0,0,0,0,1
REC-01926,0,1,0,0,0,0,0,0,0,0,0,0,105,1,1,0,0,1,0
REC-01927,0,1,0,0,0,0,0,0,0,0,0,1,7,0,0,0,0,0,1
REC-01928,0,1,0,0,0,0,0,0,0,0,0,1,8,0,0,0,0,0,1
REC-01929,0,1,0,0,0,1,1,0,0,0,0,0,26,0,0,0,0,1,0
REC-01930,0,1,1,1,0,0,0,0,0,0,0,0,29,0,0,1,0,0,0
REC-01931,0,1,0,0,0,0,0,0,0,0,0,1,29,0,0,0,0,0,1
REC-01932,1,0,0,0,0,0,0,0,0,0,0,0,21,0,0,1,1,0,0
REC-01933,0,1,0,0,0,0,0,0,0,1,1,0,5,0,0,0,0,0,1
REC-01934,0,1,0,0,0,0,0,0,0,0,0,0,13,0,0,0,0,0,0
REC-01935,0,1,0,0,0,0,0,0,0,1,1,0,24,0,0,0,0,0,1
REC-01936,0,1,0,0,0,0,0,0,0,0,0,0,20,0,0,0,0,0,0
REC-01937,0,1,0,0,0,1,1,0,0,0,0,0,24,0,0,0,0,1,0
REC-01938,0,1,0,0,0,0,0,0,0,0,0,0,190,1,1,0,0,1,0
REC-01939,0,1,0,1,1,0,0,0,0,0,0,0,0,0,0,1,1,0,0
REC-01940,0,1,1,1,0,0,0,0,0,0,0,0,19,0,0,1,0,0,0
REC-01941,1,0,0,0,0,0,0,0,0,0,0,0,25,0,0,1,1,0,0
REC-01942,0,1,0,0,0,0,0,0,0,0,0,0,1,0,0,0,0,0,0
REC-01943,0,1,0,0,0,0,0,0,0,1,1,0,11,0,0,0,0,0,1
REC-01944,0,1,1,1,0,0,0,0,0,0,0,0,16,0,0,1,0,0,0
REC-01945,0,1,0,0,0,0,0,0,0,0,0,0,170,1,1,0,0,1,0
REC-01946,0,1,0,0,0,1,1,0,0,0,0,0,26,0,0,0,0,1,0
REC-01947,0,1,0,0,0,0,0,0,0,0,0,0,8,0,0,0,0,0,0
REC-01948,0,1,0,0,0,1,1,0,0,0,0,0,22,0,0,0,0,1,0
REC-01949,0,1,0,0,0,0,0,0,0,0,0,0,16,0,0,0,0,0,0
REC-01950,0,1,0,0,0,0,0,0,0,0,0,0,23,0,0,0,0,0,0
REC-01951,0,1,0,0,0,0,0,0,0,0,0,1,30,0,0,0,0,0,1
REC-01952,0,1,0,0,0,0,0,0,0,0,0,0,11,0,0,0,0,0,0
REC-01953,0,1,0,0,0,0,0,0,0,0,0,0,9,0,0,0,0,0,0
REC-01954,0,1,0,0,0,0,0,0,0,0,0,0,0,0,0,0,0,0,0
REC-01955,0,1,0,0,0,0,0,0,0,0,0,0,27,0,0,0,0,0,0
REC-01956,0,1,0,0,0,0,0,0,0,0,0,1,15,0,0,0,0,0,1
REC-01957,0,1,0,0,0,0,0,0,0,0,0,0,30,0,0,0,0,0,0
REC-01958,1,0,0,0,0,0,0,0,0,0,0,0,24,0,0,1,1,0,0
REC-01959,0,1,0,0,0,0,0,0,0,0,0,0,24,0,0,0,0,0,0
REC-01960,0,1,0,0,0,0,0,1,1,0,0,0,19,0,0,0,0,0,0
REC-01961,0,1,0,1,0,0,0,0,0,0,0,0,27,0,0,1,0,0,0
REC-01962,0,1,1,1,0,0,0,0,0,0,0,0,28,0,0,1,0,0,0
REC-01963,1,0,0,0,0,0,0,0,0,0,0,0,22,0,0,1,1,0,0
REC-01964,0,1,0,0,0,0,0,0,0,0,0,0,12,0,0,0,0,0,0
REC-01965,1,0,0,0,0,0,0,0,0,0,0,0,22,0,0,1,1,0,0
REC-01966,0,1,1,1,0,0,0,0,0,0,0,0,18,0,0,1,0,0,0
REC-01967,0,1,1,1,0,0,0,0,0,0,0,0,21,0,0,1,0,0,0
REC-01968,0,1,0,0,0,0,0,0,0,0,0,0,1,0,0,0,0,0,0
REC-01969,0,1,0,0,0,0,0,0,0,1,1,0,4,0,0,0,0,0,1
REC-01970,0,1,0,0,0,0,0,0,0,0,0,0,21,0,0,0,0,0,0
REC-01971,0,1,0,0,0,0,0,0,0,0,0,0,12,0,0,0,0,0,0
REC-01972,0,1,1,1,0,0,0,0,0,0,0,0,18,0,0,1,0,0,0
REC-01973,1,0,0,0,0,0,0,0,0,0,0,0,13,0,0,1,1,0,0
REC-01974,0,1,0,0,0,0,0,0,0,0,0,0,118,1,1,0,0,1,0
REC-01975,1,0,0,0,0,0,0,0,0,0,0,0,6,0,0,1,1,0,0
REC-01976,0,1,0,0,0,0,0,0,0,1,1,0,22,0,0,0,0,0,1
REC-01977,0,1,0,0,0,0,0,0,0,0,0,0,20,0,0,0,0,0,0
REC-01978,0,1,0,0,0,0,0,1,1,0,0,0,19,0,0,0,0,0,0
REC-01979,0,1,0,0,0,0,0,0,0,0,0,0,12,0,0,0,0,0,0
REC-01980,1,0,0,0,0,0,0,0,0,0,0,0,27,0,0,1,1,0,0
REC-01981,0,1,0,0,0,0,0,0,0,1,1,0,16,0,0,0,0,0,1
REC-01982,0,1,0,0,0,1,1,0,0,0,0,0,8,0,0,0,0,1,0
REC-01983,1,0,0,0,0,0,0,0,0,0,0,0,7,0,0,1,1,0,0
REC-01984,0,1,0,0,0,0,0,0,0,0,0,0,361,1,1,0,0,1,0
REC-01985,1,0,0,0,0,0,0,0,0,0,0,0,5,0,0,1,1,0,0
REC-01986,0,1,0,0,0,0,0,0,0,0,0,0,17,0,0,0,0,0,0
REC-01987,0,1,0,0,0,0,0,0,0,0,0,0,3,0,0,0,0,0,0
REC-01988,0,1,0,0,0,1,1,0,0,0,0,0,20,0,0,0,0,1,0
REC-01989,0,1,0,1,1,0,0,0,0,0,0,0,28,0,0,1,1,0,0
REC-01990,0,1,1,1,0,0,0,0,0,0,0,0,25,0,0,1,0,0,0
REC-01991,0,1,0,0,0,0,0,0,0,0,0,0,4,0,0,0,0,0,0
REC-01992,0,1,0,0,0,0,0,0,0,0,0,0,300,1,1,0,0,1,0
REC-01993,0,1,0,0,0,0,0,0,0,0,0,0,27,0,0,0,0,0,0
REC-01994,0,1,1,1,0,0,0,0,0,0,0,0,14,0,0,1,0,0,0
REC-01995,0,1,0,0,0,0,0,0,0,0,0,0,7,0,0,0,0,0,0
REC-01996,0,1,0,0,0,0,0,0,0,0,0,1,7,0,0,0,0,0,1
REC-01997,0,1,0,1,1,0,0,0,0,0,0,0,0,0,0,1,1,0,0
REC-01998,0,1,0,0,0,0,0,0,0,0,0,0,14,0,0,0,0,0,0
REC-01999,0,1,0,0,0,0,0,0,0,0,0,1,1,0,0,0,0,0,1
REC-02000,0,1,0,1,1,0,0,0,0,0,0,0,4,0,0,1,1,0,0
REC-02001,0,1,0,0,0,0,0,1,1,0,0,0,10,0,0,0,0,0,0
REC-02002,0,1,0,1,0,0,0,0,0,0,0,0,22,0,0,1,0,0,0
REC-02003,0,1,0,0,0,0,0,1,1,0,0,0,19,0,0,0,0,0,0
REC-02004,1,0,0,0,0,0,0,0,0,0,0,0,13,0,0,1,1,0,0
REC-02005,0,1,0,1,1,0,0,0,0,0,0,0,30,0,0,1,1,0,0
REC-02006,0,1,0,0,0,0,0,1,1,0,0,0,6,0,0,0,0,0,0
REC-02007,1,0,0,0,0,0,0,0,0,0,0,0,1,0,0,1,1,0,0
REC-02008,0,1,0,0,0,0,0,0,0,0,0,0,18,0,0,0,0,0,0
REC-02009,0,1,0,0,0,1,1,0,0,0,0,0,28,0,0,0,0,1,0
REC-02010,0,1,0,0,0,0,0,0,0,0,0,0,14,0,0,0,0,0,0
REC-02011,1,0,0,0,0,0,0,0,0,0,0,0,15,0,0,1,1,0,0
REC-02012,1,0,0,0,0,0,0,0,0,0,0,0,13,0,0,1,1,0,0
REC-02013,0,1,0,0,0,0,0,0,0,0,0,0,18,0,0,0,0,0,0
REC-02014,0,1,0,1,0,0,0,0,0,0,0,0,13,0,0,1,0,0,0
REC-02015,1,0,0,0,0,0,0,0,0,0,0,0,24,0,0,1,1,0,0
REC-02016,1,0,0,0,0,0,0,0,0,0,0,0,28,0,0,1,1,0,0
REC-02017,0,1,0,0,0,0,0,0,0,0,0,0,18,0,0,0,0,0,0
REC-02018,0,1,0,0,0,0,0,0,0,0,0,0,4,0,0,0,0,0,0
REC-02019,0,1,0,1,1,0,0,0,0,0,0,0,0,0,0,1,1,0,0
REC-02020,1,0,0,0,0,0,0,0,0,0,0,0,21,0,0,1,1,0,0
REC-02021,0,1,0,0,0,0,0,0,0,0,0,0,28,0,0,0,0,0,0
REC-02022,0,1,0,0,0,0,0,1,1,0,0,0,26,0,0,0,0,0,0
REC-02023,0,1,0,0,0,0,0,0,0,0,0,0,25,0,0,0,0,0,0
REC-02024,0,1,0,0,0,0,0,0,0,0,0,0,3,0,0,0,0,0,0
REC-02025,1,0,0,0,0,0,0,0,0,0,0,0,2,0,0,1,1,0,0
REC-02026,1,0,0,0,0,0,0,0,0,0,0,0,6,0,0,1,1,0,0
REC-02027,0,1,1,1,0,0,0,0,0,0,0,0,24,0,0,1,0,0,0
REC-02028,0,1,0,1,1,0,0,0,0,0,0,0,28,0,0,1,1,0,0
REC-02029,0,1,0,0,0,0,0,0,0,0,0,0,0,0,0,0,0,0,0
REC-02030,0,1,0,0,0,1,1,0,0,0,0,0,16,0,0,0,0,1,0
REC-02031,0,1,1,1,0,0,0,0,0,0,0,0,25,0,0,1,0,0,0
REC-02032,0,1,0,0,0,0,0,0,0,0,0,0,18,0,0,0,0,0,0
REC-02033,0,1,0,0,0,1,1,0,0,0,0,0,28,0,0,0,0,1,0
REC-02034,0,1,0,0,0,0,0,0,0,0,0,0,4,0,0,0,0,0,0
REC-02035,1,0,0,0,0,0,0,0,0,0,0,0,9,0,0,1,1,0,0
REC-02036,0,1,0,0,0,0,0,0,0,0,0,0,0,0,0,0,0,0,0
REC-02037,1,0,0,0,0,0,0,0,0,0,0,0,25,0,0,1,1,0,0
REC-02038,0,1,0,0,0,0,0,0,0,0,0,0,4,0,0,0,0,0,0
REC-02039,0,1,0,0,0,1,1,0,0,0,0,0,23,0,0,0,0,1,0
REC-02040,0,1,0,0,0,0,0,0,0,0,0,0,270,1,1,0,0,1,0
REC-02041,0,1,1,1,0,0,0,0,0,0,0,0,27,0,0,1,0,0,0
REC-02042,0,1,0,0,0,0,0,0,0,0,0,0,8,0,0,0,0,0,0
REC-02043,0,1,0,0,0,0,0,0,0,0,0,0,29,0,0,0,0,0,0
REC-02044,0,1,0,0,0,1,1,0,0,0,0,0,12,0,0,0,0,1,0
REC-02045,0,1,1,1,0,0,0,0,0,0,0,0,10,0,0,1,0,0,0
REC-02046,0,1,0,1,0,0,0,0,0,0,0,0,3,0,0,1,0,0,0
REC-02047,1,0,0,0,0,0,0,0,0,0,0,0,29,0,0,1,1,0,0
REC-02048,0,1,0,0,0,0,0,0,0,0,0,0,162,1,1,0,0,1,0
REC-02049,0,1,0,0,0,0,0,0,0,1,1,0,12,0,0,0,0,0,1
REC-02050,0,1,0,0,0,0,0,1,1,0,0,0,21,0,0,0,0,0,0
REC-02051,0,1,0,0,0,0,0,0,0,0,0,0,9,0,0,0,0,0,0
REC-02052,0,1,0,0,0,0,0,0,0,0,0,0,30,0,0,0,0,0,0
REC-02053,1,0,0,0,0,0,0,0,0,0,0,0,24,0,0,1,1,0,0
REC-02054,0,1,1,1,0,0,0,0,0,0,0,0,20,0,0,1,0,0,0
REC-02055,0,1,1,1,0,0,0,0,0,0,0,0,1,0,0,1,0,0,0
REC-02056,1,0,0,0,0,0,0,0,0,0,0,0,5,0,0,1,1,0,0
REC-02057,1,0,0,0,0,0,0,0,0,0,0,0,1,0,0,1,1,0,0
REC-02058,0,1,0,0,0,0,0,0,0,1,1,0,23,0,0,0,0,0,1
REC-02059,0,1,1,1,0,0,0,0,0,0,0,0,29,0,0,1,0,0,0
REC-02060,0,1,0,0,0,0,0,0,0,0,0,0,0,0,0,0,0,0,0
REC-02061,0,1,0,0,0,0,0,1,1,0,0,0,18,0,0,0,0,0,0
REC-02062,0,1,0,0,0,0,0,0,0,0,0,0,6,0,0,0,0,0,0
REC-02063,0,1,0,0,0,0,0,0,0,0,0,0,14,0,0,0,0,0,0
REC-02064,0,1,0,1,1,0,0,0,0,0,0,0,14,0,0,1,1,0,0
REC-02065,0,1,0,1,1,0,0,0,0,0,0,0,14,0,0,1,1,0,0
REC-02066,0,1,0,0,0,0,0,0,0,0,0,0,26,0,0,0,0,0,0
REC-02067,0,1,0,0,0,0,0,0,0,0,0,0,2,0,0,0,0,0,0
REC-02068,0,1,0,0,0,0,0,0,0,1,1,0,23,0,0,0,0,0,1
REC-02069,0,1,0,0,0,0,0,0,0,0,0,0,4,0,0,0,0,0,0
REC-02070,0,1,0,0,0,0,0,0,0,0,0,0,9,0,0,0,0,0,0
REC-02071,1,0,0,0,0,0,0,0,0,0,0,0,5,0,0,1,1,0,0
REC-02072,0,1,0,0,0,0,0,0,0,0,0,0,4,0,0,0,0,0,0
REC-02073,1,0,0,0,0,0,0,0,0,0,0,0,4,0,0,1,1,0,0
REC-02074,0,1,0,1,1,0,0,0,0,0,0,0,7,0,0,1,1,0,0
REC-02075,0,1,0,0,0,1,1,0,0,0,0,0,8,0,0,0,0,1,0
REC-02076,0,1,0,0,0,0,0,0,0,0,0,0,29,0,0,0,0,0,0
REC-02077,0,1,0,0,0,0,0,0,0,0,0,0,28,0,0,0,0,0,0
REC-02078,0,1,0,0,0,0,0,0,0,1,1,0,28,0,0,0,0,0,1
REC-02079,0,1,0,0,0,0,0,0,0,0,0,0,14,0,0,0,0,0,0
REC-02080,0,1,0,0,0,0,0,0,0,0,0,0,3,0,0,0,0,0,0
REC-02081,0,1,0,0,0,0,0,0,0,0,0,0,5,0,0,0,0,0,0
REC-02082,0,1,0,0,0,1,1,0,0,0,0,0,21,0,0,0,0,1,0
REC-02083,0,1,0,0,0,1,1,0,0,0,0,0,15,0,0,0,0,1,0
REC-02084,0,1,0,0,0,0,0,0,0,1,1,0,13,0,0,0,0,0,1
REC-02085,0,1,0,0,0,0,0,0,0,0,0,1,2,0,0,0,0,0,1
REC-02086,0,1,0,0,0,0,0,0,0,0,0,0,9,0,0,0,0,0,0
REC-02087,0,1,0,0,0,0,0,0,0,0,0,0,9,0,0,0,0,0,0
REC-02088,0,1,0,0,0,0,0,0,0,1,1,0,28,0,0,0,0,0,1
REC-02089,0,1,0,0,0,0,0,0,0,0,0,0,22,0,0,0,0,0,0
REC-02090,1,0,0,0,0,0,0,0,0,0,0,0,28,0,0,1,1,0,0
REC-02091,0,1,0,0,0,0,0,0,0,0,0,0,7,0,0,0,0,0,0
REC-02092,0,1,1,1,0,0,0,0,0,0,0,0,3,0,0,1,0,0,0
REC-02093,0,1,0,0,0,0,0,0,0,0,0,0,100,1,1,0,0,1,0
REC-02094,1,0,0,0,0,0,0,0,0,0,0,0,20,0,0,1,1,0,0
REC-02095,0,1,1,1,0,0,0,0,0,0,0,0,0,0,0,1,0,0,0
REC-02096,0,1,0,0,0,0,0,0,0,0,0,0,19,0,0,0,0,0,0
REC-02097,0,1,0,0,0,0,0,0,0,0,0,0,9,0,0,0,0,0,0
REC-02098,0,1,0,0,0,0,0,0,0,0,0,0,29,0,0,0,0,0,0
REC-02099,0,1,0,0,0,0,0,0,0,0,0,0,21,0,0,0,0,0,0
REC-02100,0,1,0,0,0,1,1,0,0,0,0,0,12,0,0,0,0,1,0
REC-02101,0,1,0,0,0,0,0,0,0,0,0,0,26,0,0,0,0,0,0
REC-02102,0,1,0,0,0,0,0,0,0,0,0,0,2,0,0,0,0,0,0
REC-02103,0,1,0,0,0,0,0,0,0,0,0,0,121,1,1,0,0,1,0
REC-02104,0,1,0,0,0,0,0,1,1,0,0,0,9,0,0,0,0,0,0
REC-02105,0,1,0,0,0,0,0,0,0,1,1,0,14,0,0,0,0,0,1
REC-02106,0,1,0,0,0,0,0,1,1,0,0,0,13,0,0,0,0,0,0
REC-02107,1,0,0,0,0,0,0,0,0,0,0,0,27,0,0,1,1,0,0
REC-02108,0,1,0,0,0,0,0,1,1,0,0,0,11,0,0,0,0,0,0
REC-02109,1,0,0,0,0,0,0,0,0,0,0,0,8,0,0,1,1,0,0
REC-02110,0,1,0,0,0,0,0,0,0,0,0,0,17,0,0,0,0,0,0
REC-02111,0,1,0,0,0,0,0,0,0,0,0,0,208,1,1,0,0,1,0
REC-02112,0,1,0,1,1,0,0,0,0,0,0,0,22,0,0,1,1,0,0
REC-02113,1,0,0,0,0,0,0,0,0,0,0,0,16,0,0,1,1,0,0
REC-02114,0,1,0,0,0,0,0,1,1,0,0,0,5,0,0,0,0,0,0
REC-02115,0,1,0,0,0,0,0,0,0,0,0,0,153,1,1,0,0,1,0
REC-02116,0,1,0,0,0,0,0,0,0,0,0,0,7,0,0,0,0,0,0
REC-02117,0,1,0,0,0,0,0,0,0,0,0,1,16,0,0,0,0,0,1
REC-02118,0,1,0,0,0,0,0,0,0,0,0,0,5,0,0,0,0,0,0
REC-02119,0,1,0,0,0,0,0,0,0,0,0,0,18,0,0,0,0,0,0
REC-02120,0,1,1,1,0,0,0,0,0,0,0,0,24,0,0,1,0,0,0
REC-02121,0,1,0,0,0,0,0,0,0,0,0,0,9,0,0,0,0,0,0
REC-02122,0,1,0,0,0,0,0,0,0,0,0,0,7,0,0,0,0,0,0
REC-02123,0,1,0,0,0,0,0,0,0,1,1,0,0,0,0,0,0,0,1
REC-02124,1,0,0,0,0,0,0,0,0,0,0,0,5,0,0,1,1,0,0
REC-02125,0,1,0,1,0,0,0,0,0,0,0,0,5,0,0,1,0,0,0
REC-02126,0,1,0,1,1,0,0,0,0,0,0,0,26,0,0,1,1,0,0
REC-02127,0,1,0,0,0,0,0,1,1,0,0,0,23,0,0,0,0,0,0
REC-02128,0,1,0,0,0,1,1,0,0,0,0,0,28,0,0,0,0,1,0
REC-02129,1,0,0,0,0,0,0,0,0,0,0,0,9,0,0,1,1,0,0
REC-02130,0,1,0,0,0,0,0,0,0,0,0,0,0,0,0,0,0,0,0
REC-02131,0,1,0,0,0,0,0,0,0,0,0,0,15,0,0,0,0,0,0
REC-02132,0,1,0,0,0,0,0,0,0,1,1,0,28,0,0,0,0,0,1
REC-02133,0,1,1,1,0,0,0,0,0,0,0,0,11,0,0,1,0,0,0
REC-02134,0,1,0,0,0,0,0,0,0,0,0,0,22,0,0,0,0,0,0
REC-02135,0,1,0,0,0,0,0,0,0,0,0,0,5,0,0,0,0,0,0
REC-02136,0,1,0,0,0,0,0,0,0,0,0,0,14,0,0,0,0,0,0
REC-02137,0,1,0,0,0,0,0,0,0,0,0,0,13,0,0,0,0,0,0
REC-02138,1,0,0,0,0,0,0,0,0,0,0,0,7,0,0,1,1,0,0
REC-02139,1,0,0,0,0,0,0,0,0,0,0,0,21,0,0,1,1,0,0
REC-02140,0,1,1,1,0,0,0,0,0,0,0,0,2,0,0,1,0,0,0
REC-02141,0,1,0,0,0,0,0,0,0,0,0,0,16,0,0,0,0,0,0
REC-02142,1,0,0,0,0,0,0,0,0,0,0,0,24,0,0,1,1,0,0
REC-02143,0,1,0,0,0,0,0,0,0,0,0,0,14,0,0,0,0,0,0
REC-02144,0,1,0,0,0,0,0,0,0,0,0,0,25,0,0,0,0,0,0
REC-02145,0,1,0,0,0,0,0,0,0,0,0,0,7,0,0,0,0,0,0
REC-02146,0,1,0,0,0,0,0,0,0,0,0,0,223,1,1,0,0,1,0
REC-02147,0,1,0,0,0,0,0,0,0,1,1,0,1,0,0,0,0,0,1
REC-02148,0,1,0,0,0,1,1,0,0,0,0,0,18,0,0,0,0,1,0
REC-02149,0,1,0,0,0,0,0,0,0,0,0,1,14,0,0,0,0,0,1
REC-02150,1,0,0,0,0,0,0,0,0,0,0,0,2,0,0,1,1,0,0
REC-02151,0,1,0,0,0,0,0,0,0,0,0,0,26,0,0,0,0,0,0
REC-02152,0,1,0,0,0,0,0,0,0,0,0,0,8,0,0,0,0,0,0
REC-02153,0,1,0,0,0,0,0,0,0,0,0,0,13,0,0,0,0,0,0
REC-02154,0,1,1,1,0,0,0,0,0,0,0,0,1,0,0,1,0,0,0
REC-02155,1,0,0,0,0,0,0,0,0,0,0,0,19,0,0,1,1,0,0
REC-02156,0,1,0,0,0,0,0,0,0,1,1,0,27,0,0,0,0,0,1
REC-02157,0,1,0,0,0,0,0,0,0,0,0,0,11,0,0,0,0,0,0
REC-02158,0,1,0,0,0,0,0,0,0,0,0,0,9,0,0,0,0,0,0
REC-02159,0,1,0,0,0,1,1,0,0,0,0,0,10,0,0,0,0,1,0
REC-02160,0,1,0,0,0,0,0,0,0,0,0,0,7,0,0,0,0,0,0
REC-02161,1,0,0,0,0,0,0,0,0,0,0,0,30,0,0,1,1,0,0
REC-02162,0,1,0,0,0,0,0,0,0,0,0,0,196,1,1,0,0,1,0
REC-02163,0,1,1,1,0,0,0,0,0,0,0,0,25,0,0,1,0,0,0
REC-02164,1,0,0,0,0,0,0,0,0,0,0,0,18,0,0,1,1,0,0
REC-02165,0,1,0,1,1,0,0,0,0,0,0,0,29,0,0,1,1,0,0
REC-02166,0,1,0,0,0,0,0,1,1,0,0,0,8,0,0,0,0,0,0
REC-02167,1,0,0,0,0,0,0,0,0,0,0,0,3,0,0,1,1,0,0
REC-02168,0,1,0,0,0,0,0,0,0,1,1,0,1,0,0,0,0,0,1
REC-02169,0,1,0,0,0,0,0,0,0,0,0,0,2,0,0,0,0,0,0
REC-02170,0,1,0,0,0,0,0,0,0,1,1,0,7,0,0,0,0,0,1
REC-02171,0,1,0,0,0,0,0,0,0,0,0,1,21,0,0,0,0,0,1
REC-02172,0,1,0,0,0,0,0,0,0,0,0,0,17,0,0,0,0,0,0
REC-02173,0,1,0,0,0,0,0,0,0,0,0,0,24,0,0,0,0,0,0
REC-02174,1,0,0,0,0,0,0,0,0,0,0,0,12,0,0,1,1,0,0
REC-02175,0,1,0,0,0,0,0,0,0,0,0,1,13,0,0,0,0,0,1
REC-02176,0,1,0,0,0,0,0,1,1,0,0,0,13,0,0,0,0,0,0
REC-02177,0,1,1,1,0,0,0,0,0,0,0,0,18,0,0,1,0,0,0
REC-02178,0,1,1,1,0,0,0,0,0,0,0,0,21,0,0,1,0,0,0
REC-02179,0,1,0,0,0,0,0,1,1,0,0,0,5,0,0,0,0,0,0
REC-02180,0,1,0,0,0,0,0,0,0,0,0,0,25,0,0,0,0,0,0
REC-02181,0,1,0,0,0,0,0,0,0,0,0,1,11,0,0,0,0,0,1
REC-02182,1,0,0,0,0,0,0,0,0,0,0,0,27,0,0,1,1,0,0
REC-02183,0,1,0,0,0,0,0,0,0,0,0,0,13,0,0,0,0,0,0
REC-02184,0,1,0,0,0,0,0,0,0,0,0,0,10,0,0,0,0,0,0
REC-02185,0,1,0,0,0,0,0,1,1,0,0,0,2,0,0,0,0,0,0
REC-02186,0,1,0,0,0,0,0,0,0,1,1,0,22,0,0,0,0,0,1
REC-02187,0,1,0,0,0,0,0,0,0,0,0,0,26,0,0,0,0,0,0
REC-02188,0,1,0,0,0,0,0,0,0,0,0,0,0,0,0,0,0,0,0
REC-02189,0,1,0,0,0,0,0,0,0,0,0,1,0,0,0,0,0,0,1
REC-02190,1,0,0,0,0,0,0,0,0,0,0,0,3,0,0,1,1,0,0
REC-02191,0,1,0,0,0,0,0,1,1,0,0,0,27,0,0,0,0,0,0
REC-02192,1,0,0,0,0,0,0,0,0,0,0,0,21,0,0,1,1,0,0
REC-02193,0,1,0,0,0,0,0,0,0,0,0,0,0,0,0,0,0,0,0
REC-02194,0,1,0,0,0,0,0,0,0,0,0,0,13,0,0,0,0,0,0
REC-02195,1,0,0,0,0,0,0,0,0,0,0,0,22,0,0,1,1,0,0
REC-02196,0,1,0,0,0,0,0,0,0,1,1,0,6,0,0,0,0,0,1
REC-02197,0,1,0,0,0,0,0,0,0,0,0,0,17,0,0,0,0,0,0
REC-02198,0,1,0,0,0,1,1,0,0,0,0,0,0,0,0,0,0,1,0
REC-02199,0,1,1,1,0,0,0,0,0,0,0,0,22,0,0,1,0,0,0
REC-02200,0,1,0,0,0,0,0,1,1,0,0,0,1,0,0,0,0,0,0
REC-02201,0,1,1,1,0,0,0,0,0,0,0,0,3,0,0,1,0,0,0
REC-02202,1,0,0,0,0,0,0,0,0,0,0,0,7,0,0,1,1,0,0
REC-02203,0,1,0,0,0,0,0,0,0,0,0,0,29,0,0,0,0,0,0
REC-02204,0,1,0,0,0,0,0,0,0,0,0,0,14,0,0,0,0,0,0
REC-02205,0,1,0,0,0,0,0,0,0,0,0,0,7,0,0,0,0,0,0
REC-02206,0,1,0,0,0,0,0,0,0,1,1,0,27,0,0,0,0,0,1
REC-02207,0,1,0,0,0,0,0,0,0,0,0,0,5,0,0,0,0,0,0
REC-02208,0,1,0,1,1,0,0,0,0,0,0,0,29,0,0,1,1,0,0
REC-02209,1,0,0,0,0,0,0,0,0,0,0,0,6,0,0,1,1,0,0
REC-02210,0,1,0,0,0,0,0,0,0,0,0,0,29,0,0,0,0,0,0
REC-02211,0,1,0,0,0,0,0,0,0,0,0,0,328,1,1,0,0,1,0
REC-02212,0,1,0,0,0,0,0,0,0,0,0,0,19,0,0,0,0,0,0
REC-02213,1,0,0,0,0,0,0,0,0,0,0,0,29,0,0,1,1,0,0
REC-02214,0,1,0,0,0,0,0,0,0,0,0,0,16,0,0,0,0,0,0
REC-02215,1,0,0,0,0,0,0,0,0,0,0,0,21,0,0,1,1,0,0
REC-02216,0,1,0,0,0,0,0,0,0,0,0,0,20,0,0,0,0,0,0
REC-02217,0,1,0,0,0,0,0,0,0,0,0,1,9,0,0,0,0,0,1
REC-02218,0,1,0,0,0,0,0,0,0,0,0,0,21,0,0,0,0,0,0
REC-02219,0,1,0,0,0,0,0,0,0,0,0,0,4,0,0,0,0,0,0
REC-02220,0,1,0,0,0,0,0,1,1,0,0,0,5,0,0,0,0,0,0
REC-02221,0,1,1,1,0,0,0,0,0,0,0,0,6,0,0,1,0,0,0
REC-02222,0,1,0,0,0,0,0,1,1,0,0,0,16,0,0,0,0,0,0
REC-02223,0,1,0,0,0,0,0,0,0,0,0,0,11,0,0,0,0,0,0
REC-02224,0,1,0,0,0,0,0,0,0,0,0,0,21,0,0,0,0,0,0
REC-02225,0,1,0,0,0,1,1,0,0,0,0,0,12,0,0,0,0,1,0
REC-02226,0,1,0,0,0,0,0,0,0,0,0,1,29,0,0,0,0,0,1
REC-02227,0,1,0,0,0,0,0,0,0,0,0,0,2,0,0,0,0,0,0
REC-02228,1,0,0,0,0,0,0,0,0,0,0,0,24,0,0,1,1,0,0
REC-02229,1,0,0,0,0,0,0,0,0,0,0,0,12,0,0,1,1,0,0
REC-02230,0,1,0,0,0,0,0,0,0,0,0,0,18,0,0,0,0,0,0
REC-02231,0,1,1,1,0,0,0,0,0,0,0,0,28,0,0,1,0,0,0
REC-02232,0,1,0,0,0,0,0,0,0,0,0,0,11,0,0,0,0,0,0
REC-02233,0,1,0,0,0,0,0,0,0,0,0,0,25,0,0,0,0,0,0
REC-02234,0,1,0,0,0,0,0,0,0,0,0,0,7,0,0,0,0,0,0
REC-02235,0,1,0,0,0,0,0,1,1,0,0,0,25,0,0,0,0,0,0
REC-02236,0,1,1,1,0,0,0,0,0,0,0,0,4,0,0,1,0,0,0
REC-02237,0,1,0,0,0,0,0,0,0,0,0,1,20,0,0,0,0,0,1
REC-02238,0,1,0,0,0,0,0,0,0,0,0,0,3,0,0,0,0,0,0
REC-02239,0,1,0,1,1,0,0,0,0,0,0,0,16,0,0,1,1,0,0
REC-02240,0,1,0,0,0,0,0,0,0,0,0,0,27,0,0,0,0,0,0
REC-02241,1,0,0,0,0,0,0,0,0,0,0,0,14,0,0,1,1,0,0
REC-02242,0,1,0,0,0,0,0,0,0,0,0,0,17,0,0,0,0,0,0
REC-02243,0,1,0,0,0,0,0,0,0,1,1,0,26,0,0,0,0,0,1
REC-02244,0,1,0,1,1,0,0,0,0,0,0,0,24,0,0,1,1,0,0
REC-02245,0,1,0,0,0,0,0,0,0,0,0,0,7,0,0,0,0,0,0
REC-02246,0,1,0,1,1,0,0,0,0,0,0,0,26,0,0,1,1,0,0
REC-02247,0,1,0,0,0,1,1,0,0,0,0,0,21,0,0,0,0,1,0
REC-02248,0,1,0,1,0,0,0,0,0,0,0,0,11,0,0,1,0,0,0
REC-02249,0,1,0,0,0,0,0,0,0,0,0,0,248,1,1,0,0,1,0
REC-02250,0,1,0,0,0,0,0,0,0,0,0,0,6,0,0,0,0,0,0
REC-02251,0,1,0,0,0,1,1,0,0,0,0,0,17,0,0,0,0,1,0
REC-02252,0,1,0,0,0,0,0,0,0,0,0,1,14,0,0,0,0,0,1
REC-02253,0,1,0,0,0,0,0,0,0,0,0,0,4,0,0,0,0,0,0
REC-02254,1,0,0,0,0,0,0,0,0,0,0,0,0,0,0,1,1,0,0
REC-02255,0,1,0,0,0,0,0,0,0,0,0,1,19,0,0,0,0,0,1
REC-02256,0,1,0,0,0,0,0,0,0,0,0,0,0,0,0,0,0,0,0
REC-02257,0,1,0,0,0,0,0,0,0,0,0,0,2,0,0,0,0,0,0
REC-02258,0,1,0,0,0,0,0,0,0,1,1,0,18,0,0,0,0,0,1
REC-02259,0,1,0,1,0,0,0,0,0,0,0,0,30,0,0,1,0,0,0
REC-02260,0,1,0,0,0,1,1,0,0,0,0,0,30,0,0,0,0,1,0
REC-02261,0,1,1,1,0,0,0,0,0,0,0,0,0,0,0,1,0,0,0
REC-02262,0,1,0,0,0,0,0,0,0,0,0,0,21,0,0,0,0,0,0
REC-02263,0,1,0,0,0,0,0,0,0,0,0,0,19,0,0,0,0,0,0
REC-02264,0,1,0,0,0,0,0,0,0,0,0,1,29,0,0,0,0,0,1
REC-02265,0,1,0,1,0,0,0,0,0,0,0,0,7,0,0,1,0,0,0
REC-02266,0,1,1,1,0,0,0,0,0,0,0,0,27,0,0,1,0,0,0
REC-02267,1,0,0,0,0,0,0,0,0,0,0,0,22,0,0,1,1,0,0
REC-02268,0,1,0,0,0,1,1,0,0,0,0,0,30,0,0,0,0,1,0
REC-02269,0,1,0,0,0,0,0,0,0,0,0,0,16,0,0,0,0,0,0
REC-02270,0,1,0,0,0,0,0,0,0,0,0,0,334,1,1,0,0,1,0
REC-02271,0,1,0,0,0,1,1,0,0,0,0,0,23,0,0,0,0,1,0
REC-02272,0,1,0,0,0,0,0,0,0,0,0,0,10,0,0,0,0,0,0
REC-02273,0,1,0,0,0,0,0,0,0,0,0,0,19,0,0,0,0,0,0
REC-02274,0,1,0,0,0,0,0,0,0,0,0,0,6,0,0,0,0,0,0
REC-02275,0,1,0,0,0,0,0,0,0,0,0,0,22,0,0,0,0,0,0
REC-02276,0,1,0,0,0,0,0,0,0,0,0,0,27,0,0,0,0,0,0
REC-02277,0,1,0,0,0,0,0,0,0,0,0,0,13,0,0,0,0,0,0
REC-02278,0,1,0,0,0,0,0,0,0,0,0,0,9,0,0,0,0,0,0
REC-02279,0,1,0,0,0,1,1,0,0,0,0,0,5,0,0,0,0,1,0
REC-02280,1,0,0,0,0,0,0,0,0,0,0,0,9,0,0,1,1,0,0
REC-02281,0,1,0,0,0,1,1,0,0,0,0,0,28,0,0,0,0,1,0
REC-02282,0,1,0,1,1,0,0,0,0,0,0,0,21,0,0,1,1,0,0
REC-02283,0,1,0,0,0,0,0,0,0,0,0,0,25,0,0,0,0,0,0
REC-02284,1,0,0,0,0,0,0,0,0,0,0,0,0,0,0,1,1,0,0
REC-02285,0,1,1,1,0,0,0,0,0,0,0,0,0,0,0,1,0,0,0
REC-02286,0,1,0,1,0,0,0,0,0,0,0,0,4,0,0,1,0,0,0
REC-02287,0,1,0,0,0,0,0,0,0,0,0,0,99,1,1,0,0,1,0
REC-02288,0,1,0,0,0,0,0,1,1,0,0,0,11,0,0,0,0,0,0
REC-02289,0,1,1,1,0,0,0,0,0,0,0,0,6,0,0,1,0,0,0
REC-02290,1,0,0,0,0,0,0,0,0,0,0,0,30,0,0,1,1,0,0
REC-02291,0,1,0,0,0,0,0,0,0,1,1,0,4,0,0,0,0,0,1
REC-02292,0,1,0,0,0,0,0,0,0,0,0,0,0,0,0,0,0,0,0
REC-02293,0,1,0,0,0,1,1,0,0,0,0,0,27,0,0,0,0,1,0
REC-02294,0,1,0,0,0,0,0,0,0,1,1,0,27,0,0,0,0,0,1
REC-02295,0,1,0,0,0,0,0,0,0,0,0,0,0,0,0,0,0,0,0
REC-02296,1,0,0,0,0,0,0,0,0,0,0,0,13,0,0,1,1,0,0
REC-02297,0,1,0,0,0,1,1,0,0,0,0,0,10,0,0,0,0,1,0
REC-02298,0,1,0,0,0,0,0,0,0,0,0,0,26,0,0,0,0,0,0
REC-02299,0,1,0,0,0,0,0,0,0,0,0,0,108,1,1,0,0,1,0
REC-02300,0,1,1,1,0,0,0,0,0,0,0,0,8,0,0,1,0,0,0
REC-02301,0,1,1,1,0,0,0,0,0,0,0,0,23,0,0,1,0,0,0
REC-02302,0,1,0,0,0,0,0,0,0,0,0,0,237,1,1,0,0,1,0
REC-02303,0,1,0,0,0,1,1,0,0,0,0,0,27,0,0,0,0,1,0
REC-02304,1,0,0,0,0,0,0,0,0,0,0,0,20,0,0,1,1,0,0
REC-02305,0,1,0,0,0,0,0,0,0,1,1,0,9,0,0,0,0,0,1
REC-02306,0,1,0,0,0,1,1,0,0,0,0,0,27,0,0,0,0,1,0
REC-02307,0,1,0,0,0,1,1,0,0,0,0,0,10,0,0,0,0,1,0
REC-02308,0,1,0,0,0,1,1,0,0,0,0,0,9,0,0,0,0,1,0
REC-02309,0,1,0,0,0,0,0,0,0,0,0,0,17,0,0,0,0,0,0
REC-02310,1,0,0,0,0,0,0,0,0,0,0,0,8,0,0,1,1,0,0
REC-02311,0,1,0,0,0,0,0,0,0,0,0,0,24,0,0,0,0,0,0
REC-02312,0,1,0,0,0,0,0,0,0,0,0,0,24,0,0,0,0,0,0
REC-02313,0,1,0,0,0,0,0,0,0,0,0,0,8,0,0,0,0,0,0
REC-02314,1,0,0,0,0,0,0,0,0,0,0,0,4,0,0,1,1,0,0
REC-02315,0,1,0,0,0,0,0,0,0,0,0,0,327,1,1,0,0,1,0
REC-02316,0,1,1,1,0,0,0,0,0,0,0,0,22,0,0,1,0,0,0
REC-02317,0,1,0,0,0,0,0,0,0,0,0,1,24,0,0,0,0,0,1
REC-02318,0,1,0,0,0,0,0,0,0,0,0,0,12,0,0,0,0,0,0
REC-02319,0,1,0,0,0,0,0,1,1,0,0,0,23,0,0,0,0,0,0
REC-02320,0,1,0,0,0,0,0,0,0,0,0,0,10,0,0,0,0,0,0
REC-02321,0,1,0,0,0,0,0,0,0,1,1,0,3,0,0,0,0,0,1
REC-02322,0,1,0,1,0,0,0,0,0,0,0,0,25,0,0,1,0,0,0
REC-02323,1,0,0,0,0,0,0,0,0,0,0,0,16,0,0,1,1,0,0
REC-02324,0,1,0,0,0,0,0,0,0,0,0,0,158,1,1,0,0,1,0
REC-02325,0,1,0,0,0,0,0,0,0,0,0,0,16,0,0,0,0,0,0
REC-02326,0,1,0,0,0,0,0,0,0,0,0,1,20,0,0,0,0,0,1
REC-02327,0,1,0,1,1,0,0,0,0,0,0,0,10,0,0,1,1,0,0
REC-02328,1,0,0,0,0,0,0,0,0,0,0,0,15,0,0,1,1,0,0
REC-02329,0,1,0,0,0,0,0,0,0,0,0,0,22,0,0,0,0,0,0
REC-02330,0,1,0,0,0,0,0,0,0,0,0,0,27,0,0,0,0,0,0
REC-02331,0,1,0,0,0,0,0,0,0,0,0,0,19,0,0,0,0,0,0
REC-02332,0,1,0,0,0,0,0,0,0,0,0,0,22,0,0,0,0,0,0
REC-02333,0,1,0,0,0,0,0,0,0,1,1,0,9,0,0,0,0,0,1
REC-02334,0,1,1,1,0,0,0,0,0,0,0,0,12,0,0,1,0,0,0
REC-02335,0,1,0,0,0,0,0,0,0,0,0,0,24,0,0,0,0,0,0
REC-02336,0,1,0,0,0,0,0,0,0,0,0,0,26,0,0,0,0,0,0
REC-02337,0,1,0,0,0,0,0,0,0,0,0,0,13,0,0,0,0,0,0
REC-02338,0,1,0,0,0,1,1,0,0,0,0,0,22,0,0,0,0,1,0
REC-02339,0,1,0,0,0,0,0,0,0,0,0,1,14,0,0,0,0,0,1
REC-02340,1,0,0,0,0,0,0,0,0,0,0,0,16,0,0,1,1,0,0
REC-02341,0,1,0,0,0,0,0,0,0,0,0,0,22,0,0,0,0,0,0
REC-02342,0,1,0,0,0,0,0,0,0,0,0,0,23,0,0,0,0,0,0
REC-02343,0,1,0,0,0,1,1,0,0,0,0,0,6,0,0,0,0,1,0
REC-02344,0,1,0,0,0,0,0,0,0,0,0,0,27,0,0,0,0,0,0
REC-02345,0,1,0,1,0,0,0,0,0,0,0,0,16,0,0,1,0,0,0
REC-02346,0,1,0,0,0,0,0,0,0,0,0,0,29,0,0,0,0,0,0
REC-02347,0,1,0,0,0,0,0,0,0,0,0,0,5,0,0,0,0,0,0
REC-02348,0,1,0,0,0,0,0,0,0,0,0,0,13,0,0,0,0,0,0
REC-02349,0,1,0,0,0,0,0,0,0,1,1,0,6,0,0,0,0,0,1
REC-02350,0,1,0,0,0,1,1,0,0,0,0,0,13,0,0,0,0,1,0
REC-02351,1,0,0,0,0,0,0,0,0,0,0,0,14,0,0,1,1,0,0
REC-02352,0,1,0,0,0,0,0,1,1,0,0,0,0,0,0,0,0,0,0
REC-02353,0,1,0,0,0,0,0,1,1,0,0,0,20,0,0,0,0,0,0
REC-02354,1,0,0,0,0,0,0,0,0,0,0,0,8,0,0,1,1,0,0
REC-02355,0,1,1,1,0,0,0,0,0,0,0,0,1,0,0,1,0,0,0
REC-02356,0,1,0,0,0,0,0,0,0,0,0,1,10,0,0,0,0,0,1
REC-02357,0,1,0,0,0,0,0,0,0,0,0,0,27,0,0,0,0,0,0
REC-02358,0,1,0,0,0,0,0,0,0,0,0,0,12,0,0,0,0,0,0
REC-02359,0,1,0,0,0,0,0,0,0,0,0,0,17,0,0,0,0,0,0
REC-02360,0,1,0,0,0,0,0,0,0,1,1,0,11,0,0,0,0,0,1
REC-02361,0,1,0,0,0,0,0,0,0,0,0,0,6,0,0,0,0,0,0
REC-02362,0,1,0,0,0,0,0,0,0,0,0,0,18,0,0,0,0,0,0
REC-02363,0,1,0,0,0,0,0,0,0,0,0,0,8,0,0,0,0,0,0
REC-02364,0,1,1,1,0,0,0,0,0,0,0,0,19,0,0,1,0,0,0
REC-02365,0,1,0,0,0,0,0,0,0,0,0,0,11,0,0,0,0,0,0
REC-02366,0,1,0,0,0,0,0,0,0,0,0,0,223,1,1,0,0,1,0
REC-02367,0,1,0,0,0,1,1,0,0,0,0,0,7,0,0,0,0,1,0
REC-02368,0,1,0,0,0,0,0,0,0,0,0,0,24,0,0,0,0,0,0
REC-02369,0,1,0,0,0,1,1,0,0,0,0,0,15,0,0,0,0,1,0
REC-02370,0,1,0,0,0,0,0,0,0,0,0,0,285,1,1,0,0,1,0
REC-02371,0,1,0,0,0,0,0,0,0,0,0,0,18,0,0,0,0,0,0
REC-02372,0,1,0,0,0,0,0,0,0,0,0,0,29,0,0,0,0,0,0
REC-02373,1,0,0,0,0,0,0,0,0,0,0,0,29,0,0,1,1,0,0
REC-02374,0,1,0,0,0,0,0,0,0,0,0,0,222,1,1,0,0,1,0
REC-02375,1,0,0,0,0,0,0,0,0,0,0,0,20,0,0,1,1,0,0
REC-02376,0,1,0,0,0,0,0,0,0,1,1,0,4,0,0,0,0,0,1
REC-02377,1,0,0,0,0,0,0,0,0,0,0,0,28,0,0,1,1,0,0
REC-02378,0,1,0,0,0,0,0,1,1,0,0,0,3,0,0,0,0,0,0
REC-02379,0,1,0,0,0,0,0,0,0,0,0,0,9,0,0,0,0,0,0
REC-02380,0,1,0,0,0,1,1,0,0,0,0,0,14,0,0,0,0,1,0
REC-02381,0,1,0,0,0,1,1,0,0,0,0,0,6,0,0,0,0,1,0
REC-02382,0,1,1,1,0,0,0,0,0,0,0,0,14,0,0,1,0,0,0
REC-02383,0,1,0,0,0,0,0,0,0,1,1,0,28,0,0,0,0,0,1
REC-02384,0,1,0,0,0,0,0,1,1,0,0,0,12,0,0,0,0,0,0
REC-02385,0,1,0,0,0,0,0,0,0,1,1,0,27,0,0,0,0,0,1
REC-02386,0,1,0,0,0,0,0,0,0,1,1,0,21,0,0,0,0,0,1
REC-02387,0,1,0,0,0,0,0,0,0,1,1,0,11,0,0,0,0,0,1
REC-02388,0,1,0,0,0,0,0,0,0,0,0,0,27,0,0,0,0,0,0
REC-02389,0,1,0,1,0,0,0,0,0,0,0,0,20,0,0,1,0,0,0
REC-02390,0,1,0,1,1,0,0,0,0,0,0,0,4,0,0,1,1,0,0
REC-02391,0,1,0,0,0,0,0,0,0,0,0,0,21,0,0,0,0,0,0
REC-02392,1,0,0,0,0,0,0,0,0,0,0,0,8,0,0,1,1,0,0
REC-02393,0,1,0,1,0,0,0,0,0,0,0,0,18,0,0,1,0,0,0
REC-02394,0,1,0,1,1,0,0,0,0,0,0,0,8,0,0,1,1,0,0
REC-02395,0,1,0,0,0,0,0,0,0,1,1,0,1,0,0,0,0,0,1
REC-02396,0,1,0,0,0,0,0,0,0,0,0,0,30,0,0,0,0,0,0
REC-02397,0,1,0,0,0,0,0,0,0,1,1,0,21,0,0,0,0,0,1
REC-02398,0,1,0,0,0,0,0,0,0,0,0,0,27,0,0,0,0,0,0
REC-02399,0,1,0,0,0,0,0,0,0,0,0,0,6,0,0,0,0,0,0
REC-02400,0,1,0,0,0,0,0,0,0,0,0,0,13,0,0,0,0,0,0
REC-02401,0,1,0,0,0,0,0,0,0,0,0,0,5,0,0,0,0,0,0
REC-02402,0,1,0,0,0,0,0,0,0,1,1,0,11,0,0,0,0,0,1
REC-02403,0,1,0,0,0,0,0,0,0,0,0,0,24,0,0,0,0,0,0
REC-02404,0,1,0,0,0,0,0,0,0,0,0,0,1,0,0,0,0,0,0
REC-02405,1,0,0,0,0,0,0,0,0,0,0,0,26,0,0,1,1,0,0
REC-02406,0,1,0,0,0,0,0,0,0,0,0,0,26,0,0,0,0,0,0
REC-02407,0,1,0,0,0,0,0,0,0,1,1,0,28,0,0,0,0,0,1
REC-02408,0,1,0,0,0,1,1,0,0,0,0,0,8,0,0,0,0,1,0
REC-02409,0,1,1,1,0,0,0,0,0,0,0,0,0,0,0,1,0,0,0
REC-02410,0,1,0,0,0,0,0,0,0,0,0,0,24,0,0,0,0,0,0
REC-02411,1,0,0,0,0,0,0,0,0,0,0,0,18,0,0,1,1,0,0
REC-02412,0,1,0,0,0,0,0,0,0,0,0,0,10,0,0,0,0,0,0
REC-02413,0,1,0,0,0,0,0,0,0,0,0,0,17,0,0,0,0,0,0
REC-02414,0,1,0,0,0,0,0,1,1,0,0,0,10,0,0,0,0,0,0
REC-02415,0,1,0,0,0,0,0,0,0,0,0,0,8,0,0,0,0,0,0
REC-02416,0,1,0,0,0,1,1,0,0,0,0,0,10,0,0,0,0,1,0
REC-02417,0,1,0,0,0,0,0,0,0,0,0,0,22,0,0,0,0,0,0
REC-02418,0,1,0,0,0,0,0,0,0,0,0,0,18,0,0,0,0,0,0
REC-02419,0,1,0,0,0,0,0,0,0,0,0,0,249,1,1,0,0,1,0
REC-02420,0,1,0,0,0,0,0,0,0,0,0,0,23,0,0,0,0,0,0
REC-02421,0,1,0,0,0,0,0,0,0,0,0,0,4,0,0,0,0,0,0
REC-02422,0,1,0,1,0,0,0,0,0,0,0,0,7,0,0,1,0,0,0
REC-02423,0,1,0,0,0,0,0,0,0,0,0,1,6,0,0,0,0,0,1
REC-02424,1,0,0,0,0,0,0,0,0,0,0,0,26,0,0,1,1,0,0
REC-02425,0,1,0,0,0,0,0,0,0,1,1,0,14,0,0,0,0,0,1
REC-02426,1,0,0,0,0,0,0,0,0,0,0,0,22,0,0,1,1,0,0
REC-02427,0,1,0,0,0,0,0,0,0,0,0,1,22,0,0,0,0,0,1
REC-02428,0,1,1,1,0,0,0,0,0,0,0,0,20,0,0,1,0,0,0
REC-02429,0,1,0,0,0,0,0,0,0,0,0,0,9,0,0,0,0,0,0
REC-02430,0,1,0,0,0,0,0,0,0,0,0,0,23,0,0,0,0,0,0
REC-02431,0,1,0,0,0,0,0,0,0,0,0,1,13,0,0,0,0,0,1
REC-02432,0,1,0,0,0,0,0,0,0,0,0,0,1,0,0,0,0,0,0
REC-02433,0,1,0,0,0,0,0,0,0,0,0,0,2,0,0,0,0,0,0
REC-02434,0,1,0,0,0,0,0,0,0,0,0,0,20,0,0,0,0,0,0
REC-02435,0,1,1,1,0,0,0,0,0,0,0,0,20,0,0,1,0,0,0
REC-02436,0,1,0,0,0,0,0,0,0,0,0,0,118,1,1,0,0,1,0
REC-02437,0,1,0,0,0,0,0,0,0,0,0,0,276,1,1,0,0,1,0
REC-02438,0,1,0,0,0,0,0,0,0,1,1,0,23,0,0,0,0,0,1
REC-02439,0,1,0,0,0,0,0,0,0,0,0,0,9,0,0,0,0,0,0
REC-02440,0,1,0,0,0,1,1,0,0,0,0,0,2,0,0,0,0,1,0
REC-02441,0,1,0,0,0,0,0,0,0,0,0,0,25,0,0,0,0,0,0
REC-02442,1,0,0,0,0,0,0,0,0,0,0,0,26,0,0,1,1,0,0
REC-02443,0,1,0,1,1,0,0,0,0,0,0,0,20,0,0,1,1,0,0
REC-02444,0,1,1,1,0,0,0,0,0,0,0,0,29,0,0,1,0,0,0
REC-02445,0,1,0,1,0,0,0,0,0,0,0,0,21,0,0,1,0,0,0
REC-02446,0,1,0,0,0,0,0,0,0,1,1,0,23,0,0,0,0,0,1
REC-02447,1,0,0,0,0,0,0,0,0,0,0,0,13,0,0,1,1,0,0
REC-02448,0,1,0,0,0,0,0,0,0,0,0,0,16,0,0,0,0,0,0
REC-02449,0,1,0,1,1,0,0,0,0,0,0,0,30,0,0,1,1,0,0
REC-02450,0,1,0,0,0,0,0,1,1,0,0,0,15,0,0,0,0,0,0
REC-02451,0,1,1,1,0,0,0,0,0,0,0,0,10,0,0,1,0,0,0
REC-02452,0,1,1,1,0,0,0,0,0,0,0,0,8,0,0,1,0,0,0
REC-02453,1,0,0,0,0,0,0,0,0,0,0,0,0,0,0,1,1,0,0
REC-02454,0,1,0,0,0,0,0,1,1,0,0,0,27,0,0,0,0,0,0
REC-02455,0,1,0,0,0,0,0,0,0,0,0,0,19,0,0,0,0,0,0
REC-02456,0,1,0,0,0,0,0,0,0,1,1,0,29,0,0,0,0,0,1
REC-02457,0,1,0,0,0,0,0,0,0,0,0,0,22,0,0,0,0,0,0
REC-02458,0,1,0,0,0,0,0,0,0,0,0,0,243,1,1,0,0,1,0
REC-02459,0,1,0,0,0,0,0,0,0,0,0,0,8,0,0,0,0,0,0
REC-02460,0,1,0,0,0,0,0,0,0,0,0,0,259,1,1,0,0,1,0
REC-02461,0,1,0,0,0,1,1,0,0,0,0,0,30,0,0,0,0,1,0
REC-02462,0,1,0,0,0,0,0,0,0,0,0,0,12,0,0,0,0,0,0
REC-02463,0,1,0,0,0,0,0,0,0,0,0,0,10,0,0,0,0,0,0
REC-02464,0,1,0,0,0,0,0,0,0,0,0,0,27,0,0,0,0,0,0
REC-02465,0,1,0,0,0,0,0,0,0,1,1,0,26,0,0,0,0,0,1
REC-02466,0,1,0,0,0,0,0,0,0,0,0,0,7,0,0,0,0,0,0
REC-02467,0,1,0,0,0,0,0,0,0,0,0,0,29,0,0,0,0,0,0
REC-02468,0,1,0,1,1,0,0,0,0,0,0,0,0,0,0,1,1,0,0
REC-02469,0,1,0,0,0,0,0,1,1,0,0,0,30,0,0,0,0,0,0
REC-02470,0,1,0,0,0,0,0,0,0,0,0,0,22,0,0,0,0,0,0
REC-02471,0,1,0,0,0,0,0,0,0,1,1,0,29,0,0,0,0,0,1
REC-02472,0,1,0,0,0,0,0,0,0,0,0,0,148,1,1,0,0,1,0
REC-02473,0,1,1,1,0,0,0,0,0,0,0,0,10,0,0,1,0,0,0
REC-02474,0,1,0,0,0,0,0,0,0,0,0,0,27,0,0,0,0,0,0
REC-02475,0,1,0,0,0,0,0,0,0,0,0,0,0,0,0,0,0,0,0
REC-02476,0,1,0,0,0,0,0,0,0,0,0,0,10,0,0,0,0,0,0
REC-02477,0,1,0,0,0,0,0,0,0,0,0,0,28,0,0,0,0,0,0
REC-02478,0,1,1,1,0,0,0,0,0,0,0,0,3,0,0,1,0,0,0
REC-02479,0,1,1,1,0,0,0,0,0,0,0,0,24,0,0,1,0,0,0
REC-02480,0,1,1,1,0,0,0,0,0,0,0,0,1,0,0,1,0,0,0
REC-02481,0,1,0,0,0,0,0,0,0,0,0,0,5,0,0,0,0,0,0
REC-02482,0,1,0,0,0,0,0,0,0,0,0,0,18,0,0,0,0,0,0
REC-02483,0,1,0,0,0,0,0,0,0,0,0,1,27,0,0,0,0,0,1
REC-02484,0,1,0,0,0,0,0,0,0,0,0,0,23,0,0,0,0,0,0
REC-02485,0,1,1,1,0,0,0,0,0,0,0,0,2,0,0,1,0,0,0
REC-02486,0,1,0,1,1,0,0,0,0,0,0,0,17,0,0,1,1,0,0
REC-02487,0,1,0,1,1,0,0,0,0,0,0,0,26,0,0,1,1,0,0
REC-02488,0,1,0,0,0,0,0,1,1,0,0,0,1,0,0,0,0,0,0
REC-02489,0,1,0,0,0,0,0,0,0,0,0,0,12,0,0,0,0,0,0
REC-02490,0,1,0,0,0,0,0,0,0,0,0,0,12,0,0,0,0,0,0
REC-02491,0,1,0,0,0,0,0,0,0,0,0,0,9,0,0,0,0,0,0
REC-02492,0,1,0,1,1,0,0,0,0,0,0,0,2,0,0,1,1,0,0
REC-02493,1,0,0,0,0,0,0,0,0,0,0,0,8,0,0,1,1,0,0
REC-02494,0,1,0,0,0,0,0,0,0,0,0,0,24,0,0,0,0,0,0
REC-02495,0,1,0,0,0,0,0,1,1,0,0,0,14,0,0,0,0,0,0
REC-02496,0,1,0,0,0,0,0,0,0,0,0,0,194,1,1,0,0,1,0
REC-02497,0,1,1,1,0,0,0,0,0,0,0,0,8,0,0,1,0,0,0
REC-02498,0,1,0,0,0,0,0,0,0,0,0,0,20,0,0,0,0,0,0
REC-02499,0,1,0,0,0,0,0,1,1,0,0,0,25,0,0,0,0,0,0
REC-02500,0,1,0,0,0,0,0,0,0,0,0,0,129,1,1,0,0,1,0
REC-02501,0,1,0,0,0,0,0,0,0,1,1,0,12,0,0,0,0,0,1
REC-02502,0,1,0,0,0,1,1,0,0,0,0,0,3,0,0,0,0,1,0
REC-02503,0,1,0,0,0,0,0,0,0,0,0,0,127,1,1,0,0,1,0
REC-02504,0,1,0,0,0,0,0,0,0,0,0,0,16,0,0,0,0,0,0
REC-02505,0,1,0,0,0,0,0,0,0,0,0,0,30,0,0,0,0,0,0
REC-02506,0,1,0,0,0,0,0,0,0,0,0,0,4,0,0,0,0,0,0
REC-02507,0,1,0,0,0,0,0,0,0,0,0,0,25,0,0,0,0,0,0
REC-02508,0,1,0,0,0,0,0,0,0,0,0,0,21,0,0,0,0,0,0
REC-02509,0,1,0,0,0,1,1,0,0,0,0,0,27,0,0,0,0,1,0
REC-02510,0,1,0,0,0,0,0,0,0,0,0,0,185,1,1,0,0,1,0
REC-02511,0,1,0,0,0,0,0,0,0,0,0,0,9,0,0,0,0,0,0
REC-02512,0,1,0,0,0,0,0,0,0,0,0,0,10,0,0,0,0,0,0
REC-02513,0,1,0,0,0,0,0,0,0,0,0,0,27,0,0,0,0,0,0
REC-02514,0,1,0,0,0,0,0,0,0,0,0,0,26,0,0,0,0,0,0
REC-02515,0,1,0,0,0,0,0,0,0,0,0,0,26,0,0,0,0,0,0
REC-02516,0,1,0,0,0,0,0,0,0,0,0,0,21,0,0,0,0,0,0
REC-02517,0,1,0,0,0,0,0,0,0,0,0,0,331,1,1,0,0,1,0
REC-02518,0,1,0,0,0,0,0,0,0,0,0,0,1,0,0,0,0,0,0
REC-02519,1,0,0,0,0,0,0,0,0,0,0,0,11,0,0,1,1,0,0
REC-02520,0,1,0,0,0,0,0,0,0,0,0,0,16,0,0,0,0,0,0
REC-02521,1,0,0,0,0,0,0,0,0,0,0,0,6,0,0,1,1,0,0
REC-02522,0,1,0,0,0,0,0,1,1,0,0,0,4,0,0,0,0,0,0
REC-02523,0,1,0,0,0,1,1,0,0,0,0,0,27,0,0,0,0,1,0
REC-02524,0,1,0,0,0,0,0,0,0,0,0,1,24,0,0,0,0,0,1
REC-02525,0,1,0,0,0,0,0,1,1,0,0,0,27,0,0,0,0,0,0
REC-02526,0,1,0,0,0,0,0,1,1,0,0,0,5,0,0,0,0,0,0
REC-02527,0,1,0,0,0,1,1,0,0,0,0,0,8,0,0,0,0,1,0
REC-02528,0,1,0,0,0,0,0,0,0,0,0,0,18,0,0,0,0,0,0
REC-02529,0,1,0,0,0,0,0,0,0,0,0,0,22,0,0,0,0,0,0
REC-02530,0,1,0,0,0,0,0,0,0,0,0,0,13,0,0,0,0,0,0
REC-02531,0,1,0,0,0,0,0,0,0,0,0,0,10,0,0,0,0,0,0
REC-02532,0,1,0,0,0,0,0,0,0,0,0,0,3,0,0,0,0,0,0
REC-02533,0,1,0,1,0,0,0,0,0,0,0,0,22,0,0,1,0,0,0
REC-02534,0,1,0,0,0,0,0,0,0,1,1,0,27,0,0,0,0,0,1
REC-02535,0,1,0,0,0,0,0,0,0,0,0,1,15,0,0,0,0,0,1
REC-02536,0,1,0,0,0,0,0,0,0,0,0,0,6,0,0,0,0,0,0
REC-02537,0,1,0,0,0,0,0,0,0,0,0,0,3,0,0,0,0,0,0
REC-02538,0,1,0,0,0,0,0,1,1,0,0,0,24,0,0,0,0,0,0
REC-02539,0,1,0,0,0,0,0,0,0,0,0,0,269,1,1,0,0,1,0
REC-02540,0,1,1,1,0,0,0,0,0,0,0,0,22,0,0,1,0,0,0
REC-02541,0,1,0,0,0,0,0,0,0,0,0,0,6,0,0,0,0,0,0
REC-02542,0,1,0,0,0,0,0,0,0,0,0,0,24,0,0,0,0,0,0
REC-02543,0,1,0,0,0,0,0,0,0,1,1,0,18,0,0,0,0,0,1
REC-02544,0,1,0,0,0,1,1,0,0,0,0,0,13,0,0,0,0,1,0
REC-02545,0,1,0,0,0,0,0,0,0,1,1,0,16,0,0,0,0,0,1
REC-02546,0,1,0,0,0,0,0,0,0,0,0,0,24,0,0,0,0,0,0
REC-02547,0,1,0,0,0,0,0,0,0,0,0,0,4,0,0,0,0,0,0
REC-02548,0,1,0,0,0,0,0,0,0,0,0,0,166,1,1,0,0,1,0
REC-02549,0,1,0,0,0,0,0,0,0,0,0,0,13,0,0,0,0,0,0
REC-02550,0,1,0,0,0,0,0,0,0,0,0,0,15,0,0,0,0,0,0
REC-02551,0,1,0,0,0,0,0,0,0,0,0,0,349,1,1,0,0,1,0
REC-02552,1,0,0,0,0,0,0,0,0,0,0,0,23,0,0,1,1,0,0
REC-02553,0,1,0,0,0,0,0,0,0,0,0,0,6,0,0,0,0,0,0
REC-02554,0,1,0,0,0,0,0,0,0,0,0,1,13,0,0,0,0,0,1
REC-02555,0,1,0,0,0,0,0,0,0,0,0,1,19,0,0,0,0,0,1
REC-02556,0,1,0,0,0,0,0,0,0,0,0,0,10,0,0,0,0,0,0
REC-02557,0,1,0,0,0,0,0,0,0,0,0,1,13,0,0,0,0,0,1
REC-02558,1,0,0,0,0,0,0,0,0,0,0,0,29,0,0,1,1,0,0
REC-02559,0,1,0,0,0,0,0,0,0,0,0,0,7,0,0,0,0,0,0
REC-02560,1,0,0,0,0,0,0,0,0,0,0,0,16,0,0,1,1,0,0
REC-02561,0,1,0,0,0,0,0,0,0,0,0,1,13,0,0,0,0,0,1
REC-02562,0,1,0,0,0,0,0,0,0,0,0,0,15,0,0,0,0,0,0
REC-02563,0,1,0,0,0,0,0,0,0,0,0,0,11,0,0,0,0,0,0
REC-02564,0,1,0,1,0,0,0,0,0,0,0,0,17,0,0,1,0,0,0
REC-02565,0,1,0,0,0,0,0,0,0,1,1,0,20,0,0,0,0,0,1
REC-02566,0,1,0,0,0,0,0,1,1,0,0,0,18,0,0,0,0,0,0
REC-02567,0,1,0,0,0,1,1,0,0,0,0,0,14,0,0,0,0,1,0
REC-02568,0,1,0,0,0,0,0,0,0,0,0,0,146,1,1,0,0,1,0
REC-02569,0,1,0,0,0,0,0,0,0,0,0,0,17,0,0,0,0,0,0
REC-02570,0,1,0,0,0,0,0,0,0,0,0,0,7,0,0,0,0,0,0
REC-02571,0,1,0,0,0,0,0,0,0,0,0,0,18,0,0,0,0,0,0
REC-02572,0,1,0,0,0,0,0,0,0,0,0,1,22,0,0,0,0,0,1
REC-02573,0,1,0,0,0,0,0,0,0,0,0,0,2,0,0,0,0,0,0
REC-02574,0,1,0,0,0,1,1,0,0,0,0,0,1,0,0,0,0,1,0
REC-02575,0,1,0,0,0,0,0,0,0,0,0,0,30,0,0,0,0,0,0
REC-02576,0,1,0,0,0,0,0,0,0,0,0,0,26,0,0,0,0,0,0
REC-02577,0,1,0,0,0,0,0,0,0,0,0,0,23,0,0,0,0,0,0
REC-02578,0,1,0,0,0,0,0,0,0,0,0,0,15,0,0,0,0,0,0
REC-02579,0,1,0,0,0,0,0,0,0,0,0,0,3,0,0,0,0,0,0
REC-02580,0,1,1,1,0,0,0,0,0,0,0,0,3,0,0,1,0,0,0
REC-02581,1,0,0,0,0,0,0,0,0,0,0,0,11,0,0,1,1,0,0
REC-02582,0,1,0,0,0,0,0,0,0,0,0,1,26,0,0,0,0,0,1
REC-02583,0,1,0,0,0,0,0,0,0,1,1,0,20,0,0,0,0,0,1
REC-02584,0,1,0,0,0,0,0,0,0,0,0,0,23,0,0,0,0,0,0
REC-02585,0,1,0,0,0,0,0,0,0,0,0,0,5,0,0,0,0,0,0
REC-02586,0,1,0,0,0,0,0,0,0,1,1,0,0,0,0,0,0,0,1
REC-02587,0,1,0,0,0,0,0,0,0,0,0,0,10,0,0,0,0,0,0
REC-02588,0,1,0,1,1,0,0,0,0,0,0,0,8,0,0,1,1,0,0
REC-02589,1,0,0,0,0,0,0,0,0,0,0,0,30,0,0,1,1,0,0
REC-02590,0,1,1,1,0,0,0,0,0,0,0,0,8,0,0,1,0,0,0
REC-02591,0,1,0,0,0,0,0,0,0,0,0,0,19,0,0,0,0,0,0
REC-02592,0,1,0,0,0,0,0,0,0,0,0,0,3,0,0,0,0,0,0
REC-02593,0,1,0,0,0,0,0,0,0,0,0,0,2,0,0,0,0,0,0
REC-02594,0,1,0,0,0,0,0,0,0,0,0,0,24,0,0,0,0,0,0
REC-02595,0,1,0,0,0,1,1,0,0,0,0,0,10,0,0,0,0,1,0
REC-02596,0,1,0,0,0,0,0,0,0,1,1,0,25,0,0,0,0,0,1
REC-02597,0,1,0,0,0,1,1,0,0,0,0,0,11,0,0,0,0,1,0
REC-02598,1,0,0,0,0,0,0,0,0,0,0,0,25,0,0,1,1,0,0
REC-02599,0,1,0,0,0,0,0,0,0,0,0,0,1,0,0,0,0,0,0
REC-02600,0,1,0,0,0,0,0,0,0,0,0,0,29,0,0,0,0,0,0
REC-02601,0,1,0,0,0,0,0,0,0,0,0,0,9,0,0,0,0,0,0
REC-02602,1,0,0,0,0,0,0,0,0,0,0,0,27,0,0,1,1,0,0
REC-02603,1,0,0,0,0,0,0,0,0,0,0,0,26,0,0,1,1,0,0
REC-02604,0,1,0,0,0,0,0,0,0,0,0,0,7,0,0,0,0,0,0
REC-02605,0,1,0,0,0,1,1,0,0,0,0,0,22,0,0,0,0,1,0
REC-02606,0,1,0,0,0,0,0,0,0,0,0,0,6,0,0,0,0,0,0
REC-02607,0,1,0,0,0,1,1,0,0,0,0,0,1,0,0,0,0,1,0
REC-02608,1,0,0,0,0,0,0,0,0,0,0,0,22,0,0,1,1,0,0
REC-02609,0,1,0,0,0,0,0,0,0,0,0,0,222,1,1,0,0,1,0
REC-02610,0,1,1,1,0,0,0,0,0,0,0,0,22,0,0,1,0,0,0
REC-02611,1,0,0,0,0,0,0,0,0,0,0,0,23,0,0,1,1,0,0
REC-02612,0,1,0,0,0,0,0,0,0,0,0,0,7,0,0,0,0,0,0
REC-02613,0,1,0,0,0,0,0,0,0,0,0,0,30,0,0,0,0,0,0
REC-02614,0,1,0,0,0,0,0,0,0,1,1,0,4,0,0,0,0,0,1
REC-02615,0,1,0,1,1,0,0,0,0,0,0,0,18,0,0,1,1,0,0
REC-02616,0,1,0,0,0,0,0,0,0,0,0,0,291,1,1,0,0,1,0
REC-02617,0,1,0,0,0,0,0,0,0,0,0,0,18,0,0,0,0,0,0
REC-02618,0,1,0,0,0,0,0,1,1,0,0,0,26,0,0,0,0,0,0
REC-02619,0,1,0,0,0,0,0,0,0,0,0,0,8,0,0,0,0,0,0
REC-02620,0,1,0,1,0,0,0,0,0,0,0,0,2,0,0,1,0,0,0
REC-02621,0,1,0,1,0,0,0,0,0,0,0,0,10,0,0,1,0,0,0
REC-02622,0,1,0,0,0,0,0,0,0,0,0,1,12,0,0,0,0,0,1
REC-02623,0,1,0,0,0,0,0,0,0,0,0,0,11,0,0,0,0,0,0
REC-02624,0,1,0,0,0,1,1,0,0,0,0,0,19,0,0,0,0,1,0
REC-02625,0,1,0,0,0,0,0,0,0,0,0,0,0,0,0,0,0,0,0
REC-02626,0,1,1,1,0,0,0,0,0,0,0,0,20,0,0,1,0,0,0
REC-02627,0,1,0,0,0,0,0,0,0,0,0,0,12,0,0,0,0,0,0
REC-02628,1,0,0,0,0,0,0,0,0,0,0,0,25,0,0,1,1,0,0
REC-02629,0,1,0,0,0,0,0,0,0,0,0,1,28,0,0,0,0,0,1
REC-02630,0,1,0,0,0,0,0,0,0,0,0,0,21,0,0,0,0,0,0
REC-02631,0,1,0,0,0,0,0,0,0,1,1,0,21,0,0,0,0,0,1
REC-02632,0,1,0,1,1,0,0,0,0,0,0,0,29,0,0,1,1,0,0
REC-02633,0,1,0,0,0,0,0,0,0,0,0,0,21,0,0,0,0,0,0
REC-02634,0,1,0,0,0,0,0,0,0,0,0,0,252,1,1,0,0,1,0
REC-02635,0,1,0,0,0,0,0,0,0,0,0,0,12,0,0,0,0,0,0
REC-02636,0,1,0,0,0,0,0,0,0,0,0,0,9,0,0,0,0,0,0
REC-02637,0,1,0,0,0,1,1,0,0,0,0,0,27,0,0,0,0,1,0
REC-02638,0,1,0,0,0,0,0,0,0,0,0,0,2,0,0,0,0,0,0
REC-02639,0,1,0,0,0,0,0,0,0,1,1,0,3,0,0,0,0,0,1
REC-02640,0,1,0,0,0,1,1,0,0,0,0,0,2,0,0,0,0,1,0
REC-02641,0,1,0,0,0,0,0,0,0,0,0,0,21,0,0,0,0,0,0
REC-02642,0,1,0,0,0,1,1,0,0,0,0,0,7,0,0,0,0,1,0
REC-02643,1,0,0,0,0,0,0,0,0,0,0,0,20,0,0,1,1,0,0
REC-02644,0,1,1,1,0,0,0,0,0,0,0,0,4,0,0,1,0,0,0
REC-02645,1,0,0,0,0,0,0,0,0,0,0,0,24,0,0,1,1,0,0
REC-02646,0,1,0,0,0,0,0,1,1,0,0,0,10,0,0,0,0,0,0
REC-02647,0,1,0,0,0,0,0,0,0,0,0,0,9,0,0,0,0,0,0
REC-02648,1,0,0,0,0,0,0,0,0,0,0,0,2,0,0,1,1,0,0
REC-02649,1,0,0,0,0,0,0,0,0,0,0,0,13,0,0,1,1,0,0
REC-02650,0,1,0,0,0,0,0,0,0,0,0,0,19,0,0,0,0,0,0
REC-02651,0,1,0,0,0,0,0,0,0,0,0,0,28,0,0,0,0,0,0
REC-02652,0,1,0,0,0,0,0,1,1,0,0,0,22,0,0,0,0,0,0
REC-02653,1,0,0,0,0,0,0,0,0,0,0,0,6,0,0,1,1,0,0
REC-02654,0,1,1,1,0,0,0,0,0,0,0,0,17,0,0,1,0,0,0
REC-02655,0,1,0,0,0,0,0,0,0,0,0,0,248,1,1,0,0,1,0
REC-02656,0,1,0,0,0,0,0,0,0,0,0,0,179,1,1,0,0,1,0
REC-02657,0,1,0,0,0,0,0,0,0,0,0,0,25,0,0,0,0,0,0
REC-02658,0,1,0,0,0,0,0,0,0,1,1,0,23,0,0,0,0,0,1
REC-02659,0,1,0,0,0,0,0,1,1,0,0,0,7,0,0,0,0,0,0
REC-02660,0,1,0,0,0,1,1,0,0,0,0,0,17,0,0,0,0,1,0
REC-02661,1,0,0,0,0,0,0,0,0,0,0,0,22,0,0,1,1,0,0
REC-02662,0,1,0,0,0,0,0,0,0,0,0,0,16,0,0,0,0,0,0
REC-02663,0,1,0,1,1,0,0,0,0,0,0,0,2,0,0,1,1,0,0
REC-02664,0,1,1,1,0,0,0,0,0,0,0,0,26,0,0,1,0,0,0
REC-02665,0,1,0,0,0,0,0,0,0,0,0,0,14,0,0,0,0,0,0
REC-02666,0,1,0,0,0,0,0,0,0,0,0,0,28,0,0,0,0,0,0
REC-02667,0,1,0,0,0,0,0,0,0,0,0,0,7,0,0,0,0,0,0
REC-02668,0,1,0,0,0,0,0,0,0,0,0,0,23,0,0,0,0,0,0
REC-02669,0,1,0,1,1,0,0,0,0,0,0,0,30,0,0,1,1,0,0
REC-02670,0,1,0,0,0,1,1,0,0,0,0,0,16,0,0,0,0,1,0
REC-02671,0,1,0,0,0,0,0,0,0,0,0,0,191,1,1,0,0,1,0
REC-02672,0,1,0,0,0,0,0,0,0,0,0,0,113,1,1,0,0,1,0
REC-02673,0,1,0,1,1,0,0,0,0,0,0,0,7,0,0,1,1,0,0
REC-02674,1,0,0,0,0,0,0,0,0,0,0,0,6,0,0,1,1,0,0
REC-02675,0,1,0,0,0,0,0,0,0,0,0,0,6,0,0,0,0,0,0
REC-02676,0,1,0,0,0,0,0,0,0,0,0,0,18,0,0,0,0,0,0
REC-02677,0,1,0,0,0,1,1,0,0,0,0,0,27,0,0,0,0,1,0
REC-02678,0,1,0,0,0,0,0,0,0,0,0,0,30,0,0,0,0,0,0
REC-02679,0,1,0,0,0,0,0,0,0,0,0,1,7,0,0,0,0,0,1
REC-02680,0,1,0,0,0,0,0,0,0,0,0,0,218,1,1,0,0,1,0
REC-02681,0,1,0,0,0,0,0,0,0,0,0,0,23,0,0,0,0,0,0
REC-02682,0,1,0,0,0,0,0,0,0,0,0,0,150,1,1,0,0,1,0
REC-02683,1,0,0,0,0,0,0,0,0,0,0,0,10,0,0,1,1,0,0
REC-02684,0,1,0,1,1,0,0,0,0,0,0,0,15,0,0,1,1,0,0
REC-02685,0,1,0,0,0,0,0,1,1,0,0,0,11,0,0,0,0,0,0
REC-02686,0,1,0,0,0,0,0,0,0,0,0,1,23,0,0,0,0,0,1
REC-02687,0,1,1,1,0,0,0,0,0,0,0,0,7,0,0,1,0,0,0
REC-02688,1,0,0,0,0,0,0,0,0,0,0,0,11,0,0,1,1,0,0
REC-02689,0,1,0,1,1,0,0,0,0,0,0,0,4,0,0,1,1,0,0
REC-02690,0,1,0,0,0,0,0,1,1,0,0,0,25,0,0,0,0,0,0
REC-02691,0,1,0,0,0,0,0,0,0,0,0,0,6,0,0,0,0,0,0
REC-02692,0,1,0,0,0,0,0,0,0,0,0,0,0,0,0,0,0,0,0
REC-02693,0,1,0,0,0,0,0,0,0,0,0,0,11,0,0,0,0,0,0
REC-02694,0,1,0,1,0,0,0,0,0,0,0,0,5,0,0,1,0,0,0
REC-02695,1,0,0,0,0,0,0,0,0,0,0,0,5,0,0,1,1,0,0
REC-02696,1,0,0,0,0,0,0,0,0,0,0,0,2,0,0,1,1,0,0
REC-02697,0,1,0,0,0,0,0,0,0,0,0,0,12,0,0,0,0,0,0
REC-02698,0,1,0,0,0,0,0,1,1,0,0,0,30,0,0,0,0,0,0
REC-02699,0,1,0,0,0,0,0,0,0,0,0,0,6,0,0,0,0,0,0
REC-02700,1,0,0,0,0,0,0,0,0,0,0,0,29,0,0,1,1,0,0
REC-02701,0,1,0,0,0,0,0,0,0,0,0,0,230,1,1,0,0,1,0
REC-02702,0,1,0,0,0,0,0,1,1,0,0,0,24,0,0,0,0,0,0
REC-02703,0,1,0,0,0,0,0,0,0,1,1,0,0,0,0,0,0,0,1
REC-02704,0,1,1,1,0,0,0,0,0,0,0,0,24,0,0,1,0,0,0
REC-02705,0,1,0,0,0,1,1,0,0,0,0,0,11,0,0,0,0,1,0
REC-02706,0,1,0,0,0,1,1,0,0,0,0,0,24,0,0,0,0,1,0
REC-02707,1,0,0,0,0,0,0,0,0,0,0,0,18,0,0,1,1,0,0
REC-02708,0,1,0,0,0,0,0,0,0,0,0,0,14,0,0,0,0,0,0
REC-02709,0,1,1,1,0,0,0,0,0,0,0,0,16,0,0,1,0,0,0
REC-02710,0,1,0,0,0,0,0,0,0,1,1,0,30,0,0,0,0,0,1
REC-02711,0,1,0,1,0,0,0,0,0,0,0,0,26,0,0,1,0,0,0
REC-02712,0,1,0,0,0,0,0,0,0,1,1,0,21,0,0,0,0,0,1
REC-02713,0,1,1,1,0,0,0,0,0,0,0,0,22,0,0,1,0,0,0
REC-02714,0,1,0,0,0,0,0,0,0,1,1,0,3,0,0,0,0,0,1
REC-02715,0,1,0,0,0,0,0,0,0,1,1,0,1,0,0,0,0,0,1
REC-02716,0,1,0,0,0,0,0,0,0,0,0,0,8,0,0,0,0,0,0
REC-02717,0,1,0,0,0,0,0,0,0,0,0,0,8,0,0,0,0,0,0
REC-02718,0,1,0,0,0,0,0,0,0,1,1,0,10,0,0,0,0,0,1
REC-02719,0,1,0,0,0,0,0,1,1,0,0,0,21,0,0,0,0,0,0
REC-02720,0,1,0,0,0,0,0,0,0,0,0,0,11,0,0,0,0,0,0
REC-02721,0,1,0,0,0,0,0,0,0,0,0,0,14,0,0,0,0,0,0
REC-02722,0,1,0,0,0,0,0,0,0,0,0,0,19,0,0,0,0,0,0
REC-02723,0,1,0,0,0,0,0,0,0,0,0,0,14,0,0,0,0,0,0
REC-02724,0,1,0,0,0,0,0,0,0,0,0,1,12,0,0,0,0,0,1
REC-02725,0,1,0,0,0,0,0,0,0,0,0,0,13,0,0,0,0,0,0
REC-02726,0,1,0,0,0,0,0,0,0,0,0,0,321,1,1,0,0,1,0
REC-02727,1,0,0,0,0,0,0,0,0,0,0,0,27,0,0,1,1,0,0
REC-02728,0,1,0,0,0,1,1,0,0,0,0,0,25,0,0,0,0,1,0
REC-02729,0,1,0,0,0,0,0,0,0,1,1,0,4,0,0,0,0,0,1
REC-02730,1,0,0,0,0,0,0,0,0,0,0,0,21,0,0,1,1,0,0
REC-02731,0,1,0,0,0,0,0,0,0,0,0,0,23,0,0,0,0,0,0
REC-02732,0,1,0,0,0,0,0,0,0,0,0,1,10,0,0,0,0,0,1
REC-02733,0,1,0,0,0,0,0,0,0,0,0,0,13,0,0,0,0,0,0
REC-02734,0,1,1,1,0,0,0,0,0,0,0,0,4,0,0,1,0,0,0
REC-02735,0,1,0,0,0,0,0,0,0,0,0,0,23,0,0,0,0,0,0
REC-02736,1,0,0,0,0,0,0,0,0,0,0,0,2,0,0,1,1,0,0
REC-02737,0,1,0,0,0,0,0,0,0,0,0,0,29,0,0,0,0,0,0
REC-02738,1,0,0,0,0,0,0,0,0,0,0,0,10,0,0,1,1,0,0
REC-02739,0,1,0,0,0,0,0,0,0,0,0,0,30,0,0,0,0,0,0
REC-02740,0,1,0,0,0,0,0,0,0,0,0,0,15,0,0,0,0,0,0
REC-02741,0,1,0,0,0,0,0,0,0,0,0,0,18,0,0,0,0,0,0
REC-02742,1,0,0,0,0,0,0,0,0,0,0,0,30,0,0,1,1,0,0
REC-02743,1,0,0,0,0,0,0,0,0,0,0,0,23,0,0,1,1,0,0
REC-02744,1,0,0,0,0,0,0,0,0,0,0,0,20,0,0,1,1,0,0
REC-02745,0,1,0,0,0,0,0,0,0,0,0,1,30,0,0,0,0,0,1
REC-02746,1,0,0,0,0,0,0,0,0,0,0,0,15,0,0,1,1,0,0
REC-02747,1,0,0,0,0,0,0,0,0,0,0,0,26,0,0,1,1,0,0
REC-02748,0,1,0,1,1,0,0,0,0,0,0,0,2,0,0,1,1,0,0
REC-02749,1,0,0,0,0,0,0,0,0,0,0,0,27,0,0,1,1,0,0
REC-02750,0,1,0,0,0,0,0,0,0,0,0,0,28,0,0,0,0,0,0
REC-02751,0,1,0,0,0,0,0,0,0,0,0,0,13,0,0,0,0,0,0
REC-02752,0,1,0,0,0,0,0,0,0,0,0,0,9,0,0,0,0,0,0
REC-02753,0,1,0,0,0,0,0,0,0,0,0,1,15,0,0,0,0,0,1
REC-02754,0,1,0,0,0,0,0,0,0,0,0,0,18,0,0,0,0,0,0
REC-02755,0,1,0,0,0,0,0,0,0,0,0,0,15,0,0,0,0,0,0
REC-02756,0,1,0,1,1,0,0,0,0,0,0,0,23,0,0,1,1,0,0
REC-02757,0,1,0,0,0,0,0,0,0,0,0,0,30,0,0,0,0,0,0
REC-02758,0,1,0,0,0,0,0,0,0,0,0,0,0,0,0,0,0,0,0
REC-02759,0,1,0,0,0,0,0,0,0,1,1,0,13,0,0,0,0,0,1
REC-02760,0,1,0,1,1,0,0,0,0,0,0,0,20,0,0,1,1,0,0
REC-02761,0,1,0,0,0,0,0,0,0,0,0,1,11,0,0,0,0,0,1
REC-02762,0,1,0,0,0,0,0,0,0,0,0,0,29,0,0,0,0,0,0
REC-02763,0,1,0,0,0,0,0,0,0,0,0,0,15,0,0,0,0,0,0
REC-02764,0,1,0,0,0,0,0,0,0,0,0,0,350,1,1,0,0,1,0
REC-02765,0,1,0,0,0,0,0,0,0,0,0,0,28,0,0,0,0,0,0
REC-02766,0,1,0,0,0,0,0,0,0,0,0,0,25,0,0,0,0,0,0
REC-02767,0,1,0,0,0,0,0,0,0,1,1,0,10,0,0,0,0,0,1
REC-02768,1,0,0,0,0,0,0,0,0,0,0,0,9,0,0,1,1,0,0
REC-02769,0,1,1,1,0,0,0,0,0,0,0,0,18,0,0,1,0,0,0
REC-02770,1,0,0,0,0,0,0,0,0,0,0,0,20,0,0,1,1,0,0
REC-02771,0,1,0,1,0,0,0,0,0,0,0,0,16,0,0,1,0,0,0
REC-02772,0,1,0,0,0,0,0,0,0,0,0,1,7,0,0,0,0,0,1
REC-02773,1,0,0,0,0,0,0,0,0,0,0,0,24,0,0,1,1,0,0
REC-02774,0,1,0,0,0,0,0,1,1,0,0,0,23,0,0,0,0,0,0
REC-02775,0,1,1,1,0,0,0,0,0,0,0,0,3,0,0,1,0,0,0
REC-02776,0,1,0,0,0,0,0,0,0,0,0,0,276,1,1,0,0,1,0
REC-02777,0,1,0,0,0,0,0,0,0,0,0,0,7,0,0,0,0,0,0
REC-02778,0,1,0,0,0,0,0,0,0,0,0,0,30,0,0,0,0,0,0
REC-02779,0,1,0,0,0,0,0,0,0,0,0,0,211,1,1,0,0,1,0
REC-02780,0,1,0,0,0,0,0,0,0,0,0,0,275,1,1,0,0,1,0
REC-02781,0,1,0,0,0,0,0,0,0,0,0,0,15,0,0,0,0,0,0
REC-02782,0,1,0,0,0,1,1,0,0,0,0,0,26,0,0,0,0,1,0
REC-02783,0,1,0,0,0,0,0,1,1,0,0,0,7,0,0,0,0,0,0
REC-02784,0,1,0,0,0,0,0,0,0,0,0,0,17,0,0,0,0,0,0
REC-02785,0,1,0,1,1,0,0,0,0,0,0,0,22,0,0,1,1,0,0
REC-02786,0,1,0,0,0,0,0,0,0,1,1,0,24,0,0,0,0,0,1
REC-02787,1,0,0,0,0,0,0,0,0,0,0,0,22,0,0,1,1,0,0
REC-02788,0,1,0,0,0,0,0,0,0,0,0,0,22,0,0,0,0,0,0
REC-02789,0,1,0,0,0,1,1,0,0,0,0,0,1,0,0,0,0,1,0
REC-02790,0,1,0,1,1,0,0,0,0,0,0,0,16,0,0,1,1,0,0
REC-02791,0,1,0,0,0,0,0,0,0,1,1,0,15,0,0,0,0,0,1
REC-02792,0,1,0,0,0,0,0,1,1,0,0,0,12,0,0,0,0,0,0
REC-02793,0,1,0,0,0,0,0,0,0,0,0,0,17,0,0,0,0,0,0
REC-02794,0,1,0,0,0,0,0,0,0,0,0,0,12,0,0,0,0,0,0
REC-02795,0,1,0,1,1,0,0,0,0,0,0,0,20,0,0,1,1,0,0
REC-02796,0,1,0,1,1,0,0,0,0,0,0,0,8,0,0,1,1,0,0
REC-02797,0,1,0,0,0,0,0,1,1,0,0,0,5,0,0,0,0,0,0
REC-02798,1,0,0,0,0,0,0,0,0,0,0,0,7,0,0,1,1,0,0
REC-02799,0,1,0,0,0,0,0,0,0,1,1,0,0,0,0,0,0,0,1
REC-02800,0,1,0,0,0,0,0,0,0,0,0,0,12,0,0,0,0,0,0
REC-02801,0,1,0,0,0,0,0,0,0,0,0,0,3,0,0,0,0,0,0
REC-02802,0,1,0,1,0,0,0,0,0,0,0,0,22,0,0,1,0,0,0
REC-02803,0,1,0,0,0,0,0,0,0,0,0,0,23,0,0,0,0,0,0
REC-02804,0,1,0,0,0,0,0,0,0,0,0,0,10,0,0,0,0,0,0
REC-02805,0,1,0,0,0,0,0,0,0,0,0,0,5,0,0,0,0,0,0
REC-02806,0,1,1,1,0,0,0,0,0,0,0,0,13,0,0,1,0,0,0
REC-02807,0,1,0,0,0,0,0,0,0,0,0,0,14,0,0,0,0,0,0
REC-02808,0,1,0,0,0,0,0,0,0,0,0,0,352,1,1,0,0,1,0
REC-02809,0,1,0,0,0,0,0,1,1,0,0,0,16,0,0,0,0,0,0
REC-02810,0,1,0,0,0,0,0,0,0,0,0,0,8,0,0,0,0,0,0
REC-02811,0,1,0,0,0,1,1,0,0,0,0,0,1,0,0,0,0,1,0
REC-02812,0,1,0,0,0,0,0,0,0,0,0,0,14,0,0,0,0,0,0
REC-02813,0,1,0,0,0,0,0,0,0,0,0,0,23,0,0,0,0,0,0
REC-02814,0,1,0,0,0,0,0,0,0,0,0,0,5,0,0,0,0,0,0
REC-02815,0,1,0,0,0,0,0,0,0,1,1,0,0,0,0,0,0,0,1
REC-02816,0,1,0,0,0,0,0,1,1,0,0,0,21,0,0,0,0,0,0
REC-02817,0,1,0,0,0,1,1,0,0,0,0,0,15,0,0,0,0,1,0
REC-02818,0,1,0,0,0,0,0,0,0,0,0,0,10,0,0,0,0,0,0
REC-02819,0,1,0,0,0,0,0,1,1,0,0,0,4,0,0,0,0,0,0
REC-02820,0,1,0,0,0,0,0,0,0,0,0,0,5,0,0,0,0,0,0
REC-02821,0,1,1,1,0,0,0,0,0,0,0,0,26,0,0,1,0,0,0
REC-02822,0,1,0,0,0,1,1,0,0,0,0,0,8,0,0,0,0,1,0
REC-02823,0,1,0,0,0,0,0,0,0,0,0,0,9,0,0,0,0,0,0
REC-02824,1,0,0,0,0,0,0,0,0,0,0,0,13,0,0,1,1,0,0
REC-02825,0,1,0,0,0,0,0,0,0,0,0,0,24,0,0,0,0,0,0
REC-02826,0,1,1,1,0,0,0,0,0,0,0,0,9,0,0,1,0,0,0
REC-02827,0,1,0,0,0,0,0,0,0,1,1,0,16,0,0,0,0,0,1
REC-02828,0,1,0,1,1,0,0,0,0,0,0,0,0,0,0,1,1,0,0
REC-02829,0,1,0,0,0,0,0,0,0,0,0,1,18,0,0,0,0,0,1
REC-02830,0,1,0,1,0,0,0,0,0,0,0,0,0,0,0,1,0,0,0
REC-02831,0,1,0,0,0,1,1,0,0,0,0,0,14,0,0,0,0,1,0
REC-02832,0,1,0,0,0,0,0,0,0,1,1,0,18,0,0,0,0,0,1
REC-02833,0,1,0,0,0,1,1,0,0,0,0,0,23,0,0,0,0,1,0
REC-02834,0,1,0,0,0,1,1,0,0,0,0,0,10,0,0,0,0,1,0
REC-02835,1,0,0,0,0,0,0,0,0,0,0,0,27,0,0,1,1,0,0
REC-02836,0,1,0,0,0,0,0,0,0,0,0,1,17,0,0,0,0,0,1
REC-02837,1,0,0,0,0,0,0,0,0,0,0,0,1,0,0,1,1,0,0
REC-02838,0,1,0,0,0,0,0,0,0,0,0,0,30,0,0,0,0,0,0
REC-02839,0,1,0,0,0,0,0,0,0,1,1,0,14,0,0,0,0,0,1
REC-02840,0,1,0,0,0,0,0,0,0,0,0,0,10,0,0,0,0,0,0
REC-02841,0,1,1,1,0,0,0,0,0,0,0,0,0,0,0,1,0,0,0
REC-02842,0,1,0,0,0,0,0,0,0,0,0,0,12,0,0,0,0,0,0
REC-02843,0,1,0,0,0,1,1,0,0,0,0,0,27,0,0,0,0,1,0
REC-02844,0,1,0,0,0,0,0,0,0,0,0,0,355,1,1,0,0,1,0
REC-02845,0,1,0,0,0,1,1,0,0,0,0,0,1,0,0,0,0,1,0
REC-02846,1,0,0,0,0,0,0,0,0,0,0,0,4,0,0,1,1,0,0
REC-02847,0,1,0,0,0,0,0,0,0,0,0,0,119,1,1,0,0,1,0
REC-02848,0,1,0,0,0,0,0,0,0,0,0,1,11,0,0,0,0,0,1
REC-02849,0,1,0,0,0,0,0,0,0,1,1,0,19,0,0,0,0,0,1
REC-02850,0,1,0,0,0,0,0,0,0,0,0,0,19,0,0,0,0,0,0
REC-02851,0,1,0,0,0,0,0,0,0,0,0,1,13,0,0,0,0,0,1
REC-02852,1,0,0,0,0,0,0,0,0,0,0,0,15,0,0,1,1,0,0
REC-02853,0,1,0,1,1,0,0,0,0,0,0,0,3,0,0,1,1,0,0
REC-02854,0,1,0,0,0,0,0,1,1,0,0,0,25,0,0,0,0,0,0
REC-02855,1,0,0,0,0,0,0,0,0,0,0,0,16,0,0,1,1,0,0
REC-02856,0,1,1,1,0,0,0,0,0,0,0,0,20,0,0,1,0,0,0
REC-02857,0,1,0,1,1,0,0,0,0,0,0,0,9,0,0,1,1,0,0
REC-02858,0,1,0,0,0,0,0,0,0,0,0,0,113,1,1,0,0,1,0
REC-02859,0,1,0,0,0,0,0,1,1,0,0,0,24,0,0,0,0,0,0
REC-02860,0,1,0,0,0,0,0,1,1,0,0,0,3,0,0,0,0,0,0
REC-02861,0,1,0,0,0,0,0,0,0,0,0,0,0,0,0,0,0,0,0
REC-02862,0,1,1,1,0,0,0,0,0,0,0,0,15,0,0,1,0,0,0
REC-02863,1,0,0,0,0,0,0,0,0,0,0,0,13,0,0,1,1,0,0
REC-02864,0,1,0,0,0,0,0,0,0,0,0,0,28,0,0,0,0,0,0
REC-02865,0,1,0,0,0,0,0,0,0,1,1,0,3,0,0,0,0,0,1
REC-02866,0,1,0,0,0,0,0,0,0,0,0,1,21,0,0,0,0,0,1
REC-02867,0,1,1,1,0,0,0,0,0,0,0,0,8,0,0,1,0,0,0
REC-02868,0,1,0,0,0,0,0,0,0,0,0,0,8,0,0,0,0,0,0
REC-02869,0,1,0,0,0,1,1,0,0,0,0,0,3,0,0,0,0,1,0
REC-02870,0,1,0,0,0,0,0,0,0,0,0,1,18,0,0,0,0,0,1
REC-02871,1,0,0,0,0,0,0,0,0,0,0,0,3,0,0,1,1,0,0
REC-02872,0,1,0,0,0,1,1,0,0,0,0,0,11,0,0,0,0,1,0
REC-02873,0,1,0,0,0,0,0,0,0,0,0,0,9,0,0,0,0,0,0
REC-02874,0,1,0,0,0,0,0,0,0,0,0,1,0,0,0,0,0,0,1
REC-02875,0,1,0,0,0,0,0,0,0,0,0,0,0,0,0,0,0,0,0
REC-02876,0,1,0,0,0,1,1,0,0,0,0,0,21,0,0,0,0,1,0
REC-02877,0,1,1,1,0,0,0,0,0,0,0,0,3,0,0,1,0,0,0
REC-02878,0,1,1,1,0,0,0,0,0,0,0,0,21,0,0,1,0,0,0
REC-02879,0,1,0,0,0,0,0,0,0,0,0,1,0,0,0,0,0,0,1
REC-02880,0,1,0,1,1,0,0,0,0,0,0,0,1,0,0,1,1,0,0
REC-02881,0,1,0,0,0,0,0,0,0,0,0,0,253,1,1,0,0,1,0
REC-02882,0,1,0,0,0,0,0,0,0,0,0,0,7,0,0,0,0,0,0
REC-02883,0,1,0,0,0,0,0,0,0,0,0,0,6,0,0,0,0,0,0
REC-02884,0,1,0,0,0,0,0,0,0,0,0,0,14,0,0,0,0,0,0
REC-02885,1,0,0,0,0,0,0,0,0,0,0,0,5,0,0,1,1,0,0
REC-02886,0,1,0,1,1,0,0,0,0,0,0,0,13,0,0,1,1,0,0
REC-02887,0,1,0,0,0,0,0,0,0,0,0,1,22,0,0,0,0,0,1
REC-02888,0,1,0,0,0,0,0,0,0,1,1,0,21,0,0,0,0,0,1
REC-02889,1,0,0,0,0,0,0,0,0,0,0,0,16,0,0,1,1,0,0
REC-02890,0,1,0,0,0,1,1,0,0,0,0,0,30,0,0,0,0,1,0
REC-02891,1,0,0,0,0,0,0,0,0,0,0,0,0,0,0,1,1,0,0
REC-02892,0,1,1,1,0,0,0,0,0,0,0,0,21,0,0,1,0,0,0
REC-02893,0,1,1,1,0,0,0,0,0,0,0,0,5,0,0,1,0,0,0
REC-02894,0,1,0,0,0,0,0,0,0,0,0,0,27,0,0,0,0,0,0
REC-02895,0,1,0,0,0,0,0,0,0,0,0,0,2,0,0,0,0,0,0
REC-02896,1,0,0,0,0,0,0,0,0,0,0,0,27,0,0,1,1,0,0
REC-02897,0,1,0,1,1,0,0,0,0,0,0,0,5,0,0,1,1,0,0
REC-02898,0,1,0,0,0,0,0,0,0,0,0,0,7,0,0,0,0,0,0
REC-02899,0,1,0,0,0,0,0,0,0,0,0,0,22,0,0,0,0,0,0
REC-02900,0,1,0,0,0,0,0,0,0,0,0,0,20,0,0,0,0,0,0
REC-02901,0,1,0,0,0,0,0,0,0,0,0,0,10,0,0,0,0,0,0
REC-02902,0,1,0,0,0,1,1,0,0,0,0,0,4,0,0,0,0,1,0
REC-02903,0,1,0,0,0,1,1,0,0,0,0,0,7,0,0,0,0,1,0
REC-02904,0,1,0,0,0,0,0,0,0,0,0,0,25,0,0,0,0,0,0
REC-02905,0,1,0,0,0,0,0,0,0,0,0,0,2,0,0,0,0,0,0
REC-02906,0,1,0,0,0,0,0,0,0,1,1,0,12,0,0,0,0,0,1
REC-02907,0,1,0,0,0,1,1,0,0,0,0,0,4,0,0,0,0,1,0
REC-02908,0,1,0,0,0,0,0,1,1,0,0,0,5,0,0,0,0,0,0
REC-02909,0,1,0,0,0,1,1,0,0,0,0,0,1,0,0,0,0,1,0
REC-02910,0,1,0,0,0,0,0,0,0,0,0,0,6,0,0,0,0,0,0
REC-02911,0,1,0,0,0,0,0,1,1,0,0,0,14,0,0,0,0,0,0
REC-02912,0,1,0,1,1,0,0,0,0,0,0,0,20,0,0,1,1,0,0
REC-02913,0,1,0,0,0,1,1,0,0,0,0,0,9,0,0,0,0,1,0
REC-02914,0,1,0,0,0,0,0,0,0,0,0,0,12,0,0,0,0,0,0
REC-02915,0,1,0,0,0,0,0,0,0,0,0,0,8,0,0,0,0,0,0
REC-02916,0,1,0,0,0,0,0,0,0,0,0,0,3,0,0,0,0,0,0
REC-02917,0,1,0,0,0,0,0,0,0,0,0,0,20,0,0,0,0,0,0
REC-02918,0,1,0,0,0,0,0,0,0,0,0,0,25,0,0,0,0,0,0
REC-02919,1,0,0,0,0,0,0,0,0,0,0,0,28,0,0,1,1,0,0
REC-02920,0,1,0,0,0,0,0,0,0,0,0,0,12,0,0,0,0,0,0
REC-02921,0,1,0,0,0,0,0,0,0,0,0,0,25,0,0,0,0,0,0
REC-02922,0,1,0,0,0,0,0,0,0,0,0,0,11,0,0,0,0,0,0
REC-02923,0,1,0,0,0,0,0,0,0,0,0,0,22,0,0,0,0,0,0
REC-02924,0,1,0,0,0,1,1,0,0,0,0,0,1,0,0,0,0,1,0
REC-02925,0,1,0,1,1,0,0,0,0,0,0,0,22,0,0,1,1,0,0
REC-02926,0,1,0,0,0,0,0,0,0,0,0,0,4,0,0,0,0,0,0
REC-02927,0,1,0,0,0,0,0,0,0,0,0,0,24,0,0,0,0,0,0
REC-02928,0,1,0,0,0,0,0,0,0,0,0,0,14,0,0,0,0,0,0
REC-02929,0,1,0,0,0,0,0,0,0,0,0,0,24,0,0,0,0,0,0
REC-02930,0,1,0,0,0,0,0,0,0,0,0,0,13,0,0,0,0,0,0
REC-02931,0,1,0,0,0,0,0,0,0,1,1,0,14,0,0,0,0,0,1
REC-02932,0,1,1,1,0,0,0,0,0,0,0,0,8,0,0,1,0,0,0
REC-02933,0,1,0,0,0,0,0,0,0,0,0,0,18,0,0,0,0,0,0
REC-02934,1,0,0,0,0,0,0,0,0,0,0,0,5,0,0,1,1,0,0
REC-02935,0,1,0,0,0,0,0,0,0,0,0,0,28,0,0,0,0,0,0
REC-02936,0,1,0,0,0,0,0,0,0,0,0,0,17,0,0,0,0,0,0
REC-02937,0,1,0,1,1,0,0,0,0,0,0,0,2,0,0,1,1,0,0
REC-02938,0,1,0,0,0,0,0,0,0,0,0,0,121,1,1,0,0,1,0
REC-02939,0,1,0,1,1,0,0,0,0,0,0,0,3,0,0,1,1,0,0
REC-02940,0,1,0,0,0,0,0,0,0,0,0,0,25,0,0,0,0,0,0
REC-02941,0,1,0,0,0,0,0,0,0,0,0,0,25,0,0,0,0,0,0
REC-02942,0,1,0,0,0,0,0,0,0,0,0,0,16,0,0,0,0,0,0
REC-02943,0,1,0,0,0,0,0,0,0,0,0,0,0,0,0,0,0,0,0
REC-02944,0,1,0,0,0,0,0,0,0,0,0,0,15,0,0,0,0,0,0
REC-02945,0,1,0,0,0,0,0,0,0,0,0,0,30,0,0,0,0,0,0
REC-02946,0,1,0,0,0,0,0,0,0,0,0,0,127,1,1,0,0,1,0
REC-02947,0,1,0,0,0,1,1,0,0,0,0,0,8,0,0,0,0,1,0
REC-02948,0,1,0,0,0,0,0,0,0,1,1,0,18,0,0,0,0,0,1
REC-02949,1,0,0,0,0,0,0,0,0,0,0,0,29,0,0,1,1,0,0
REC-02950,0,1,0,0,0,1,1,0,0,0,0,0,15,0,0,0,0,1,0
REC-02951,0,1,0,0,0,0,0,0,0,0,0,0,11,0,0,0,0,0,0
REC-02952,0,1,0,0,0,0,0,0,0,0,0,0,308,1,1,0,0,1,0
REC-02953,0,1,0,0,0,0,0,1,1,0,0,0,14,0,0,0,0,0,0
REC-02954,0,1,0,0,0,0,0,0,0,1,1,0,0,0,0,0,0,0,1
REC-02955,0,1,0,0,0,0,0,0,0,0,0,0,29,0,0,0,0,0,0
REC-02956,0,1,0,0,0,0,0,0,0,0,0,0,2,0,0,0,0,0,0
REC-02957,0,1,0,0,0,0,0,0,0,0,0,1,11,0,0,0,0,0,1
REC-02958,0,1,0,0,0,0,0,0,0,1,1,0,29,0,0,0,0,0,1
REC-02959,1,0,0,0,0,0,0,0,0,0,0,0,1,0,0,1,1,0,0
REC-02960,1,0,0,0,0,0,0,0,0,0,0,0,22,0,0,1,1,0,0
REC-02961,0,1,0,0,0,0,0,0,0,0,0,0,335,1,1,0,0,1,0
REC-02962,0,1,0,0,0,0,0,0,0,0,0,0,18,0,0,0,0,0,0
REC-02963,0,1,0,0,0,0,0,0,0,0,0,0,11,0,0,0,0,0,0
REC-02964,0,1,0,0,0,0,0,1,1,0,0,0,1,0,0,0,0,0,0
REC-02965,0,1,0,0,0,0,0,0,0,0,0,1,17,0,0,0,0,0,1
REC-02966,0,1,0,0,0,0,0,0,0,0,0,0,11,0,0,0,0,0,0
REC-02967,0,1,0,0,0,0,0,0,0,0,0,0,14,0,0,0,0,0,0
REC-02968,0,1,0,0,0,0,0,0,0,0,0,0,26,0,0,0,0,0,0
REC-02969,0,1,1,1,0,0,0,0,0,0,0,0,9,0,0,1,0,0,0
REC-02970,1,0,0,0,0,0,0,0,0,0,0,0,11,0,0,1,1,0,0
REC-02971,0,1,0,0,0,0,0,0,0,0,0,0,16,0,0,0,0,0,0
REC-02972,0,1,0,0,0,0,0,0,0,1,1,0,9,0,0,0,0,0,1
REC-02973,0,1,0,0,0,0,0,0,0,0,0,0,335,1,1,0,0,1,0
REC-02974,0,1,0,0,0,1,1,0,0,0,0,0,3,0,0,0,0,1,0
REC-02975,0,1,0,0,0,0,0,0,0,0,0,0,24,0,0,0,0,0,0
REC-02976,0,1,0,0,0,0,0,0,0,0,0,0,0,0,0,0,0,0,0
REC-02977,0,1,0,0,0,0,0,0,0,1,1,0,14,0,0,0,0,0,1
REC-02978,1,0,0,0,0,0,0,0,0,0,0,0,14,0,0,1,1,0,0
REC-02979,0,1,0,0,0,1,1,0,0,0,0,0,17,0,0,0,0,1,0
REC-02980,1,0,0,0,0,0,0,0,0,0,0,0,30,0,0,1,1,0,0
REC-02981,0,1,1,1,0,0,0,0,0,0,0,0,24,0,0,1,0,0,0
REC-02982,0,1,0,1,1,0,0,0,0,0,0,0,2,0,0,1,1,0,0
REC-02983,0,1,0,0,0,0,0,0,0,0,0,0,3,0,0,0,0,0,0
REC-02984,0,1,0,0,0,0,0,0,0,0,0,1,26,0,0,0,0,0,1
REC-02985,0,1,0,0,0,0,0,0,0,0,0,0,305,1,1,0,0,1,0
REC-02986,0,1,0,0,0,0,0,0,0,0,0,0,7,0,0,0,0,0,0
REC-02987,0,1,0,0,0,0,0,0,0,0,0,0,17,0,0,0,0,0,0
REC-02988,0,1,0,0,0,0,0,0,0,0,0,0,9,0,0,0,0,0,0
REC-02989,0,1,0,0,0,0,0,1,1,0,0,0,26,0,0,0,0,0,0
REC-02990,0,1,1,1,0,0,0,0,0,0,0,0,28,0,0,1,0,0,0
REC-02991,0,1,0,0,0,0,0,0,0,0,0,1,6,0,0,0,0,0,1
REC-02992,0,1,0,0,0,0,0,0,0,0,0,0,12,0,0,0,0,0,0
REC-02993,0,1,0,0,0,0,0,0,0,0,0,0,30,0,0,0,0,0,0
REC-02994,0,1,0,0,0,1,1,0,0,0,0,0,2,0,0,0,0,1,0
REC-02995,0,1,0,0,0,1,1,0,0,0,0,0,9,0,0,0,0,1,0
REC-02996,1,0,0,0,0,0,0,0,0,0,0,0,7,0,0,1,1,0,0
REC-02997,1,0,0,0,0,0,0,0,0,0,0,0,26,0,0,1,1,0,0
REC-02998,0,1,0,0,0,0,0,0,0,0,0,0,9,0,0,0,0,0,0
REC-02999,0,1,0,0,0,0,0,1,1,0,0,0,0,0,0,0,0,0,0
REC-03000,0,1,0,0,0,1,1,0,0,0,0,0,5,0,0,0,0,1,0
REC-03001,1,0,0,0,0,0,0,0,0,0,0,0,0,0,0,1,1,0,0
REC-03002,0,1,0,0,0,0,0,0,0,0,0,0,18,0,0,0,0,0,0
REC-03003,0,1,0,0,0,0,0,0,0,0,0,0,23,0,0,0,0,0,0
REC-03004,0,1,0,0,0,0,0,0,0,0,0,0,22,0,0,0,0,0,0
REC-03005,0,1,0,0,0,0,0,0,0,0,0,0,19,0,0,0,0,0,0
REC-03006,0,1,0,0,0,1,1,0,0,0,0,0,4,0,0,0,0,1,0
REC-03007,0,1,0,0,0,0,0,0,0,1,1,0,14,0,0,0,0,0,1
REC-03008,0,1,0,0,0,0,0,0,0,1,1,0,2,0,0,0,0,0,1
REC-03009,0,1,0,0,0,0,0,0,0,0,0,0,14,0,0,0,0,0,0
REC-03010,0,1,0,0,0,0,0,1,1,0,0,0,18,0,0,0,0,0,0
REC-03011,1,0,0,0,0,0,0,0,0,0,0,0,2,0,0,1,1,0,0
REC-03012,0,1,0,1,1,0,0,0,0,0,0,0,22,0,0,1,1,0,0
REC-03013,0,1,0,0,0,1,1,0,0,0,0,0,19,0,0,0,0,1,0
REC-03014,0,1,0,0,0,0,0,0,0,1,1,0,1,0,0,0,0,0,1
REC-03015,0,1,0,0,0,0,0,0,0,0,0,0,22,0,0,0,0,0,0
REC-03016,0,1,0,0,0,1,1,0,0,0,0,0,8,0,0,0,0,1,0
REC-03017,1,0,0,0,0,0,0,0,0,0,0,0,20,0,0,1,1,0,0
REC-03018,0,1,0,0,0,0,0,0,0,0,0,1,16,0,0,0,0,0,1
REC-03019,1,0,0,0,0,0,0,0,0,0,0,0,0,0,0,1,1,0,0
REC-03020,1,0,0,0,0,0,0,0,0,0,0,0,20,0,0,1,1,0,0
REC-03021,0,1,0,0,0,0,0,0,0,0,0,0,7,0,0,0,0,0,0
REC-03022,0,1,0,0,0,0,0,0,0,0,0,0,4,0,0,0,0,0,0
REC-03023,0,1,0,0,0,1,1,0,0,0,0,0,8,0,0,0,0,1,0
REC-03024,1,0,0,0,0,0,0,0,0,0,0,0,11,0,0,1,1,0,0
REC-03025,0,1,0,0,0,1,1,0,0,0,0,0,21,0,0,0,0,1,0
REC-03026,0,1,0,0,0,0,0,0,0,0,0,0,22,0,0,0,0,0,0
REC-03027,0,1,0,0,0,0,0,0,0,0,0,0,27,0,0,0,0,0,0
REC-03028,0,1,0,0,0,0,0,0,0,0,0,0,9,0,0,0,0,0,0
REC-03029,0,1,0,0,0,0,0,1,1,0,0,0,30,0,0,0,0,0,0
REC-03030,0,1,0,0,0,0,0,0,0,0,0,0,332,1,1,0,0,1,0
REC-03031,1,0,0,0,0,0,0,0,0,0,0,0,11,0,0,1,1,0,0
REC-03032,0,1,0,0,0,0,0,0,0,1,1,0,23,0,0,0,0,0,1
REC-03033,0,1,0,1,1,0,0,0,0,0,0,0,3,0,0,1,1,0,0
REC-03034,0,1,0,0,0,0,0,0,0,0,0,0,26,0,0,0,0,0,0
REC-03035,0,1,0,0,0,0,0,0,0,0,0,0,21,0,0,0,0,0,0
REC-03036,0,1,0,0,0,0,0,0,0,0,0,0,24,0,0,0,0,0,0
REC-03037,1,0,0,0,0,0,0,0,0,0,0,0,12,0,0,1,1,0,0
REC-03038,0,1,0,0,0,0,0,0,0,0,0,0,7,0,0,0,0,0,0
REC-03039,0,1,1,1,0,0,0,0,0,0,0,0,28,0,0,1,0,0,0
REC-03040,0,1,0,0,0,0,0,0,0,0,0,0,200,1,1,0,0,1,0
REC-03041,0,1,0,0,0,0,0,1,1,0,0,0,20,0,0,0,0,0,0
REC-03042,0,1,0,0,0,0,0,0,0,0,0,0,27,0,0,0,0,0,0
REC-03043,0,1,0,0,0,0,0,0,0,0,0,0,11,0,0,0,0,0,0
REC-03044,0,1,0,0,0,0,0,0,0,0,0,0,264,1,1,0,0,1,0
REC-03045,0,1,0,0,0,0,0,1,1,0,0,0,19,0,0,0,0,0,0
REC-03046,0,1,0,0,0,0,0,0,0,0,0,0,30,0,0,0,0,0,0
REC-03047,0,1,0,0,0,1,1,0,0,0,0,0,19,0,0,0,0,1,0
REC-03048,0,1,0,0,0,0,0,0,0,0,0,0,5,0,0,0,0,0,0
REC-03049,0,1,0,0,0,0,0,0,0,0,0,0,26,0,0,0,0,0,0
REC-03050,0,1,0,0,0,0,0,0,0,1,1,0,27,0,0,0,0,0,1
REC-03051,1,0,0,0,0,0,0,0,0,0,0,0,0,0,0,1,1,0,0
REC-03052,1,0,0,0,0,0,0,0,0,0,0,0,29,0,0,1,1,0,0
REC-03053,0,1,0,0,0,0,0,0,0,1,1,0,15,0,0,0,0,0,1
REC-03054,1,0,0,0,0,0,0,0,0,0,0,0,16,0,0,1,1,0,0
REC-03055,0,1,0,0,0,0,0,0,0,0,0,0,23,0,0,0,0,0,0
REC-03056,0,1,0,0,0,0,0,0,0,0,0,0,18,0,0,0,0,0,0
REC-03057,0,1,0,0,0,0,0,0,0,0,0,0,267,1,1,0,0,1,0
REC-03058,0,1,0,0,0,0,0,0,0,0,0,0,16,0,0,0,0,0,0
REC-03059,0,1,1,1,0,0,0,0,0,0,0,0,21,0,0,1,0,0,0
REC-03060,0,1,0,0,0,0,0,0,0,0,0,0,19,0,0,0,0,0,0
REC-03061,0,1,0,0,0,0,0,0,0,0,0,0,2,0,0,0,0,0,0
REC-03062,0,1,0,0,0,0,0,0,0,1,1,0,25,0,0,0,0,0,1
REC-03063,1,0,0,0,0,0,0,0,0,0,0,0,9,0,0,1,1,0,0
REC-03064,0,1,0,0,0,0,0,1,1,0,0,0,19,0,0,0,0,0,0
REC-03065,0,1,0,0,0,0,0,0,0,0,0,1,15,0,0,0,0,0,1
REC-03066,0,1,0,0,0,0,0,0,0,0,0,0,216,1,1,0,0,1,0
REC-03067,0,1,0,1,0,0,0,0,0,0,0,0,3,0,0,1,0,0,0
REC-03068,0,1,1,1,0,0,0,0,0,0,0,0,8,0,0,1,0,0,0
REC-03069,0,1,0,0,0,0,0,0,0,0,0,0,266,1,1,0,0,1,0
REC-03070,0,1,0,0,0,0,0,1,1,0,0,0,14,0,0,0,0,0,0
REC-03071,0,1,0,0,0,0,0,0,0,0,0,0,14,0,0,0,0,0,0
REC-03072,0,1,1,1,0,0,0,0,0,0,0,0,12,0,0,1,0,0,0
REC-03073,0,1,0,0,0,0,0,0,0,0,0,0,22,0,0,0,0,0,0
REC-03074,0,1,0,0,0,0,0,0,0,1,1,0,0,0,0,0,0,0,1
REC-03075,0,1,0,0,0,0,0,0,0,1,1,0,14,0,0,0,0,0,1
REC-03076,1,0,0,0,0,0,0,0,0,0,0,0,1,0,0,1,1,0,0
REC-03077,0,1,0,0,0,1,1,0,0,0,0,0,18,0,0,0,0,1,0
REC-03078,0,1,0,1,1,0,0,0,0,0,0,0,1,0,0,1,1,0,0
REC-03079,0,1,0,0,0,0,0,0,0,0,0,1,7,0,0,0,0,0,1
REC-03080,0,1,0,0,0,0,0,0,0,0,0,0,13,0,0,0,0,0,0
REC-03081,0,1,0,0,0,0,0,0,0,0,0,0,10,0,0,0,0,0,0
REC-03082,0,1,0,0,0,0,0,0,0,0,0,0,9,0,0,0,0,0,0
REC-03083,0,1,0,0,0,0,0,0,0,1,1,0,2,0,0,0,0,0,1
REC-03084,0,1,0,0,0,0,0,0,0,0,0,1,6,0,0,0,0,0,1
REC-03085,0,1,0,0,0,0,0,0,0,0,0,0,27,0,0,0,0,0,0
REC-03086,0,1,1,1,0,0,0,0,0,0,0,0,11,0,0,1,0,0,0
REC-03087,0,1,0,0,0,1,1,0,0,0,0,0,28,0,0,0,0,1,0
REC-03088,0,1,0,0,0,0,0,0,0,0,0,0,353,1,1,0,0,1,0
REC-03089,0,1,0,1,1,0,0,0,0,0,0,0,7,0,0,1,1,0,0
REC-03090,0,1,0,0,0,0,0,0,0,0,0,0,19,0,0,0,0,0,0
REC-03091,0,1,0,0,0,0,0,0,0,0,0,0,2,0,0,0,0,0,0
REC-03092,0,1,0,0,0,1,1,0,0,0,0,0,22,0,0,0,0,1,0
REC-03093,0,1,0,0,0,0,0,0,0,0,0,0,5,0,0,0,0,0,0
REC-03094,0,1,0,0,0,0,0,0,0,0,0,0,21,0,0,0,0,0,0
REC-03095,0,1,0,0,0,0,0,0,0,0,0,0,15,0,0,0,0,0,0
REC-03096,0,1,0,0,0,0,0,0,0,0,0,0,14,0,0,0,0,0,0
REC-03097,0,1,1,1,0,0,0,0,0,0,0,0,16,0,0,1,0,0,0
REC-03098,0,1,1,1,0,0,0,0,0,0,0,0,20,0,0,1,0,0,0
REC-03099,0,1,0,1,1,0,0,0,0,0,0,0,12,0,0,1,1,0,0
REC-03100,0,1,0,0,0,0,0,0,0,0,0,1,26,0,0,0,0,0,1
REC-03101,0,1,0,0,0,0,0,0,0,1,1,0,3,0,0,0,0,0,1
REC-03102,1,0,0,0,0,0,0,0,0,0,0,0,17,0,0,1,1,0,0
REC-03103,0,1,0,0,0,0,0,0,0,0,0,0,16,0,0,0,0,0,0
REC-03104,0,1,0,0,0,0,0,0,0,1,1,0,9,0,0,0,0,0,1
REC-03105,1,0,0,0,0,0,0,0,0,0,0,0,27,0,0,1,1,0,0
REC-03106,0,1,0,0,0,0,0,0,0,0,0,0,30,0,0,0,0,0,0
REC-03107,0,1,0,0,0,0,0,0,0,0,0,0,18,0,0,0,0,0,0
REC-03108,0,1,0,0,0,0,0,1,1,0,0,0,2,0,0,0,0,0,0
REC-03109,0,1,1,1,0,0,0,0,0,0,0,0,7,0,0,1,0,0,0
REC-03110,0,1,0,0,0,0,0,0,0,1,1,0,16,0,0,0,0,0,1
REC-03111,0,1,0,0,0,0,0,0,0,0,0,0,25,0,0,0,0,0,0
REC-03112,0,1,0,0,0,0,0,0,0,1,1,0,6,0,0,0,0,0,1
REC-03113,0,1,0,1,1,0,0,0,0,0,0,0,7,0,0,1,1,0,0
REC-03114,1,0,0,0,0,0,0,0,0,0,0,0,2,0,0,1,1,0,0
REC-03115,1,0,0,0,0,0,0,0,0,0,0,0,12,0,0,1,1,0,0
REC-03116,0,1,0,0,0,0,0,1,1,0,0,0,13,0,0,0,0,0,0
REC-03117,0,1,0,0,0,0,0,0,0,0,0,0,0,0,0,0,0,0,0
REC-03118,0,1,0,0,0,0,0,1,1,0,0,0,2,0,0,0,0,0,0
REC-03119,1,0,0,0,0,0,0,0,0,0,0,0,28,0,0,1,1,0,0
REC-03120,0,1,1,1,0,0,0,0,0,0,0,0,12,0,0,1,0,0,0
REC-03121,0,1,0,1,0,0,0,0,0,0,0,0,18,0,0,1,0,0,0
REC-03122,0,1,0,0,0,0,0,0,0,1,1,0,8,0,0,0,0,0,1
REC-03123,0,1,0,0,0,0,0,0,0,1,1,0,22,0,0,0,0,0,1
REC-03124,0,1,1,1,0,0,0,0,0,0,0,0,16,0,0,1,0,0,0
REC-03125,0,1,0,0,0,1,1,0,0,0,0,0,16,0,0,0,0,1,0
REC-03126,0,1,0,0,0,0,0,0,0,0,0,0,0,0,0,0,0,0,0
REC-03127,0,1,0,0,0,1,1,0,0,0,0,0,28,0,0,0,0,1,0
REC-03128,0,1,0,1,1,0,0,0,0,0,0,0,10,0,0,1,1,0,0
REC-03129,1,0,0,0,0,0,0,0,0,0,0,0,19,0,0,1,1,0,0
REC-03130,0,1,0,0,0,0,0,1,1,0,0,0,6,0,0,0,0,0,0
REC-03131,0,1,0,0,0,0,0,0,0,0,0,0,25,0,0,0,0,0,0
REC-03132,0,1,0,0,0,0,0,0,0,1,1,0,1,0,0,0,0,0,1
REC-03133,1,0,0,0,0,0,0,0,0,0,0,0,29,0,0,1,1,0,0
REC-03134,0,1,0,0,0,0,0,0,0,0,0,0,27,0,0,0,0,0,0
REC-03135,0,1,0,0,0,1,1,0,0,0,0,0,28,0,0,0,0,1,0
REC-03136,0,1,0,0,0,1,1,0,0,0,0,0,28,0,0,0,0,1,0
REC-03137,0,1,0,0,0,0,0,0,0,0,0,0,207,1,1,0,0,1,0
REC-03138,0,1,0,0,0,0,0,0,0,0,0,0,23,0,0,0,0,0,0
REC-03139,0,1,0,0,0,0,0,0,0,0,0,0,14,0,0,0,0,0,0
REC-03140,0,1,0,0,0,0,0,0,0,0,0,1,27,0,0,0,0,0,1
REC-03141,0,1,0,0,0,0,0,0,0,1,1,0,7,0,0,0,0,0,1
REC-03142,0,1,0,0,0,1,1,0,0,0,0,0,7,0,0,0,0,1,0
REC-03143,0,1,0,0,0,0,0,0,0,0,0,1,20,0,0,0,0,0,1
REC-03144,0,1,1,1,0,0,0,0,0,0,0,0,26,0,0,1,0,0,0
REC-03145,0,1,1,1,0,0,0,0,0,0,0,0,20,0,0,1,0,0,0
REC-03146,0,1,0,0,0,0,0,0,0,0,0,0,7,0,0,0,0,0,0
REC-03147,0,1,0,0,0,0,0,0,0,0,0,0,20,0,0,0,0,0,0
REC-03148,0,1,0,0,0,0,0,0,0,0,0,1,12,0,0,0,0,0,1
REC-03149,1,0,0,0,0,0,0,0,0,0,0,0,16,0,0,1,1,0,0
REC-03150,0,1,0,0,0,0,0,0,0,0,0,0,22,0,0,0,0,0,0
REC-03151,0,1,0,0,0,0,0,0,0,0,0,0,24,0,0,0,0,0,0
REC-03152,0,1,0,0,0,0,0,0,0,0,0,0,22,0,0,0,0,0,0
REC-03153,0,1,0,1,1,0,0,0,0,0,0,0,19,0,0,1,1,0,0
REC-03154,0,1,0,0,0,0,0,0,0,0,0,1,11,0,0,0,0,0,1
REC-03155,0,1,0,0,0,0,0,0,0,0,0,0,11,0,0,0,0,0,0
REC-03156,0,1,0,0,0,0,0,0,0,0,0,0,26,0,0,0,0,0,0
REC-03157,0,1,0,0,0,0,0,0,0,0,0,0,8,0,0,0,0,0,0
REC-03158,0,1,0,0,0,1,1,0,0,0,0,0,14,0,0,0,0,1,0
REC-03159,0,1,1,1,0,0,0,0,0,0,0,0,14,0,0,1,0,0,0
REC-03160,0,1,0,0,0,0,0,0,0,0,0,0,4,0,0,0,0,0,0
REC-03161,0,1,0,0,0,0,0,0,0,0,0,0,14,0,0,0,0,0,0
REC-03162,0,1,0,0,0,0,0,0,0,0,0,0,189,1,1,0,0,1,0
REC-03163,0,1,0,0,0,0,0,0,0,0,0,0,30,0,0,0,0,0,0
REC-03164,1,0,0,0,0,0,0,0,0,0,0,0,20,0,0,1,1,0,0
REC-03165,0,1,0,0,0,1,1,0,0,0,0,0,23,0,0,0,0,1,0
REC-03166,0,1,0,0,0,0,0,0,0,0,0,0,23,0,0,0,0,0,0
REC-03167,0,1,0,0,0,0,0,0,0,0,0,0,24,0,0,0,0,0,0
REC-03168,0,1,0,0,0,0,0,0,0,0,0,0,21,0,0,0,0,0,0
REC-03169,0,1,0,0,0,0,0,1,1,0,0,0,11,0,0,0,0,0,0
REC-03170,0,1,0,0,0,0,0,1,1,0,0,0,24,0,0,0,0,0,0
REC-03171,0,1,0,0,0,0,0,0,0,0,0,1,10,0,0,0,0,0,1
REC-03172,0,1,0,0,0,0,0,0,0,0,0,0,4,0,0,0,0,0,0
REC-03173,0,1,0,1,1,0,0,0,0,0,0,0,26,0,0,1,1,0,0
REC-03174,0,1,0,0,0,0,0,0,0,0,0,0,26,0,0,0,0,0,0
REC-03175,0,1,0,0,0,0,0,0,0,0,0,0,28,0,0,0,0,0,0
REC-03176,0,1,0,0,0,0,0,0,0,0,0,0,6,0,0,0,0,0,0
REC-03177,1,0,0,0,0,0,0,0,0,0,0,0,30,0,0,1,1,0,0
REC-03178,1,0,0,0,0,0,0,0,0,0,0,0,18,0,0,1,1,0,0
REC-03179,0,1,0,0,0,0,0,0,0,0,0,0,7,0,0,0,0,0,0
REC-03180,1,0,0,0,0,0,0,0,0,0,0,0,16,0,0,1,1,0,0
REC-03181,0,1,0,0,0,1,1,0,0,0,0,0,30,0,0,0,0,1,0
REC-03182,0,1,0,0,0,0,0,0,0,0,0,0,24,0,0,0,0,0,0
REC-03183,0,1,0,0,0,0,0,0,0,0,0,1,23,0,0,0,0,0,1
REC-03184,0,1,0,0,0,0,0,0,0,0,0,0,7,0,0,0,0,0,0
REC-03185,0,1,0,0,0,0,0,0,0,0,0,0,27,0,0,0,0,0,0
REC-03186,0,1,0,0,0,0,0,0,0,0,0,1,22,0,0,0,0,0,1
REC-03187,0,1,0,0,0,0,0,0,0,0,0,0,3,0,0,0,0,0,0
REC-03188,0,1,0,0,0,0,0,0,0,0,0,0,30,0,0,0,0,0,0
REC-03189,0,1,0,0,0,0,0,0,0,0,0,0,23,0,0,0,0,0,0
REC-03190,0,1,0,0,0,0,0,1,1,0,0,0,28,0,0,0,0,0,0
REC-03191,0,1,0,1,1,0,0,0,0,0,0,0,15,0,0,1,1,0,0
REC-03192,0,1,0,0,0,0,0,0,0,0,0,0,232,1,1,0,0,1,0
REC-03193,0,1,0,0,0,0,0,0,0,0,0,1,16,0,0,0,0,0,1
REC-03194,0,1,0,0,0,0,0,0,0,0,0,1,1,0,0,0,0,0,1
REC-03195,0,1,0,0,0,0,0,0,0,1,1,0,13,0,0,0,0,0,1
REC-03196,0,1,0,0,0,0,0,0,0,0,0,0,19,0,0,0,0,0,0
REC-03197,0,1,0,0,0,1,1,0,0,0,0,0,30,0,0,0,0,1,0
REC-03198,0,1,1,1,0,0,0,0,0,0,0,0,19,0,0,1,0,0,0
REC-03199,0,1,0,0,0,0,0,0,0,1,1,0,20,0,0,0,0,0,1
REC-03200,0,1,0,0,0,0,0,0,0,0,0,0,235,1,1,0,0,1,0
REC-03201,0,1,0,0,0,0,0,0,0,0,0,0,8,0,0,0,0,0,0
REC-03202,0,1,0,0,0,0,0,0,0,0,0,0,228,1,1,0,0,1,0
REC-03203,0,1,0,0,0,0,0,0,0,0,0,0,30,0,0,0,0,0,0
REC-03204,0,1,0,0,0,0,0,0,0,0,0,0,11,0,0,0,0,0,0
REC-03205,0,1,0,0,0,0,0,0,0,0,0,0,25,0,0,0,0,0,0
REC-03206,0,1,0,0,0,0,0,0,0,0,0,0,5,0,0,0,0,0,0
REC-03207,0,1,0,0,0,0,0,0,0,0,0,0,18,0,0,0,0,0,0
REC-03208,0,1,0,0,0,0,0,0,0,0,0,0,13,0,0,0,0,0,0
REC-03209,0,1,0,0,0,0,0,0,0,0,0,0,10,0,0,0,0,0,0
REC-03210,0,1,1,1,0,0,0,0,0,0,0,0,23,0,0,1,0,0,0
REC-03211,0,1,0,0,0,0,0,0,0,0,0,0,29,0,0,0,0,0,0
REC-03212,0,1,0,0,0,0,0,0,0,0,0,0,13,0,0,0,0,0,0
REC-03213,0,1,0,0,0,0,0,0,0,0,0,1,10,0,0,0,0,0,1
REC-03214,0,1,0,0,0,0,0,0,0,0,0,0,19,0,0,0,0,0,0
REC-03215,0,1,0,0,0,0,0,0,0,0,0,0,6,0,0,0,0,0,0
REC-03216,0,1,0,0,0,0,0,0,0,0,0,0,0,0,0,0,0,0,0
REC-03217,0,1,0,0,0,0,0,0,0,0,0,0,200,1,1,0,0,1,0
REC-03218,0,1,0,0,0,0,0,0,0,0,0,0,27,0,0,0,0,0,0
REC-03219,0,1,0,0,0,0,0,0,0,1,1,0,10,0,0,0,0,0,1
REC-03220,0,1,0,0,0,1,1,0,0,0,0,0,7,0,0,0,0,1,0
REC-03221,0,1,1,1,0,0,0,0,0,0,0,0,5,0,0,1,0,0,0
REC-03222,0,1,0,0,0,0,0,0,0,0,0,0,14,0,0,0,0,0,0
REC-03223,1,0,0,0,0,0,0,0,0,0,0,0,9,0,0,1,1,0,0
REC-03224,0,1,0,1,0,0,0,0,0,0,0,0,13,0,0,1,0,0,0
REC-03225,0,1,0,0,0,0,0,0,0,0,0,0,18,0,0,0,0,0,0
REC-03226,0,1,0,0,0,0,0,0,0,0,0,0,0,0,0,0,0,0,0
REC-03227,0,1,0,0,0,0,0,0,0,0,0,0,27,0,0,0,0,0,0
REC-03228,0,1,1,1,0,0,0,0,0,0,0,0,21,0,0,1,0,0,0
REC-03229,0,1,0,0,0,1,1,0,0,0,0,0,20,0,0,0,0,1,0
REC-03230,0,1,0,0,0,0,0,0,0,0,0,1,23,0,0,0,0,0,1
REC-03231,0,1,0,0,0,0,0,0,0,0,0,0,24,0,0,0,0,0,0
REC-03232,0,1,1,1,0,0,0,0,0,0,0,0,25,0,0,1,0,0,0
REC-03233,0,1,0,0,0,0,0,0,0,1,1,0,6,0,0,0,0,0,1
REC-03234,0,1,1,1,0,0,0,0,0,0,0,0,30,0,0,1,0,0,0
REC-03235,0,1,0,0,0,0,0,0,0,1,1,0,0,0,0,0,0,0,1
REC-03236,0,1,0,0,0,0,0,0,0,0,0,0,5,0,0,0,0,0,0
REC-03237,0,1,0,0,0,0,0,0,0,0,0,0,13,0,0,0,0,0,0
REC-03238,0,1,0,0,0,0,0,0,0,0,0,0,276,1,1,0,0,1,0
REC-03239,0,1,0,0,0,0,0,0,0,0,0,1,13,0,0,0,0,0,1
REC-03240,0,1,1,1,0,0,0,0,0,0,0,0,19,0,0,1,0,0,0
REC-03241,0,1,0,0,0,0,0,0,0,0,0,0,22,0,0,0,0,0,0
REC-03242,0,1,0,0,0,0,0,1,1,0,0,0,17,0,0,0,0,0,0
REC-03243,0,1,0,0,0,0,0,0,0,0,0,0,16,0,0,0,0,0,0
REC-03244,0,1,0,0,0,0,0,0,0,0,0,0,6,0,0,0,0,0,0
REC-03245,1,0,0,0,0,0,0,0,0,0,0,0,19,0,0,1,1,0,0
REC-03246,0,1,0,0,0,0,0,0,0,0,0,0,2,0,0,0,0,0,0
REC-03247,0,1,0,0,0,0,0,0,0,1,1,0,19,0,0,0,0,0,1
REC-03248,0,1,0,0,0,0,0,0,0,0,0,0,12,0,0,0,0,0,0
REC-03249,0,1,0,0,0,0,0,1,1,0,0,0,2,0,0,0,0,0,0
REC-03250,0,1,0,0,0,0,0,0,0,0,0,0,20,0,0,0,0,0,0
REC-03251,1,0,0,0,0,0,0,0,0,0,0,0,5,0,0,1,1,0,0
REC-03252,0,1,0,0,0,0,0,0,0,0,0,0,7,0,0,0,0,0,0
REC-03253,0,1,0,0,0,0,0,0,0,0,0,0,7,0,0,0,0,0,0
REC-03254,0,1,0,1,1,0,0,0,0,0,0,0,29,0,0,1,1,0,0
REC-03255,0,1,1,1,0,0,0,0,0,0,0,0,2,0,0,1,0,0,0
REC-03256,0,1,0,0,0,0,0,0,0,0,0,0,15,0,0,0,0,0,0
REC-03257,0,1,0,0,0,0,0,0,0,0,0,0,21,0,0,0,0,0,0
REC-03258,0,1,0,0,0,0,0,0,0,0,0,0,207,1,1,0,0,1,0
REC-03259,0,1,1,1,0,0,0,0,0,0,0,0,2,0,0,1,0,0,0
REC-03260,0,1,0,0,0,0,0,0,0,0,0,0,27,0,0,0,0,0,0
REC-03261,0,1,0,0,0,0,0,0,0,0,0,0,194,1,1,0,0,1,0
REC-03262,0,1,0,1,1,0,0,0,0,0,0,0,22,0,0,1,1,0,0
REC-03263,0,1,0,0,0,0,0,0,0,0,0,0,9,0,0,0,0,0,0
REC-03264,0,1,1,1,0,0,0,0,0,0,0,0,21,0,0,1,0,0,0
REC-03265,0,1,0,0,0,0,0,0,0,0,0,0,5,0,0,0,0,0,0
REC-03266,0,1,0,0,0,1,1,0,0,0,0,0,27,0,0,0,0,1,0
REC-03267,0,1,0,0,0,0,0,0,0,0,0,1,24,0,0,0,0,0,1
REC-03268,0,1,0,0,0,0,0,1,1,0,0,0,24,0,0,0,0,0,0
REC-03269,0,1,0,0,0,0,0,0,0,0,0,0,116,1,1,0,0,1,0
REC-03270,0,1,0,0,0,0,0,0,0,1,1,0,2,0,0,0,0,0,1
REC-03271,0,1,0,0,0,0,0,0,0,0,0,0,11,0,0,0,0,0,0
REC-03272,0,1,1,1,0,0,0,0,0,0,0,0,13,0,0,1,0,0,0
REC-03273,0,1,0,0,0,0,0,0,0,0,0,0,2,0,0,0,0,0,0
REC-03274,0,1,0,0,0,0,0,1,1,0,0,0,25,0,0,0,0,0,0
REC-03275,0,1,1,1,0,0,0,0,0,0,0,0,0,0,0,1,0,0,0
REC-03276,1,0,0,0,0,0,0,0,0,0,0,0,16,0,0,1,1,0,0
REC-03277,0,1,0,0,0,1,1,0,0,0,0,0,27,0,0,0,0,1,0
REC-03278,1,0,0,0,0,0,0,0,0,0,0,0,29,0,0,1,1,0,0
REC-03279,0,1,0,0,0,0,0,0,0,0,0,1,10,0,0,0,0,0,1
REC-03280,0,1,0,1,0,0,0,0,0,0,0,0,8,0,0,1,0,0,0
REC-03281,0,1,0,0,0,0,0,1,1,0,0,0,9,0,0,0,0,0,0
REC-03282,1,0,0,0,0,0,0,0,0,0,0,0,17,0,0,1,1,0,0
REC-03283,0,1,0,0,0,1,1,0,0,0,0,0,28,0,0,0,0,1,0
REC-03284,0,1,0,0,0,0,0,0,0,0,0,0,13,0,0,0,0,0,0
REC-03285,0,1,0,0,0,0,0,0,0,0,0,0,21,0,0,0,0,0,0
REC-03286,0,1,0,0,0,0,0,0,0,0,0,0,9,0,0,0,0,0,0
REC-03287,0,1,0,0,0,0,0,0,0,0,0,0,10,0,0,0,0,0,0
REC-03288,1,0,0,0,0,0,0,0,0,0,0,0,15,0,0,1,1,0,0
REC-03289,0,1,0,0,0,0,0,0,0,0,0,0,1,0,0,0,0,0,0
REC-03290,0,1,0,0,0,0,0,0,0,0,0,0,6,0,0,0,0,0,0
REC-03291,1,0,0,0,0,0,0,0,0,0,0,0,10,0,0,1,1,0,0
REC-03292,0,1,0,0,0,0,0,0,0,1,1,0,17,0,0,0,0,0,1
REC-03293,0,1,0,0,0,1,1,0,0,0,0,0,22,0,0,0,0,1,0
REC-03294,0,1,0,0,0,0,0,0,0,0,0,0,93,1,1,0,0,1,0
REC-03295,0,1,1,1,0,0,0,0,0,0,0,0,20,0,0,1,0,0,0
REC-03296,0,1,1,1,0,0,0,0,0,0,0,0,3,0,0,1,0,0,0
REC-03297,0,1,0,0,0,0,0,0,0,0,0,0,5,0,0,0,0,0,0
REC-03298,0,1,0,1,1,0,0,0,0,0,0,0,12,0,0,1,1,0,0
REC-03299,1,0,0,0,0,0,0,0,0,0,0,0,5,0,0,1,1,0,0
REC-03300,0,1,0,0,0,0,0,0,0,0,0,0,6,0,0,0,0,0,0
REC-03301,0,1,0,0,0,0,0,0,0,0,0,0,28,0,0,0,0,0,0
REC-03302,0,1,0,0,0,0,0,1,1,0,0,0,18,0,0,0,0,0,0
REC-03303,0,1,0,0,0,1,1,0,0,0,0,0,21,0,0,0,0,1,0
REC-03304,0,1,0,0,0,0,0,0,0,0,0,0,2,0,0,0,0,0,0
REC-03305,0,1,1,1,0,0,0,0,0,0,0,0,13,0,0,1,0,0,0
REC-03306,0,1,0,0,0,0,0,0,0,0,0,0,1,0,0,0,0,0,0
REC-03307,0,1,0,0,0,0,0,0,0,0,0,0,5,0,0,0,0,0,0
REC-03308,0,1,0,0,0,1,1,0,0,0,0,0,6,0,0,0,0,1,0
REC-03309,0,1,0,0,0,0,0,0,0,0,0,0,27,0,0,0,0,0,0
REC-03310,0,1,0,0,0,0,0,0,0,0,0,0,15,0,0,0,0,0,0
REC-03311,0,1,1,1,0,0,0,0,0,0,0,0,11,0,0,1,0,0,0
REC-03312,0,1,1,1,0,0,0,0,0,0,0,0,5,0,0,1,0,0,0
REC-03313,0,1,0,0,0,1,1,0,0,0,0,0,9,0,0,0,0,1,0
REC-03314,0,1,0,0,0,0,0,1,1,0,0,0,2,0,0,0,0,0,0
REC-03315,0,1,0,0,0,0,0,0,0,0,0,1,3,0,0,0,0,0,1
REC-03316,1,0,0,0,0,0,0,0,0,0,0,0,20,0,0,1,1,0,0
REC-03317,1,0,0,0,0,0,0,0,0,0,0,0,7,0,0,1,1,0,0
REC-03318,0,1,0,0,0,1,1,0,0,0,0,0,19,0,0,0,0,1,0
REC-03319,0,1,0,0,0,0,0,0,0,0,0,0,17,0,0,0,0,0,0
REC-03320,0,1,0,0,0,0,0,0,0,0,0,0,220,1,1,0,0,1,0
REC-03321,0,1,0,0,0,0,0,0,0,1,1,0,0,0,0,0,0,0,1
REC-03322,0,1,0,0,0,0,0,0,0,0,0,0,6,0,0,0,0,0,0
REC-03323,1,0,0,0,0,0,0,0,0,0,0,0,20,0,0,1,1,0,0
REC-03324,0,1,0,0,0,0,0,0,0,0,0,0,22,0,0,0,0,0,0
REC-03325,0,1,1,1,0,0,0,0,0,0,0,0,28,0,0,1,0,0,0
REC-03326,1,0,0,0,0,0,0,0,0,0,0,0,13,0,0,1,1,0,0
REC-03327,0,1,0,0,0,0,0,0,0,0,0,0,27,0,0,0,0,0,0
REC-03328,0,1,0,0,0,0,0,0,0,0,0,1,7,0,0,0,0,0,1
REC-03329,0,1,0,0,0,0,0,1,1,0,0,0,27,0,0,0,0,0,0
REC-03330,0,1,1,1,0,0,0,0,0,0,0,0,30,0,0,1,0,0,0
REC-03331,1,0,0,0,0,0,0,0,0,0,0,0,11,0,0,1,1,0,0
REC-03332,0,1,0,0,0,1,1,0,0,0,0,0,9,0,0,0,0,1,0
REC-03333,0,1,0,0,0,1,1,0,0,0,0,0,29,0,0,0,0,1,0
REC-03334,0,1,1,1,0,0,0,0,0,0,0,0,2,0,0,1,0,0,0
REC-03335,1,0,0,0,0,0,0,0,0,0,0,0,24,0,0,1,1,0,0
REC-03336,0,1,0,0,0,0,0,1,1,0,0,0,26,0,0,0,0,0,0
REC-03337,0,1,0,0,0,0,0,0,0,0,0,0,298,1,1,0,0,1,0
REC-03338,0,1,0,0,0,0,0,0,0,0,0,0,13,0,0,0,0,0,0
REC-03339,0,1,0,0,0,0,0,0,0,1,1,0,13,0,0,0,0,0,1
REC-03340,0,1,0,0,0,0,0,0,0,0,0,1,14,0,0,0,0,0,1
REC-03341,0,1,0,0,0,0,0,0,0,0,0,0,1,0,0,0,0,0,0
REC-03342,0,1,0,0,0,0,0,0,0,0,0,0,0,0,0,0,0,0,0
REC-03343,1,0,0,0,0,0,0,0,0,0,0,0,11,0,0,1,1,0,0
REC-03344,0,1,0,0,0,0,0,0,0,0,0,0,7,0,0,0,0,0,0
REC-03345,0,1,0,1,1,0,0,0,0,0,0,0,11,0,0,1,1,0,0
REC-03346,0,1,0,0,0,0,0,0,0,0,0,0,16,0,0,0,0,0,0
REC-03347,1,0,0,0,0,0,0,0,0,0,0,0,24,0,0,1,1,0,0
REC-03348,0,1,1,1,0,0,0,0,0,0,0,0,1,0,0,1,0,0,0
REC-03349,0,1,0,0,0,0,0,1,1,0,0,0,24,0,0,0,0,0,0
REC-03350,0,1,0,0,0,0,0,0,0,1,1,0,27,0,0,0,0,0,1
REC-03351,0,1,0,0,0,0,0,0,0,0,0,0,14,0,0,0,0,0,0
REC-03352,0,1,0,0,0,0,0,0,0,0,0,0,15,0,0,0,0,0,0
REC-03353,1,0,0,0,0,0,0,0,0,0,0,0,15,0,0,1,1,0,0
REC-03354,0,1,0,0,0,0,0,0,0,0,0,0,26,0,0,0,0,0,0
REC-03355,0,1,0,0,0,0,0,0,0,0,0,0,18,0,0,0,0,0,0
REC-03356,0,1,0,1,0,0,0,0,0,0,0,0,19,0,0,1,0,0,0
REC-03357,0,1,0,0,0,0,0,0,0,0,0,0,355,1,1,0,0,1,0
REC-03358,0,1,0,0,0,0,0,0,0,0,0,0,26,0,0,0,0,0,0
REC-03359,0,1,0,0,0,0,0,1,1,0,0,0,28,0,0,0,0,0,0
REC-03360,1,0,0,0,0,0,0,0,0,0,0,0,24,0,0,1,1,0,0
REC-03361,0,1,1,1,0,0,0,0,0,0,0,0,6,0,0,1,0,0,0
REC-03362,0,1,0,0,0,0,0,1,1,0,0,0,9,0,0,0,0,0,0
REC-03363,0,1,0,0,0,0,0,0,0,0,0,0,0,0,0,0,0,0,0
REC-03364,0,1,0,0,0,1,1,0,0,0,0,0,20,0,0,0,0,1,0
REC-03365,0,1,1,1,0,0,0,0,0,0,0,0,29,0,0,1,0,0,0
REC-03366,0,1,0,0,0,0,0,0,0,0,0,0,26,0,0,0,0,0,0
REC-03367,0,1,0,0,0,1,1,0,0,0,0,0,11,0,0,0,0,1,0
REC-03368,0,1,0,0,0,0,0,0,0,0,0,0,19,0,0,0,0,0,0
REC-03369,0,1,0,1,1,0,0,0,0,0,0,0,14,0,0,1,1,0,0
REC-03370,0,1,0,0,0,0,0,0,0,1,1,0,17,0,0,0,0,0,1
REC-03371,0,1,0,0,0,0,0,1,1,0,0,0,16,0,0,0,0,0,0
REC-03372,0,1,0,0,0,0,0,0,0,0,0,0,29,0,0,0,0,0,0
REC-03373,0,1,0,0,0,0,0,0,0,0,0,0,4,0,0,0,0,0,0
REC-03374,0,1,0,0,0,0,0,0,0,0,0,0,0,0,0,0,0,0,0
REC-03375,0,1,0,0,0,0,0,0,0,0,0,0,184,1,1,0,0,1,0
REC-03376,0,1,0,1,1,0,0,0,0,0,0,0,1,0,0,1,1,0,0
REC-03377,0,1,0,0,0,0,0,0,0,0,0,0,261,1,1,0,0,1,0
REC-03378,1,0,0,0,0,0,0,0,0,0,0,0,25,0,0,1,1,0,0
REC-03379,0,1,0,0,0,0,0,0,0,0,0,0,201,1,1,0,0,1,0
REC-03380,0,1,1,1,0,0,0,0,0,0,0,0,15,0,0,1,0,0,0
REC-03381,0,1,1,1,0,0,0,0,0,0,0,0,21,0,0,1,0,0,0
REC-03382,0,1,0,0,0,0,0,0,0,0,0,0,16,0,0,0,0,0,0
REC-03383,0,1,0,0,0,0,0,1,1,0,0,0,30,0,0,0,0,0,0
REC-03384,1,0,0,0,0,0,0,0,0,0,0,0,11,0,0,1,1,0,0
REC-03385,0,1,0,0,0,0,0,0,0,0,0,0,295,1,1,0,0,1,0
REC-03386,0,1,0,0,0,0,0,0,0,1,1,0,8,0,0,0,0,0,1
REC-03387,0,1,0,0,0,0,0,0,0,0,0,0,29,0,0,0,0,0,0
REC-03388,0,1,0,1,1,0,0,0,0,0,0,0,20,0,0,1,1,0,0
REC-03389,0,1,0,0,0,0,0,0,0,0,0,0,18,0,0,0,0,0,0
REC-03390,0,1,0,0,0,1,1,0,0,0,0,0,12,0,0,0,0,1,0
REC-03391,0,1,0,0,0,0,0,0,0,0,0,0,2,0,0,0,0,0,0
REC-03392,1,0,0,0,0,0,0,0,0,0,0,0,26,0,0,1,1,0,0
REC-03393,0,1,0,1,1,0,0,0,0,0,0,0,19,0,0,1,1,0,0
REC-03394,1,0,0,0,0,0,0,0,0,0,0,0,26,0,0,1,1,0,0
REC-03395,0,1,0,0,0,0,0,0,0,1,1,0,28,0,0,0,0,0,1
REC-03396,0,1,0,0,0,0,0,0,0,0,0,0,3,0,0,0,0,0,0
REC-03397,0,1,0,0,0,0,0,0,0,0,0,0,8,0,0,0,0,0,0
REC-03398,0,1,0,0,0,0,0,0,0,0,0,0,14,0,0,0,0,0,0
REC-03399,1,0,0,0,0,0,0,0,0,0,0,0,7,0,0,1,1,0,0
REC-03400,0,1,0,0,0,0,0,0,0,0,0,0,4,0,0,0,0,0,0
REC-03401,0,1,0,0,0,0,0,0,0,0,0,0,18,0,0,0,0,0,0
REC-03402,0,1,1,1,0,0,0,0,0,0,0,0,5,0,0,1,0,0,0
REC-03403,0,1,0,0,0,0,0,1,1,0,0,0,2,0,0,0,0,0,0
REC-03404,1,0,0,0,0,0,0,0,0,0,0,0,28,0,0,1,1,0,0
REC-03405,1,0,0,0,0,0,0,0,0,0,0,0,3,0,0,1,1,0,0
REC-03406,1,0,0,0,0,0,0,0,0,0,0,0,20,0,0,1,1,0,0
REC-03407,0,1,0,0,0,0,0,0,0,0,0,0,153,1,1,0,0,1,0
REC-03408,0,1,0,0,0,0,0,0,0,0,0,0,30,0,0,0,0,0,0
REC-03409,0,1,0,0,0,0,0,0,0,1,1,0,14,0,0,0,0,0,1
REC-03410,0,1,0,0,0,0,0,0,0,0,0,1,23,0,0,0,0,0,1
REC-03411,1,0,0,0,0,0,0,0,0,0,0,0,13,0,0,1,1,0,0
REC-03412,1,0,0,0,0,0,0,0,0,0,0,0,23,0,0,1,1,0,0
REC-03413,1,0,0,0,0,0,0,0,0,0,0,0,0,0,0,1,1,0,0
REC-03414,0,1,0,0,0,0,0,0,0,0,0,0,10,0,0,0,0,0,0
REC-03415,0,1,0,1,1,0,0,0,0,0,0,0,23,0,0,1,1,0,0
REC-03416,1,0,0,0,0,0,0,0,0,0,0,0,4,0,0,1,1,0,0
REC-03417,0,1,0,0,0,0,0,0,0,0,0,0,314,1,1,0,0,1,0
REC-03418,0,1,0,0,0,0,0,0,0,0,0,0,4,0,0,0,0,0,0
REC-03419,0,1,0,0,0,0,0,0,0,0,0,1,27,0,0,0,0,0,1
REC-03420,1,0,0,0,0,0,0,0,0,0,0,0,22,0,0,1,1,0,0
REC-03421,0,1,0,0,0,0,0,0,0,1,1,0,3,0,0,0,0,0,1
REC-03422,0,1,0,0,0,0,0,0,0,0,0,0,1,0,0,0,0,0,0
REC-03423,1,0,0,0,0,0,0,0,0,0,0,0,29,0,0,1,1,0,0
REC-03424,0,1,0,0,0,1,1,0,0,0,0,0,28,0,0,0,0,1,0
REC-03425,0,1,0,0,0,0,0,0,0,0,0,0,26,0,0,0,0,0,0
REC-03426,0,1,1,1,0,0,0,0,0,0,0,0,4,0,0,1,0,0,0
REC-03427,1,0,0,0,0,0,0,0,0,0,0,0,24,0,0,1,1,0,0
REC-03428,0,1,0,0,0,0,0,0,0,0,0,0,13,0,0,0,0,0,0
REC-03429,0,1,0,0,0,1,1,0,0,0,0,0,24,0,0,0,0,1,0
REC-03430,1,0,0,0,0,0,0,0,0,0,0,0,12,0,0,1,1,0,0
REC-03431,0,1,0,0,0,0,0,0,0,1,1,0,13,0,0,0,0,0,1
REC-03432,0,1,0,0,0,1,1,0,0,0,0,0,5,0,0,0,0,1,0
REC-03433,1,0,0,0,0,0,0,0,0,0,0,0,27,0,0,1,1,0,0
REC-03434,0,1,0,0,0,0,0,0,0,0,0,1,28,0,0,0,0,0,1
REC-03435,0,1,0,0,0,0,0,0,0,0,0,0,0,0,0,0,0,0,0
REC-03436,0,1,0,0,0,0,0,0,0,0,0,0,0,0,0,0,0,0,0
REC-03437,0,1,0,0,0,0,0,0,0,1,1,0,20,0,0,0,0,0,1
REC-03438,1,0,0,0,0,0,0,0,0,0,0,0,0,0,0,1,1,0,0
REC-03439,0,1,0,0,0,0,0,1,1,0,0,0,16,0,0,0,0,0,0
REC-03440,0,1,0,1,0,0,0,0,0,0,0,0,26,0,0,1,0,0,0
REC-03441,1,0,0,0,0,0,0,0,0,0,0,0,1,0,0,1,1,0,0
REC-03442,0,1,0,0,0,0,0,0,0,1,1,0,15,0,0,0,0,0,1
REC-03443,0,1,0,0,0,0,0,1,1,0,0,0,20,0,0,0,0,0,0
REC-03444,0,1,0,0,0,0,0,0,0,0,0,0,6,0,0,0,0,0,0
REC-03445,1,0,0,0,0,0,0,0,0,0,0,0,30,0,0,1,1,0,0
REC-03446,0,1,0,1,1,0,0,0,0,0,0,0,4,0,0,1,1,0,0
REC-03447,1,0,0,0,0,0,0,0,0,0,0,0,17,0,0,1,1,0,0
REC-03448,0,1,0,1,1,0,0,0,0,0,0,0,20,0,0,1,1,0,0
REC-03449,0,1,0,0,0,0,0,0,0,1,1,0,28,0,0,0,0,0,1
REC-03450,0,1,1,1,0,0,0,0,0,0,0,0,19,0,0,1,0,0,0
REC-03451,0,1,0,0,0,0,0,0,0,0,0,0,351,1,1,0,0,1,0
REC-03452,1,0,0,0,0,0,0,0,0,0,0,0,21,0,0,1,1,0,0
REC-03453,0,1,0,0,0,0,0,0,0,1,1,0,6,0,0,0,0,0,1
REC-03454,1,0,0,0,0,0,0,0,0,0,0,0,10,0,0,1,1,0,0
REC-03455,1,0,0,0,0,0,0,0,0,0,0,0,2,0,0,1,1,0,0
REC-03456,0,1,0,1,1,0,0,0,0,0,0,0,13,0,0,1,1,0,0
REC-03457,0,1,0,0,0,1,1,0,0,0,0,0,8,0,0,0,0,1,0
REC-03458,1,0,0,0,0,0,0,0,0,0,0,0,19,0,0,1,1,0,0
REC-03459,0,1,0,0,0,0,0,0,0,0,0,0,1,0,0,0,0,0,0
REC-03460,0,1,0,0,0,0,0,0,0,0,0,0,11,0,0,0,0,0,0
REC-03461,0,1,0,0,0,0,0,0,0,0,0,0,9,0,0,0,0,0,0
REC-03462,0,1,0,0,0,0,0,0,0,0,0,1,6,0,0,0,0,0,1
REC-03463,0,1,0,1,1,0,0,0,0,0,0,0,19,0,0,1,1,0,0
REC-03464,0,1,0,0,0,0,0,1,1,0,0,0,8,0,0,0,0,0,0
REC-03465,0,1,0,0,0,0,0,0,0,0,0,0,26,0,0,0,0,0,0
REC-03466,0,1,0,0,0,0,0,0,0,0,0,0,15,0,0,0,0,0,0
REC-03467,1,0,0,0,0,0,0,0,0,0,0,0,24,0,0,1,1,0,0
REC-03468,0,1,0,0,0,0,0,0,0,1,1,0,28,0,0,0,0,0,1
REC-03469,0,1,0,0,0,0,0,0,0,1,1,0,12,0,0,0,0,0,1
REC-03470,0,1,0,0,0,0,0,0,0,1,1,0,29,0,0,0,0,0,1
REC-03471,0,1,0,0,0,0,0,0,0,1,1,0,16,0,0,0,0,0,1
REC-03472,0,1,0,0,0,0,0,0,0,0,0,0,26,0,0,0,0,0,0
REC-03473,1,0,0,0,0,0,0,0,0,0,0,0,1,0,0,1,1,0,0
REC-03474,0,1,0,0,0,0,0,0,0,0,0,0,168,1,1,0,0,1,0
REC-03475,0,1,0,0,0,0,0,0,0,0,0,0,4,0,0,0,0,0,0
REC-03476,0,1,0,0,0,0,0,0,0,0,0,0,9,0,0,0,0,0,0
REC-03477,0,1,0,0,0,0,0,0,0,1,1,0,11,0,0,0,0,0,1
REC-03478,0,1,0,0,0,0,0,0,0,0,0,0,11,0,0,0,0,0,0
REC-03479,0,1,0,0,0,0,0,0,0,0,0,0,2,0,0,0,0,0,0
REC-03480,0,1,0,0,0,0,0,0,0,1,1,0,26,0,0,0,0,0,1
REC-03481,0,1,0,1,0,0,0,0,0,0,0,0,19,0,0,1,0,0,0
REC-03482,1,0,0,0,0,0,0,0,0,0,0,0,17,0,0,1,1,0,0
REC-03483,0,1,0,0,0,0,0,0,0,0,0,0,23,0,0,0,0,0,0
REC-03484,0,1,0,0,0,0,0,0,0,0,0,0,178,1,1,0,0,1,0
REC-03485,0,1,0,0,0,1,1,0,0,0,0,0,26,0,0,0,0,1,0
REC-03486,0,1,0,0,0,0,0,0,0,0,0,0,26,0,0,0,0,0,0
REC-03487,0,1,0,0,0,0,0,0,0,0,0,0,24,0,0,0,0,0,0
REC-03488,0,1,0,1,1,0,0,0,0,0,0,0,13,0,0,1,1,0,0
REC-03489,0,1,0,0,0,1,1,0,0,0,0,0,0,0,0,0,0,1,0
REC-03490,0,1,0,0,0,0,0,0,0,1,1,0,29,0,0,0,0,0,1
REC-03491,0,1,0,0,0,0,0,0,0,0,0,0,17,0,0,0,0,0,0
REC-03492,1,0,0,0,0,0,0,0,0,0,0,0,20,0,0,1,1,0,0
REC-03493,0,1,0,0,0,0,0,0,0,0,0,0,3,0,0,0,0,0,0
REC-03494,0,1,0,0,0,1,1,0,0,0,0,0,7,0,0,0,0,1,0
REC-03495,0,1,0,0,0,0,0,0,0,0,0,0,12,0,0,0,0,0,0
REC-03496,0,1,0,0,0,0,0,0,0,0,0,0,24,0,0,0,0,0,0
REC-03497,0,1,0,0,0,0,0,0,0,0,0,0,10,0,0,0,0,0,0
REC-03498,0,1,0,0,0,0,0,1,1,0,0,0,21,0,0,0,0,0,0
REC-03499,0,1,0,0,0,0,0,1,1,0,0,0,20,0,0,0,0,0,0
REC-03500,0,1,0,0,0,0,0,0,0,0,0,0,1,0,0,0,0,0,0
REC-03501,0,1,0,0,0,0,0,0,0,0,0,1,9,0,0,0,0,0,1
REC-03502,1,0,0,0,0,0,0,0,0,0,0,0,14,0,0,1,1,0,0
REC-03503,0,1,0,0,0,0,0,0,0,0,0,0,30,0,0,0,0,0,0
REC-03504,0,1,1,1,0,0,0,0,0,0,0,0,29,0,0,1,0,0,0
REC-03505,1,0,0,0,0,0,0,0,0,0,0,0,6,0,0,1,1,0,0
REC-03506,0,1,0,0,0,0,0,0,0,0,0,0,29,0,0,0,0,0,0
REC-03507,0,1,0,0,0,1,1,0,0,0,0,0,0,0,0,0,0,1,0
REC-03508,1,0,0,0,0,0,0,0,0,0,0,0,21,0,0,1,1,0,0
REC-03509,0,1,1,1,0,0,0,0,0,0,0,0,21,0,0,1,0,0,0
REC-03510,0,1,0,0,0,0,0,0,0,0,0,1,2,0,0,0,0,0,1
REC-03511,0,1,1,1,0,0,0,0,0,0,0,0,6,0,0,1,0,0,0
REC-03512,0,1,0,0,0,0,0,0,0,0,0,0,9,0,0,0,0,0,0
REC-03513,0,1,0,1,1,0,0,0,0,0,0,0,19,0,0,1,1,0,0
REC-03514,0,1,0,0,0,1,1,0,0,0,0,0,9,0,0,0,0,1,0
REC-03515,0,1,0,0,0,0,0,0,0,0,0,0,263,1,1,0,0,1,0
REC-03516,1,0,0,0,0,0,0,0,0,0,0,0,19,0,0,1,1,0,0
REC-03517,0,1,0,0,0,0,0,0,0,0,0,0,1,0,0,0,0,0,0
REC-03518,0,1,0,0,0,1,1,0,0,0,0,0,27,0,0,0,0,1,0
REC-03519,0,1,0,0,0,0,0,0,0,0,0,0,7,0,0,0,0,0,0
REC-03520,0,1,0,0,0,0,0,0,0,0,0,0,25,0,0,0,0,0,0
REC-03521,0,1,0,0,0,0,0,0,0,0,0,0,15,0,0,0,0,0,0
REC-03522,0,1,0,0,0,0,0,0,0,0,0,0,23,0,0,0,0,0,0
REC-03523,0,1,1,1,0,0,0,0,0,0,0,0,22,0,0,1,0,0,0
REC-03524,1,0,0,0,0,0,0,0,0,0,0,0,1,0,0,1,1,0,0
REC-03525,0,1,0,1,1,0,0,0,0,0,0,0,8,0,0,1,1,0,0
REC-03526,1,0,0,0,0,0,0,0,0,0,0,0,13,0,0,1,1,0,0
REC-03527,0,1,0,0,0,0,0,0,0,0,0,0,30,0,0,0,0,0,0
REC-03528,0,1,0,1,1,0,0,0,0,0,0,0,14,0,0,1,1,0,0
REC-03529,0,1,0,0,0,0,0,0,0,0,0,1,29,0,0,0,0,0,1
REC-03530,0,1,0,0,0,0,0,0,0,0,0,0,27,0,0,0,0,0,0
REC-03531,0,1,0,0,0,0,0,0,0,0,0,0,20,0,0,0,0,0,0
REC-03532,0,1,0,0,0,0,0,0,0,0,0,1,17,0,0,0,0,0,1
REC-03533,0,1,0,0,0,0,0,0,0,0,0,0,7,0,0,0,0,0,0
REC-03534,0,1,0,0,0,0,0,0,0,0,0,0,307,1,1,0,0,1,0
REC-03535,0,1,0,1,1,0,0,0,0,0,0,0,22,0,0,1,1,0,0
REC-03536,0,1,0,0,0,0,0,1,1,0,0,0,27,0,0,0,0,0,0
REC-03537,0,1,0,0,0,0,0,0,0,0,0,0,27,0,0,0,0,0,0
REC-03538,0,1,0,0,0,0,0,0,0,0,0,0,25,0,0,0,0,0,0
REC-03539,0,1,0,0,0,0,0,0,0,0,0,1,8,0,0,0,0,0,1
REC-03540,0,1,0,0,0,1,1,0,0,0,0,0,7,0,0,0,0,1,0
REC-03541,0,1,1,1,0,0,0,0,0,0,0,0,7,0,0,1,0,0,0
REC-03542,0,1,0,0,0,0,0,1,1,0,0,0,18,0,0,0,0,0,0
REC-03543,0,1,0,1,0,0,0,0,0,0,0,0,0,0,0,1,0,0,0
REC-03544,0,1,0,1,1,0,0,0,0,0,0,0,19,0,0,1,1,0,0
REC-03545,0,1,0,0,0,0,0,0,0,0,0,0,15,0,0,0,0,0,0
REC-03546,0,1,0,0,0,1,1,0,0,0,0,0,20,0,0,0,0,1,0
REC-03547,0,1,0,0,0,0,0,0,0,0,0,1,7,0,0,0,0,0,1
REC-03548,0,1,0,0,0,0,0,0,0,0,0,0,1,0,0,0,0,0,0
REC-03549,0,1,0,0,0,0,0,0,0,0,0,0,30,0,0,0,0,0,0
REC-03550,0,1,0,0,0,0,0,0,0,0,0,0,0,0,0,0,0,0,0
REC-03551,0,1,0,0,0,1,1,0,0,0,0,0,15,0,0,0,0,1,0
REC-03552,0,1,0,0,0,0,0,0,0,0,0,0,28,0,0,0,0,0,0
REC-03553,0,1,0,0,0,0,0,1,1,0,0,0,28,0,0,0,0,0,0
REC-03554,0,1,0,0,0,0,0,0,0,0,0,0,6,0,0,0,0,0,0
REC-03555,0,1,0,0,0,0,0,0,0,0,0,0,3,0,0,0,0,0,0
REC-03556,0,1,0,0,0,0,0,0,0,0,0,0,20,0,0,0,0,0,0
REC-03557,0,1,0,0,0,0,0,0,0,0,0,0,14,0,0,0,0,0,0
REC-03558,0,1,0,0,0,0,0,1,1,0,0,0,0,0,0,0,0,0,0
REC-03559,1,0,0,0,0,0,0,0,0,0,0,0,18,0,0,1,1,0,0
REC-03560,0,1,0,0,0,0,0,0,0,0,0,0,21,0,0,0,0,0,0
REC-03561,0,1,1,1,0,0,0,0,0,0,0,0,0,0,0,1,0,0,0
REC-03562,0,1,0,0,0,0,0,0,0,0,0,0,5,0,0,0,0,0,0
REC-03563,0,1,0,0,0,0,0,0,0,0,0,1,8,0,0,0,0,0,1
REC-03564,1,0,0,0,0,0,0,0,0,0,0,0,25,0,0,1,1,0,0
REC-03565,0,1,1,1,0,0,0,0,0,0,0,0,19,0,0,1,0,0,0
REC-03566,1,0,0,0,0,0,0,0,0,0,0,0,10,0,0,1,1,0,0
REC-03567,1,0,0,0,0,0,0,0,0,0,0,0,11,0,0,1,1,0,0
REC-03568,0,1,0,0,0,0,0,0,0,0,0,0,21,0,0,0,0,0,0
REC-03569,0,1,1,1,0,0,0,0,0,0,0,0,23,0,0,1,0,0,0
REC-03570,0,1,0,0,0,0,0,0,0,0,0,0,5,0,0,0,0,0,0
REC-03571,0,1,0,0,0,0,0,0,0,0,0,0,18,0,0,0,0,0,0
REC-03572,0,1,0,0,0,0,0,0,0,0,0,1,28,0,0,0,0,0,1
REC-03573,0,1,0,0,0,0,0,0,0,0,0,0,22,0,0,0,0,0,0
REC-03574,0,1,0,0,0,0,0,1,1,0,0,0,28,0,0,0,0,0,0
REC-03575,0,1,0,0,0,1,1,0,0,0,0,0,27,0,0,0,0,1,0
REC-03576,0,1,0,0,0,0,0,0,0,1,1,0,7,0,0,0,0,0,1
REC-03577,0,1,0,0,0,0,0,0,0,1,1,0,13,0,0,0,0,0,1
REC-03578,0,1,0,0,0,0,0,0,0,1,1,0,26,0,0,0,0,0,1
REC-03579,0,1,0,0,0,0,0,0,0,0,0,0,24,0,0,0,0,0,0
REC-03580,0,1,0,0,0,0,0,1,1,0,0,0,7,0,0,0,0,0,0
REC-03581,0,1,0,0,0,0,0,1,1,0,0,0,12,0,0,0,0,0,0
REC-03582,0,1,0,0,0,0,0,0,0,0,0,0,9,0,0,0,0,0,0
REC-03583,0,1,0,0,0,1,1,0,0,0,0,0,5,0,0,0,0,1,0
REC-03584,1,0,0,0,0,0,0,0,0,0,0,0,26,0,0,1,1,0,0
REC-03585,0,1,0,0,0,0,0,1,1,0,0,0,9,0,0,0,0,0,0
REC-03586,1,0,0,0,0,0,0,0,0,0,0,0,1,0,0,1,1,0,0
REC-03587,0,1,0,0,0,0,0,0,0,0,0,1,15,0,0,0,0,0,1
REC-03588,1,0,0,0,0,0,0,0,0,0,0,0,6,0,0,1,1,0,0
REC-03589,0,1,0,0,0,0,0,1,1,0,0,0,29,0,0,0,0,0,0
REC-03590,0,1,0,0,0,0,0,0,0,0,0,1,16,0,0,0,0,0,1
REC-03591,1,0,0,0,0,0,0,0,0,0,0,0,2,0,0,1,1,0,0
REC-03592,0,1,0,0,0,1,1,0,0,0,0,0,11,0,0,0,0,1,0
REC-03593,0,1,0,0,0,0,0,1,1,0,0,0,15,0,0,0,0,0,0
REC-03594,0,1,0,0,0,0,0,0,0,0,0,0,12,0,0,0,0,0,0
REC-03595,0,1,1,1,0,0,0,0,0,0,0,0,27,0,0,1,0,0,0
REC-03596,0,1,0,0,0,0,0,1,1,0,0,0,8,0,0,0,0,0,0
REC-03597,1,0,0,0,0,0,0,0,0,0,0,0,28,0,0,1,1,0,0
REC-03598,0,1,0,0,0,0,0,0,0,0,0,0,0,0,0,0,0,0,0
REC-03599,0,1,0,0,0,0,0,0,0,0,0,0,25,0,0,0,0,0,0
REC-03600,0,1,0,0,0,0,0,0,0,0,0,0,273,1,1,0,0,1,0
REC-03601,0,1,0,0,0,0,0,0,0,0,0,0,7,0,0,0,0,0,0
REC-03602,0,1,0,0,0,1,1,0,0,0,0,0,29,0,0,0,0,1,0
REC-03603,0,1,0,0,0,0,0,0,0,0,0,0,278,1,1,0,0,1,0
REC-03604,0,1,0,0,0,0,0,1,1,0,0,0,3,0,0,0,0,0,0
REC-03605,0,1,0,1,0,0,0,0,0,0,0,0,0,0,0,1,0,0,0
REC-03606,0,1,0,0,0,0,0,1,1,0,0,0,18,0,0,0,0,0,0
REC-03607,0,1,0,0,0,0,0,0,0,0,0,0,349,1,1,0,0,1,0
REC-03608,1,0,0,0,0,0,0,0,0,0,0,0,24,0,0,1,1,0,0
REC-03609,0,1,0,0,0,0,0,0,0,0,0,0,28,0,0,0,0,0,0
REC-03610,0,1,0,0,0,0,0,0,0,0,0,0,25,0,0,0,0,0,0
REC-03611,0,1,0,0,0,0,0,0,0,0,0,1,5,0,0,0,0,0,1
REC-03612,0,1,1,1,0,0,0,0,0,0,0,0,17,0,0,1,0,0,0
REC-03613,0,1,1,1,0,0,0,0,0,0,0,0,10,0,0,1,0,0,0
REC-03614,0,1,0,0,0,0,0,0,0,0,0,0,5,0,0,0,0,0,0
REC-03615,0,1,0,0,0,0,0,0,0,0,0,0,5,0,0,0,0,0,0
REC-03616,0,1,0,0,0,1,1,0,0,0,0,0,7,0,0,0,0,1,0
REC-03617,0,1,0,0,0,1,1,0,0,0,0,0,15,0,0,0,0,1,0
REC-03618,0,1,1,1,0,0,0,0,0,0,0,0,17,0,0,1,0,0,0
REC-03619,0,1,0,0,0,0,0,0,0,1,1,0,16,0,0,0,0,0,1
REC-03620,0,1,0,1,1,0,0,0,0,0,0,0,29,0,0,1,1,0,0
REC-03621,0,1,0,0,0,0,0,0,0,0,0,0,3,0,0,0,0,0,0
REC-03622,0,1,0,0,0,0,0,0,0,1,1,0,11,0,0,0,0,0,1
REC-03623,0,1,1,1,0,0,0,0,0,0,0,0,11,0,0,1,0,0,0
REC-03624,0,1,0,0,0,0,0,0,0,1,1,0,3,0,0,0,0,0,1
REC-03625,0,1,0,0,0,0,0,0,0,1,1,0,22,0,0,0,0,0,1
REC-03626,1,0,0,0,0,0,0,0,0,0,0,0,2,0,0,1,1,0,0
REC-03627,0,1,0,0,0,1,1,0,0,0,0,0,11,0,0,0,0,1,0
REC-03628,0,1,0,0,0,0,0,0,0,0,0,1,18,0,0,0,0,0,1
REC-03629,0,1,0,0,0,1,1,0,0,0,0,0,11,0,0,0,0,1,0
REC-03630,0,1,0,1,1,0,0,0,0,0,0,0,29,0,0,1,1,0,0
REC-03631,1,0,0,0,0,0,0,0,0,0,0,0,15,0,0,1,1,0,0
REC-03632,0,1,0,0,0,0,0,1,1,0,0,0,8,0,0,0,0,0,0
REC-03633,0,1,0,0,0,0,0,0,0,1,1,0,30,0,0,0,0,0,1
REC-03634,0,1,0,0,0,0,0,0,0,1,1,0,9,0,0,0,0,0,1
REC-03635,0,1,0,0,0,0,0,0,0,0,0,0,8,0,0,0,0,0,0
REC-03636,0,1,0,0,0,0,0,0,0,0,0,0,345,1,1,0,0,1,0
REC-03637,0,1,0,0,0,0,0,0,0,0,0,0,8,0,0,0,0,0,0
REC-03638,0,1,0,0,0,0,0,0,0,1,1,0,20,0,0,0,0,0,1
REC-03639,0,1,0,0,0,0,0,0,0,0,0,0,6,0,0,0,0,0,0
REC-03640,0,1,0,0,0,0,0,0,0,0,0,0,314,1,1,0,0,1,0
REC-03641,0,1,0,0,0,0,0,0,0,0,0,0,16,0,0,0,0,0,0
REC-03642,0,1,0,0,0,0,0,0,0,0,0,0,0,0,0,0,0,0,0
REC-03643,1,0,0,0,0,0,0,0,0,0,0,0,26,0,0,1,1,0,0
REC-03644,0,1,0,0,0,0,0,1,1,0,0,0,15,0,0,0,0,0,0
REC-03645,0,1,1,1,0,0,0,0,0,0,0,0,23,0,0,1,0,0,0
REC-03646,0,1,0,0,0,0,0,0,0,0,0,0,10,0,0,0,0,0,0
REC-03647,0,1,0,0,0,1,1,0,0,0,0,0,15,0,0,0,0,1,0
REC-03648,0,1,0,0,0,0,0,0,0,0,0,0,14,0,0,0,0,0,0
REC-03649,0,1,0,0,0,0,0,0,0,0,0,0,155,1,1,0,0,1,0
REC-03650,0,1,0,1,1,0,0,0,0,0,0,0,22,0,0,1,1,0,0
REC-03651,0,1,0,0,0,0,0,0,0,0,0,0,288,1,1,0,0,1,0
REC-03652,0,1,0,0,0,1,1,0,0,0,0,0,11,0,0,0,0,1,0
REC-03653,0,1,0,0,0,1,1,0,0,0,0,0,1,0,0,0,0,1,0
REC-03654,0,1,0,0,0,0,0,0,0,0,0,0,16,0,0,0,0,0,0
REC-03655,0,1,0,0,0,0,0,0,0,0,0,0,28,0,0,0,0,0,0
REC-03656,0,1,0,1,1,0,0,0,0,0,0,0,4,0,0,1,1,0,0
REC-03657,0,1,0,0,0,0,0,0,0,0,0,0,29,0,0,0,0,0,0
REC-03658,0,1,0,0,0,1,1,0,0,0,0,0,21,0,0,0,0,1,0
REC-03659,0,1,0,0,0,0,0,0,0,1,1,0,1,0,0,0,0,0,1
REC-03660,0,1,0,0,0,0,0,0,0,0,0,0,10,0,0,0,0,0,0
REC-03661,0,1,0,0,0,0,0,0,0,1,1,0,21,0,0,0,0,0,1
REC-03662,0,1,0,0,0,0,0,0,0,0,0,0,4,0,0,0,0,0,0
REC-03663,0,1,0,0,0,0,0,0,0,0,0,0,5,0,0,0,0,0,0
REC-03664,0,1,0,0,0,0,0,0,0,0,0,0,13,0,0,0,0,0,0
REC-03665,0,1,1,1,0,0,0,0,0,0,0,0,17,0,0,1,0,0,0
REC-03666,0,1,0,0,0,0,0,0,0,1,1,0,17,0,0,0,0,0,1
REC-03667,0,1,0,0,0,0,0,0,0,0,0,0,223,1,1,0,0,1,0
REC-03668,0,1,0,0,0,0,0,0,0,0,0,0,251,1,1,0,0,1,0
REC-03669,0,1,0,0,0,0,0,0,0,1,1,0,4,0,0,0,0,0,1
REC-03670,0,1,0,0,0,0,0,0,0,0,0,0,21,0,0,0,0,0,0
REC-03671,0,1,0,0,0,0,0,0,0,0,0,0,20,0,0,0,0,0,0
REC-03672,0,1,0,1,1,0,0,0,0,0,0,0,21,0,0,1,1,0,0
REC-03673,0,1,1,1,0,0,0,0,0,0,0,0,27,0,0,1,0,0,0
REC-03674,0,1,0,1,1,0,0,0,0,0,0,0,30,0,0,1,1,0,0
REC-03675,1,0,0,0,0,0,0,0,0,0,0,0,5,0,0,1,1,0,0
REC-03676,1,0,0,0,0,0,0,0,0,0,0,0,15,0,0,1,1,0,0
REC-03677,0,1,0,0,0,0,0,0,0,1,1,0,0,0,0,0,0,0,1
REC-03678,0,1,0,1,1,0,0,0,0,0,0,0,11,0,0,1,1,0,0
REC-03679,0,1,0,0,0,0,0,0,0,0,0,0,11,0,0,0,0,0,0
REC-03680,0,1,0,0,0,0,0,0,0,0,0,0,21,0,0,0,0,0,0
REC-03681,0,1,0,0,0,1,1,0,0,0,0,0,29,0,0,0,0,1,0
REC-03682,0,1,0,0,0,0,0,1,1,0,0,0,17,0,0,0,0,0,0
REC-03683,0,1,0,0,0,0,0,0,0,0,0,0,1,0,0,0,0,0,0
REC-03684,0,1,0,0,0,0,0,0,0,0,0,0,7,0,0,0,0,0,0
REC-03685,0,1,0,0,0,0,0,1,1,0,0,0,22,0,0,0,0,0,0
REC-03686,0,1,1,1,0,0,0,0,0,0,0,0,3,0,0,1,0,0,0
REC-03687,0,1,0,0,0,0,0,0,0,0,0,1,21,0,0,0,0,0,1
REC-03688,0,1,0,0,0,0,0,0,0,1,1,0,26,0,0,0,0,0,1
REC-03689,0,1,0,0,0,0,0,0,0,0,0,0,0,0,0,0,0,0,0
REC-03690,0,1,1,1,0,0,0,0,0,0,0,0,12,0,0,1,0,0,0
REC-03691,0,1,0,0,0,0,0,0,0,0,0,0,13,0,0,0,0,0,0
REC-03692,1,0,0,0,0,0,0,0,0,0,0,0,25,0,0,1,1,0,0
REC-03693,0,1,0,0,0,0,0,0,0,0,0,0,10,0,0,0,0,0,0
REC-03694,0,1,0,0,0,0,0,0,0,1,1,0,17,0,0,0,0,0,1
REC-03695,0,1,0,0,0,0,0,0,0,0,0,0,15,0,0,0,0,0,0
REC-03696,0,1,0,0,0,0,0,0,0,0,0,0,11,0,0,0,0,0,0
REC-03697,0,1,0,0,0,0,0,0,0,0,0,0,10,0,0,0,0,0,0
REC-03698,0,1,0,0,0,0,0,0,0,0,0,0,204,1,1,0,0,1,0
REC-03699,0,1,0,0,0,0,0,0,0,0,0,1,15,0,0,0,0,0,1
REC-03700,0,1,0,0,0,0,0,0,0,1,1,0,10,0,0,0,0,0,1
REC-03701,0,1,0,0,0,1,1,0,0,0,0,0,18,0,0,0,0,1,0
REC-03702,0,1,0,0,0,0,0,0,0,0,0,0,3,0,0,0,0,0,0
REC-03703,0,1,0,0,0,1,1,0,0,0,0,0,3,0,0,0,0,1,0
REC-03704,0,1,0,0,0,0,0,0,0,0,0,1,16,0,0,0,0,0,1
REC-03705,0,1,0,0,0,0,0,0,0,0,0,0,7,0,0,0,0,0,0
REC-03706,0,1,0,0,0,1,1,0,0,0,0,0,23,0,0,0,0,1,0
REC-03707,0,1,0,0,0,0,0,0,0,0,0,0,0,0,0,0,0,0,0
REC-03708,0,1,0,0,0,0,0,0,0,0,0,0,11,0,0,0,0,0,0
REC-03709,0,1,0,0,0,0,0,0,0,0,0,0,22,0,0,0,0,0,0
REC-03710,0,1,0,0,0,0,0,0,0,1,1,0,20,0,0,0,0,0,1
REC-03711,1,0,0,0,0,0,0,0,0,0,0,0,4,0,0,1,1,0,0
REC-03712,0,1,0,0,0,0,0,0,0,0,0,1,12,0,0,0,0,0,1
REC-03713,0,1,0,0,0,0,0,0,0,0,0,0,1,0,0,0,0,0,0
REC-03714,1,0,0,0,0,0,0,0,0,0,0,0,22,0,0,1,1,0,0
REC-03715,0,1,1,1,0,0,0,0,0,0,0,0,23,0,0,1,0,0,0
REC-03716,0,1,0,1,1,0,0,0,0,0,0,0,27,0,0,1,1,0,0
REC-03717,0,1,0,0,0,0,0,0,0,0,0,0,23,0,0,0,0,0,0
REC-03718,0,1,0,0,0,0,0,0,0,0,0,0,14,0,0,0,0,0,0
REC-03719,0,1,0,0,0,0,0,0,0,0,0,0,25,0,0,0,0,0,0
REC-03720,0,1,0,0,0,0,0,1,1,0,0,0,28,0,0,0,0,0,0
REC-03721,0,1,0,0,0,0,0,0,0,0,0,0,9,0,0,0,0,0,0
REC-03722,0,1,0,0,0,0,0,0,0,0,0,0,20,0,0,0,0,0,0
REC-03723,0,1,0,0,0,0,0,0,0,0,0,0,96,1,1,0,0,1,0
REC-03724,0,1,0,1,0,0,0,0,0,0,0,0,29,0,0,1,0,0,0
REC-03725,1,0,0,0,0,0,0,0,0,0,0,0,6,0,0,1,1,0,0
REC-03726,0,1,0,0,0,0,0,0,0,0,0,1,13,0,0,0,0,0,1
REC-03727,1,0,0,0,0,0,0,0,0,0,0,0,30,0,0,1,1,0,0
REC-03728,0,1,0,0,0,0,0,0,0,0,0,0,13,0,0,0,0,0,0
REC-03729,0,1,0,0,0,0,0,0,0,0,0,1,26,0,0,0,0,0,1
REC-03730,0,1,0,0,0,0,0,0,0,0,0,0,274,1,1,0,0,1,0
REC-03731,0,1,1,1,0,0,0,0,0,0,0,0,6,0,0,1,0,0,0
REC-03732,0,1,0,0,0,0,0,0,0,0,0,0,7,0,0,0,0,0,0
REC-03733,0,1,1,1,0,0,0,0,0,0,0,0,8,0,0,1,0,0,0
REC-03734,0,1,0,0,0,0,0,0,0,0,0,0,18,0,0,0,0,0,0
REC-03735,0,1,0,0,0,0,0,1,1,0,0,0,26,0,0,0,0,0,0
REC-03736,0,1,0,0,0,0,0,0,0,0,0,0,24,0,0,0,0,0,0
REC-03737,0,1,0,0,0,0,0,0,0,0,0,0,13,0,0,0,0,0,0
REC-03738,0,1,0,0,0,0,0,0,0,0,0,0,10,0,0,0,0,0,0
REC-03739,1,0,0,0,0,0,0,0,0,0,0,0,19,0,0,1,1,0,0
REC-03740,0,1,0,1,1,0,0,0,0,0,0,0,10,0,0,1,1,0,0
REC-03741,0,1,0,0,0,1,1,0,0,0,0,0,4,0,0,0,0,1,0
REC-03742,0,1,0,0,0,0,0,0,0,0,0,0,16,0,0,0,0,0,0
REC-03743,0,1,0,0,0,0,0,0,0,0,0,1,26,0,0,0,0,0,1
REC-03744,0,1,0,0,0,0,0,0,0,0,0,0,16,0,0,0,0,0,0
REC-03745,0,1,0,1,0,0,0,0,0,0,0,0,5,0,0,1,0,0,0
REC-03746,0,1,0,0,0,0,0,0,0,0,0,0,11,0,0,0,0,0,0
REC-03747,0,1,0,0,0,0,0,0,0,0,0,0,1,0,0,0,0,0,0
REC-03748,0,1,0,0,0,0,0,0,0,0,0,0,10,0,0,0,0,0,0
REC-03749,0,1,0,0,0,0,0,0,0,0,0,0,116,1,1,0,0,1,0
REC-03750,0,1,1,1,0,0,0,0,0,0,0,0,18,0,0,1,0,0,0
REC-03751,0,1,0,0,0,0,0,0,0,0,0,0,7,0,0,0,0,0,0
REC-03752,0,1,0,1,1,0,0,0,0,0,0,0,14,0,0,1,1,0,0
REC-03753,0,1,0,0,0,0,0,0,0,0,0,1,27,0,0,0,0,0,1
REC-03754,0,1,0,0,0,0,0,0,0,0,0,0,19,0,0,0,0,0,0
REC-03755,0,1,0,1,0,0,0,0,0,0,0,0,29,0,0,1,0,0,0
REC-03756,0,1,0,0,0,0,0,0,0,0,0,1,30,0,0,0,0,0,1
REC-03757,0,1,0,0,0,1,1,0,0,0,0,0,30,0,0,0,0,1,0
REC-03758,0,1,0,0,0,0,0,1,1,0,0,0,4,0,0,0,0,0,0
REC-03759,0,1,0,0,0,0,0,0,0,0,0,1,11,0,0,0,0,0,1
REC-03760,0,1,0,0,0,0,0,0,0,0,0,0,2,0,0,0,0,0,0
REC-03761,0,1,0,0,0,0,0,0,0,1,1,0,0,0,0,0,0,0,1
REC-03762,0,1,0,0,0,0,0,0,0,0,0,0,20,0,0,0,0,0,0
REC-03763,0,1,0,1,1,0,0,0,0,0,0,0,16,0,0,1,1,0,0
REC-03764,1,0,0,0,0,0,0,0,0,0,0,0,14,0,0,1,1,0,0
REC-03765,0,1,0,0,0,0,0,0,0,0,0,0,25,0,0,0,0,0,0
REC-03766,0,1,0,0,0,0,0,0,0,0,0,0,134,1,1,0,0,1,0
REC-03767,0,1,0,0,0,0,0,0,0,0,0,0,154,1,1,0,0,1,0
REC-03768,0,1,0,0,0,0,0,0,0,0,0,0,18,0,0,0,0,0,0
REC-03769,0,1,0,0,0,0,0,0,0,0,0,0,22,0,0,0,0,0,0
REC-03770,0,1,0,1,1,0,0,0,0,0,0,0,5,0,0,1,1,0,0
REC-03771,0,1,0,0,0,0,0,0,0,0,0,0,29,0,0,0,0,0,0
REC-03772,0,1,0,0,0,0,0,0,0,1,1,0,13,0,0,0,0,0,1
REC-03773,0,1,0,0,0,0,0,0,0,0,0,0,8,0,0,0,0,0,0
REC-03774,0,1,0,0,0,0,0,0,0,0,0,0,14,0,0,0,0,0,0
REC-03775,0,1,1,1,0,0,0,0,0,0,0,0,30,0,0,1,0,0,0
REC-03776,0,1,0,0,0,0,0,0,0,0,0,0,24,0,0,0,0,0,0
REC-03777,0,1,0,0,0,0,0,0,0,0,0,0,30,0,0,0,0,0,0
REC-03778,0,1,0,0,0,1,1,0,0,0,0,0,24,0,0,0,0,1,0
REC-03779,0,1,0,0,0,0,0,0,0,0,0,0,1,0,0,0,0,0,0
REC-03780,0,1,0,0,0,0,0,0,0,0,0,0,12,0,0,0,0,0,0
REC-03781,0,1,0,0,0,0,0,0,0,0,0,0,8,0,0,0,0,0,0
REC-03782,0,1,0,0,0,0,0,0,0,0,0,0,6,0,0,0,0,0,0
REC-03783,0,1,0,0,0,0,0,0,0,0,0,0,5,0,0,0,0,0,0
REC-03784,0,1,0,0,0,1,1,0,0,0,0,0,3,0,0,0,0,1,0
REC-03785,0,1,0,0,0,0,0,0,0,0,0,0,23,0,0,0,0,0,0
REC-03786,0,1,0,0,0,0,0,0,0,0,0,0,20,0,0,0,0,0,0
REC-03787,0,1,0,0,0,0,0,0,0,1,1,0,7,0,0,0,0,0,1
REC-03788,0,1,0,0,0,0,0,0,0,1,1,0,22,0,0,0,0,0,1
REC-03789,0,1,0,0,0,0,0,0,0,1,1,0,16,0,0,0,0,0,1
REC-03790,0,1,0,0,0,1,1,0,0,0,0,0,27,0,0,0,0,1,0
REC-03791,0,1,0,0,0,0,0,0,0,0,0,0,129,1,1,0,0,1,0
REC-03792,0,1,0,0,0,0,0,0,0,0,0,0,17,0,0,0,0,0,0
REC-03793,0,1,0,0,0,0,0,0,0,0,0,0,12,0,0,0,0,0,0
REC-03794,0,1,0,0,0,0,0,0,0,0,0,0,14,0,0,0,0,0,0
REC-03795,1,0,0,0,0,0,0,0,0,0,0,0,14,0,0,1,1,0,0
REC-03796,0,1,0,0,0,0,0,0,0,0,0,1,1,0,0,0,0,0,1
REC-03797,0,1,1,1,0,0,0,0,0,0,0,0,20,0,0,1,0,0,0
REC-03798,0,1,0,0,0,0,0,0,0,0,0,0,10,0,0,0,0,0,0
REC-03799,0,1,0,0,0,0,0,0,0,0,0,0,9,0,0,0,0,0,0
REC-03800,0,1,0,0,0,0,0,0,0,1,1,0,28,0,0,0,0,0,1
REC-03801,0,1,0,0,0,1,1,0,0,0,0,0,21,0,0,0,0,1,0
REC-03802,0,1,0,0,0,0,0,0,0,0,0,0,150,1,1,0,0,1,0
REC-03803,0,1,0,0,0,0,0,0,0,0,0,0,21,0,0,0,0,0,0
REC-03804,0,1,1,1,0,0,0,0,0,0,0,0,30,0,0,1,0,0,0
REC-03805,0,1,0,0,0,0,0,0,0,0,0,0,9,0,0,0,0,0,0
REC-03806,1,0,0,0,0,0,0,0,0,0,0,0,15,0,0,1,1,0,0
REC-03807,0,1,0,0,0,1,1,0,0,0,0,0,28,0,0,0,0,1,0
REC-03808,0,1,1,1,0,0,0,0,0,0,0,0,9,0,0,1,0,0,0
REC-03809,0,1,0,1,1,0,0,0,0,0,0,0,8,0,0,1,1,0,0
REC-03810,0,1,0,0,0,0,0,0,0,1,1,0,2,0,0,0,0,0,1
REC-03811,0,1,0,0,0,1,1,0,0,0,0,0,30,0,0,0,0,1,0
REC-03812,0,1,0,0,0,0,0,0,0,0,0,1,12,0,0,0,0,0,1
REC-03813,1,0,0,0,0,0,0,0,0,0,0,0,3,0,0,1,1,0,0
REC-03814,0,1,0,0,0,0,0,0,0,0,0,0,18,0,0,0,0,0,0
REC-03815,0,1,0,0,0,0,0,0,0,0,0,0,25,0,0,0,0,0,0
REC-03816,0,1,0,0,0,0,0,0,0,0,0,0,1,0,0,0,0,0,0
REC-03817,0,1,0,1,1,0,0,0,0,0,0,0,10,0,0,1,1,0,0
REC-03818,0,1,0,0,0,0,0,0,0,1,1,0,25,0,0,0,0,0,1
REC-03819,0,1,0,0,0,1,1,0,0,0,0,0,4,0,0,0,0,1,0
REC-03820,0,1,0,0,0,0,0,1,1,0,0,0,4,0,0,0,0,0,0
REC-03821,0,1,0,0,0,1,1,0,0,0,0,0,24,0,0,0,0,1,0
REC-03822,0,1,0,0,0,0,0,0,0,0,0,0,9,0,0,0,0,0,0
REC-03823,0,1,0,0,0,0,0,0,0,0,0,0,2,0,0,0,0,0,0
REC-03824,0,1,0,0,0,0,0,0,0,1,1,0,29,0,0,0,0,0,1
REC-03825,1,0,0,0,0,0,0,0,0,0,0,0,6,0,0,1,1,0,0
REC-03826,0,1,0,0,0,0,0,0,0,1,1,0,14,0,0,0,0,0,1
REC-03827,1,0,0,0,0,0,0,0,0,0,0,0,0,0,0,1,1,0,0
REC-03828,0,1,0,0,0,0,0,0,0,0,0,0,11,0,0,0,0,0,0
REC-03829,0,1,0,0,0,0,0,0,0,0,0,0,9,0,0,0,0,0,0
REC-03830,0,1,1,1,0,0,0,0,0,0,0,0,0,0,0,1,0,0,0
REC-03831,0,1,0,0,0,0,0,0,0,0,0,0,20,0,0,0,0,0,0
REC-03832,1,0,0,0,0,0,0,0,0,0,0,0,1,0,0,1,1,0,0
REC-03833,1,0,0,0,0,0,0,0,0,0,0,0,16,0,0,1,1,0,0
REC-03834,0,1,0,0,0,0,0,0,0,0,0,0,9,0,0,0,0,0,0
REC-03835,0,1,0,0,0,0,0,0,0,1,1,0,9,0,0,0,0,0,1
REC-03836,0,1,0,0,0,0,0,1,1,0,0,0,18,0,0,0,0,0,0
REC-03837,1,0,0,0,0,0,0,0,0,0,0,0,24,0,0,1,1,0,0
REC-03838,0,1,0,0,0,0,0,0,0,0,0,1,29,0,0,0,0,0,1
REC-03839,0,1,0,0,0,0,0,0,0,1,1,0,7,0,0,0,0,0,1
REC-03840,1,0,0,0,0,0,0,0,0,0,0,0,6,0,0,1,1,0,0
REC-03841,0,1,1,1,0,0,0,0,0,0,0,0,4,0,0,1,0,0,0
REC-03842,0,1,0,0,0,0,0,0,0,0,0,0,25,0,0,0,0,0,0
REC-03843,0,1,0,0,0,0,0,0,0,0,0,0,22,0,0,0,0,0,0
REC-03844,0,1,0,0,0,1,1,0,0,0,0,0,26,0,0,0,0,1,0
REC-03845,0,1,0,0,0,0,0,0,0,0,0,0,29,0,0,0,0,0,0
REC-03846,0,1,0,0,0,0,0,0,0,1,1,0,23,0,0,0,0,0,1
REC-03847,0,1,0,1,1,0,0,0,0,0,0,0,20,0,0,1,1,0,0
REC-03848,0,1,0,0,0,0,0,0,0,0,0,1,17,0,0,0,0,0,1
REC-03849,0,1,0,0,0,0,0,0,0,0,0,1,9,0,0,0,0,0,1
REC-03850,0,1,0,0,0,0,0,0,0,0,0,0,3,0,0,0,0,0,0
REC-03851,1,0,0,0,0,0,0,0,0,0,0,0,30,0,0,1,1,0,0
REC-03852,1,0,0,0,0,0,0,0,0,0,0,0,23,0,0,1,1,0,0
REC-03853,0,1,0,0,0,1,1,0,0,0,0,0,20,0,0,0,0,1,0
REC-03854,0,1,0,0,0,0,0,0,0,0,0,0,24,0,0,0,0,0,0
REC-03855,0,1,0,0,0,0,0,1,1,0,0,0,6,0,0,0,0,0,0
REC-03856,0,1,0,0,0,0,0,1,1,0,0,0,3,0,0,0,0,0,0
REC-03857,0,1,0,0,0,0,0,0,0,0,0,0,347,1,1,0,0,1,0
REC-03858,0,1,0,0,0,0,0,0,0,1,1,0,12,0,0,0,0,0,1
REC-03859,1,0,0,0,0,0,0,0,0,0,0,0,8,0,0,1,1,0,0
REC-03860,1,0,0,0,0,0,0,0,0,0,0,0,7,0,0,1,1,0,0
REC-03861,0,1,0,0,0,0,0,0,0,0,0,0,2,0,0,0,0,0,0
REC-03862,0,1,1,1,0,0,0,0,0,0,0,0,3,0,0,1,0,0,0
REC-03863,0,1,0,0,0,0,0,0,0,0,0,0,27,0,0,0,0,0,0
REC-03864,0,1,0,0,0,0,0,0,0,1,1,0,9,0,0,0,0,0,1
REC-03865,0,1,0,0,0,0,0,0,0,0,0,1,2,0,0,0,0,0,1
REC-03866,1,0,0,0,0,0,0,0,0,0,0,0,8,0,0,1,1,0,0
REC-03867,0,1,0,0,0,0,0,0,0,0,0,0,11,0,0,0,0,0,0
REC-03868,0,1,0,0,0,0,0,0,0,0,0,0,18,0,0,0,0,0,0
REC-03869,0,1,0,0,0,0,0,0,0,0,0,0,14,0,0,0,0,0,0
REC-03870,0,1,0,0,0,0,0,0,0,0,0,1,0,0,0,0,0,0,1
REC-03871,1,0,0,0,0,0,0,0,0,0,0,0,1,0,0,1,1,0,0
REC-03872,0,1,0,0,0,1,1,0,0,0,0,0,13,0,0,0,0,1,0
REC-03873,0,1,0,0,0,0,0,0,0,0,0,0,18,0,0,0,0,0,0
REC-03874,0,1,0,0,0,0,0,0,0,0,0,1,28,0,0,0,0,0,1
REC-03875,0,1,0,0,0,0,0,0,0,0,0,0,17,0,0,0,0,0,0
REC-03876,0,1,0,0,0,0,0,0,0,1,1,0,17,0,0,0,0,0,1
REC-03877,0,1,0,0,0,0,0,0,0,0,0,0,9,0,0,0,0,0,0
REC-03878,0,1,0,0,0,0,0,0,0,0,0,1,25,0,0,0,0,0,1
REC-03879,1,0,0,0,0,0,0,0,0,0,0,0,15,0,0,1,1,0,0
REC-03880,0,1,0,0,0,0,0,0,0,0,0,1,3,0,0,0,0,0,1
REC-03881,0,1,1,1,0,0,0,0,0,0,0,0,4,0,0,1,0,0,0
REC-03882,0,1,0,0,0,0,0,0,0,0,0,0,6,0,0,0,0,0,0
REC-03883,0,1,0,0,0,0,0,0,0,0,0,0,8,0,0,0,0,0,0
REC-03884,0,1,0,0,0,0,0,0,0,1,1,0,20,0,0,0,0,0,1
REC-03885,0,1,0,0,0,0,0,0,0,0,0,0,16,0,0,0,0,0,0
REC-03886,0,1,0,0,0,0,0,1,1,0,0,0,27,0,0,0,0,0,0
REC-03887,0,1,1,1,0,0,0,0,0,0,0,0,16,0,0,1,0,0,0
REC-03888,0,1,0,0,0,0,0,0,0,0,0,0,2,0,0,0,0,0,0
REC-03889,0,1,0,0,0,0,0,0,0,0,0,0,23,0,0,0,0,0,0
REC-03890,0,1,0,0,0,0,0,0,0,0,0,0,14,0,0,0,0,0,0
REC-03891,0,1,0,0,0,0,0,0,0,0,0,1,27,0,0,0,0,0,1
REC-03892,0,1,0,0,0,0,0,0,0,0,0,0,30,0,0,0,0,0,0
REC-03893,0,1,0,0,0,0,0,0,0,0,0,0,11,0,0,0,0,0,0
REC-03894,1,0,0,0,0,0,0,0,0,0,0,0,20,0,0,1,1,0,0
REC-03895,0,1,0,0,0,0,0,0,0,0,0,0,243,1,1,0,0,1,0
REC-03896,0,1,0,0,0,0,0,0,0,0,0,0,22,0,0,0,0,0,0
REC-03897,0,1,0,0,0,0,0,0,0,0,0,0,21,0,0,0,0,0,0
REC-03898,0,1,1,1,0,0,0,0,0,0,0,0,4,0,0,1,0,0,0
REC-03899,0,1,0,1,1,0,0,0,0,0,0,0,3,0,0,1,1,0,0
REC-03900,0,1,1,1,0,0,0,0,0,0,0,0,5,0,0,1,0,0,0
REC-03901,0,1,0,0,0,0,0,0,0,0,0,0,7,0,0,0,0,0,0
REC-03902,0,1,0,0,0,0,0,0,0,0,0,0,24,0,0,0,0,0,0
REC-03903,0,1,0,0,0,0,0,0,0,1,1,0,8,0,0,0,0,0,1
REC-03904,0,1,0,0,0,0,0,0,0,0,0,0,12,0,0,0,0,0,0
REC-03905,0,1,0,0,0,0,0,0,0,0,0,0,12,0,0,0,0,0,0
REC-03906,0,1,0,0,0,0,0,0,0,0,0,0,6,0,0,0,0,0,0
REC-03907,0,1,0,0,0,0,0,0,0,0,0,0,108,1,1,0,0,1,0
REC-03908,1,0,0,0,0,0,0,0,0,0,0,0,28,0,0,1,1,0,0
REC-03909,0,1,0,0,0,0,0,0,0,0,0,0,12,0,0,0,0,0,0
REC-03910,1,0,0,0,0,0,0,0,0,0,0,0,9,0,0,1,1,0,0
REC-03911,0,1,0,0,0,1,1,0,0,0,0,0,19,0,0,0,0,1,0
REC-03912,0,1,0,0,0,0,0,0,0,0,0,0,28,0,0,0,0,0,0
REC-03913,0,1,0,0,0,1,1,0,0,0,0,0,9,0,0,0,0,1,0
REC-03914,0,1,0,0,0,0,0,0,0,1,1,0,13,0,0,0,0,0,1
REC-03915,0,1,0,0,0,0,0,0,0,0,0,0,21,0,0,0,0,0,0
REC-03916,0,1,0,0,0,0,0,0,0,0,0,1,21,0,0,0,0,0,1
REC-03917,0,1,0,0,0,0,0,0,0,1,1,0,22,0,0,0,0,0,1
REC-03918,0,1,0,0,0,0,0,0,0,0,0,0,13,0,0,0,0,0,0
REC-03919,0,1,1,1,0,0,0,0,0,0,0,0,1,0,0,1,0,0,0
REC-03920,1,0,0,0,0,0,0,0,0,0,0,0,20,0,0,1,1,0,0
REC-03921,0,1,0,1,1,0,0,0,0,0,0,0,19,0,0,1,1,0,0
REC-03922,0,1,0,0,0,0,0,0,0,0,0,0,11,0,0,0,0,0,0
REC-03923,0,1,0,0,0,0,0,0,0,1,1,0,6,0,0,0,0,0,1
REC-03924,0,1,0,0,0,0,0,0,0,0,0,0,21,0,0,0,0,0,0
REC-03925,0,1,0,0,0,0,0,0,0,1,1,0,19,0,0,0,0,0,1
REC-03926,0,1,0,0,0,0,0,0,0,0,0,0,15,0,0,0,0,0,0
REC-03927,0,1,0,0,0,1,1,0,0,0,0,0,19,0,0,0,0,1,0
REC-03928,1,0,0,0,0,0,0,0,0,0,0,0,20,0,0,1,1,0,0
REC-03929,0,1,0,1,1,0,0,0,0,0,0,0,26,0,0,1,1,0,0
REC-03930,0,1,0,0,0,0,0,1,1,0,0,0,11,0,0,0,0,0,0
REC-03931,1,0,0,0,0,0,0,0,0,0,0,0,3,0,0,1,1,0,0
REC-03932,0,1,0,0,0,0,0,0,0,0,0,0,26,0,0,0,0,0,0
REC-03933,0,1,0,1,1,0,0,0,0,0,0,0,18,0,0,1,1,0,0
REC-03934,0,1,0,0,0,0,0,0,0,1,1,0,24,0,0,0,0,0,1
REC-03935,0,1,0,0,0,0,0,0,0,0,0,0,23,0,0,0,0,0,0
REC-03936,0,1,0,0,0,0,0,0,0,1,1,0,11,0,0,0,0,0,1
REC-03937,0,1,0,0,0,0,0,0,0,0,0,0,9,0,0,0,0,0,0
REC-03938,0,1,0,1,1,0,0,0,0,0,0,0,15,0,0,1,1,0,0
REC-03939,0,1,0,0,0,0,0,0,0,1,1,0,28,0,0,0,0,0,1
REC-03940,0,1,0,0,0,0,0,0,0,0,0,0,10,0,0,0,0,0,0
REC-03941,0,1,0,0,0,0,0,0,0,0,0,0,5,0,0,0,0,0,0
REC-03942,0,1,0,0,0,0,0,0,0,0,0,0,24,0,0,0,0,0,0
REC-03943,0,1,0,0,0,0,0,1,1,0,0,0,24,0,0,0,0,0,0
REC-03944,1,0,0,0,0,0,0,0,0,0,0,0,20,0,0,1,1,0,0
REC-03945,0,1,0,1,1,0,0,0,0,0,0,0,13,0,0,1,1,0,0
REC-03946,0,1,0,0,0,0,0,0,0,1,1,0,18,0,0,0,0,0,1
REC-03947,0,1,0,0,0,0,0,0,0,1,1,0,15,0,0,0,0,0,1
REC-03948,0,1,0,0,0,0,0,0,0,0,0,0,3,0,0,0,0,0,0
REC-03949,0,1,0,0,0,1,1,0,0,0,0,0,27,0,0,0,0,1,0
REC-03950,0,1,0,1,1,0,0,0,0,0,0,0,24,0,0,1,1,0,0
REC-03951,0,1,0,0,0,0,0,0,0,0,0,0,203,1,1,0,0,1,0
REC-03952,1,0,0,0,0,0,0,0,0,0,0,0,28,0,0,1,1,0,0
REC-03953,1,0,0,0,0,0,0,0,0,0,0,0,5,0,0,1,1,0,0
REC-03954,0,1,0,0,0,0,0,0,0,0,0,0,16,0,0,0,0,0,0
REC-03955,1,0,0,0,0,0,0,0,0,0,0,0,23,0,0,1,1,0,0
REC-03956,0,1,0,0,0,0,0,1,1,0,0,0,10,0,0,0,0,0,0
REC-03957,0,1,0,0,0,0,0,0,0,0,0,0,120,1,1,0,0,1,0
REC-03958,0,1,0,0,0,0,0,0,0,1,1,0,30,0,0,0,0,0,1
REC-03959,1,0,0,0,0,0,0,0,0,0,0,0,11,0,0,1,1,0,0
REC-03960,0,1,1,1,0,0,0,0,0,0,0,0,6,0,0,1,0,0,0
REC-03961,0,1,0,0,0,0,0,0,0,0,0,0,1,0,0,0,0,0,0
REC-03962,0,1,0,0,0,0,0,0,0,1,1,0,1,0,0,0,0,0,1
REC-03963,0,1,0,0,0,1,1,0,0,0,0,0,25,0,0,0,0,1,0
REC-03964,0,1,0,1,1,0,0,0,0,0,0,0,1,0,0,1,1,0,0
REC-03965,0,1,0,0,0,0,0,0,0,0,0,1,16,0,0,0,0,0,1
REC-03966,0,1,0,1,0,0,0,0,0,0,0,0,3,0,0,1,0,0,0
REC-03967,0,1,0,0,0,0,0,0,0,0,0,0,127,1,1,0,0,1,0
REC-03968,0,1,0,1,1,0,0,0,0,0,0,0,21,0,0,1,1,0,0
REC-03969,0,1,0,0,0,0,0,0,0,0,0,0,354,1,1,0,0,1,0
REC-03970,0,1,0,0,0,0,0,0,0,0,0,0,4,0,0,0,0,0,0
REC-03971,0,1,0,0,0,0,0,0,0,0,0,0,197,1,1,0,0,1,0
REC-03972,0,1,0,0,0,1,1,0,0,0,0,0,17,0,0,0,0,1,0
REC-03973,0,1,0,0,0,0,0,0,0,1,1,0,8,0,0,0,0,0,1
REC-03974,1,0,0,0,0,0,0,0,0,0,0,0,23,0,0,1,1,0,0
REC-03975,0,1,0,1,1,0,0,0,0,0,0,0,0,0,0,1,1,0,0
REC-03976,0,1,0,0,0,0,0,0,0,1,1,0,2,0,0,0,0,0,1
REC-03977,0,1,0,0,0,0,0,0,0,0,0,0,1,0,0,0,0,0,0
REC-03978,1,0,0,0,0,0,0,0,0,0,0,0,4,0,0,1,1,0,0
REC-03979,0,1,0,0,0,0,0,0,0,0,0,0,26,0,0,0,0,0,0
REC-03980,0,1,0,0,0,0,0,0,0,0,0,0,11,0,0,0,0,0,0
REC-03981,0,1,0,0,0,0,0,0,0,0,0,0,20,0,0,0,0,0,0
REC-03982,0,1,1,1,0,0,0,0,0,0,0,0,12,0,0,1,0,0,0
REC-03983,0,1,0,0,0,0,0,0,0,0,0,1,11,0,0,0,0,0,1
REC-03984,0,1,0,0,0,0,0,0,0,0,0,0,21,0,0,0,0,0,0
REC-03985,1,0,0,0,0,0,0,0,0,0,0,0,2,0,0,1,1,0,0
REC-03986,0,1,0,0,0,1,1,0,0,0,0,0,16,0,0,0,0,1,0
REC-03987,0,1,0,0,0,0,0,0,0,0,0,1,14,0,0,0,0,0,1
REC-03988,0,1,0,0,0,0,0,0,0,1,1,0,4,0,0,0,0,0,1
REC-03989,0,1,0,0,0,0,0,0,0,0,0,0,29,0,0,0,0,0,0
REC-03990,1,0,0,0,0,0,0,0,0,0,0,0,13,0,0,1,1,0,0
REC-03991,0,1,0,0,0,0,0,1,1,0,0,0,8,0,0,0,0,0,0
REC-03992,0,1,1,1,0,0,0,0,0,0,0,0,21,0,0,1,0,0,0
REC-03993,0,1,0,0,0,0,0,0,0,0,0,0,28,0,0,0,0,0,0
REC-03994,0,1,0,1,0,0,0,0,0,0,0,0,8,0,0,1,0,0,0
REC-03995,0,1,0,0,0,0,0,1,1,0,0,0,3,0,0,0,0,0,0
REC-03996,0,1,0,0,0,0,0,0,0,0,0,0,5,0,0,0,0,0,0
REC-03997,0,1,0,0,0,0,0,0,0,0,0,0,19,0,0,0,0,0,0
REC-03998,0,1,0,0,0,0,0,0,0,0,0,0,11,0,0,0,0,0,0
REC-03999,0,1,1,1,0,0,0,0,0,0,0,0,19,0,0,1,0,0,0
REC-04000,0,1,0,0,0,0,0,0,0,0,0,0,22,0,0,0,0,0,0
REC-04001,0,1,0,0,0,0,0,0,0,0,0,0,10,0,0,0,0,0,0
REC-04002,0,1,0,0,0,0,0,0,0,0,0,0,30,0,0,0,0,0,0
REC-04003,0,1,0,0,0,0,0,0,0,0,0,0,226,1,1,0,0,1,0
REC-04004,0,1,0,0,0,0,0,1,1,0,0,0,7,0,0,0,0,0,0
REC-04005,0,1,0,0,0,0,0,0,0,0,0,1,16,0,0,0,0,0,1
REC-04006,1,0,0,0,0,0,0,0,0,0,0,0,19,0,0,1,1,0,0
REC-04007,0,1,0,0,0,0,0,0,0,0,0,1,22,0,0,0,0,0,1
REC-04008,0,1,1,1,0,0,0,0,0,0,0,0,12,0,0,1,0,0,0
REC-04009,0,1,0,0,0,0,0,0,0,0,0,0,30,0,0,0,0,0,0
REC-04010,0,1,0,0,0,1,1,0,0,0,0,0,3,0,0,0,0,1,0
REC-04011,1,0,0,0,0,0,0,0,0,0,0,0,9,0,0,1,1,0,0
REC-04012,0,1,0,0,0,0,0,0,0,1,1,0,22,0,0,0,0,0,1
REC-04013,1,0,0,0,0,0,0,0,0,0,0,0,24,0,0,1,1,0,0
REC-04014,0,1,0,0,0,0,0,0,0,0,0,0,14,0,0,0,0,0,0
REC-04015,0,1,0,0,0,0,0,0,0,0,0,0,13,0,0,0,0,0,0
REC-04016,0,1,0,0,0,0,0,0,0,0,0,0,12,0,0,0,0,0,0
REC-04017,0,1,0,0,0,0,0,0,0,0,0,0,24,0,0,0,0,0,0
REC-04018,0,1,0,0,0,0,0,0,0,0,0,1,16,0,0,0,0,0,1
REC-04019,0,1,0,0,0,0,0,0,0,1,1,0,14,0,0,0,0,0,1
REC-04020,0,1,0,0,0,1,1,0,0,0,0,0,1,0,0,0,0,1,0
REC-04021,0,1,0,0,0,0,0,0,0,0,0,0,15,0,0,0,0,0,0
REC-04022,0,1,1,1,0,0,0,0,0,0,0,0,7,0,0,1,0,0,0
REC-04023,1,0,0,0,0,0,0,0,0,0,0,0,17,0,0,1,1,0,0
REC-04024,0,1,0,0,0,0,0,0,0,0,0,0,5,0,0,0,0,0,0
REC-04025,0,1,0,0,0,0,0,0,0,0,0,1,10,0,0,0,0,0,1
REC-04026,1,0,0,0,0,0,0,0,0,0,0,0,3,0,0,1,1,0,0
REC-04027,0,1,0,0,0,0,0,0,0,0,0,0,162,1,1,0,0,1,0
REC-04028,0,1,0,0,0,1,1,0,0,0,0,0,1,0,0,0,0,1,0
REC-04029,0,1,0,0,0,1,1,0,0,0,0,0,15,0,0,0,0,1,0
REC-04030,0,1,0,0,0,0,0,0,0,1,1,0,21,0,0,0,0,0,1
REC-04031,0,1,0,0,0,0,0,0,0,0,0,0,12,0,0,0,0,0,0
REC-04032,0,1,1,1,0,0,0,0,0,0,0,0,7,0,0,1,0,0,0
REC-04033,0,1,0,0,0,0,0,1,1,0,0,0,7,0,0,0,0,0,0
REC-04034,1,0,0,0,0,0,0,0,0,0,0,0,15,0,0,1,1,0,0
REC-04035,0,1,0,0,0,0,0,0,0,0,0,0,166,1,1,0,0,1,0
REC-04036,0,1,0,0,0,0,0,0,0,0,0,0,24,0,0,0,0,0,0
REC-04037,0,1,0,0,0,0,0,0,0,0,0,0,18,0,0,0,0,0,0
REC-04038,0,1,0,0,0,0,0,0,0,0,0,1,26,0,0,0,0,0,1
REC-04039,0,1,0,0,0,0,0,0,0,0,0,1,19,0,0,0,0,0,1
REC-04040,0,1,0,0,0,0,0,1,1,0,0,0,21,0,0,0,0,0,0
REC-04041,0,1,0,0,0,0,0,0,0,0,0,0,3,0,0,0,0,0,0
REC-04042,0,1,0,0,0,0,0,0,0,0,0,0,19,0,0,0,0,0,0
REC-04043,0,1,0,0,0,0,0,0,0,0,0,0,19,0,0,0,0,0,0
REC-04044,0,1,0,0,0,0,0,0,0,1,1,0,16,0,0,0,0,0,1
REC-04045,0,1,0,0,0,0,0,1,1,0,0,0,24,0,0,0,0,0,0
REC-04046,0,1,0,0,0,0,0,0,0,0,0,0,25,0,0,0,0,0,0
REC-04047,0,1,0,0,0,0,0,0,0,0,0,0,3,0,0,0,0,0,0
REC-04048,0,1,0,0,0,0,0,0,0,0,0,0,1,0,0,0,0,0,0
REC-04049,0,1,0,0,0,0,0,0,0,0,0,0,23,0,0,0,0,0,0
REC-04050,0,1,0,0,0,0,0,0,0,0,0,0,112,1,1,0,0,1,0
REC-04051,1,0,0,0,0,0,0,0,0,0,0,0,3,0,0,1,1,0,0
REC-04052,0,1,0,0,0,0,0,0,0,0,0,0,10,0,0,0,0,0,0
REC-04053,0,1,0,0,0,0,0,0,0,0,0,0,28,0,0,0,0,0,0
REC-04054,0,1,0,0,0,0,0,1,1,0,0,0,14,0,0,0,0,0,0
REC-04055,0,1,0,0,0,0,0,0,0,0,0,0,28,0,0,0,0,0,0
REC-04056,0,1,0,0,0,0,0,0,0,0,0,0,244,1,1,0,0,1,0
REC-04057,0,1,0,0,0,0,0,0,0,0,0,0,4,0,0,0,0,0,0
REC-04058,0,1,0,0,0,0,0,0,0,0,0,0,5,0,0,0,0,0,0
REC-04059,0,1,0,0,0,0,0,0,0,0,0,0,8,0,0,0,0,0,0
REC-04060,0,1,0,0,0,0,0,0,0,1,1,0,17,0,0,0,0,0,1
REC-04061,0,1,0,0,0,0,0,0,0,0,0,0,10,0,0,0,0,0,0
REC-04062,0,1,0,0,0,0,0,0,0,0,0,0,16,0,0,0,0,0,0
REC-04063,0,1,0,0,0,0,0,0,0,0,0,1,24,0,0,0,0,0,1
REC-04064,0,1,0,0,0,0,0,0,0,0,0,0,26,0,0,0,0,0,0
REC-04065,0,1,0,0,0,0,0,0,0,0,0,0,10,0,0,0,0,0,0
REC-04066,0,1,0,0,0,0,0,0,0,1,1,0,2,0,0,0,0,0,1
REC-04067,0,1,0,0,0,0,0,0,0,0,0,0,9,0,0,0,0,0,0
REC-04068,0,1,0,0,0,0,0,0,0,1,1,0,27,0,0,0,0,0,1
REC-04069,0,1,0,0,0,0,0,0,0,0,0,0,22,0,0,0,0,0,0
REC-04070,0,1,0,0,0,0,0,0,0,0,0,0,10,0,0,0,0,0,0
REC-04071,1,0,0,0,0,0,0,0,0,0,0,0,6,0,0,1,1,0,0
REC-04072,0,1,0,0,0,0,0,0,0,0,0,0,16,0,0,0,0,0,0
REC-04073,0,1,0,0,0,0,0,0,0,1,1,0,19,0,0,0,0,0,1
REC-04074,0,1,0,0,0,0,0,0,0,1,1,0,20,0,0,0,0,0,1
REC-04075,0,1,0,0,0,0,0,0,0,0,0,0,14,0,0,0,0,0,0
REC-04076,0,1,0,0,0,0,0,0,0,0,0,0,23,0,0,0,0,0,0
REC-04077,0,1,0,0,0,0,0,0,0,1,1,0,22,0,0,0,0,0,1
REC-04078,0,1,0,0,0,0,0,1,1,0,0,0,15,0,0,0,0,0,0
REC-04079,0,1,0,0,0,0,0,0,0,0,0,1,22,0,0,0,0,0,1
REC-04080,0,1,0,0,0,0,0,0,0,1,1,0,24,0,0,0,0,0,1
REC-04081,0,1,0,0,0,0,0,0,0,0,0,0,28,0,0,0,0,0,0
REC-04082,0,1,0,0,0,0,0,0,0,0,0,0,19,0,0,0,0,0,0
REC-04083,1,0,0,0,0,0,0,0,0,0,0,0,20,0,0,1,1,0,0
REC-04084,0,1,0,1,1,0,0,0,0,0,0,0,15,0,0,1,1,0,0
REC-04085,1,0,0,0,0,0,0,0,0,0,0,0,18,0,0,1,1,0,0
REC-04086,0,1,0,0,0,0,0,0,0,0,0,0,11,0,0,0,0,0,0
REC-04087,0,1,0,0,0,0,0,0,0,0,0,0,15,0,0,0,0,0,0
REC-04088,0,1,0,1,0,0,0,0,0,0,0,0,10,0,0,1,0,0,0
REC-04089,0,1,0,0,0,1,1,0,0,0,0,0,15,0,0,0,0,1,0
REC-04090,0,1,0,0,0,0,0,0,0,1,1,0,29,0,0,0,0,0,1
REC-04091,0,1,0,0,0,0,0,0,0,0,0,0,143,1,1,0,0,1,0
REC-04092,0,1,0,0,0,0,0,0,0,1,1,0,23,0,0,0,0,0,1
REC-04093,0,1,1,1,0,0,0,0,0,0,0,0,1,0,0,1,0,0,0
REC-04094,1,0,0,0,0,0,0,0,0,0,0,0,21,0,0,1,1,0,0
REC-04095,0,1,0,0,0,0,0,0,0,0,0,0,23,0,0,0,0,0,0
REC-04096,0,1,0,0,0,0,0,0,0,0,0,0,134,1,1,0,0,1,0
REC-04097,0,1,0,0,0,0,0,0,0,1,1,0,0,0,0,0,0,0,1
REC-04098,0,1,0,0,0,0,0,0,0,0,0,0,25,0,0,0,0,0,0
REC-04099,0,1,0,0,0,0,0,1,1,0,0,0,4,0,0,0,0,0,0
REC-04100,1,0,0,0,0,0,0,0,0,0,0,0,9,0,0,1,1,0,0
REC-04101,0,1,0,0,0,0,0,0,0,0,0,1,16,0,0,0,0,0,1
REC-04102,0,1,0,0,0,0,0,0,0,0,0,0,5,0,0,0,0,0,0
REC-04103,0,1,0,0,0,0,0,0,0,0,0,0,6,0,0,0,0,0,0
REC-04104,0,1,0,0,0,0,0,0,0,0,0,0,29,0,0,0,0,0,0
REC-04105,0,1,0,0,0,0,0,1,1,0,0,0,21,0,0,0,0,0,0
REC-04106,0,1,0,0,0,0,0,0,0,1,1,0,1,0,0,0,0,0,1
REC-04107,0,1,0,0,0,0,0,0,0,0,0,0,30,0,0,0,0,0,0
REC-04108,0,1,0,0,0,0,0,0,0,1,1,0,20,0,0,0,0,0,1
REC-04109,0,1,0,0,0,0,0,0,0,0,0,1,25,0,0,0,0,0,1
REC-04110,0,1,0,0,0,0,0,0,0,0,0,0,16,0,0,0,0,0,0
REC-04111,0,1,0,0,0,0,0,0,0,0,0,0,10,0,0,0,0,0,0
REC-04112,0,1,0,0,0,0,0,0,0,0,0,0,22,0,0,0,0,0,0
REC-04113,1,0,0,0,0,0,0,0,0,0,0,0,14,0,0,1,1,0,0
REC-04114,0,1,0,0,0,0,0,1,1,0,0,0,4,0,0,0,0,0,0
REC-04115,1,0,0,0,0,0,0,0,0,0,0,0,23,0,0,1,1,0,0
REC-04116,0,1,0,0,0,0,0,0,0,0,0,0,27,0,0,0,0,0,0
REC-04117,0,1,0,1,1,0,0,0,0,0,0,0,3,0,0,1,1,0,0
REC-04118,0,1,0,0,0,0,0,1,1,0,0,0,4,0,0,0,0,0,0
REC-04119,0,1,1,1,0,0,0,0,0,0,0,0,12,0,0,1,0,0,0
REC-04120,0,1,0,0,0,0,0,0,0,0,0,0,182,1,1,0,0,1,0
REC-04121,0,1,1,1,0,0,0,0,0,0,0,0,1,0,0,1,0,0,0
REC-04122,0,1,0,0,0,0,0,0,0,0,0,0,261,1,1,0,0,1,0
REC-04123,0,1,0,0,0,0,0,0,0,0,0,0,297,1,1,0,0,1,0
REC-04124,0,1,0,0,0,0,0,0,0,0,0,0,27,0,0,0,0,0,0
REC-04125,0,1,1,1,0,0,0,0,0,0,0,0,2,0,0,1,0,0,0
REC-04126,0,1,0,0,0,0,0,0,0,0,0,1,12,0,0,0,0,0,1
REC-04127,0,1,0,0,0,0,0,0,0,0,0,1,12,0,0,0,0,0,1
REC-04128,0,1,0,0,0,0,0,1,1,0,0,0,25,0,0,0,0,0,0
REC-04129,0,1,0,0,0,0,0,0,0,0,0,1,27,0,0,0,0,0,1
REC-04130,0,1,0,0,0,0,0,0,0,0,0,0,98,1,1,0,0,1,0
REC-04131,0,1,0,0,0,0,0,0,0,0,0,0,16,0,0,0,0,0,0
REC-04132,0,1,0,0,0,0,0,0,0,0,0,0,13,0,0,0,0,0,0
REC-04133,0,1,0,0,0,0,0,0,0,0,0,0,13,0,0,0,0,0,0
REC-04134,0,1,1,1,0,0,0,0,0,0,0,0,19,0,0,1,0,0,0
REC-04135,0,1,0,0,0,0,0,0,0,0,0,0,30,0,0,0,0,0,0
REC-04136,0,1,0,0,0,0,0,0,0,0,0,0,28,0,0,0,0,0,0
REC-04137,0,1,0,0,0,0,0,0,0,0,0,0,307,1,1,0,0,1,0
REC-04138,0,1,0,1,1,0,0,0,0,0,0,0,30,0,0,1,1,0,0
REC-04139,0,1,0,0,0,0,0,0,0,0,0,0,11,0,0,0,0,0,0
REC-04140,0,1,0,0,0,0,0,0,0,0,0,0,23,0,0,0,0,0,0
REC-04141,0,1,0,0,0,0,0,0,0,0,0,0,26,0,0,0,0,0,0
REC-04142,1,0,0,0,0,0,0,0,0,0,0,0,24,0,0,1,1,0,0
REC-04143,1,0,0,0,0,0,0,0,0,0,0,0,1,0,0,1,1,0,0
REC-04144,1,0,0,0,0,0,0,0,0,0,0,0,1,0,0,1,1,0,0
REC-04145,0,1,0,0,0,0,0,1,1,0,0,0,1,0,0,0,0,0,0
REC-04146,0,1,0,0,0,0,0,0,0,0,0,0,12,0,0,0,0,0,0
REC-04147,1,0,0,0,0,0,0,0,0,0,0,0,15,0,0,1,1,0,0
REC-04148,0,1,0,0,0,0,0,0,0,1,1,0,22,0,0,0,0,0,1
REC-04149,0,1,0,0,0,0,0,0,0,1,1,0,24,0,0,0,0,0,1
REC-04150,0,1,0,0,0,0,0,0,0,0,0,0,13,0,0,0,0,0,0
REC-04151,0,1,0,1,1,0,0,0,0,0,0,0,19,0,0,1,1,0,0
REC-04152,0,1,1,1,0,0,0,0,0,0,0,0,24,0,0,1,0,0,0
REC-04153,0,1,0,0,0,0,0,0,0,0,0,0,2,0,0,0,0,0,0
REC-04154,0,1,0,0,0,0,0,0,0,1,1,0,1,0,0,0,0,0,1
REC-04155,0,1,0,0,0,0,0,0,0,0,0,0,7,0,0,0,0,0,0
REC-04156,0,1,0,0,0,0,0,0,0,0,0,0,19,0,0,0,0,0,0
REC-04157,0,1,0,0,0,0,0,0,0,1,1,0,28,0,0,0,0,0,1
REC-04158,0,1,1,1,0,0,0,0,0,0,0,0,12,0,0,1,0,0,0
REC-04159,0,1,0,0,0,0,0,0,0,0,0,0,140,1,1,0,0,1,0
REC-04160,0,1,0,0,0,1,1,0,0,0,0,0,13,0,0,0,0,1,0
REC-04161,0,1,0,0,0,0,0,0,0,0,0,0,12,0,0,0,0,0,0
REC-04162,0,1,0,0,0,0,0,0,0,0,0,0,26,0,0,0,0,0,0
REC-04163,0,1,0,0,0,0,0,0,0,0,0,0,22,0,0,0,0,0,0
REC-04164,0,1,0,0,0,0,0,0,0,0,0,0,23,0,0,0,0,0,0
REC-04165,0,1,0,0,0,0,0,0,0,0,0,1,24,0,0,0,0,0,1
REC-04166,0,1,0,0,0,0,0,0,0,1,1,0,9,0,0,0,0,0,1
REC-04167,0,1,0,1,1,0,0,0,0,0,0,0,30,0,0,1,1,0,0
REC-04168,0,1,0,0,0,0,0,0,0,0,0,0,25,0,0,0,0,0,0
REC-04169,0,1,0,0,0,0,0,0,0,0,0,0,6,0,0,0,0,0,0
REC-04170,0,1,0,0,0,0,0,0,0,0,0,0,2,0,0,0,0,0,0
REC-04171,1,0,0,0,0,0,0,0,0,0,0,0,7,0,0,1,1,0,0
REC-04172,0,1,0,0,0,0,0,0,0,0,0,1,4,0,0,0,0,0,1
REC-04173,0,1,0,0,0,1,1,0,0,0,0,0,1,0,0,0,0,1,0
REC-04174,0,1,0,0,0,0,0,0,0,0,0,0,30,0,0,0,0,0,0
REC-04175,0,1,0,0,0,1,1,0,0,0,0,0,23,0,0,0,0,1,0
REC-04176,1,0,0,0,0,0,0,0,0,0,0,0,22,0,0,1,1,0,0
REC-04177,1,0,0,0,0,0,0,0,0,0,0,0,0,0,0,1,1,0,0
REC-04178,0,1,0,0,0,1,1,0,0,0,0,0,7,0,0,0,0,1,0
REC-04179,0,1,0,0,0,0,0,0,0,0,0,0,17,0,0,0,0,0,0
REC-04180,0,1,0,0,0,0,0,0,0,0,0,0,17,0,0,0,0,0,0
REC-04181,0,1,0,0,0,1,1,0,0,0,0,0,23,0,0,0,0,1,0
REC-04182,0,1,0,0,0,0,0,0,0,0,0,0,30,0,0,0,0,0,0
REC-04183,0,1,0,0,0,0,0,0,0,1,1,0,19,0,0,0,0,0,1
REC-04184,0,1,0,0,0,0,0,0,0,0,0,0,25,0,0,0,0,0,0
REC-04185,0,1,0,0,0,1,1,0,0,0,0,0,7,0,0,0,0,1,0
REC-04186,0,1,1,1,0,0,0,0,0,0,0,0,18,0,0,1,0,0,0
REC-04187,0,1,0,1,0,0,0,0,0,0,0,0,8,0,0,1,0,0,0
REC-04188,0,1,0,0,0,1,1,0,0,0,0,0,24,0,0,0,0,1,0
REC-04189,0,1,0,0,0,0,0,0,0,0,0,0,14,0,0,0,0,0,0
REC-04190,0,1,0,0,0,0,0,0,0,0,0,0,13,0,0,0,0,0,0
REC-04191,0,1,0,0,0,0,0,0,0,0,0,1,26,0,0,0,0,0,1
REC-04192,0,1,1,1,0,0,0,0,0,0,0,0,30,0,0,1,0,0,0
REC-04193,0,1,1,1,0,0,0,0,0,0,0,0,21,0,0,1,0,0,0
REC-04194,0,1,0,0,0,0,0,0,0,0,0,0,17,0,0,0,0,0,0
REC-04195,0,1,0,1,0,0,0,0,0,0,0,0,26,0,0,1,0,0,0
REC-04196,0,1,0,0,0,0,0,0,0,0,0,0,7,0,0,0,0,0,0
REC-04197,0,1,0,0,0,0,0,0,0,0,0,0,310,1,1,0,0,1,0
REC-04198,0,1,0,0,0,0,0,0,0,0,0,0,19,0,0,0,0,0,0
REC-04199,0,1,0,0,0,1,1,0,0,0,0,0,29,0,0,0,0,1,0
REC-04200,0,1,0,0,0,0,0,0,0,0,0,0,19,0,0,0,0,0,0
REC-04201,1,0,0,0,0,0,0,0,0,0,0,0,10,0,0,1,1,0,0
REC-04202,0,1,0,0,0,0,0,0,0,0,0,0,24,0,0,0,0,0,0
REC-04203,0,1,0,0,0,0,0,0,0,0,0,0,23,0,0,0,0,0,0
REC-04204,0,1,0,0,0,0,0,0,0,0,0,0,308,1,1,0,0,1,0
REC-04205,0,1,0,0,0,0,0,0,0,0,0,0,245,1,1,0,0,1,0
REC-04206,0,1,0,0,0,0,0,0,0,0,0,0,11,0,0,0,0,0,0
REC-04207,0,1,0,0,0,0,0,1,1,0,0,0,24,0,0,0,0,0,0
REC-04208,0,1,1,1,0,0,0,0,0,0,0,0,16,0,0,1,0,0,0
REC-04209,0,1,0,0,0,0,0,0,0,0,0,0,24,0,0,0,0,0,0
REC-04210,0,1,0,0,0,0,0,0,0,0,0,1,4,0,0,0,0,0,1
REC-04211,0,1,0,0,0,0,0,0,0,0,0,0,0,0,0,0,0,0,0
REC-04212,0,1,0,0,0,1,1,0,0,0,0,0,22,0,0,0,0,1,0
REC-04213,0,1,0,0,0,1,1,0,0,0,0,0,22,0,0,0,0,1,0
REC-04214,1,0,0,0,0,0,0,0,0,0,0,0,18,0,0,1,1,0,0
REC-04215,0,1,0,0,0,0,0,0,0,0,0,0,105,1,1,0,0,1,0
REC-04216,0,1,0,0,0,0,0,0,0,0,0,1,4,0,0,0,0,0,1
REC-04217,0,1,0,0,0,1,1,0,0,0,0,0,21,0,0,0,0,1,0
REC-04218,0,1,0,0,0,0,0,0,0,0,0,0,3,0,0,0,0,0,0
REC-04219,0,1,0,0,0,1,1,0,0,0,0,0,3,0,0,0,0,1,0
REC-04220,0,1,0,0,0,0,0,0,0,0,0,0,193,1,1,0,0,1,0
REC-04221,0,1,0,0,0,1,1,0,0,0,0,0,6,0,0,0,0,1,0
REC-04222,0,1,0,0,0,0,0,1,1,0,0,0,2,0,0,0,0,0,0
REC-04223,0,1,0,0,0,0,0,0,0,0,0,0,1,0,0,0,0,0,0
REC-04224,0,1,0,0,0,0,0,0,0,0,0,0,268,1,1,0,0,1,0
REC-04225,0,1,0,0,0,0,0,0,0,1,1,0,12,0,0,0,0,0,1
REC-04226,0,1,0,0,0,1,1,0,0,0,0,0,26,0,0,0,0,1,0
REC-04227,0,1,0,1,0,0,0,0,0,0,0,0,20,0,0,1,0,0,0
REC-04228,0,1,0,0,0,0,0,0,0,0,0,0,21,0,0,0,0,0,0
REC-04229,0,1,1,1,0,0,0,0,0,0,0,0,26,0,0,1,0,0,0
REC-04230,0,1,0,1,0,0,0,0,0,0,0,0,23,0,0,1,0,0,0
REC-04231,0,1,0,0,0,0,0,0,0,0,0,0,290,1,1,0,0,1,0
REC-04232,0,1,0,1,1,0,0,0,0,0,0,0,17,0,0,1,1,0,0
REC-04233,0,1,0,0,0,0,0,0,0,1,1,0,5,0,0,0,0,0,1
REC-04234,0,1,0,0,0,0,0,0,0,0,0,0,13,0,0,0,0,0,0
REC-04235,0,1,0,0,0,0,0,0,0,0,0,0,170,1,1,0,0,1,0
REC-04236,0,1,0,1,1,0,0,0,0,0,0,0,7,0,0,1,1,0,0
REC-04237,0,1,0,0,0,0,0,0,0,0,0,0,14,0,0,0,0,0,0
REC-04238,0,1,0,0,0,0,0,0,0,0,0,0,30,0,0,0,0,0,0
REC-04239,0,1,0,1,1,0,0,0,0,0,0,0,14,0,0,1,1,0,0
REC-04240,0,1,0,0,0,0,0,0,0,0,0,0,21,0,0,0,0,0,0
REC-04241,0,1,0,0,0,0,0,0,0,0,0,1,12,0,0,0,0,0,1
REC-04242,0,1,0,0,0,0,0,0,0,0,0,0,2,0,0,0,0,0,0
REC-04243,0,1,0,0,0,0,0,0,0,0,0,0,101,1,1,0,0,1,0
REC-04244,0,1,0,0,0,0,0,1,1,0,0,0,8,0,0,0,0,0,0
REC-04245,0,1,0,0,0,0,0,0,0,0,0,0,139,1,1,0,0,1,0
REC-04246,0,1,0,0,0,0,0,0,0,0,0,0,324,1,1,0,0,1,0
REC-04247,0,1,0,0,0,0,0,0,0,0,0,0,18,0,0,0,0,0,0
REC-04248,0,1,0,0,0,0,0,0,0,0,0,0,12,0,0,0,0,0,0
REC-04249,0,1,0,0,0,0,0,1,1,0,0,0,0,0,0,0,0,0,0
REC-04250,0,1,0,1,1,0,0,0,0,0,0,0,19,0,0,1,1,0,0
REC-04251,0,1,0,0,0,1,1,0,0,0,0,0,3,0,0,0,0,1,0
REC-04252,0,1,0,0,0,0,0,0,0,0,0,0,2,0,0,0,0,0,0
REC-04253,0,1,0,0,0,0,0,0,0,0,0,0,17,0,0,0,0,0,0
REC-04254,1,0,0,0,0,0,0,0,0,0,0,0,21,0,0,1,1,0,0
REC-04255,0,1,0,0,0,0,0,0,0,0,0,0,21,0,0,0,0,0,0
REC-04256,0,1,0,0,0,0,0,0,0,1,1,0,4,0,0,0,0,0,1
REC-04257,1,0,0,0,0,0,0,0,0,0,0,0,30,0,0,1,1,0,0
REC-04258,0,1,0,1,1,0,0,0,0,0,0,0,17,0,0,1,1,0,0
REC-04259,0,1,0,1,0,0,0,0,0,0,0,0,16,0,0,1,0,0,0
REC-04260,0,1,0,0,0,0,0,0,0,0,0,0,14,0,0,0,0,0,0
REC-04261,0,1,0,0,0,0,0,0,0,0,0,0,21,0,0,0,0,0,0
REC-04262,0,1,0,0,0,0,0,0,0,0,0,0,287,1,1,0,0,1,0
REC-04263,0,1,0,0,0,0,0,0,0,0,0,0,1,0,0,0,0,0,0
REC-04264,0,1,0,1,1,0,0,0,0,0,0,0,9,0,0,1,1,0,0
REC-04265,0,1,0,0,0,0,0,0,0,0,0,1,20,0,0,0,0,0,1
REC-04266,1,0,0,0,0,0,0,0,0,0,0,0,30,0,0,1,1,0,0
REC-04267,0,1,0,0,0,0,0,0,0,0,0,0,27,0,0,0,0,0,0
REC-04268,0,1,0,0,0,0,0,0,0,0,0,0,11,0,0,0,0,0,0
REC-04269,0,1,0,0,0,0,0,0,0,0,0,0,335,1,1,0,0,1,0
REC-04270,0,1,0,0,0,0,0,0,0,0,0,0,28,0,0,0,0,0,0
REC-04271,0,1,0,0,0,0,0,0,0,0,0,1,26,0,0,0,0,0,1
REC-04272,1,0,0,0,0,0,0,0,0,0,0,0,27,0,0,1,1,0,0
REC-04273,0,1,0,0,0,0,0,0,0,0,0,0,15,0,0,0,0,0,0
REC-04274,1,0,0,0,0,0,0,0,0,0,0,0,6,0,0,1,1,0,0
REC-04275,0,1,1,1,0,0,0,0,0,0,0,0,2,0,0,1,0,0,0
REC-04276,0,1,0,0,0,0,0,0,0,1,1,0,0,0,0,0,0,0,1
REC-04277,0,1,0,0,0,0,0,1,1,0,0,0,15,0,0,0,0,0,0
REC-04278,0,1,0,0,0,1,1,0,0,0,0,0,17,0,0,0,0,1,0
REC-04279,0,1,0,0,0,0,0,0,0,0,0,0,14,0,0,0,0,0,0
REC-04280,0,1,0,0,0,0,0,0,0,0,0,0,23,0,0,0,0,0,0
REC-04281,0,1,0,0,0,0,0,0,0,0,0,0,14,0,0,0,0,0,0
REC-04282,0,1,0,0,0,0,0,0,0,1,1,0,2,0,0,0,0,0,1
REC-04283,0,1,0,0,0,1,1,0,0,0,0,0,17,0,0,0,0,1,0
REC-04284,0,1,1,1,0,0,0,0,0,0,0,0,7,0,0,1,0,0,0
REC-04285,0,1,0,0,0,0,0,0,0,0,0,0,0,0,0,0,0,0,0
REC-04286,0,1,0,0,0,0,0,1,1,0,0,0,19,0,0,0,0,0,0
REC-04287,0,1,0,0,0,0,0,0,0,0,0,0,25,0,0,0,0,0,0
REC-04288,0,1,0,1,1,0,0,0,0,0,0,0,30,0,0,1,1,0,0
REC-04289,0,1,0,0,0,1,1,0,0,0,0,0,14,0,0,0,0,1,0
REC-04290,0,1,0,0,0,0,0,0,0,0,0,1,24,0,0,0,0,0,1
REC-04291,1,0,0,0,0,0,0,0,0,0,0,0,25,0,0,1,1,0,0
REC-04292,0,1,1,1,0,0,0,0,0,0,0,0,12,0,0,1,0,0,0
REC-04293,0,1,0,0,0,0,0,0,0,1,1,0,20,0,0,0,0,0,1
REC-04294,0,1,0,0,0,0,0,0,0,1,1,0,30,0,0,0,0,0,1
REC-04295,0,1,0,0,0,0,0,0,0,0,0,0,9,0,0,0,0,0,0
REC-04296,0,1,0,0,0,0,0,1,1,0,0,0,26,0,0,0,0,0,0
REC-04297,0,1,0,0,0,0,0,0,0,0,0,1,6,0,0,0,0,0,1
REC-04298,0,1,0,0,0,0,0,0,0,1,1,0,13,0,0,0,0,0,1
REC-04299,0,1,0,0,0,0,0,0,0,0,0,0,11,0,0,0,0,0,0
REC-04300,0,1,0,0,0,1,1,0,0,0,0,0,15,0,0,0,0,1,0
REC-04301,0,1,0,0,0,0,0,0,0,0,0,1,12,0,0,0,0,0,1
REC-04302,0,1,0,0,0,0,0,0,0,0,0,0,9,0,0,0,0,0,0
REC-04303,0,1,0,1,1,0,0,0,0,0,0,0,9,0,0,1,1,0,0
REC-04304,0,1,0,0,0,0,0,0,0,0,0,0,7,0,0,0,0,0,0
REC-04305,0,1,0,0,0,0,0,0,0,0,0,0,262,1,1,0,0,1,0
REC-04306,0,1,0,0,0,0,0,0,0,0,0,0,30,0,0,0,0,0,0
REC-04307,0,1,0,0,0,0,0,0,0,0,0,0,8,0,0,0,0,0,0
REC-04308,0,1,0,0,0,0,0,0,0,0,0,0,11,0,0,0,0,0,0
REC-04309,0,1,0,0,0,0,0,0,0,0,0,0,19,0,0,0,0,0,0
REC-04310,0,1,0,0,0,0,0,0,0,0,0,1,11,0,0,0,0,0,1
REC-04311,1,0,0,0,0,0,0,0,0,0,0,0,14,0,0,1,1,0,0
REC-04312,0,1,0,1,1,0,0,0,0,0,0,0,10,0,0,1,1,0,0
REC-04313,0,1,0,0,0,1,1,0,0,0,0,0,6,0,0,0,0,1,0
REC-04314,0,1,0,0,0,0,0,1,1,0,0,0,1,0,0,0,0,0,0
REC-04315,0,1,0,0,0,0,0,0,0,0,0,0,16,0,0,0,0,0,0
REC-04316,0,1,0,0,0,1,1,0,0,0,0,0,23,0,0,0,0,1,0
REC-04317,0,1,0,0,0,0,0,0,0,0,0,0,25,0,0,0,0,0,0
REC-04318,0,1,1,1,0,0,0,0,0,0,0,0,7,0,0,1,0,0,0
REC-04319,0,1,0,0,0,0,0,0,0,0,0,0,11,0,0,0,0,0,0
REC-04320,0,1,0,0,0,0,0,0,0,0,0,0,23,0,0,0,0,0,0
REC-04321,0,1,0,0,0,0,0,1,1,0,0,0,10,0,0,0,0,0,0
REC-04322,0,1,0,0,0,0,0,0,0,0,0,1,13,0,0,0,0,0,1
REC-04323,0,1,0,0,0,0,0,0,0,0,0,0,18,0,0,0,0,0,0
REC-04324,0,1,0,0,0,0,0,0,0,0,0,0,2,0,0,0,0,0,0
REC-04325,0,1,0,1,0,0,0,0,0,0,0,0,28,0,0,1,0,0,0
REC-04326,0,1,0,0,0,0,0,0,0,0,0,1,9,0,0,0,0,0,1
REC-04327,0,1,0,0,0,0,0,0,0,0,0,0,3,0,0,0,0,0,0
REC-04328,1,0,0,0,0,0,0,0,0,0,0,0,11,0,0,1,1,0,0
REC-04329,0,1,0,0,0,1,1,0,0,0,0,0,15,0,0,0,0,1,0
REC-04330,0,1,0,0,0,1,1,0,0,0,0,0,28,0,0,0,0,1,0
REC-04331,0,1,0,1,1,0,0,0,0,0,0,0,18,0,0,1,1,0,0
REC-04332,0,1,0,0,0,0,0,0,0,0,0,0,18,0,0,0,0,0,0
REC-04333,0,1,0,0,0,1,1,0,0,0,0,0,2,0,0,0,0,1,0
REC-04334,1,0,0,0,0,0,0,0,0,0,0,0,17,0,0,1,1,0,0
REC-04335,0,1,0,0,0,0,0,0,0,1,1,0,29,0,0,0,0,0,1
REC-04336,0,1,0,0,0,1,1,0,0,0,0,0,0,0,0,0,0,1,0
REC-04337,1,0,0,0,0,0,0,0,0,0,0,0,27,0,0,1,1,0,0
REC-04338,0,1,0,0,0,0,0,0,0,0,0,0,19,0,0,0,0,0,0
REC-04339,0,1,0,0,0,0,0,0,0,0,0,0,13,0,0,0,0,0,0
REC-04340,0,1,0,0,0,1,1,0,0,0,0,0,1,0,0,0,0,1,0
REC-04341,1,0,0,0,0,0,0,0,0,0,0,0,18,0,0,1,1,0,0
REC-04342,0,1,0,0,0,0,0,0,0,0,0,0,15,0,0,0,0,0,0
REC-04343,1,0,0,0,0,0,0,0,0,0,0,0,16,0,0,1,1,0,0
REC-04344,0,1,0,0,0,0,0,0,0,0,0,0,26,0,0,0,0,0,0
REC-04345,0,1,1,1,0,0,0,0,0,0,0,0,19,0,0,1,0,0,0
REC-04346,1,0,0,0,0,0,0,0,0,0,0,0,5,0,0,1,1,0,0
REC-04347,0,1,0,1,0,0,0,0,0,0,0,0,27,0,0,1,0,0,0
REC-04348,0,1,0,0,0,0,0,0,0,0,0,1,19,0,0,0,0,0,1
REC-04349,0,1,0,0,0,0,0,0,0,1,1,0,17,0,0,0,0,0,1
REC-04350,0,1,0,0,0,0,0,0,0,0,0,0,8,0,0,0,0,0,0
REC-04351,0,1,0,0,0,0,0,0,0,0,0,0,229,1,1,0,0,1,0
REC-04352,0,1,1,1,0,0,0,0,0,0,0,0,21,0,0,1,0,0,0
REC-04353,0,1,0,0,0,0,0,0,0,0,0,0,29,0,0,0,0,0,0
REC-04354,0,1,0,0,0,0,0,0,0,0,0,0,12,0,0,0,0,0,0
REC-04355,0,1,0,0,0,0,0,0,0,0,0,0,21,0,0,0,0,0,0
REC-04356,0,1,0,0,0,0,0,0,0,0,0,0,26,0,0,0,0,0,0
REC-04357,0,1,0,0,0,0,0,0,0,0,0,0,16,0,0,0,0,0,0
REC-04358,0,1,0,0,0,0,0,0,0,1,1,0,12,0,0,0,0,0,1
REC-04359,0,1,0,0,0,0,0,0,0,0,0,0,25,0,0,0,0,0,0
REC-04360,0,1,0,0,0,0,0,0,0,0,0,0,24,0,0,0,0,0,0
REC-04361,0,1,0,0,0,0,0,0,0,0,0,0,6,0,0,0,0,0,0
REC-04362,0,1,0,0,0,0,0,1,1,0,0,0,14,0,0,0,0,0,0
REC-04363,0,1,0,0,0,0,0,0,0,0,0,0,2,0,0,0,0,0,0
REC-04364,0,1,0,0,0,0,0,0,0,1,1,0,29,0,0,0,0,0,1
REC-04365,0,1,0,0,0,0,0,0,0,0,0,0,21,0,0,0,0,0,0
REC-04366,0,1,0,0,0,0,0,0,0,1,1,0,21,0,0,0,0,0,1
REC-04367,0,1,0,0,0,0,0,0,0,0,0,1,21,0,0,0,0,0,1
REC-04368,0,1,0,0,0,0,0,0,0,1,1,0,17,0,0,0,0,0,1
REC-04369,0,1,0,0,0,0,0,0,0,0,0,0,22,0,0,0,0,0,0
REC-04370,0,1,0,1,1,0,0,0,0,0,0,0,19,0,0,1,1,0,0
REC-04371,0,1,0,0,0,0,0,0,0,1,1,0,19,0,0,0,0,0,1
REC-04372,0,1,0,0,0,0,0,0,0,0,0,0,6,0,0,0,0,0,0
REC-04373,1,0,0,0,0,0,0,0,0,0,0,0,3,0,0,1,1,0,0
REC-04374,0,1,0,0,0,0,0,0,0,0,0,0,25,0,0,0,0,0,0
REC-04375,0,1,1,1,0,0,0,0,0,0,0,0,11,0,0,1,0,0,0
REC-04376,1,0,0,0,0,0,0,0,0,0,0,0,28,0,0,1,1,0,0
REC-04377,0,1,0,0,0,0,0,0,0,0,0,0,3,0,0,0,0,0,0
REC-04378,0,1,0,0,0,0,0,0,0,0,0,0,0,0,0,0,0,0,0
REC-04379,0,1,0,1,1,0,0,0,0,0,0,0,9,0,0,1,1,0,0
REC-04380,0,1,0,0,0,0,0,0,0,0,0,0,362,1,1,0,0,1,0
REC-04381,0,1,0,0,0,0,0,0,0,0,0,0,9,0,0,0,0,0,0
REC-04382,1,0,0,0,0,0,0,0,0,0,0,0,3,0,0,1,1,0,0
REC-04383,0,1,0,0,0,0,0,0,0,0,0,1,0,0,0,0,0,0,1
REC-04384,1,0,0,0,0,0,0,0,0,0,0,0,8,0,0,1,1,0,0
REC-04385,0,1,0,1,1,0,0,0,0,0,0,0,11,0,0,1,1,0,0
REC-04386,1,0,0,0,0,0,0,0,0,0,0,0,22,0,0,1,1,0,0
REC-04387,1,0,0,0,0,0,0,0,0,0,0,0,23,0,0,1,1,0,0
REC-04388,0,1,0,0,0,1,1,0,0,0,0,0,23,0,0,0,0,1,0
REC-04389,0,1,0,0,0,0,0,0,0,0,0,0,294,1,1,0,0,1,0
REC-04390,0,1,0,0,0,0,0,1,1,0,0,0,0,0,0,0,0,0,0
REC-04391,0,1,0,0,0,0,0,1,1,0,0,0,22,0,0,0,0,0,0
REC-04392,0,1,0,0,0,0,0,0,0,1,1,0,18,0,0,0,0,0,1
REC-04393,0,1,0,0,0,0,0,0,0,0,0,0,15,0,0,0,0,0,0
REC-04394,0,1,0,0,0,1,1,0,0,0,0,0,17,0,0,0,0,1,0
REC-04395,0,1,1,1,0,0,0,0,0,0,0,0,8,0,0,1,0,0,0
REC-04396,0,1,0,0,0,0,0,0,0,0,0,0,267,1,1,0,0,1,0
REC-04397,0,1,1,1,0,0,0,0,0,0,0,0,2,0,0,1,0,0,0
REC-04398,0,1,0,0,0,1,1,0,0,0,0,0,0,0,0,0,0,1,0
REC-04399,0,1,0,0,0,0,0,0,0,0,0,0,15,0,0,0,0,0,0
REC-04400,0,1,0,0,0,0,0,0,0,1,1,0,29,0,0,0,0,0,1
REC-04401,1,0,0,0,0,0,0,0,0,0,0,0,30,0,0,1,1,0,0
REC-04402,0,1,1,1,0,0,0,0,0,0,0,0,8,0,0,1,0,0,0
REC-04403,0,1,0,0,0,0,0,0,0,0,0,1,10,0,0,0,0,0,1
REC-04404,0,1,0,0,0,0,0,0,0,0,0,0,245,1,1,0,0,1,0
REC-04405,1,0,0,0,0,0,0,0,0,0,0,0,7,0,0,1,1,0,0
REC-04406,0,1,0,0,0,0,0,0,0,0,0,0,29,0,0,0,0,0,0
REC-04407,0,1,0,0,0,0,0,1,1,0,0,0,13,0,0,0,0,0,0
REC-04408,0,1,0,0,0,0,0,0,0,0,0,0,16,0,0,0,0,0,0
REC-04409,0,1,0,0,0,0,0,0,0,0,0,0,21,0,0,0,0,0,0
REC-04410,0,1,0,0,0,1,1,0,0,0,0,0,12,0,0,0,0,1,0
REC-04411,0,1,0,0,0,0,0,0,0,1,1,0,12,0,0,0,0,0,1
REC-04412,0,1,0,0,0,0,0,0,0,0,0,0,28,0,0,0,0,0,0
REC-04413,1,0,0,0,0,0,0,0,0,0,0,0,0,0,0,1,1,0,0
REC-04414,0,1,0,0,0,0,0,0,0,0,0,0,3,0,0,0,0,0,0
REC-04415,0,1,0,0,0,0,0,0,0,0,0,0,11,0,0,0,0,0,0
REC-04416,1,0,0,0,0,0,0,0,0,0,0,0,30,0,0,1,1,0,0
REC-04417,0,1,0,0,0,0,0,0,0,0,0,0,0,0,0,0,0,0,0
REC-04418,0,1,0,0,0,0,0,0,0,0,0,0,29,0,0,0,0,0,0
REC-04419,0,1,0,0,0,0,0,0,0,0,0,0,13,0,0,0,0,0,0
REC-04420,0,1,0,0,0,0,0,0,0,0,0,0,27,0,0,0,0,0,0
REC-04421,0,1,0,0,0,0,0,1,1,0,0,0,10,0,0,0,0,0,0
REC-04422,0,1,0,0,0,0,0,0,0,1,1,0,5,0,0,0,0,0,1
REC-04423,0,1,0,0,0,0,0,0,0,0,0,0,12,0,0,0,0,0,0
REC-04424,0,1,0,0,0,0,0,1,1,0,0,0,25,0,0,0,0,0,0
REC-04425,0,1,0,0,0,0,0,0,0,0,0,0,30,0,0,0,0,0,0
REC-04426,0,1,0,0,0,0,0,0,0,0,0,0,4,0,0,0,0,0,0
REC-04427,0,1,0,0,0,0,0,0,0,1,1,0,1,0,0,0,0,0,1
REC-04428,0,1,1,1,0,0,0,0,0,0,0,0,5,0,0,1,0,0,0
REC-04429,0,1,0,0,0,0,0,0,0,0,0,0,2,0,0,0,0,0,0
REC-04430,0,1,0,0,0,0,0,1,1,0,0,0,3,0,0,0,0,0,0
REC-04431,0,1,0,1,1,0,0,0,0,0,0,0,27,0,0,1,1,0,0
REC-04432,0,1,0,0,0,0,0,0,0,0,0,0,21,0,0,0,0,0,0
REC-04433,1,0,0,0,0,0,0,0,0,0,0,0,14,0,0,1,1,0,0
REC-04434,0,1,0,0,0,1,1,0,0,0,0,0,3,0,0,0,0,1,0
REC-04435,0,1,0,0,0,0,0,0,0,0,0,0,340,1,1,0,0,1,0
REC-04436,0,1,0,0,0,0,0,0,0,0,0,0,30,0,0,0,0,0,0
REC-04437,0,1,0,0,0,0,0,0,0,0,0,0,17,0,0,0,0,0,0
REC-04438,1,0,0,0,0,0,0,0,0,0,0,0,25,0,0,1,1,0,0
REC-04439,0,1,0,0,0,0,0,0,0,0,0,0,358,1,1,0,0,1,0
REC-04440,0,1,0,0,0,0,0,0,0,1,1,0,2,0,0,0,0,0,1
REC-04441,0,1,0,0,0,0,0,0,0,0,0,0,12,0,0,0,0,0,0
REC-04442,0,1,0,0,0,0,0,0,0,0,0,1,26,0,0,0,0,0,1
REC-04443,0,1,0,0,0,0,0,0,0,0,0,0,14,0,0,0,0,0,0
REC-04444,0,1,0,0,0,0,0,0,0,0,0,0,17,0,0,0,0,0,0
REC-04445,0,1,0,0,0,0,0,0,0,0,0,1,18,0,0,0,0,0,1
REC-04446,0,1,0,1,1,0,0,0,0,0,0,0,15,0,0,1,1,0,0
REC-04447,0,1,0,1,1,0,0,0,0,0,0,0,11,0,0,1,1,0,0
REC-04448,0,1,0,0,0,0,0,0,0,0,0,0,5,0,0,0,0,0,0
REC-04449,0,1,0,0,0,0,0,0,0,0,0,0,16,0,0,0,0,0,0
REC-04450,0,1,0,0,0,1,1,0,0,0,0,0,20,0,0,0,0,1,0
REC-04451,0,1,0,0,0,0,0,0,0,0,0,0,30,0,0,0,0,0,0
REC-04452,0,1,0,0,0,0,0,0,0,0,0,0,13,0,0,0,0,0,0
REC-04453,0,1,0,0,0,0,0,0,0,0,0,0,15,0,0,0,0,0,0
REC-04454,0,1,0,0,0,0,0,0,0,1,1,0,13,0,0,0,0,0,1
REC-04455,0,1,0,0,0,0,0,0,0,0,0,0,12,0,0,0,0,0,0
REC-04456,0,1,0,0,0,0,0,1,1,0,0,0,17,0,0,0,0,0,0
REC-04457,0,1,0,1,1,0,0,0,0,0,0,0,14,0,0,1,1,0,0
REC-04458,1,0,0,0,0,0,0,0,0,0,0,0,28,0,0,1,1,0,0
REC-04459,0,1,0,0,0,0,0,0,0,1,1,0,14,0,0,0,0,0,1
REC-04460,0,1,0,0,0,0,0,0,0,0,0,0,11,0,0,0,0,0,0
REC-04461,0,1,0,0,0,0,0,0,0,0,0,0,20,0,0,0,0,0,0
REC-04462,0,1,0,0,0,0,0,0,0,0,0,0,21,0,0,0,0,0,0
REC-04463,0,1,0,0,0,0,0,0,0,0,0,0,1,0,0,0,0,0,0
REC-04464,0,1,0,0,0,0,0,0,0,1,1,0,29,0,0,0,0,0,1
REC-04465,0,1,0,0,0,0,0,0,0,0,0,1,21,0,0,0,0,0,1
REC-04466,0,1,0,0,0,0,0,0,0,0,0,1,0,0,0,0,0,0,1
REC-04467,0,1,0,0,0,0,0,0,0,1,1,0,5,0,0,0,0,0,1
REC-04468,0,1,0,0,0,0,0,1,1,0,0,0,22,0,0,0,0,0,0
REC-04469,0,1,0,1,1,0,0,0,0,0,0,0,16,0,0,1,1,0,0
REC-04470,0,1,0,0,0,0,0,0,0,1,1,0,1,0,0,0,0,0,1
REC-04471,0,1,0,0,0,0,0,0,0,0,0,0,27,0,0,0,0,0,0
REC-04472,0,1,0,1,0,0,0,0,0,0,0,0,17,0,0,1,0,0,0
REC-04473,0,1,0,0,0,1,1,0,0,0,0,0,15,0,0,0,0,1,0
REC-04474,1,0,0,0,0,0,0,0,0,0,0,0,27,0,0,1,1,0,0
REC-04475,0,1,0,0,0,1,1,0,0,0,0,0,21,0,0,0,0,1,0
REC-04476,0,1,0,0,0,0,0,0,0,0,0,1,15,0,0,0,0,0,1
REC-04477,0,1,0,0,0,0,0,0,0,0,0,0,29,0,0,0,0,0,0
REC-04478,0,1,0,0,0,0,0,0,0,0,0,0,11,0,0,0,0,0,0
REC-04479,0,1,0,0,0,1,1,0,0,0,0,0,7,0,0,0,0,1,0
REC-04480,0,1,0,0,0,0,0,0,0,1,1,0,0,0,0,0,0,0,1
REC-04481,0,1,1,1,0,0,0,0,0,0,0,0,1,0,0,1,0,0,0
REC-04482,0,1,0,0,0,0,0,0,0,0,0,0,19,0,0,0,0,0,0
REC-04483,0,1,0,0,0,0,0,0,0,0,0,0,0,0,0,0,0,0,0
REC-04484,1,0,0,0,0,0,0,0,0,0,0,0,13,0,0,1,1,0,0
REC-04485,0,1,0,0,0,0,0,0,0,0,0,0,18,0,0,0,0,0,0
REC-04486,0,1,1,1,0,0,0,0,0,0,0,0,18,0,0,1,0,0,0
REC-04487,0,1,0,1,1,0,0,0,0,0,0,0,6,0,0,1,1,0,0
REC-04488,1,0,0,0,0,0,0,0,0,0,0,0,4,0,0,1,1,0,0
REC-04489,1,0,0,0,0,0,0,0,0,0,0,0,20,0,0,1,1,0,0
REC-04490,0,1,0,0,0,0,0,0,0,0,0,0,10,0,0,0,0,0,0
REC-04491,0,1,0,0,0,0,0,0,0,0,0,1,9,0,0,0,0,0,1
REC-04492,1,0,0,0,0,0,0,0,0,0,0,0,12,0,0,1,1,0,0
REC-04493,0,1,0,0,0,0,0,0,0,0,0,0,141,1,1,0,0,1,0
REC-04494,0,1,0,0,0,0,0,0,0,0,0,0,14,0,0,0,0,0,0
REC-04495,0,1,0,0,0,0,0,1,1,0,0,0,11,0,0,0,0,0,0
REC-04496,0,1,0,0,0,0,0,0,0,0,0,0,4,0,0,0,0,0,0
REC-04497,0,1,0,1,1,0,0,0,0,0,0,0,7,0,0,1,1,0,0
REC-04498,1,0,0,0,0,0,0,0,0,0,0,0,17,0,0,1,1,0,0
REC-04499,1,0,0,0,0,0,0,0,0,0,0,0,20,0,0,1,1,0,0
REC-04500,1,0,0,0,0,0,0,0,0,0,0,0,27,0,0,1,1,0,0
REC-04501,0,1,0,0,0,1,1,0,0,0,0,0,9,0,0,0,0,1,0
REC-04502,0,1,0,0,0,0,0,0,0,0,0,0,8,0,0,0,0,0,0
REC-04503,0,1,0,0,0,0,0,0,0,0,0,0,24,0,0,0,0,0,0
REC-04504,0,1,0,0,0,1,1,0,0,0,0,0,4,0,0,0,0,1,0
REC-04505,1,0,0,0,0,0,0,0,0,0,0,0,9,0,0,1,1,0,0
REC-04506,0,1,0,0,0,0,0,0,0,0,0,0,9,0,0,0,0,0,0
REC-04507,0,1,0,0,0,0,0,1,1,0,0,0,15,0,0,0,0,0,0
REC-04508,0,1,0,0,0,1,1,0,0,0,0,0,22,0,0,0,0,1,0
REC-04509,0,1,0,1,1,0,0,0,0,0,0,0,5,0,0,1,1,0,0
REC-04510,0,1,0,0,0,0,0,0,0,0,0,0,17,0,0,0,0,0,0
REC-04511,0,1,0,0,0,0,0,0,0,1,1,0,13,0,0,0,0,0,1
REC-04512,0,1,0,0,0,1,1,0,0,0,0,0,22,0,0,0,0,1,0
REC-04513,0,1,0,0,0,0,0,0,0,0,0,0,1,0,0,0,0,0,0
REC-04514,1,0,0,0,0,0,0,0,0,0,0,0,9,0,0,1,1,0,0
REC-04515,0,1,0,0,0,0,0,0,0,0,0,0,25,0,0,0,0,0,0
REC-04516,0,1,0,0,0,0,0,0,0,0,0,0,348,1,1,0,0,1,0
REC-04517,0,1,0,0,0,0,0,0,0,1,1,0,26,0,0,0,0,0,1
REC-04518,0,1,1,1,0,0,0,0,0,0,0,0,23,0,0,1,0,0,0
REC-04519,0,1,1,1,0,0,0,0,0,0,0,0,8,0,0,1,0,0,0
REC-04520,0,1,1,1,0,0,0,0,0,0,0,0,20,0,0,1,0,0,0
REC-04521,0,1,0,0,0,0,0,0,0,0,0,0,12,0,0,0,0,0,0
REC-04522,0,1,0,0,0,0,0,0,0,0,0,0,3,0,0,0,0,0,0
REC-04523,0,1,0,0,0,0,0,0,0,0,0,0,29,0,0,0,0,0,0
REC-04524,0,1,0,0,0,1,1,0,0,0,0,0,10,0,0,0,0,1,0
REC-04525,0,1,0,0,0,0,0,0,0,1,1,0,22,0,0,0,0,0,1
REC-04526,0,1,0,0,0,0,0,0,0,0,0,1,23,0,0,0,0,0,1
REC-04527,0,1,0,0,0,0,0,0,0,0,0,0,28,0,0,0,0,0,0
REC-04528,1,0,0,0,0,0,0,0,0,0,0,0,5,0,0,1,1,0,0
REC-04529,0,1,1,1,0,0,0,0,0,0,0,0,13,0,0,1,0,0,0
REC-04530,0,1,0,0,0,0,0,0,0,0,0,0,28,0,0,0,0,0,0
REC-04531,0,1,0,1,0,0,0,0,0,0,0,0,25,0,0,1,0,0,0
REC-04532,0,1,1,1,0,0,0,0,0,0,0,0,16,0,0,1,0,0,0
REC-04533,0,1,0,0,0,0,0,1,1,0,0,0,14,0,0,0,0,0,0
REC-04534,0,1,0,0,0,0,0,0,0,0,0,1,19,0,0,0,0,0,1
REC-04535,0,1,0,0,0,0,0,0,0,1,1,0,18,0,0,0,0,0,1
REC-04536,0,1,0,0,0,0,0,0,0,0,0,0,27,0,0,0,0,0,0
REC-04537,0,1,0,0,0,0,0,1,1,0,0,0,14,0,0,0,0,0,0
REC-04538,0,1,1,1,0,0,0,0,0,0,0,0,15,0,0,1,0,0,0
REC-04539,0,1,0,1,1,0,0,0,0,0,0,0,24,0,0,1,1,0,0
REC-04540,0,1,0,0,0,0,0,0,0,0,0,0,5,0,0,0,0,0,0
REC-04541,1,0,0,0,0,0,0,0,0,0,0,0,10,0,0,1,1,0,0
REC-04542,0,1,0,0,0,0,0,0,0,1,1,0,18,0,0,0,0,0,1
REC-04543,0,1,0,0,0,0,0,0,0,0,0,0,19,0,0,0,0,0,0
REC-04544,1,0,0,0,0,0,0,0,0,0,0,0,18,0,0,1,1,0,0
REC-04545,0,1,1,1,0,0,0,0,0,0,0,0,14,0,0,1,0,0,0
REC-04546,1,0,0,0,0,0,0,0,0,0,0,0,26,0,0,1,1,0,0
REC-04547,0,1,0,0,0,0,0,0,0,0,0,0,9,0,0,0,0,0,0
REC-04548,0,1,0,0,0,1,1,0,0,0,0,0,6,0,0,0,0,1,0
REC-04549,0,1,0,0,0,0,0,0,0,0,0,0,23,0,0,0,0,0,0
REC-04550,0,1,0,0,0,0,0,0,0,0,0,0,25,0,0,0,0,0,0
REC-04551,0,1,0,0,0,0,0,0,0,0,0,0,5,0,0,0,0,0,0
REC-04552,0,1,0,0,0,0,0,0,0,1,1,0,23,0,0,0,0,0,1
REC-04553,0,1,0,0,0,0,0,0,0,0,0,0,2,0,0,0,0,0,0
REC-04554,0,1,0,0,0,0,0,0,0,0,0,0,15,0,0,0,0,0,0
REC-04555,1,0,0,0,0,0,0,0,0,0,0,0,28,0,0,1,1,0,0
REC-04556,0,1,0,0,0,1,1,0,0,0,0,0,15,0,0,0,0,1,0
REC-04557,0,1,0,0,0,0,0,0,0,1,1,0,3,0,0,0,0,0,1
REC-04558,0,1,0,0,0,0,0,0,0,1,1,0,27,0,0,0,0,0,1
REC-04559,0,1,0,0,0,0,0,1,1,0,0,0,26,0,0,0,0,0,0
REC-04560,0,1,0,0,0,0,0,0,0,1,1,0,2,0,0,0,0,0,1
REC-04561,0,1,0,0,0,0,0,0,0,0,0,1,17,0,0,0,0,0,1
REC-04562,0,1,0,1,0,0,0,0,0,0,0,0,0,0,0,1,0,0,0
REC-04563,1,0,0,0,0,0,0,0,0,0,0,0,24,0,0,1,1,0,0
REC-04564,0,1,0,0,0,0,0,0,0,1,1,0,11,0,0,0,0,0,1
REC-04565,0,1,0,0,0,0,0,0,0,0,0,0,12,0,0,0,0,0,0
REC-04566,1,0,0,0,0,0,0,0,0,0,0,0,25,0,0,1,1,0,0
REC-04567,0,1,0,0,0,0,0,0,0,0,0,0,19,0,0,0,0,0,0
REC-04568,0,1,0,0,0,0,0,0,0,0,0,0,25,0,0,0,0,0,0
REC-04569,0,1,0,0,0,0,0,0,0,0,0,0,26,0,0,0,0,0,0
REC-04570,0,1,0,1,0,0,0,0,0,0,0,0,9,0,0,1,0,0,0
REC-04571,0,1,1,1,0,0,0,0,0,0,0,0,29,0,0,1,0,0,0
REC-04572,0,1,0,0,0,0,0,1,1,0,0,0,7,0,0,0,0,0,0
REC-04573,0,1,0,0,0,0,0,0,0,0,0,0,29,0,0,0,0,0,0
REC-04574,0,1,0,0,0,0,0,0,0,0,0,1,26,0,0,0,0,0,1
REC-04575,0,1,0,0,0,0,0,0,0,0,0,0,11,0,0,0,0,0,0
REC-04576,0,1,0,0,0,0,0,0,0,0,0,0,25,0,0,0,0,0,0
REC-04577,0,1,0,0,0,0,0,0,0,0,0,1,1,0,0,0,0,0,1
REC-04578,1,0,0,0,0,0,0,0,0,0,0,0,11,0,0,1,1,0,0
REC-04579,0,1,0,0,0,0,0,0,0,0,0,0,28,0,0,0,0,0,0
REC-04580,0,1,0,0,0,0,0,0,0,0,0,0,362,1,1,0,0,1,0
REC-04581,0,1,1,1,0,0,0,0,0,0,0,0,22,0,0,1,0,0,0
REC-04582,0,1,0,0,0,0,0,0,0,0,0,0,0,0,0,0,0,0,0
REC-04583,0,1,1,1,0,0,0,0,0,0,0,0,6,0,0,1,0,0,0
REC-04584,0,1,0,0,0,0,0,0,0,1,1,0,22,0,0,0,0,0,1
REC-04585,0,1,0,0,0,0,0,0,0,1,1,0,0,0,0,0,0,0,1
REC-04586,0,1,0,0,0,0,0,0,0,0,0,0,12,0,0,0,0,0,0
REC-04587,1,0,0,0,0,0,0,0,0,0,0,0,16,0,0,1,1,0,0
REC-04588,0,1,0,0,0,0,0,0,0,0,0,0,1,0,0,0,0,0,0
REC-04589,0,1,0,0,0,0,0,0,0,1,1,0,3,0,0,0,0,0,1
REC-04590,0,1,0,0,0,0,0,0,0,0,0,0,28,0,0,0,0,0,0
REC-04591,0,1,0,0,0,0,0,0,0,0,0,0,293,1,1,0,0,1,0
REC-04592,0,1,0,0,0,0,0,1,1,0,0,0,19,0,0,0,0,0,0
REC-04593,0,1,0,0,0,0,0,0,0,0,0,0,12,0,0,0,0,0,0
REC-04594,1,0,0,0,0,0,0,0,0,0,0,0,1,0,0,1,1,0,0
REC-04595,0,1,0,0,0,0,0,0,0,0,0,0,200,1,1,0,0,1,0
REC-04596,1,0,0,0,0,0,0,0,0,0,0,0,14,0,0,1,1,0,0
REC-04597,0,1,0,0,0,0,0,0,0,0,0,0,15,0,0,0,0,0,0
REC-04598,0,1,0,0,0,0,0,0,0,1,1,0,30,0,0,0,0,0,1
REC-04599,0,1,0,0,0,0,0,0,0,0,0,0,25,0,0,0,0,0,0
REC-04600,0,1,0,0,0,0,0,0,0,0,0,0,11,0,0,0,0,0,0
REC-04601,0,1,0,0,0,0,0,0,0,0,0,0,3,0,0,0,0,0,0
REC-04602,0,1,0,0,0,0,0,1,1,0,0,0,7,0,0,0,0,0,0
REC-04603,0,1,0,0,0,0,0,0,0,0,0,0,2,0,0,0,0,0,0
REC-04604,0,1,0,0,0,0,0,0,0,0,0,0,18,0,0,0,0,0,0
REC-04605,0,1,0,0,0,1,1,0,0,0,0,0,6,0,0,0,0,1,0
REC-04606,0,1,0,0,0,1,1,0,0,0,0,0,15,0,0,0,0,1,0
REC-04607,0,1,1,1,0,0,0,0,0,0,0,0,18,0,0,1,0,0,0
REC-04608,0,1,0,0,0,0,0,0,0,0,0,1,18,0,0,0,0,0,1
REC-04609,0,1,0,0,0,0,0,0,0,0,0,0,28,0,0,0,0,0,0
REC-04610,0,1,0,0,0,1,1,0,0,0,0,0,25,0,0,0,0,1,0
REC-04611,0,1,0,0,0,1,1,0,0,0,0,0,26,0,0,0,0,1,0
REC-04612,1,0,0,0,0,0,0,0,0,0,0,0,10,0,0,1,1,0,0
REC-04613,1,0,0,0,0,0,0,0,0,0,0,0,15,0,0,1,1,0,0
REC-04614,0,1,0,1,0,0,0,0,0,0,0,0,13,0,0,1,0,0,0
REC-04615,0,1,0,0,0,0,0,0,0,0,0,0,10,0,0,0,0,0,0
REC-04616,0,1,0,0,0,0,0,0,0,1,1,0,9,0,0,0,0,0,1
REC-04617,0,1,0,0,0,0,0,0,0,1,1,0,13,0,0,0,0,0,1
REC-04618,0,1,0,1,0,0,0,0,0,0,0,0,27,0,0,1,0,0,0
REC-04619,0,1,0,0,0,0,0,0,0,1,1,0,0,0,0,0,0,0,1
REC-04620,0,1,0,0,0,0,0,0,0,0,0,0,12,0,0,0,0,0,0
REC-04621,0,1,0,0,0,1,1,0,0,0,0,0,6,0,0,0,0,1,0
REC-04622,0,1,0,0,0,0,0,0,0,0,0,1,0,0,0,0,0,0,1
REC-04623,0,1,0,0,0,0,0,0,0,0,0,0,29,0,0,0,0,0,0
REC-04624,1,0,0,0,0,0,0,0,0,0,0,0,17,0,0,1,1,0,0
REC-04625,0,1,0,0,0,1,1,0,0,0,0,0,21,0,0,0,0,1,0
REC-04626,0,1,0,0,0,0,0,0,0,0,0,0,27,0,0,0,0,0,0
REC-04627,0,1,0,0,0,0,0,0,0,0,0,0,25,0,0,0,0,0,0
REC-04628,1,0,0,0,0,0,0,0,0,0,0,0,20,0,0,1,1,0,0
REC-04629,0,1,0,0,0,0,0,0,0,1,1,0,28,0,0,0,0,0,1
REC-04630,0,1,0,0,0,1,1,0,0,0,0,0,10,0,0,0,0,1,0
REC-04631,1,0,0,0,0,0,0,0,0,0,0,0,18,0,0,1,1,0,0
REC-04632,1,0,0,0,0,0,0,0,0,0,0,0,13,0,0,1,1,0,0
REC-04633,0,1,0,0,0,0,0,1,1,0,0,0,10,0,0,0,0,0,0
REC-04634,0,1,0,0,0,0,0,0,0,0,0,0,7,0,0,0,0,0,0
REC-04635,0,1,0,0,0,0,0,0,0,0,0,1,26,0,0,0,0,0,1
REC-04636,0,1,1,1,0,0,0,0,0,0,0,0,12,0,0,1,0,0,0
REC-04637,0,1,0,0,0,0,0,1,1,0,0,0,30,0,0,0,0,0,0
REC-04638,0,1,0,0,0,0,0,0,0,0,0,0,5,0,0,0,0,0,0
REC-04639,0,1,0,0,0,0,0,1,1,0,0,0,4,0,0,0,0,0,0
REC-04640,0,1,0,0,0,0,0,0,0,0,0,0,8,0,0,0,0,0,0
REC-04641,0,1,1,1,0,0,0,0,0,0,0,0,16,0,0,1,0,0,0
REC-04642,0,1,0,0,0,0,0,0,0,0,0,0,301,1,1,0,0,1,0
REC-04643,0,1,0,0,0,0,0,0,0,0,0,0,20,0,0,0,0,0,0
REC-04644,1,0,0,0,0,0,0,0,0,0,0,0,20,0,0,1,1,0,0
REC-04645,0,1,0,0,0,0,0,0,0,0,0,0,8,0,0,0,0,0,0
REC-04646,0,1,0,0,0,1,1,0,0,0,0,0,25,0,0,0,0,1,0
REC-04647,1,0,0,0,0,0,0,0,0,0,0,0,8,0,0,1,1,0,0
REC-04648,0,1,0,0,0,0,0,0,0,0,0,0,16,0,0,0,0,0,0
REC-04649,0,1,0,0,0,0,0,0,0,0,0,0,4,0,0,0,0,0,0
REC-04650,0,1,0,0,0,0,0,0,0,0,0,0,20,0,0,0,0,0,0
REC-04651,0,1,0,1,1,0,0,0,0,0,0,0,3,0,0,1,1,0,0
REC-04652,0,1,0,0,0,0,0,0,0,0,0,0,24,0,0,0,0,0,0
REC-04653,0,1,0,1,1,0,0,0,0,0,0,0,12,0,0,1,1,0,0
REC-04654,0,1,0,0,0,0,0,0,0,1,1,0,4,0,0,0,0,0,1
REC-04655,0,1,0,0,0,0,0,0,0,0,0,1,20,0,0,0,0,0,1
REC-04656,0,1,0,0,0,0,0,1,1,0,0,0,15,0,0,0,0,0,0
REC-04657,0,1,0,0,0,0,0,0,0,0,0,0,24,0,0,0,0,0,0
REC-04658,0,1,0,0,0,0,0,0,0,1,1,0,6,0,0,0,0,0,1
REC-04659,1,0,0,0,0,0,0,0,0,0,0,0,21,0,0,1,1,0,0
REC-04660,0,1,0,0,0,0,0,0,0,0,0,0,29,0,0,0,0,0,0
REC-04661,0,1,0,0,0,0,0,0,0,0,0,0,2,0,0,0,0,0,0
REC-04662,0,1,1,1,0,0,0,0,0,0,0,0,10,0,0,1,0,0,0
REC-04663,0,1,0,0,0,0,0,0,0,1,1,0,16,0,0,0,0,0,1
REC-04664,0,1,0,0,0,0,0,0,0,0,0,0,16,0,0,0,0,0,0
REC-04665,0,1,0,0,0,0,0,0,0,0,0,0,30,0,0,0,0,0,0
REC-04666,0,1,0,0,0,0,0,0,0,0,0,0,12,0,0,0,0,0,0
REC-04667,0,1,0,0,0,0,0,0,0,1,1,0,20,0,0,0,0,0,1
REC-04668,1,0,0,0,0,0,0,0,0,0,0,0,22,0,0,1,1,0,0
REC-04669,0,1,0,0,0,0,0,0,0,0,0,1,5,0,0,0,0,0,1
REC-04670,0,1,0,0,0,1,1,0,0,0,0,0,24,0,0,0,0,1,0
REC-04671,0,1,0,0,0,0,0,0,0,0,0,0,25,0,0,0,0,0,0
REC-04672,0,1,0,0,0,0,0,0,0,0,0,0,7,0,0,0,0,0,0
REC-04673,0,1,0,0,0,1,1,0,0,0,0,0,22,0,0,0,0,1,0
REC-04674,0,1,0,0,0,0,0,0,0,0,0,0,18,0,0,0,0,0,0
REC-04675,0,1,0,0,0,0,0,0,0,0,0,0,6,0,0,0,0,0,0
REC-04676,0,1,0,0,0,0,0,0,0,0,0,0,14,0,0,0,0,0,0
REC-04677,0,1,0,0,0,1,1,0,0,0,0,0,0,0,0,0,0,1,0
REC-04678,1,0,0,0,0,0,0,0,0,0,0,0,2,0,0,1,1,0,0
REC-04679,0,1,0,1,1,0,0,0,0,0,0,0,30,0,0,1,1,0,0
REC-04680,0,1,0,0,0,1,1,0,0,0,0,0,21,0,0,0,0,1,0
REC-04681,0,1,0,0,0,0,0,0,0,0,0,0,3,0,0,0,0,0,0
REC-04682,0,1,0,0,0,0,0,1,1,0,0,0,20,0,0,0,0,0,0
REC-04683,0,1,0,0,0,1,1,0,0,0,0,0,20,0,0,0,0,1,0
REC-04684,0,1,0,0,0,0,0,0,0,1,1,0,16,0,0,0,0,0,1
REC-04685,0,1,0,0,0,1,1,0,0,0,0,0,4,0,0,0,0,1,0
REC-04686,0,1,0,0,0,0,0,0,0,1,1,0,2,0,0,0,0,0,1
REC-04687,0,1,0,0,0,0,0,0,0,0,0,0,25,0,0,0,0,0,0
REC-04688,1,0,0,0,0,0,0,0,0,0,0,0,17,0,0,1,1,0,0
REC-04689,0,1,0,0,0,0,0,0,0,0,0,0,9,0,0,0,0,0,0
REC-04690,1,0,0,0,0,0,0,0,0,0,0,0,8,0,0,1,1,0,0
REC-04691,0,1,0,0,0,0,0,0,0,0,0,1,25,0,0,0,0,0,1
REC-04692,0,1,0,0,0,0,0,0,0,0,0,0,27,0,0,0,0,0,0
REC-04693,0,1,0,0,0,0,0,1,1,0,0,0,30,0,0,0,0,0,0
REC-04694,1,0,0,0,0,0,0,0,0,0,0,0,28,0,0,1,1,0,0
REC-04695,0,1,0,0,0,0,0,0,0,0,0,0,1,0,0,0,0,0,0
REC-04696,0,1,0,0,0,1,1,0,0,0,0,0,17,0,0,0,0,1,0
REC-04697,0,1,1,1,0,0,0,0,0,0,0,0,24,0,0,1,0,0,0
REC-04698,0,1,0,1,1,0,0,0,0,0,0,0,6,0,0,1,1,0,0
REC-04699,0,1,0,0,0,0,0,0,0,0,0,0,24,0,0,0,0,0,0
REC-04700,0,1,0,0,0,0,0,0,0,0,0,0,29,0,0,0,0,0,0
REC-04701,0,1,0,0,0,0,0,0,0,0,0,1,4,0,0,0,0,0,1
REC-04702,0,1,0,0,0,1,1,0,0,0,0,0,11,0,0,0,0,1,0
REC-04703,0,1,0,0,0,0,0,0,0,0,0,0,20,0,0,0,0,0,0
REC-04704,0,1,0,1,1,0,0,0,0,0,0,0,29,0,0,1,1,0,0
REC-04705,0,1,0,0,0,0,0,0,0,0,0,0,14,0,0,0,0,0,0
REC-04706,0,1,0,0,0,0,0,0,0,0,0,0,17,0,0,0,0,0,0
REC-04707,0,1,0,0,0,0,0,0,0,0,0,1,15,0,0,0,0,0,1
REC-04708,0,1,0,0,0,0,0,0,0,0,0,0,20,0,0,0,0,0,0
REC-04709,0,1,0,0,0,0,0,0,0,0,0,0,6,0,0,0,0,0,0
REC-04710,0,1,0,0,0,0,0,0,0,0,0,1,30,0,0,0,0,0,1
REC-04711,0,1,0,0,0,0,0,0,0,0,0,1,8,0,0,0,0,0,1
REC-04712,1,0,0,0,0,0,0,0,0,0,0,0,21,0,0,1,1,0,0
REC-04713,0,1,0,0,0,0,0,0,0,0,0,0,26,0,0,0,0,0,0
REC-04714,1,0,0,0,0,0,0,0,0,0,0,0,17,0,0,1,1,0,0
REC-04715,0,1,0,0,0,1,1,0,0,0,0,0,13,0,0,0,0,1,0
REC-04716,0,1,0,0,0,0,0,0,0,0,0,0,13,0,0,0,0,0,0
REC-04717,0,1,0,0,0,0,0,0,0,0,0,0,15,0,0,0,0,0,0
REC-04718,0,1,0,0,0,0,0,0,0,0,0,0,16,0,0,0,0,0,0
REC-04719,1,0,0,0,0,0,0,0,0,0,0,0,18,0,0,1,1,0,0
REC-04720,0,1,0,0,0,0,0,0,0,0,0,0,1,0,0,0,0,0,0
REC-04721,0,1,0,1,1,0,0,0,0,0,0,0,25,0,0,1,1,0,0
REC-04722,0,1,0,0,0,0,0,0,0,0,0,0,12,0,0,0,0,0,0
REC-04723,0,1,0,0,0,0,0,0,0,0,0,1,18,0,0,0,0,0,1
REC-04724,0,1,0,0,0,0,0,0,0,0,0,0,24,0,0,0,0,0,0
REC-04725,0,1,0,1,0,0,0,0,0,0,0,0,30,0,0,1,0,0,0
REC-04726,0,1,0,0,0,0,0,0,0,0,0,0,19,0,0,0,0,0,0
REC-04727,0,1,0,0,0,0,0,0,0,0,0,0,1,0,0,0,0,0,0
REC-04728,0,1,0,1,0,0,0,0,0,0,0,0,9,0,0,1,0,0,0
REC-04729,0,1,1,1,0,0,0,0,0,0,0,0,5,0,0,1,0,0,0
REC-04730,0,1,1,1,0,0,0,0,0,0,0,0,21,0,0,1,0,0,0
REC-04731,0,1,0,0,0,0,0,1,1,0,0,0,16,0,0,0,0,0,0
REC-04732,1,0,0,0,0,0,0,0,0,0,0,0,24,0,0,1,1,0,0
REC-04733,0,1,0,0,0,0,0,0,0,0,0,0,7,0,0,0,0,0,0
REC-04734,0,1,0,0,0,0,0,0,0,0,0,1,21,0,0,0,0,0,1
REC-04735,0,1,0,0,0,0,0,0,0,0,0,0,8,0,0,0,0,0,0
REC-04736,0,1,0,1,1,0,0,0,0,0,0,0,19,0,0,1,1,0,0
REC-04737,0,1,0,0,0,0,0,0,0,0,0,0,3,0,0,0,0,0,0
REC-04738,1,0,0,0,0,0,0,0,0,0,0,0,27,0,0,1,1,0,0
REC-04739,0,1,0,1,1,0,0,0,0,0,0,0,7,0,0,1,1,0,0
REC-04740,0,1,0,0,0,0,0,0,0,0,0,0,8,0,0,0,0,0,0
REC-04741,0,1,0,0,0,0,0,0,0,0,0,0,29,0,0,0,0,0,0
REC-04742,0,1,1,1,0,0,0,0,0,0,0,0,26,0,0,1,0,0,0
REC-04743,0,1,0,0,0,0,0,0,0,0,0,0,8,0,0,0,0,0,0
REC-04744,0,1,0,0,0,0,0,0,0,0,0,1,15,0,0,0,0,0,1
REC-04745,0,1,0,0,0,0,0,0,0,0,0,0,15,0,0,0,0,0,0
REC-04746,0,1,0,0,0,0,0,0,0,0,0,0,20,0,0,0,0,0,0
REC-04747,0,1,0,0,0,0,0,0,0,1,1,0,30,0,0,0,0,0,1
REC-04748,0,1,0,0,0,0,0,0,0,0,0,0,26,0,0,0,0,0,0
REC-04749,0,1,0,0,0,0,0,0,0,0,0,0,25,0,0,0,0,0,0
REC-04750,0,1,0,0,0,0,0,0,0,0,0,0,27,0,0,0,0,0,0
REC-04751,0,1,0,0,0,0,0,0,0,1,1,0,12,0,0,0,0,0,1
REC-04752,0,1,0,0,0,0,0,0,0,0,0,0,23,0,0,0,0,0,0
REC-04753,0,1,0,0,0,0,0,0,0,0,0,0,7,0,0,0,0,0,0
REC-04754,1,0,0,0,0,0,0,0,0,0,0,0,14,0,0,1,1,0,0
REC-04755,0,1,0,0,0,0,0,0,0,0,0,0,0,0,0,0,0,0,0
REC-04756,0,1,0,0,0,0,0,0,0,0,0,0,0,0,0,0,0,0,0
REC-04757,0,1,0,0,0,0,0,0,0,0,0,1,25,0,0,0,0,0,1
REC-04758,0,1,0,0,0,0,0,0,0,0,0,1,30,0,0,0,0,0,1
REC-04759,0,1,1,1,0,0,0,0,0,0,0,0,11,0,0,1,0,0,0
REC-04760,0,1,0,1,1,0,0,0,0,0,0,0,25,0,0,1,1,0,0
REC-04761,0,1,0,0,0,0,0,0,0,0,0,0,239,1,1,0,0,1,0
REC-04762,0,1,0,0,0,0,0,0,0,0,0,1,9,0,0,0,0,0,1
REC-04763,0,1,0,0,0,0,0,0,0,0,0,0,12,0,0,0,0,0,0
REC-04764,0,1,0,0,0,0,0,0,0,0,0,0,8,0,0,0,0,0,0
REC-04765,0,1,0,1,1,0,0,0,0,0,0,0,23,0,0,1,1,0,0
REC-04766,0,1,0,0,0,0,0,1,1,0,0,0,29,0,0,0,0,0,0
REC-04767,0,1,0,0,0,1,1,0,0,0,0,0,14,0,0,0,0,1,0
REC-04768,0,1,0,0,0,0,0,0,0,0,0,0,10,0,0,0,0,0,0
REC-04769,0,1,0,0,0,0,0,0,0,1,1,0,12,0,0,0,0,0,1
REC-04770,0,1,0,0,0,0,0,0,0,0,0,0,24,0,0,0,0,0,0
REC-04771,0,1,0,0,0,0,0,0,0,1,1,0,11,0,0,0,0,0,1
REC-04772,0,1,1,1,0,0,0,0,0,0,0,0,2,0,0,1,0,0,0
REC-04773,0,1,0,0,0,0,0,0,0,0,0,0,15,0,0,0,0,0,0
REC-04774,0,1,0,1,1,0,0,0,0,0,0,0,26,0,0,1,1,0,0
REC-04775,0,1,0,0,0,0,0,0,0,0,0,1,3,0,0,0,0,0,1
REC-04776,1,0,0,0,0,0,0,0,0,0,0,0,27,0,0,1,1,0,0
REC-04777,1,0,0,0,0,0,0,0,0,0,0,0,23,0,0,1,1,0,0
REC-04778,0,1,0,1,0,0,0,0,0,0,0,0,23,0,0,1,0,0,0
REC-04779,1,0,0,0,0,0,0,0,0,0,0,0,26,0,0,1,1,0,0
REC-04780,0,1,1,1,0,0,0,0,0,0,0,0,9,0,0,1,0,0,0
REC-04781,0,1,0,0,0,0,0,0,0,0,0,0,195,1,1,0,0,1,0
REC-04782,0,1,0,1,0,0,0,0,0,0,0,0,27,0,0,1,0,0,0
REC-04783,0,1,0,0,0,0,0,0,0,0,0,1,14,0,0,0,0,0,1
REC-04784,0,1,0,0,0,0,0,0,0,0,0,0,16,0,0,0,0,0,0
REC-04785,0,1,0,0,0,0,0,0,0,0,0,0,20,0,0,0,0,0,0
REC-04786,0,1,0,0,0,0,0,0,0,0,0,0,0,0,0,0,0,0,0
REC-04787,1,0,0,0,0,0,0,0,0,0,0,0,3,0,0,1,1,0,0
REC-04788,0,1,1,1,0,0,0,0,0,0,0,0,24,0,0,1,0,0,0
REC-04789,0,1,1,1,0,0,0,0,0,0,0,0,13,0,0,1,0,0,0
REC-04790,0,1,0,0,0,0,0,0,0,1,1,0,27,0,0,0,0,0,1
REC-04791,0,1,1,1,0,0,0,0,0,0,0,0,21,0,0,1,0,0,0
REC-04792,0,1,0,0,0,0,0,0,0,0,0,0,10,0,0,0,0,0,0
REC-04793,0,1,0,0,0,0,0,0,0,0,0,0,15,0,0,0,0,0,0
REC-04794,0,1,0,0,0,0,0,0,0,0,0,1,2,0,0,0,0,0,1
REC-04795,0,1,0,0,0,0,0,0,0,0,0,0,12,0,0,0,0,0,0
REC-04796,0,1,0,0,0,0,0,0,0,1,1,0,9,0,0,0,0,0,1
REC-04797,0,1,0,1,1,0,0,0,0,0,0,0,13,0,0,1,1,0,0
REC-04798,0,1,0,0,0,0,0,0,0,0,0,0,9,0,0,0,0,0,0
REC-04799,0,1,0,0,0,0,0,0,0,0,0,0,18,0,0,0,0,0,0
REC-04800,0,1,0,0,0,1,1,0,0,0,0,0,12,0,0,0,0,1,0
REC-04801,0,1,0,0,0,1,1,0,0,0,0,0,6,0,0,0,0,1,0
REC-04802,1,0,0,0,0,0,0,0,0,0,0,0,1,0,0,1,1,0,0
REC-04803,0,1,0,0,0,0,0,1,1,0,0,0,28,0,0,0,0,0,0
REC-04804,0,1,0,0,0,0,0,0,0,0,0,1,30,0,0,0,0,0,1
REC-04805,0,1,0,0,0,0,0,0,0,0,0,0,19,0,0,0,0,0,0
REC-04806,0,1,0,0,0,0,0,0,0,0,0,0,21,0,0,0,0,0,0
REC-04807,0,1,1,1,0,0,0,0,0,0,0,0,14,0,0,1,0,0,0
REC-04808,0,1,1,1,0,0,0,0,0,0,0,0,7,0,0,1,0,0,0
REC-04809,0,1,0,0,0,0,0,0,0,0,0,0,19,0,0,0,0,0,0
REC-04810,0,1,0,0,0,0,0,0,0,0,0,0,30,0,0,0,0,0,0
REC-04811,0,1,0,0,0,0,0,0,0,0,0,0,11,0,0,0,0,0,0
REC-04812,0,1,0,0,0,0,0,0,0,0,0,0,20,0,0,0,0,0,0
REC-04813,0,1,0,1,1,0,0,0,0,0,0,0,30,0,0,1,1,0,0
REC-04814,0,1,0,1,0,0,0,0,0,0,0,0,14,0,0,1,0,0,0
REC-04815,0,1,0,0,0,0,0,0,0,0,0,0,20,0,0,0,0,0,0
REC-04816,0,1,0,0,0,0,0,0,0,0,0,0,17,0,0,0,0,0,0
REC-04817,0,1,0,0,0,0,0,0,0,1,1,0,8,0,0,0,0,0,1
REC-04818,0,1,0,0,0,0,0,0,0,0,0,0,11,0,0,0,0,0,0
REC-04819,0,1,0,0,0,1,1,0,0,0,0,0,9,0,0,0,0,1,0
REC-04820,0,1,0,0,0,0,0,0,0,0,0,1,4,0,0,0,0,0,1
REC-04821,0,1,0,0,0,1,1,0,0,0,0,0,8,0,0,0,0,1,0
REC-04822,0,1,1,1,0,0,0,0,0,0,0,0,2,0,0,1,0,0,0
REC-04823,0,1,0,0,0,0,0,1,1,0,0,0,6,0,0,0,0,0,0
REC-04824,0,1,0,0,0,0,0,0,0,0,0,0,26,0,0,0,0,0,0
REC-04825,0,1,0,0,0,0,0,0,0,1,1,0,14,0,0,0,0,0,1
REC-04826,0,1,0,0,0,0,0,0,0,0,0,0,267,1,1,0,0,1,0
REC-04827,0,1,0,0,0,0,0,0,0,0,0,0,200,1,1,0,0,1,0
REC-04828,1,0,0,0,0,0,0,0,0,0,0,0,11,0,0,1,1,0,0
REC-04829,0,1,0,0,0,0,0,0,0,0,0,0,24,0,0,0,0,0,0
REC-04830,0,1,0,0,0,0,0,0,0,1,1,0,16,0,0,0,0,0,1
REC-04831,0,1,0,0,0,0,0,1,1,0,0,0,7,0,0,0,0,0,0
REC-04832,0,1,0,1,0,0,0,0,0,0,0,0,2,0,0,1,0,0,0
REC-04833,0,1,0,0,0,0,0,0,0,1,1,0,6,0,0,0,0,0,1
REC-04834,0,1,0,0,0,0,0,0,0,0,0,0,2,0,0,0,0,0,0
REC-04835,0,1,0,0,0,0,0,0,0,0,0,0,11,0,0,0,0,0,0
REC-04836,0,1,0,1,1,0,0,0,0,0,0,0,3,0,0,1,1,0,0
REC-04837,0,1,0,0,0,0,0,0,0,0,0,1,8,0,0,0,0,0,1
REC-04838,0,1,0,1,0,0,0,0,0,0,0,0,29,0,0,1,0,0,0
REC-04839,1,0,0,0,0,0,0,0,0,0,0,0,18,0,0,1,1,0,0
REC-04840,0,1,0,0,0,0,0,0,0,0,0,0,3,0,0,0,0,0,0
REC-04841,0,1,0,0,0,0,0,1,1,0,0,0,25,0,0,0,0,0,0
REC-04842,0,1,0,0,0,0,0,0,0,0,0,0,29,0,0,0,0,0,0
REC-04843,0,1,0,0,0,0,0,0,0,0,0,0,220,1,1,0,0,1,0
REC-04844,0,1,0,0,0,0,0,0,0,0,0,0,125,1,1,0,0,1,0
REC-04845,0,1,0,0,0,0,0,0,0,0,0,0,12,0,0,0,0,0,0
REC-04846,1,0,0,0,0,0,0,0,0,0,0,0,23,0,0,1,1,0,0
REC-04847,0,1,0,0,0,0,0,0,0,0,0,0,17,0,0,0,0,0,0
REC-04848,1,0,0,0,0,0,0,0,0,0,0,0,27,0,0,1,1,0,0
REC-04849,0,1,0,0,0,0,0,0,0,0,0,0,137,1,1,0,0,1,0
REC-04850,0,1,0,0,0,0,0,0,0,0,0,0,181,1,1,0,0,1,0
REC-04851,0,1,0,1,1,0,0,0,0,0,0,0,17,0,0,1,1,0,0
REC-04852,0,1,0,0,0,0,0,0,0,0,0,0,24,0,0,0,0,0,0
REC-04853,1,0,0,0,0,0,0,0,0,0,0,0,29,0,0,1,1,0,0
REC-04854,0,1,0,0,0,0,0,0,0,0,0,1,14,0,0,0,0,0,1
REC-04855,0,1,0,0,0,0,0,0,0,1,1,0,9,0,0,0,0,0,1
REC-04856,1,0,0,0,0,0,0,0,0,0,0,0,2,0,0,1,1,0,0
REC-04857,0,1,0,0,0,0,0,0,0,0,0,0,1,0,0,0,0,0,0
REC-04858,0,1,0,0,0,0,0,0,0,0,0,0,5,0,0,0,0,0,0
REC-04859,0,1,0,0,0,0,0,1,1,0,0,0,12,0,0,0,0,0,0
REC-04860,0,1,0,1,1,0,0,0,0,0,0,0,8,0,0,1,1,0,0
REC-04861,0,1,0,0,0,0,0,1,1,0,0,0,21,0,0,0,0,0,0
REC-04862,0,1,0,0,0,0,0,0,0,1,1,0,22,0,0,0,0,0,1
REC-04863,0,1,0,0,0,0,0,0,0,0,0,0,20,0,0,0,0,0,0
REC-04864,0,1,0,0,0,0,0,0,0,0,0,0,16,0,0,0,0,0,0
REC-04865,0,1,0,0,0,0,0,0,0,0,0,1,16,0,0,0,0,0,1
REC-04866,0,1,0,0,0,0,0,0,0,0,0,0,1,0,0,0,0,0,0
REC-04867,0,1,0,0,0,0,0,0,0,0,0,0,19,0,0,0,0,0,0
REC-04868,0,1,0,0,0,1,1,0,0,0,0,0,12,0,0,0,0,1,0
REC-04869,0,1,0,0,0,0,0,0,0,0,0,0,15,0,0,0,0,0,0
REC-04870,0,1,0,0,0,0,0,0,0,0,0,0,93,1,1,0,0,1,0
REC-04871,0,1,0,0,0,1,1,0,0,0,0,0,18,0,0,0,0,1,0
REC-04872,0,1,1,1,0,0,0,0,0,0,0,0,9,0,0,1,0,0,0
REC-04873,0,1,0,0,0,0,0,0,0,0,0,0,1,0,0,0,0,0,0
REC-04874,0,1,0,0,0,0,0,0,0,0,0,0,19,0,0,0,0,0,0
REC-04875,0,1,0,0,0,0,0,1,1,0,0,0,3,0,0,0,0,0,0
REC-04876,0,1,0,1,0,0,0,0,0,0,0,0,24,0,0,1,0,0,0
REC-04877,0,1,0,0,0,0,0,0,0,0,0,1,8,0,0,0,0,0,1
REC-04878,0,1,0,0,0,0,0,0,0,0,0,1,21,0,0,0,0,0,1
REC-04879,0,1,0,0,0,0,0,0,0,1,1,0,4,0,0,0,0,0,1
REC-04880,0,1,0,0,0,0,0,0,0,1,1,0,28,0,0,0,0,0,1
REC-04881,0,1,0,0,0,0,0,0,0,0,0,0,10,0,0,0,0,0,0
REC-04882,0,1,0,0,0,0,0,0,0,0,0,0,223,1,1,0,0,1,0
REC-04883,0,1,0,0,0,0,0,0,0,0,0,0,101,1,1,0,0,1,0
REC-04884,0,1,0,1,1,0,0,0,0,0,0,0,4,0,0,1,1,0,0
REC-04885,1,0,0,0,0,0,0,0,0,0,0,0,8,0,0,1,1,0,0
REC-04886,0,1,0,0,0,0,0,0,0,0,0,1,16,0,0,0,0,0,1
REC-04887,0,1,1,1,0,0,0,0,0,0,0,0,7,0,0,1,0,0,0
REC-04888,0,1,1,1,0,0,0,0,0,0,0,0,26,0,0,1,0,0,0
REC-04889,0,1,0,0,0,0,0,0,0,0,0,0,11,0,0,0,0,0,0
REC-04890,0,1,0,0,0,0,0,0,0,0,0,0,29,0,0,0,0,0,0
REC-04891,0,1,0,0,0,0,0,0,0,0,0,0,26,0,0,0,0,0,0
REC-04892,0,1,0,0,0,0,0,0,0,0,0,0,17,0,0,0,0,0,0
REC-04893,1,0,0,0,0,0,0,0,0,0,0,0,14,0,0,1,1,0,0
REC-04894,0,1,0,0,0,0,0,0,0,0,0,0,3,0,0,0,0,0,0
REC-04895,0,1,0,0,0,0,0,0,0,0,0,0,142,1,1,0,0,1,0
REC-04896,1,0,0,0,0,0,0,0,0,0,0,0,25,0,0,1,1,0,0
REC-04897,0,1,0,0,0,0,0,0,0,0,0,0,1,0,0,0,0,0,0
REC-04898,0,1,0,1,1,0,0,0,0,0,0,0,28,0,0,1,1,0,0
REC-04899,0,1,0,0,0,0,0,0,0,0,0,0,18,0,0,0,0,0,0
REC-04900,0,1,0,0,0,0,0,0,0,0,0,0,22,0,0,0,0,0,0
REC-04901,1,0,0,0,0,0,0,0,0,0,0,0,19,0,0,1,1,0,0
REC-04902,0,1,0,1,1,0,0,0,0,0,0,0,6,0,0,1,1,0,0
REC-04903,0,1,0,0,0,0,0,0,0,0,0,1,7,0,0,0,0,0,1
REC-04904,0,1,0,0,0,1,1,0,0,0,0,0,21,0,0,0,0,1,0
REC-04905,0,1,0,0,0,0,0,0,0,0,0,0,16,0,0,0,0,0,0
REC-04906,0,1,0,0,0,0,0,0,0,0,0,1,30,0,0,0,0,0,1
REC-04907,0,1,0,0,0,0,0,0,0,1,1,0,18,0,0,0,0,0,1
REC-04908,0,1,0,0,0,0,0,0,0,1,1,0,12,0,0,0,0,0,1
REC-04909,0,1,1,1,0,0,0,0,0,0,0,0,24,0,0,1,0,0,0
REC-04910,1,0,0,0,0,0,0,0,0,0,0,0,6,0,0,1,1,0,0
REC-04911,0,1,0,0,0,0,0,0,0,0,0,0,2,0,0,0,0,0,0
REC-04912,0,1,0,0,0,0,0,0,0,0,0,0,16,0,0,0,0,0,0
REC-04913,0,1,0,0,0,0,0,0,0,0,0,0,4,0,0,0,0,0,0
REC-04914,0,1,0,0,0,0,0,0,0,0,0,0,27,0,0,0,0,0,0
REC-04915,0,1,0,0,0,0,0,0,0,0,0,0,20,0,0,0,0,0,0
REC-04916,0,1,1,1,0,0,0,0,0,0,0,0,10,0,0,1,0,0,0
REC-04917,0,1,1,1,0,0,0,0,0,0,0,0,20,0,0,1,0,0,0
REC-04918,0,1,0,0,0,0,0,0,0,0,0,0,7,0,0,0,0,0,0
REC-04919,0,1,0,0,0,0,0,0,0,0,0,0,165,1,1,0,0,1,0
REC-04920,0,1,0,1,0,0,0,0,0,0,0,0,22,0,0,1,0,0,0
REC-04921,0,1,0,0,0,0,0,0,0,0,0,0,26,0,0,0,0,0,0
REC-04922,0,1,0,0,0,0,0,0,0,0,0,0,25,0,0,0,0,0,0
REC-04923,0,1,0,0,0,0,0,0,0,0,0,1,27,0,0,0,0,0,1
REC-04924,0,1,0,1,0,0,0,0,0,0,0,0,30,0,0,1,0,0,0
REC-04925,0,1,0,0,0,1,1,0,0,0,0,0,3,0,0,0,0,1,0
REC-04926,0,1,1,1,0,0,0,0,0,0,0,0,20,0,0,1,0,0,0
REC-04927,0,1,0,0,0,0,0,0,0,0,0,0,21,0,0,0,0,0,0
REC-04928,0,1,0,0,0,0,0,1,1,0,0,0,1,0,0,0,0,0,0
REC-04929,0,1,0,0,0,0,0,0,0,0,0,0,14,0,0,0,0,0,0
REC-04930,0,1,0,1,1,0,0,0,0,0,0,0,4,0,0,1,1,0,0
REC-04931,0,1,0,0,0,1,1,0,0,0,0,0,5,0,0,0,0,1,0
REC-04932,0,1,0,0,0,0,0,0,0,0,0,0,18,0,0,0,0,0,0
REC-04933,0,1,0,0,0,0,0,0,0,0,0,0,362,1,1,0,0,1,0
REC-04934,0,1,0,0,0,1,1,0,0,0,0,0,4,0,0,0,0,1,0
REC-04935,0,1,0,0,0,0,0,1,1,0,0,0,11,0,0,0,0,0,0
REC-04936,0,1,0,0,0,0,0,0,0,0,0,0,1,0,0,0,0,0,0
REC-04937,0,1,0,0,0,0,0,0,0,0,0,1,3,0,0,0,0,0,1
REC-04938,0,1,0,0,0,0,0,0,0,0,0,0,281,1,1,0,0,1,0
REC-04939,0,1,0,0,0,0,0,1,1,0,0,0,22,0,0,0,0,0,0
REC-04940,1,0,0,0,0,0,0,0,0,0,0,0,14,0,0,1,1,0,0
REC-04941,0,1,0,0,0,0,0,0,0,0,0,0,5,0,0,0,0,0,0
REC-04942,0,1,0,1,0,0,0,0,0,0,0,0,21,0,0,1,0,0,0
REC-04943,0,1,0,0,0,0,0,0,0,1,1,0,27,0,0,0,0,0,1
REC-04944,0,1,1,1,0,0,0,0,0,0,0,0,16,0,0,1,0,0,0
REC-04945,0,1,0,0,0,0,0,0,0,0,0,0,1,0,0,0,0,0,0
REC-04946,0,1,0,0,0,1,1,0,0,0,0,0,2,0,0,0,0,1,0
REC-04947,0,1,1,1,0,0,0,0,0,0,0,0,11,0,0,1,0,0,0
REC-04948,0,1,0,0,0,0,0,0,0,1,1,0,29,0,0,0,0,0,1
REC-04949,0,1,0,0,0,1,1,0,0,0,0,0,19,0,0,0,0,1,0
REC-04950,0,1,0,0,0,0,0,0,0,1,1,0,5,0,0,0,0,0,1
REC-04951,0,1,1,1,0,0,0,0,0,0,0,0,21,0,0,1,0,0,0
REC-04952,0,1,1,1,0,0,0,0,0,0,0,0,7,0,0,1,0,0,0
REC-04953,0,1,0,0,0,1,1,0,0,0,0,0,27,0,0,0,0,1,0
REC-04954,0,1,0,0,0,0,0,0,0,0,0,0,21,0,0,0,0,0,0
REC-04955,0,1,0,0,0,0,0,0,0,0,0,0,30,0,0,0,0,0,0
REC-04956,0,1,1,1,0,0,0,0,0,0,0,0,16,0,0,1,0,0,0
REC-04957,0,1,1,1,0,0,0,0,0,0,0,0,4,0,0,1,0,0,0
REC-04958,0,1,0,0,0,0,0,0,0,0,0,0,11,0,0,0,0,0,0
REC-04959,0,1,0,0,0,0,0,0,0,0,0,0,25,0,0,0,0,0,0
REC-04960,0,1,0,0,0,0,0,0,0,1,1,0,10,0,0,0,0,0,1
REC-04961,0,1,1,1,0,0,0,0,0,0,0,0,27,0,0,1,0,0,0
REC-04962,0,1,0,1,0,0,0,0,0,0,0,0,16,0,0,1,0,0,0
REC-04963,1,0,0,0,0,0,0,0,0,0,0,0,13,0,0,1,1,0,0
REC-04964,0,1,0,0,0,0,0,0,0,0,0,0,337,1,1,0,0,1,0
REC-04965,0,1,0,0,0,0,0,0,0,0,0,0,8,0,0,0,0,0,0
REC-04966,0,1,0,0,0,0,0,0,0,0,0,0,5,0,0,0,0,0,0
REC-04967,0,1,1,1,0,0,0,0,0,0,0,0,7,0,0,1,0,0,0
REC-04968,1,0,0,0,0,0,0,0,0,0,0,0,8,0,0,1,1,0,0
REC-04969,0,1,0,0,0,1,1,0,0,0,0,0,2,0,0,0,0,1,0
REC-04970,0,1,0,0,0,0,0,0,0,0,0,0,25,0,0,0,0,0,0
REC-04971,0,1,0,0,0,0,0,0,0,0,0,0,9,0,0,0,0,0,0
REC-04972,0,1,0,0,0,0,0,0,0,0,0,1,15,0,0,0,0,0,1
REC-04973,0,1,0,1,1,0,0,0,0,0,0,0,4,0,0,1,1,0,0
REC-04974,1,0,0,0,0,0,0,0,0,0,0,0,15,0,0,1,1,0,0
REC-04975,0,1,0,1,1,0,0,0,0,0,0,0,8,0,0,1,1,0,0
REC-04976,0,1,0,0,0,0,0,0,0,0,0,0,6,0,0,0,0,0,0
REC-04977,0,1,0,0,0,0,0,0,0,1,1,0,27,0,0,0,0,0,1
REC-04978,0,1,0,0,0,0,0,0,0,0,0,0,19,0,0,0,0,0,0
REC-04979,0,1,0,0,0,0,0,0,0,0,0,0,24,0,0,0,0,0,0
REC-04980,0,1,0,0,0,1,1,0,0,0,0,0,25,0,0,0,0,1,0
REC-04981,0,1,0,0,0,0,0,0,0,0,0,0,25,0,0,0,0,0,0
REC-04982,0,1,1,1,0,0,0,0,0,0,0,0,15,0,0,1,0,0,0
REC-04983,0,1,0,0,0,0,0,0,0,0,0,0,15,0,0,0,0,0,0
REC-04984,1,0,0,0,0,0,0,0,0,0,0,0,18,0,0,1,1,0,0
REC-04985,0,1,0,0,0,0,0,0,0,0,0,1,12,0,0,0,0,0,1
REC-04986,0,1,0,0,0,0,0,0,0,1,1,0,15,0,0,0,0,0,1
REC-04987,0,1,0,0,0,0,0,0,0,1,1,0,11,0,0,0,0,0,1
REC-04988,0,1,0,0,0,0,0,0,0,1,1,0,11,0,0,0,0,0,1
REC-04989,0,1,0,0,0,0,0,0,0,0,0,1,2,0,0,0,0,0,1
REC-04990,0,1,0,0,0,0,0,0,0,0,0,0,29,0,0,0,0,0,0
REC-04991,0,1,0,0,0,0,0,0,0,0,0,0,27,0,0,0,0,0,0
REC-04992,1,0,0,0,0,0,0,0,0,0,0,0,24,0,0,1,1,0,0
REC-04993,0,1,0,0,0,0,0,0,0,0,0,0,28,0,0,0,0,0,0
REC-04994,1,0,0,0,0,0,0,0,0,0,0,0,3,0,0,1,1,0,0
REC-04995,0,1,0,0,0,0,0,0,0,0,0,0,4,0,0,0,0,0,0
REC-04996,0,1,0,0,0,0,0,0,0,1,1,0,27,0,0,0,0,0,1
REC-04997,0,1,0,0,0,0,0,0,0,0,0,0,20,0,0,0,0,0,0
REC-04998,0,1,0,0,0,0,0,0,0,0,0,0,19,0,0,0,0,0,0
REC-04999,0,1,0,0,0,0,0,0,0,1,1,0,30,0,0,0,0,0,1
REC-05000,0,1,0,0,0,0,0,0,0,1,1,0,3,0,0,0,0,0,1
