record_id,ground_truth_label,ground_truth_score,ground_truth_factors
REC-00001,high_risk,40,untrusted_vendor
REC-00002,normal,0,
REC-00003,investigate,20,vulnerable_component
REC-00004,investigate,20,unexpected_component
REC-00005,high_risk,40,unauthorized_rollback
REC-00006,high_risk,40,hash_integrity_failure
REC-00007,normal,0,
REC-00008,investigate,10,stale_evidence
REC-00009,high_risk,50,signature_failure;trusted_root_failure
REC-00010,investigate,15,missing_sbom
REC-00011,investigate,15,missing_sbom
REC-00012,investigate,20,vulnerable_component
REC-00013,high_risk,40,hash_integrity_failure
REC-00014,high_risk,50,signature_failure;trusted_root_failure
REC-00015,high_risk,40,untrusted_vendor
REC-00016,investigate,10,stale_evidence
REC-00017,investigate,20,unexpected_component
REC-00018,normal,0,
REC-00019,normal,0,
REC-00020,high_risk,40,unauthorized_rollback
REC-00021,normal,0,
REC-00022,investigate,20,vulnerable_component
REC-00023,high_risk,40,unauthorized_rollback
REC-00024,normal,0,
REC-00025,investigate,10,stale_evidence
REC-00026,high_risk,40,hash_integrity_failure
REC-00027,investigate,20,unexpected_component
REC-00028,high_risk,40,untrusted_vendor
REC-00029,high_risk,50,signature_failure;trusted_root_failure
REC-00030,investigate,15,missing_sbom
REC-00031,high_risk,50,signature_failure;trusted_root_failure
REC-00032,investigate,20,unexpected_component
REC-00033,high_risk,40,hash_integrity_failure
REC-00034,normal,0,
REC-00035,investigate,10,stale_evidence
REC-00036,investigate,15,missing_sbom
REC-00037,normal,0,
REC-00038,investigate,20,vulnerable_component
REC-00039,high_risk,40,unauthorized_rollback
REC-00040,high_risk,40,untrusted_vendor
REC-00041,normal,0,
REC-00042,high_risk,50,signature_failure;trusted_root_failure
REC-00043,investigate,10,stale_evidence
REC-00044,high_risk,40,untrusted_vendor
REC-00045,investigate,15,missing_sbom
REC-00046,normal,0,
REC-00047,high_risk,40,hash_integrity_failure
REC-00048,investigate,20,vulnerable_component
REC-00049,high_risk,40,unauthorized_rollback
REC-00050,investigate,20,unexpected_component
REC-00051,investigate,15,missing_sbom
REC-00052,high_risk,40,unauthorized_rollback
REC-00053,normal,0,
REC-00054,high_risk,40,untrusted_vendor
REC-00055,high_risk,40,hash_integrity_failure
REC-00056,investigate,10,stale_evidence
REC-00057,investigate,20,vulnerable_component
REC-00058,high_risk,50,signature_failure;trusted_root_failure
REC-00059,normal,0,
REC-00060,investigate,20,unexpected_component
REC-00061,high_risk,40,hash_integrity_failure
REC-00062,normal,0,
REC-00063,normal,0,
REC-00064,high_risk,40,unauthorized_rollback
REC-00065,high_risk,40,untrusted_vendor
REC-00066,high_risk,50,signature_failure;trusted_root_failure
REC-00067,investigate,10,stale_evidence
REC-00068,investigate,15,missing_sbom
REC-00069,investigate,20,unexpected_component
REC-00070,investigate,20,vulnerable_component
REC-00071,high_risk,40,unauthorized_rollback
REC-00072,high_risk,40,hash_integrity_failure
REC-00073,high_risk,50,signature_failure;trusted_root_failure
REC-00074,investigate,15,missing_sbom
REC-00075,high_risk,40,untrusted_vendor
REC-00076,normal,0,
REC-00077,investigate,10,stale_evidence
REC-00078,investigate,20,unexpected_component
REC-00079,normal,0,
REC-00080,investigate,20,vulnerable_component
REC-00081,investigate,10,stale_evidence
REC-00082,investigate,20,unexpected_component
REC-00083,high_risk,50,signature_failure;trusted_root_failure
REC-00084,investigate,15,missing_sbom
REC-00085,normal,0,
REC-00086,high_risk,40,untrusted_vendor
REC-00087,normal,0,
REC-00088,high_risk,40,hash_integrity_failure
REC-00089,investigate,20,vulnerable_component
REC-00090,high_risk,40,unauthorized_rollback
REC-00091,investigate,20,unexpected_component
REC-00092,investigate,10,stale_evidence
REC-00093,high_risk,40,unauthorized_rollback
REC-00094,investigate,15,missing_sbom
REC-00095,high_risk,40,untrusted_vendor
REC-00096,high_risk,50,signature_failure;trusted_root_failure
REC-00097,normal,0,
REC-00098,normal,0,
REC-00099,investigate,20,vulnerable_component
REC-00100,high_risk,40,hash_integrity_failure
REC-00101,high_risk,40,hash_integrity_failure
REC-00102,investigate,20,vulnerable_component
REC-00103,investigate,10,stale_evidence
REC-00104,high_risk,40,unauthorized_rollback
REC-00105,high_risk,50,signature_failure;trusted_root_failure
REC-00106,investigate,20,unexpected_component
REC-00107,high_risk,40,untrusted_vendor
REC-00108,investigate,15,missing_sbom
REC-00109,normal,0,
REC-00110,normal,0,
REC-00111,normal,0,
REC-00112,high_risk,40,unauthorized_rollback
REC-00113,high_risk,40,untrusted_vendor
REC-00114,investigate,20,unexpected_component
REC-00115,high_risk,40,hash_integrity_failure
REC-00116,investigate,20,vulnerable_component
REC-00117,investigate,10,stale_evidence
REC-00118,investigate,15,missing_sbom
REC-00119,normal,0,
REC-00120,high_risk,50,signature_failure;trusted_root_failure
REC-00121,investigate,10,stale_evidence
REC-00122,investigate,20,vulnerable_component
REC-00123,high_risk,50,signature_failure;trusted_root_failure
REC-00124,high_risk,40,untrusted_vendor
REC-00125,investigate,15,missing_sbom
REC-00126,investigate,20,unexpected_component
REC-00127,normal,0,
REC-00128,high_risk,40,unauthorized_rollback
REC-00129,normal,0,
REC-00130,high_risk,40,hash_integrity_failure
REC-00131,investigate,20,unexpected_component
REC-00132,normal,0,
REC-00133,high_risk,40,untrusted_vendor
REC-00134,normal,0,
REC-00135,investigate,15,missing_sbom
REC-00136,high_risk,40,hash_integrity_failure
REC-00137,investigate,10,stale_evidence
REC-00138,investigate,20,vulnerable_component
REC-00139,high_risk,50,signature_failure;trusted_root_failure
REC-00140,high_risk,40,unauthorized_rollback
REC-00141,high_risk,40,untrusted_vendor
REC-00142,normal,0,
REC-00143,high_risk,50,signature_failure;trusted_root_failure
REC-00144,investigate,10,stale_evidence
REC-00145,investigate,15,missing_sbom
REC-00146,normal,0,
REC-00147,high_risk,40,hash_integrity_failure
REC-00148,high_risk,40,unauthorized_rollback
REC-00149,investigate,20,vulnerable_component
REC-00150,investigate,20,unexpected_component
REC-00151,investigate,20,vulnerable_component
REC-00152,high_risk,40,hash_integrity_failure
REC-00153,investigate,15,missing_sbom
REC-00154,normal,0,
REC-00155,normal,0,
REC-00156,high_risk,40,untrusted_vendor
REC-00157,high_risk,50,signature_failure;trusted_root_failure
REC-00158,investigate,20,unexpected_component
REC-00159,investigate,10,stale_evidence
REC-00160,high_risk,40,unauthorized_rollback
REC-00161,investigate,20,unexpected_component
REC-00162,normal,0,
REC-00163,high_risk,40,unauthorized_rollback
REC-00164,high_risk,40,hash_integrity_failure
REC-00165,investigate,20,vulnerable_component
REC-00166,investigate,10,stale_evidence
REC-00167,normal,0,
REC-00168,investigate,15,missing_sbom
REC-00169,high_risk,40,untrusted_vendor
REC-00170,high_risk,50,signature_failure;trusted_root_failure
REC-00171,normal,0,
REC-00172,high_risk,40,unauthorized_rollback
REC-00173,investigate,20,vulnerable_component
REC-00174,investigate,20,unexpected_component
REC-00175,investigate,10,stale_evidence
REC-00176,high_risk,40,hash_integrity_failure
REC-00177,high_risk,40,untrusted_vendor
REC-00178,investigate,15,missing_sbom
REC-00179,high_risk,50,signature_failure;trusted_root_failure
REC-00180,normal,0,
REC-00181,high_risk,50,signature_failure;trusted_root_failure
REC-00182,investigate,10,stale_evidence
REC-00183,normal,0,
REC-00184,investigate,20,unexpected_component
REC-00185,investigate,20,vulnerable_component
REC-00186,high_risk,40,unauthorized_rollback
REC-00187,high_risk,40,hash_integrity_failure
REC-00188,investigate,15,missing_sbom
REC-00189,high_risk,40,untrusted_vendor
REC-00190,normal,0,
REC-00191,high_risk,40,unauthorized_rollback
REC-00192,normal,0,
REC-00193,high_risk,50,signature_failure;trusted_root_failure
REC-00194,investigate,20,unexpected_component
REC-00195,investigate,15,missing_sbom
REC-00196,high_risk,40,untrusted_vendor
REC-00197,investigate,20,vulnerable_component
REC-00198,normal,0,
REC-00199,high_risk,40,hash_integrity_failure
REC-00200,investigate,10,stale_evidence
REC-00201,high_risk,40,untrusted_vendor
REC-00202,investigate,20,vulnerable_component
REC-00203,investigate,10,stale_evidence
REC-00204,investigate,20,unexpected_component
REC-00205,high_risk,40,unauthorized_rollback
REC-00206,investigate,15,missing_sbom
REC-00207,normal,0,
REC-00208,high_risk,50,signature_failure;trusted_root_failure
REC-00209,high_risk,40,hash_integrity_failure
REC-00210,normal,0,
REC-00211,high_risk,40,unauthorized_rollback
REC-00212,investigate,20,unexpected_component
REC-00213,high_risk,40,untrusted_vendor
REC-00214,investigate,15,missing_sbom
REC-00215,normal,0,
REC-00216,investigate,20,vulnerable_component
REC-00217,normal,0,
REC-00218,investigate,10,stale_evidence
REC-00219,high_risk,40,hash_integrity_failure
REC-00220,high_risk,50,signature_failure;trusted_root_failure
REC-00221,investigate,15,missing_sbom
REC-00222,high_risk,40,untrusted_vendor
REC-00223,normal,0,
REC-00224,high_risk,40,hash_integrity_failure
REC-00225,investigate,20,vulnerable_component
REC-00226,high_risk,50,signature_failure;trusted_root_failure
REC-00227,investigate,20,unexpected_component
REC-00228,investigate,10,stale_evidence
REC-00229,high_risk,40,unauthorized_rollback
REC-00230,normal,0,
REC-00231,high_risk,50,signature_failure;trusted_root_failure
REC-00232,high_risk,40,untrusted_vendor
REC-00233,investigate,15,missing_sbom
REC-00234,normal,0,
REC-00235,investigate,20,unexpected_component
REC-00236,investigate,10,stale_evidence
REC-00237,normal,0,
REC-00238,high_risk,40,hash_integrity_failure
REC-00239,investigate,20,vulnerable_component
REC-00240,high_risk,40,unauthorized_rollback
REC-00241,high_risk,40,unauthorized_rollback
REC-00242,high_risk,40,untrusted_vendor
REC-00243,high_risk,40,hash_integrity_failure
REC-00244,normal,0,
REC-00245,normal,0,
REC-00246,investigate,20,vulnerable_component
REC-00247,investigate,10,stale_evidence
REC-00248,high_risk,50,signature_failure;trusted_root_failure
REC-00249,investigate,20,unexpected_component
REC-00250,investigate,15,missing_sbom
REC-00251,investigate,10,stale_evidence
REC-00252,investigate,20,vulnerable_component
REC-00253,high_risk,50,signature_failure;trusted_root_failure
REC-00254,investigate,15,missing_sbom
REC-00255,high_risk,40,hash_integrity_failure
REC-00256,normal,0,
REC-00257,high_risk,40,untrusted_vendor
REC-00258,normal,0,
REC-00259,high_risk,40,unauthorized_rollback
REC-00260,investigate,20,unexpected_component
REC-00261,investigate,20,unexpected_component
REC-00262,investigate,15,missing_sbom
REC-00263,investigate,20,vulnerable_component
REC-00264,investigate,10,stale_evidence
REC-00265,normal,0,
REC-00266,high_risk,40,unauthorized_rollback
REC-00267,high_risk,50,signature_failure;trusted_root_failure
REC-00268,normal,0,
REC-00269,high_risk,40,untrusted_vendor
REC-00270,high_risk,40,hash_integrity_failure
REC-00271,high_risk,40,hash_integrity_failure
REC-00272,investigate,20,unexpected_component
REC-00273,normal,0,
REC-00274,normal,0,
REC-00275,investigate,10,stale_evidence
REC-00276,investigate,15,missing_sbom
REC-00277,high_risk,50,signature_failure;trusted_root_failure
REC-00278,investigate,20,vulnerable_component
REC-00279,high_risk,40,untrusted_vendor
REC-00280,high_risk,40,unauthorized_rollback
REC-00281,investigate,20,vulnerable_component
REC-00282,investigate,15,missing_sbom
REC-00283,normal,0,
REC-00284,high_risk,40,unauthorized_rollback
REC-00285,high_risk,40,hash_integrity_failure
REC-00286,investigate,20,unexpected_component
REC-00287,high_risk,50,signature_failure;trusted_root_failure
REC-00288,investigate,10,stale_evidence
REC-00289,normal,0,
REC-00290,high_risk,40,untrusted_vendor
REC-00291,normal,0,
REC-00292,investigate,15,missing_sbom
REC-00293,high_risk,50,signature_failure;trusted_root_failure
REC-00294,investigate,20,unexpected_component
REC-00295,investigate,10,stale_evidence
REC-00296,high_risk,40,untrusted_vendor
REC-00297,high_risk,40,unauthorized_rollback
REC-00298,normal,0,
REC-00299,investigate,20,vulnerable_component
REC-00300,high_risk,40,hash_integrity_failure
REC-00301,normal,0,
REC-00302,investigate,10,stale_evidence
REC-00303,investigate,15,missing_sbom
REC-00304,high_risk,40,unauthorized_rollback
REC-00305,high_risk,40,hash_integrity_failure
REC-00306,high_risk,40,untrusted_vendor
REC-00307,investigate,20,unexpected_component
REC-00308,investigate,20,vulnerable_component
REC-00309,normal,0,
REC-00310,high_risk,50,signature_failure;trusted_root_failure
REC-00311,investigate,10,stale_evidence
REC-00312,investigate,20,vulnerable_component
REC-00313,normal,0,
REC-00314,high_risk,40,hash_integrity_failure
REC-00315,normal,0,
REC-00316,investigate,15,missing_sbom
REC-00317,high_risk,40,unauthorized_rollback
REC-00318,high_risk,50,signature_failure;trusted_root_failure
REC-00319,high_risk,40,untrusted_vendor
REC-00320,investigate,20,unexpected_component
REC-00321,investigate,20,unexpected_component
REC-00322,high_risk,50,signature_failure;trusted_root_failure
REC-00323,investigate,20,vulnerable_component
REC-00324,normal,0,
REC-00325,high_risk,40,unauthorized_rollback
REC-00326,high_risk,40,untrusted_vendor
REC-00327,normal,0,
REC-00328,investigate,15,missing_sbom
REC-00329,investigate,10,stale_evidence
REC-00330,high_risk,40,hash_integrity_failure
REC-00331,investigate,10,stale_evidence
REC-00332,high_risk,40,unauthorized_rollback
REC-00333,normal,0,
REC-00334,high_risk,50,signature_failure;trusted_root_failure
REC-00335,high_risk,40,untrusted_vendor
REC-00336,investigate,20,vulnerable_component
REC-00337,high_risk,40,hash_integrity_failure
REC-00338,investigate,20,unexpected_component
REC-00339,investigate,15,missing_sbom
REC-00340,normal,0,
REC-00341,high_risk,40,hash_integrity_failure
REC-00342,investigate,15,missing_sbom
REC-00343,high_risk,40,unauthorized_rollback
REC-00344,normal,0,
REC-00345,high_risk,50,signature_failure;trusted_root_failure
REC-00346,investigate,10,stale_evidence
REC-00347,investigate,20,vulnerable_component
REC-00348,normal,0,
REC-00349,high_risk,40,untrusted_vendor
REC-00350,investigate,20,unexpected_component
REC-00351,normal,0,
REC-00352,high_risk,40,hash_integrity_failure
REC-00353,investigate,20,unexpected_component
REC-00354,investigate,15,missing_sbom
REC-00355,normal,0,
REC-00356,investigate,20,vulnerable_component
REC-00357,high_risk,40,untrusted_vendor
REC-00358,investigate,10,stale_evidence
REC-00359,high_risk,50,signature_failure;trusted_root_failure
REC-00360,high_risk,40,unauthorized_rollback
REC-00361,high_risk,40,hash_integrity_failure
REC-00362,normal,0,
REC-00363,investigate,20,vulnerable_component
REC-00364,normal,0,
REC-00365,high_risk,50,signature_failure;trusted_root_failure
REC-00366,investigate,15,missing_sbom
REC-00367,investigate,10,stale_evidence
REC-00368,high_risk,40,unauthorized_rollback
REC-00369,high_risk,40,untrusted_vendor
REC-00370,investigate,20,unexpected_component
REC-00371,investigate,20,unexpected_component
REC-00372,high_risk,40,untrusted_vendor
REC-00373,high_risk,40,unauthorized_rollback
REC-00374,normal,0,
REC-00375,normal,0,
REC-00376,high_risk,50,signature_failure;trusted_root_failure
REC-00377,high_risk,40,hash_integrity_failure
REC-00378,investigate,20,vulnerable_component
REC-00379,investigate,10,stale_evidence
REC-00380,investigate,15,missing_sbom
REC-00381,normal,0,
REC-00382,investigate,15,missing_sbom
REC-00383,high_risk,40,hash_integrity_failure
REC-00384,investigate,20,unexpected_component
REC-00385,high_risk,40,untrusted_vendor
REC-00386,high_risk,40,unauthorized_rollback
REC-00387,investigate,20,vulnerable_component
REC-00388,investigate,10,stale_evidence
REC-00389,high_risk,50,signature_failure;trusted_root_failure
REC-00390,normal,0,
REC-00391,high_risk,40,unauthorized_rollback
REC-00392,high_risk,50,signature_failure;trusted_root_failure
REC-00393,investigate,20,unexpected_component
REC-00394,investigate,20,vulnerable_component
REC-00395,normal,0,
REC-00396,high_risk,40,untrusted_vendor
REC-00397,investigate,15,missing_sbom
REC-00398,investigate,10,stale_evidence
REC-00399,high_risk,40,hash_integrity_failure
REC-00400,normal,0,
REC-00401,normal,0,
REC-00402,high_risk,40,hash_integrity_failure
REC-00403,investigate,20,vulnerable_component
REC-00404,normal,0,
REC-00405,investigate,10,stale_evidence
REC-00406,high_risk,40,untrusted_vendor
REC-00407,high_risk,40,unauthorized_rollback
REC-00408,investigate,20,unexpected_component
REC-00409,high_risk,50,signature_failure;trusted_root_failure
REC-00410,investigate,15,missing_sbom
REC-00411,high_risk,40,untrusted_vendor
REC-00412,high_risk,40,unauthorized_rollback
REC-00413,investigate,15,missing_sbom
REC-00414,investigate,10,stale_evidence
REC-00415,normal,0,
REC-00416,normal,0,
REC-00417,high_risk,50,signature_failure;trusted_root_failure
REC-00418,high_risk,40,hash_integrity_failure
REC-00419,investigate,20,unexpected_component
REC-00420,investigate,20,vulnerable_component
REC-00421,investigate,10,stale_evidence
REC-00422,normal,0,
REC-00423,high_risk,40,untrusted_vendor
REC-00424,investigate,15,missing_sbom
REC-00425,investigate,20,unexpected_component
REC-00426,high_risk,40,unauthorized_rollback
REC-00427,high_risk,50,signature_failure;trusted_root_failure
REC-00428,normal,0,
REC-00429,high_risk,40,hash_integrity_failure
REC-00430,investigate,20,vulnerable_component
REC-00431,high_risk,40,untrusted_vendor
REC-00432,high_risk,40,hash_integrity_failure
REC-00433,investigate,15,missing_sbom
REC-00434,high_risk,50,signature_failure;trusted_root_failure
REC-00435,normal,0,
REC-00436,investigate,20,vulnerable_component
REC-00437,normal,0,
REC-00438,investigate,20,unexpected_component
REC-00439,investigate,10,stale_evidence
REC-00440,high_risk,40,unauthorized_rollback
REC-00441,investigate,15,missing_sbom
REC-00442,investigate,20,vulnerable_component
REC-00443,high_risk,40,untrusted_vendor
REC-00444,investigate,10,stale_evidence
REC-00445,high_risk,40,unauthorized_rollback
REC-00446,investigate,20,unexpected_component
REC-00447,high_risk,40,hash_integrity_failure
REC-00448,normal,0,
REC-00449,high_risk,50,signature_failure;trusted_root_failure
REC-00450,normal,0,
REC-00451,high_risk,40,hash_integrity_failure
REC-00452,high_risk,40,untrusted_vendor
REC-00453,high_risk,40,unauthorized_rollback
REC-00454,investigate,20,unexpected_component
REC-00455,normal,0,
REC-00456,investigate,20,vulnerable_component
REC-00457,normal,0,
REC-00458,investigate,10,stale_evidence
REC-00459,investigate,15,missing_sbom
REC-00460,high_risk,50,signature_failure;trusted_root_failure
REC-00461,high_risk,50,signature_failure;trusted_root_failure
REC-00462,investigate,10,stale_evidence
REC-00463,investigate,20,unexpected_component
REC-00464,high_risk,40,untrusted_vendor
REC-00465,high_risk,40,hash_integrity_failure
REC-00466,investigate,15,missing_sbom
REC-00467,investigate,20,vulnerable_component
REC-00468,high_risk,40,unauthorized_rollback
REC-00469,normal,0,
REC-00470,normal,0,
REC-00471,high_risk,40,hash_integrity_failure
REC-00472,investigate,10,stale_evidence
REC-00473,high_risk,40,untrusted_vendor
REC-00474,investigate,15,missing_sbom
REC-00475,normal,0,
REC-00476,investigate,20,unexpected_component
REC-00477,normal,0,
REC-00478,high_risk,50,signature_failure;trusted_root_failure
REC-00479,high_risk,40,unauthorized_rollback
REC-00480,investigate,20,vulnerable_component
REC-00481,normal,0,
REC-00482,high_risk,40,untrusted_vendor
REC-00483,investigate,20,vulnerable_component
REC-00484,high_risk,40,hash_integrity_failure
REC-00485,investigate,10,stale_evidence
REC-00486,investigate,15,missing_sbom
REC-00487,high_risk,50,signature_failure;trusted_root_failure
REC-00488,normal,0,
REC-00489,investigate,20,unexpected_component
REC-00490,high_risk,40,unauthorized_rollback
REC-00491,investigate,20,vulnerable_component
REC-00492,normal,0,
REC-00493,normal,0,
REC-00494,investigate,20,unexpected_component
REC-00495,investigate,15,missing_sbom
REC-00496,high_risk,40,unauthorized_rollback
REC-00497,investigate,10,stale_evidence
REC-00498,high_risk,40,hash_integrity_failure
REC-00499,high_risk,40,untrusted_vendor
REC-00500,high_risk,50,signature_failure;trusted_root_failure
REC-00501,normal,0,
REC-00502,high_risk,50,signature_failure;trusted_root_failure
REC-00503,high_risk,40,unauthorized_rollback
REC-00504,investigate,20,vulnerable_component
REC-00505,investigate,10,stale_evidence
REC-00506,investigate,15,missing_sbom
REC-00507,normal,0,
REC-00508,high_risk,40,hash_integrity_failure
REC-00509,high_risk,40,untrusted_vendor
REC-00510,investigate,20,unexpected_component
REC-00511,investigate,10,stale_evidence
REC-00512,investigate,20,vulnerable_component
REC-00513,normal,0,
REC-00514,high_risk,50,signature_failure;trusted_root_failure
REC-00515,investigate,20,unexpected_component
REC-00516,normal,0,
REC-00517,high_risk,40,unauthorized_rollback
REC-00518,high_risk,40,untrusted_vendor
REC-00519,high_risk,40,hash_integrity_failure
REC-00520,investigate,15,missing_sbom
REC-00521,normal,0,
REC-00522,investigate,20,vulnerable_component
REC-00523,investigate,15,missing_sbom
REC-00524,high_risk,40,untrusted_vendor
REC-00525,normal,0,
REC-00526,high_risk,50,signature_failure;trusted_root_failure
REC-00527,investigate,20,unexpected_component
REC-00528,high_risk,40,unauthorized_rollback
REC-00529,high_risk,40,hash_integrity_failure
REC-00530,investigate,10,stale_evidence
REC-00531,high_risk,40,untrusted_vendor
REC-00532,high_risk,40,hash_integrity_failure
REC-00533,investigate,15,missing_sbom
REC-00534,normal,0,
REC-00535,normal,0,
REC-00536,investigate,20,vulnerable_component
REC-00537,investigate,20,unexpected_component
REC-00538,high_risk,40,unauthorized_rollback
REC-00539,high_risk,50,signature_failure;trusted_root_failure
REC-00540,investigate,10,stale_evidence
REC-00541,normal,0,
REC-00542,normal,0,
REC-00543,investigate,10,stale_evidence
REC-00544,investigate,15,missing_sbom
REC-00545,investigate,20,unexpected_component
REC-00546,high_risk,40,unauthorized_rollback
REC-00547,high_risk,40,hash_integrity_failure
REC-00548,investigate,20,vulnerable_component
REC-00549,high_risk,50,signature_failure;trusted_root_failure
REC-00550,high_risk,40,untrusted_vendor
REC-00551,normal,0,
REC-00552,high_risk,40,unauthorized_rollback
REC-00553,investigate,20,vulnerable_component
REC-00554,high_risk,50,signature_failure;trusted_root_failure
REC-00555,normal,0,
REC-00556,high_risk,40,hash_integrity_failure
REC-00557,investigate,15,missing_sbom
REC-00558,investigate,20,unexpected_component
REC-00559,investigate,10,stale_evidence
REC-00560,high_risk,40,untrusted_vendor
REC-00561,high_risk,40,untrusted_vendor
REC-00562,normal,0,
REC-00563,investigate,10,stale_evidence
REC-00564,normal,0,
REC-00565,investigate,20,unexpected_component
REC-00566,investigate,20,vulnerable_component
REC-00567,high_risk,40,unauthorized_rollback
REC-00568,investigate,15,missing_sbom
REC-00569,high_risk,40,hash_integrity_failure
REC-00570,high_risk,50,signature_failure;trusted_root_failure
REC-00571,high_risk,40,untrusted_vendor
REC-00572,investigate,20,vulnerable_component
REC-00573,normal,0,
REC-00574,investigate,10,stale_evidence
REC-00575,high_risk,40,unauthorized_rollback
REC-00576,high_risk,50,signature_failure;trusted_root_failure
REC-00577,normal,0,
REC-00578,investigate,20,unexpected_component
REC-00579,investigate,15,missing_sbom
REC-00580,high_risk,40,hash_integrity_failure
REC-00581,high_risk,40,untrusted_vendor
REC-00582,high_risk,50,signature_failure;trusted_root_failure
REC-00583,high_risk,40,unauthorized_rollback
REC-00584,high_risk,40,hash_integrity_failure
REC-00585,investigate,10,stale_evidence
REC-00586,investigate,20,unexpected_component
REC-00587,investigate,20,vulnerable_component
REC-00588,normal,0,
REC-00589,normal,0,
REC-00590,investigate,15,missing_sbom
REC-00591,investigate,20,unexpected_component
REC-00592,normal,0,
REC-00593,high_risk,40,untrusted_vendor
REC-00594,investigate,10,stale_evidence
REC-00595,investigate,15,missing_sbom
REC-00596,high_risk,50,signature_failure;trusted_root_failure
REC-00597,investigate,20,vulnerable_component
REC-00598,normal,0,
REC-00599,high_risk,40,hash_integrity_failure
REC-00600,high_risk,40,unauthorized_rollback
REC-00601,investigate,20,unexpected_component
REC-00602,normal,0,
REC-00603,investigate,10,stale_evidence
REC-00604,investigate,20,vulnerable_component
REC-00605,high_risk,40,untrusted_vendor
REC-00606,normal,0,
REC-00607,high_risk,40,hash_integrity_failure
REC-00608,high_risk,50,signature_failure;trusted_root_failure
REC-00609,investigate,15,missing_sbom
REC-00610,high_risk,40,unauthorized_rollback
REC-00611,normal,0,
REC-00612,high_risk,40,unauthorized_rollback
REC-00613,high_risk,40,hash_integrity_failure
REC-00614,investigate,20,unexpected_component
REC-00615,investigate,15,missing_sbom
REC-00616,high_risk,40,untrusted_vendor
REC-00617,normal,0,
REC-00618,high_risk,50,signature_failure;trusted_root_failure
REC-00619,investigate,10,stale_evidence
REC-00620,investigate,20,vulnerable_component
REC-00621,investigate,20,vulnerable_component
REC-00622,normal,0,
REC-00623,investigate,10,stale_evidence
REC-00624,high_risk,40,untrusted_vendor
REC-00625,high_risk,40,unauthorized_rollback
REC-00626,high_risk,40,hash_integrity_failure
REC-00627,investigate,20,unexpected_component
REC-00628,high_risk,50,signature_failure;trusted_root_failure
REC-00629,investigate,15,missing_sbom
REC-00630,normal,0,
REC-00631,high_risk,40,untrusted_vendor
REC-00632,investigate,10,stale_evidence
REC-00633,investigate,15,missing_sbom
REC-00634,investigate,20,vulnerable_component
REC-00635,normal,0,
REC-00636,high_risk,40,unauthorized_rollback
REC-00637,normal,0,
REC-00638,high_risk,40,hash_integrity_failure
REC-00639,high_risk,50,signature_failure;trusted_root_failure
REC-00640,investigate,20,unexpected_component
REC-00641,normal,0,
REC-00642,investigate,10,stale_evidence
REC-00643,investigate,20,vulnerable_component
REC-00644,investigate,15,missing_sbom
REC-00645,high_risk,50,signature_failure;trusted_root_failure
REC-00646,high_risk,40,untrusted_vendor
REC-00647,investigate,20,unexpected_component
REC-00648,normal,0,
REC-00649,high_risk,40,hash_integrity_failure
REC-00650,high_risk,40,unauthorized_rollback
REC-00651,high_risk,40,unauthorized_rollback
REC-00652,high_risk,40,untrusted_vendor
REC-00653,normal,0,
REC-00654,investigate,10,stale_evidence
REC-00655,investigate,20,vulnerable_component
REC-00656,high_risk,40,hash_integrity_failure
REC-00657,investigate,15,missing_sbom
REC-00658,high_risk,50,signature_failure;trusted_root_failure
REC-00659,investigate,20,unexpected_component
REC-00660,normal,0,
REC-00661,high_risk,40,untrusted_vendor
REC-00662,investigate,15,missing_sbom
REC-00663,high_risk,40,unauthorized_rollback
REC-00664,normal,0,
REC-00665,investigate,10,stale_evidence
REC-00666,high_risk,50,signature_failure;trusted_root_failure
REC-00667,investigate,20,unexpected_component
REC-00668,high_risk,40,hash_integrity_failure
REC-00669,investigate,20,vulnerable_component
REC-00670,normal,0,
REC-00671,high_risk,40,hash_integrity_failure
REC-00672,high_risk,40,unauthorized_rollback
REC-00673,investigate,20,vulnerable_component
REC-00674,investigate,20,unexpected_component
REC-00675,normal,0,
REC-00676,high_risk,40,untrusted_vendor
REC-00677,investigate,15,missing_sbom
REC-00678,investigate,10,stale_evidence
REC-00679,normal,0,
REC-00680,high_risk,50,signature_failure;trusted_root_failure
REC-00681,investigate,20,vulnerable_component
REC-00682,investigate,20,unexpected_component
REC-00683,high_risk,50,signature_failure;trusted_root_failure
REC-00684,high_risk,40,hash_integrity_failure
REC-00685,high_risk,40,untrusted_vendor
REC-00686,high_risk,40,unauthorized_rollback
REC-00687,investigate,15,missing_sbom
REC-00688,investigate,10,stale_evidence
REC-00689,normal,0,
REC-00690,normal,0,
REC-00691,normal,0,
REC-00692,high_risk,40,hash_integrity_failure
REC-00693,high_risk,50,signature_failure;trusted_root_failure
REC-00694,high_risk,40,untrusted_vendor
REC-00695,investigate,15,missing_sbom
REC-00696,investigate,20,unexpected_component
REC-00697,normal,0,
REC-00698,investigate,10,stale_evidence
REC-00699,investigate,20,vulnerable_component
REC-00700,high_risk,40,unauthorized_rollback
REC-00701,normal,0,
REC-00702,investigate,10,stale_evidence
REC-00703,high_risk,40,hash_integrity_failure
REC-00704,high_risk,40,untrusted_vendor
REC-00705,investigate,20,vulnerable_component
REC-00706,high_risk,40,unauthorized_rollback
REC-00707,normal,0,
REC-00708,high_risk,50,signature_failure;trusted_root_failure
REC-00709,investigate,20,unexpected_component
REC-00710,investigate,15,missing_sbom
REC-00711,high_risk,40,untrusted_vendor
REC-00712,high_risk,50,signature_failure;trusted_root_failure
REC-00713,investigate,20,unexpected_component
REC-00714,high_risk,40,unauthorized_rollback
REC-00715,normal,0,
REC-00716,high_risk,40,hash_integrity_failure
REC-00717,investigate,10,stale_evidence
REC-00718,investigate,20,vulnerable_component
REC-00719,normal,0,
REC-00720,investigate,15,missing_sbom
REC-00721,high_risk,40,untrusted_vendor
REC-00722,investigate,20,unexpected_component
REC-00723,high_risk,50,signature_failure;trusted_root_failure
REC-00724,investigate,15,missing_sbom
REC-00725,high_risk,40,unauthorized_rollback
REC-00726,investigate,20,vulnerable_component
REC-00727,investigate,10,stale_evidence
REC-00728,normal,0,
REC-00729,normal,0,
REC-00730,high_risk,40,hash_integrity_failure
REC-00731,investigate,20,vulnerable_component
REC-00732,normal,0,
REC-00733,high_risk,40,untrusted_vendor
REC-00734,high_risk,40,hash_integrity_failure
REC-00735,high_risk,40,unauthorized_rollback
REC-00736,investigate,20,unexpected_component
REC-00737,high_risk,50,signature_failure;trusted_root_failure
REC-00738,investigate,15,missing_sbom
REC-00739,normal,0,
REC-00740,investigate,10,stale_evidence
REC-00741,investigate,20,vulnerable_component
REC-00742,investigate,20,unexpected_component
REC-00743,high_risk,50,signature_failure;trusted_root_failure
REC-00744,investigate,10,stale_evidence
REC-00745,high_risk,40,untrusted_vendor
REC-00746,high_risk,40,hash_integrity_failure
REC-00747,investigate,15,missing_sbom
REC-00748,normal,0,
REC-00749,normal,0,
REC-00750,high_risk,40,unauthorized_rollback
REC-00751,investigate,15,missing_sbom
REC-00752,normal,0,
REC-00753,high_risk,40,hash_integrity_failure
REC-00754,high_risk,40,unauthorized_rollback
REC-00755,high_risk,50,signature_failure;trusted_root_failure
REC-00756,investigate,10,stale_evidence
REC-00757,investigate,20,vulnerable_component
REC-00758,normal,0,
REC-00759,investigate,20,unexpected_component
REC-00760,high_risk,40,untrusted_vendor
REC-00761,investigate,10,stale_evidence
REC-00762,high_risk,40,untrusted_vendor
REC-00763,normal,0,
REC-00764,investigate,15,missing_sbom
REC-00765,investigate,20,unexpected_component
REC-00766,high_risk,40,unauthorized_rollback
REC-00767,high_risk,50,signature_failure;trusted_root_failure
REC-00768,investigate,20,vulnerable_component
REC-00769,normal,0,
REC-00770,high_risk,40,hash_integrity_failure
REC-00771,investigate,15,missing_sbom
REC-00772,high_risk,40,hash_integrity_failure
REC-00773,normal,0,
REC-00774,investigate,20,unexpected_component
REC-00775,normal,0,
REC-00776,high_risk,40,untrusted_vendor
REC-00777,high_risk,50,signature_failure;trusted_root_failure
REC-00778,investigate,10,stale_evidence
REC-00779,investigate,20,vulnerable_component
REC-00780,high_risk,40,unauthorized_rollback
REC-00781,investigate,15,missing_sbom
REC-00782,normal,0,
REC-00783,high_risk,50,signature_failure;trusted_root_failure
REC-00784,investigate,10,stale_evidence
REC-00785,high_risk,40,unauthorized_rollback
REC-00786,normal,0,
REC-00787,investigate,20,vulnerable_component
REC-00788,high_risk,40,hash_integrity_failure
REC-00789,high_risk,40,untrusted_vendor
REC-00790,investigate,20,unexpected_component
REC-00791,investigate,15,missing_sbom
REC-00792,normal,0,
REC-00793,high_risk,50,signature_failure;trusted_root_failure
REC-00794,normal,0,
REC-00795,high_risk,40,hash_integrity_failure
REC-00796,high_risk,40,unauthorized_rollback
REC-00797,investigate,20,unexpected_component
REC-00798,investigate,20,vulnerable_component
REC-00799,investigate,10,stale_evidence
REC-00800,high_risk,40,untrusted_vendor
REC-00801,high_risk,50,signature_failure;trusted_root_failure
REC-00802,high_risk,40,hash_integrity_failure
REC-00803,high_risk,40,unauthorized_rollback
REC-00804,high_risk,40,untrusted_vendor
REC-00805,investigate,15,missing_sbom
REC-00806,normal,0,
REC-00807,investigate,10,stale_evidence
REC-00808,investigate,20,vulnerable_component
REC-00809,normal,0,
REC-00810,investigate,20,unexpected_component
REC-00811,high_risk,40,unauthorized_rollback
REC-00812,high_risk,40,hash_integrity_failure
REC-00813,high_risk,40,untrusted_vendor
REC-00814,investigate,20,vulnerable_component
REC-00815,normal,0,
REC-00816,investigate,15,missing_sbom
REC-00817,investigate,10,stale_evidence
REC-00818,normal,0,
REC-00819,investigate,20,unexpected_component
REC-00820,high_risk,50,signature_failure;trusted_root_failure
REC-00821,high_risk,40,untrusted_vendor
REC-00822,high_risk,40,unauthorized_rollback
REC-00823,normal,0,
REC-00824,high_risk,50,signature_failure;trusted_root_failure
REC-00825,investigate,20,vulnerable_component
REC-00826,investigate,10,stale_evidence
REC-00827,investigate,20,unexpected_component
REC-00828,high_risk,40,hash_integrity_failure
REC-00829,normal,0,
REC-00830,investigate,15,missing_sbom
REC-00831,high_risk,40,hash_integrity_failure
REC-00832,high_risk,40,untrusted_vendor
REC-00833,investigate,15,missing_sbom
REC-00834,investigate,20,unexpected_component
REC-00835,high_risk,40,unauthorized_rollback
REC-00836,high_risk,50,signature_failure;trusted_root_failure
REC-00837,normal,0,
REC-00838,investigate,20,vulnerable_component
REC-00839,normal,0,
REC-00840,investigate,10,stale_evidence
REC-00841,investigate,15,missing_sbom
REC-00842,normal,0,
REC-00843,investigate,10,stale_evidence
REC-00844,high_risk,40,unauthorized_rollback
REC-00845,high_risk,40,hash_integrity_failure
REC-00846,investigate,20,vulnerable_component
REC-00847,investigate,20,unexpected_component
REC-00848,high_risk,40,untrusted_vendor
REC-00849,high_risk,50,signature_failure;trusted_root_failure
REC-00850,normal,0,
REC-00851,investigate,20,unexpected_component
REC-00852,investigate,20,vulnerable_component
REC-00853,normal,0,
REC-00854,normal,0,
REC-00855,high_risk,50,signature_failure;trusted_root_failure
REC-00856,high_risk,40,untrusted_vendor
REC-00857,high_risk,40,unauthorized_rollback
REC-00858,high_risk,40,hash_integrity_failure
REC-00859,investigate,15,missing_sbom
REC-00860,investigate,10,stale_evidence
REC-00861,investigate,10,stale_evidence
REC-00862,investigate,20,unexpected_component
REC-00863,investigate,20,vulnerable_component
REC-00864,high_risk,40,unauthorized_rollback
REC-00865,normal,0,
REC-00866,high_risk,40,untrusted_vendor
REC-00867,investigate,15,missing_sbom
REC-00868,normal,0,
REC-00869,high_risk,50,signature_failure;trusted_root_failure
REC-00870,high_risk,40,hash_integrity_failure
REC-00871,high_risk,40,unauthorized_rollback
REC-00872,high_risk,50,signature_failure;trusted_root_failure
REC-00873,investigate,20,vulnerable_component
REC-00874,high_risk,40,hash_integrity_failure
REC-00875,high_risk,40,untrusted_vendor
REC-00876,investigate,10,stale_evidence
REC-00877,normal,0,
REC-00878,investigate,20,unexpected_component
REC-00879,investigate,15,missing_sbom
REC-00880,normal,0,
REC-00881,normal,0,
REC-00882,normal,0,
REC-00883,high_risk,40,untrusted_vendor
REC-00884,high_risk,40,hash_integrity_failure
REC-00885,investigate,20,vulnerable_component
REC-00886,investigate,10,stale_evidence
REC-00887,high_risk,50,signature_failure;trusted_root_failure
REC-00888,investigate,20,unexpected_component
REC-00889,high_risk,40,unauthorized_rollback
REC-00890,investigate,15,missing_sbom
REC-00891,investigate,20,vulnerable_component
REC-00892,investigate,10,stale_evidence
REC-00893,high_risk,40,hash_integrity_failure
REC-00894,high_risk,40,unauthorized_rollback
REC-00895,investigate,15,missing_sbom
REC-00896,normal,0,
REC-00897,high_risk,50,signature_failure;trusted_root_failure
REC-00898,investigate,20,unexpected_component
REC-00899,high_risk,40,untrusted_vendor
REC-00900,normal,0,
REC-00901,high_risk,50,signature_failure;trusted_root_failure
REC-00902,high_risk,40,unauthorized_rollback
REC-00903,investigate,20,unexpected_component
REC-00904,high_risk,40,hash_integrity_failure
REC-00905,high_risk,40,untrusted_vendor
REC-00906,investigate,20,vulnerable_component
REC-00907,normal,0,
REC-00908,investigate,10,stale_evidence
REC-00909,normal,0,
REC-00910,investigate,15,missing_sbom
REC-00911,investigate,15,missing_sbom
REC-00912,normal,0,
REC-00913,high_risk,40,untrusted_vendor
REC-00914,high_risk,40,unauthorized_rollback
REC-00915,high_risk,40,hash_integrity_failure
REC-00916,investigate,20,vulnerable_component
REC-00917,investigate,10,stale_evidence
REC-00918,investigate,20,unexpected_component
REC-00919,normal,0,
REC-00920,high_risk,50,signature_failure;trusted_root_failure
REC-00921,normal,0,
REC-00922,normal,0,
REC-00923,high_risk,40,hash_integrity_failure
REC-00924,high_risk,40,untrusted_vendor
REC-00925,investigate,10,stale_evidence
REC-00926,investigate,15,missing_sbom
REC-00927,high_risk,40,unauthorized_rollback
REC-00928,high_risk,50,signature_failure;trusted_root_failure
REC-00929,investigate,20,vulnerable_component
REC-00930,investigate,20,unexpected_component
REC-00931,high_risk,40,untrusted_vendor
REC-00932,investigate,15,missing_sbom
REC-00933,normal,0,
REC-00934,normal,0,
REC-00935,high_risk,50,signature_failure;trusted_root_failure
REC-00936,investigate,10,stale_evidence
REC-00937,investigate,20,unexpected_component
REC-00938,high_risk,40,hash_integrity_failure
REC-00939,high_risk,40,unauthorized_rollback
REC-00940,investigate,20,vulnerable_component
REC-00941,investigate,20,unexpected_component
REC-00942,normal,0,
REC-00943,investigate,15,missing_sbom
REC-00944,high_risk,50,signature_failure;trusted_root_failure
REC-00945,normal,0,
REC-00946,high_risk,40,hash_integrity_failure
REC-00947,high_risk,40,unauthorized_rollback
REC-00948,high_risk,40,untrusted_vendor
REC-00949,investigate,20,vulnerable_component
REC-00950,investigate,10,stale_evidence
REC-00951,investigate,20,unexpected_component
REC-00952,high_risk,50,signature_failure;trusted_root_failure
REC-00953,investigate,15,missing_sbom
REC-00954,investigate,10,stale_evidence
REC-00955,high_risk,40,unauthorized_rollback
REC-00956,normal,0,
REC-00957,high_risk,40,untrusted_vendor
REC-00958,normal,0,
REC-00959,investigate,20,vulnerable_component
REC-00960,high_risk,40,hash_integrity_failure
REC-00961,high_risk,50,signature_failure;trusted_root_failure
REC-00962,high_risk,40,untrusted_vendor
REC-00963,high_risk,40,hash_integrity_failure
REC-00964,investigate,15,missing_sbom
REC-00965,investigate,20,vulnerable_component
REC-00966,normal,0,
REC-00967,investigate,10,stale_evidence
REC-00968,high_risk,40,unauthorized_rollback
REC-00969,investigate,20,unexpected_component
REC-00970,normal,0,
REC-00971,high_risk,40,hash_integrity_failure
REC-00972,high_risk,40,untrusted_vendor
REC-00973,normal,0,
REC-00974,high_risk,40,unauthorized_rollback
REC-00975,normal,0,
REC-00976,investigate,20,vulnerable_component
REC-00977,investigate,20,unexpected_component
REC-00978,investigate,10,stale_evidence
REC-00979,investigate,15,missing_sbom
REC-00980,high_risk,50,signature_failure;trusted_root_failure
REC-00981,normal,0,
REC-00982,high_risk,40,untrusted_vendor
REC-00983,investigate,20,unexpected_component
REC-00984,high_risk,40,unauthorized_rollback
REC-00985,high_risk,40,hash_integrity_failure
REC-00986,high_risk,50,signature_failure;trusted_root_failure
REC-00987,investigate,20,vulnerable_component
REC-00988,normal,0,
REC-00989,investigate,15,missing_sbom
REC-00990,investigate,10,stale_evidence
REC-00991,investigate,20,unexpected_component
REC-00992,investigate,10,stale_evidence
REC-00993,normal,0,
REC-00994,investigate,15,missing_sbom
REC-00995,high_risk,40,unauthorized_rollback
REC-00996,high_risk,50,signature_failure;trusted_root_failure
REC-00997,high_risk,40,untrusted_vendor
REC-00998,high_risk,40,hash_integrity_failure
REC-00999,normal,0,
REC-01000,investigate,20,vulnerable_component
REC-01001,high_risk,40,untrusted_vendor
REC-01002,investigate,20,vulnerable_component
REC-01003,investigate,10,stale_evidence
REC-01004,high_risk,40,hash_integrity_failure
REC-01005,normal,0,
REC-01006,high_risk,40,unauthorized_rollback
REC-01007,high_risk,50,signature_failure;trusted_root_failure
REC-01008,investigate,20,unexpected_component
REC-01009,investigate,15,missing_sbom
REC-01010,normal,0,
REC-01011,normal,0,
REC-01012,high_risk,50,signature_failure;trusted_root_failure
REC-01013,high_risk,40,untrusted_vendor
REC-01014,investigate,20,vulnerable_component
REC-01015,investigate,20,unexpected_component
REC-01016,investigate,15,missing_sbom
REC-01017,investigate,10,stale_evidence
REC-01018,normal,0,
REC-01019,high_risk,40,hash_integrity_failure
REC-01020,high_risk,40,unauthorized_rollback
REC-01021,high_risk,40,hash_integrity_failure
REC-01022,high_risk,40,unauthorized_rollback
REC-01023,investigate,20,unexpected_component
REC-01024,normal,0,
REC-01025,investigate,15,missing_sbom
REC-01026,investigate,20,vulnerable_component
REC-01027,high_risk,40,untrusted_vendor
REC-01028,high_risk,50,signature_failure;trusted_root_failure
REC-01029,normal,0,
REC-01030,investigate,10,stale_evidence
REC-01031,normal,0,
REC-01032,investigate,15,missing_sbom
REC-01033,normal,0,
REC-01034,high_risk,40,unauthorized_rollback
REC-01035,high_risk,50,signature_failure;trusted_root_failure
REC-01036,investigate,10,stale_evidence
REC-01037,high_risk,40,untrusted_vendor
REC-01038,investigate,20,vulnerable_component
REC-01039,high_risk,40,hash_integrity_failure
REC-01040,investigate,20,unexpected_component
REC-01041,normal,0,
REC-01042,high_risk,40,untrusted_vendor
REC-01043,investigate,10,stale_evidence
REC-01044,investigate,15,missing_sbom
REC-01045,high_risk,50,signature_failure;trusted_root_failure
REC-01046,investigate,20,unexpected_component
REC-01047,high_risk,40,hash_integrity_failure
REC-01048,normal,0,
REC-01049,high_risk,40,unauthorized_rollback
REC-01050,investigate,20,vulnerable_component
REC-01051,investigate,10,stale_evidence
REC-01052,investigate,20,vulnerable_component
REC-01053,investigate,20,unexpected_component
REC-01054,normal,0,
REC-01055,high_risk,50,signature_failure;trusted_root_failure
REC-01056,high_risk,40,unauthorized_rollback
REC-01057,high_risk,40,hash_integrity_failure
REC-01058,high_risk,40,untrusted_vendor
REC-01059,investigate,15,missing_sbom
REC-01060,normal,0,
REC-01061,high_risk,50,signature_failure;trusted_root_failure
REC-01062,normal,0,
REC-01063,investigate,20,vulnerable_component
REC-01064,normal,0,
REC-01065,investigate,20,unexpected_component
REC-01066,high_risk,40,unauthorized_rollback
REC-01067,high_risk,40,untrusted_vendor
REC-01068,high_risk,40,hash_integrity_failure
REC-01069,investigate,10,stale_evidence
REC-01070,investigate,15,missing_sbom
REC-01071,high_risk,40,hash_integrity_failure
REC-01072,investigate,20,unexpected_component
REC-01073,normal,0,
REC-01074,investigate,15,missing_sbom
REC-01075,high_risk,50,signature_failure;trusted_root_failure
REC-01076,normal,0,
REC-01077,high_risk,40,unauthorized_rollback
REC-01078,high_risk,40,untrusted_vendor
REC-01079,investigate,20,vulnerable_component
REC-01080,investigate,10,stale_evidence
REC-01081,investigate,10,stale_evidence
REC-01082,high_risk,40,unauthorized_rollback
REC-01083,high_risk,40,hash_integrity_failure
REC-01084,investigate,20,unexpected_component
REC-01085,investigate,20,vulnerable_component
REC-01086,high_risk,50,signature_failure;trusted_root_failure
REC-01087,investigate,15,missing_sbom
REC-01088,normal,0,
REC-01089,normal,0,
REC-01090,high_risk,40,untrusted_vendor
REC-01091,normal,0,
REC-01092,investigate,20,vulnerable_component
REC-01093,high_risk,40,hash_integrity_failure
REC-01094,investigate,20,unexpected_component
REC-01095,high_risk,50,signature_failure;trusted_root_failure
REC-01096,investigate,15,missing_sbom
REC-01097,high_risk,40,unauthorized_rollback
REC-01098,normal,0,
REC-01099,investigate,10,stale_evidence
REC-01100,high_risk,40,untrusted_vendor
REC-01101,high_risk,50,signature_failure;trusted_root_failure
REC-01102,high_risk,40,untrusted_vendor
REC-01103,investigate,20,vulnerable_component
REC-01104,investigate,15,missing_sbom
REC-01105,normal,0,
REC-01106,high_risk,40,hash_integrity_failure
REC-01107,normal,0,
REC-01108,investigate,20,unexpected_component
REC-01109,investigate,10,stale_evidence
REC-01110,high_risk,40,unauthorized_rollback
REC-01111,investigate,20,vulnerable_component
REC-01112,investigate,20,unexpected_component
REC-01113,normal,0,
REC-01114,normal,0,
REC-01115,investigate,10,stale_evidence
REC-01116,high_risk,40,untrusted_vendor
REC-01117,high_risk,40,unauthorized_rollback
REC-01118,high_risk,50,signature_failure;trusted_root_failure
REC-01119,investigate,15,missing_sbom
REC-01120,high_risk,40,hash_integrity_failure
REC-01121,investigate,10,stale_evidence
REC-01122,investigate,15,missing_sbom
REC-01123,high_risk,40,untrusted_vendor
REC-01124,investigate,20,unexpected_component
REC-01125,normal,0,
REC-01126,high_risk,50,signature_failure;trusted_root_failure
REC-01127,high_risk,40,unauthorized_rollback
REC-01128,high_risk,40,hash_integrity_failure
REC-01129,investigate,20,vulnerable_component
REC-01130,normal,0,
REC-01131,normal,0,
REC-01132,high_risk,40,untrusted_vendor
REC-01133,high_risk,40,unauthorized_rollback
REC-01134,normal,0,
REC-01135,investigate,20,vulnerable_component
REC-01136,high_risk,50,signature_failure;trusted_root_failure
REC-01137,high_risk,40,hash_integrity_failure
REC-01138,investigate,10,stale_evidence
REC-01139,investigate,20,unexpected_component
REC-01140,investigate,15,missing_sbom
REC-01141,investigate,10,stale_evidence
REC-01142,investigate,20,unexpected_component
REC-01143,investigate,20,vulnerable_component
REC-01144,normal,0,
REC-01145,normal,0,
REC-01146,investigate,15,missing_sbom
REC-01147,high_risk,40,unauthorized_rollback
REC-01148,high_risk,40,untrusted_vendor
REC-01149,high_risk,50,signature_failure;trusted_root_failure
REC-01150,high_risk,40,hash_integrity_failure
REC-01151,normal,0,
REC-01152,high_risk,40,hash_integrity_failure
REC-01153,investigate,15,missing_sbom
REC-01154,high_risk,50,signature_failure;trusted_root_failure
REC-01155,high_risk,40,untrusted_vendor
REC-01156,investigate,20,vulnerable_component
REC-01157,high_risk,40,unauthorized_rollback
REC-01158,normal,0,
REC-01159,investigate,20,unexpected_component
REC-01160,investigate,10,stale_evidence
REC-01161,high_risk,40,unauthorized_rollback
REC-01162,normal,0,
REC-01163,investigate,20,vulnerable_component
REC-01164,investigate,20,unexpected_component
REC-01165,investigate,10,stale_evidence
REC-01166,high_risk,50,signature_failure;trusted_root_failure
REC-01167,normal,0,
REC-01168,high_risk,40,untrusted_vendor
REC-01169,high_risk,40,hash_integrity_failure
REC-01170,investigate,15,missing_sbom
REC-01171,high_risk,40,unauthorized_rollback
REC-01172,high_risk,40,untrusted_vendor
REC-01173,investigate,10,stale_evidence
REC-01174,investigate,20,unexpected_component
REC-01175,normal,0,
REC-01176,investigate,20,vulnerable_component
REC-01177,normal,0,
REC-01178,high_risk,50,signature_failure;trusted_root_failure
REC-01179,investigate,15,missing_sbom
REC-01180,high_risk,40,hash_integrity_failure
REC-01181,investigate,20,unexpected_component
REC-01182,investigate,15,missing_sbom
REC-01183,investigate,10,stale_evidence
REC-01184,normal,0,
REC-01185,high_risk,50,signature_failure;trusted_root_failure
REC-01186,high_risk,40,unauthorized_rollback
REC-01187,investigate,20,vulnerable_component
REC-01188,normal,0,
REC-01189,high_risk,40,hash_integrity_failure
REC-01190,high_risk,40,untrusted_vendor
REC-01191,high_risk,40,untrusted_vendor
REC-01192,high_risk,40,unauthorized_rollback
REC-01193,high_risk,50,signature_failure;trusted_root_failure
REC-01194,investigate,15,missing_sbom
REC-01195,normal,0,
REC-01196,investigate,10,stale_evidence
REC-01197,investigate,20,unexpected_component
REC-01198,investigate,20,vulnerable_component
REC-01199,normal,0,
REC-01200,high_risk,40,hash_integrity_failure
REC-01201,investigate,20,unexpected_component
REC-01202,high_risk,40,hash_integrity_failure
REC-01203,high_risk,40,unauthorized_rollback
REC-01204,normal,0,
REC-01205,investigate,20,vulnerable_component
REC-01206,high_risk,40,untrusted_vendor
REC-01207,normal,0,
REC-01208,investigate,15,missing_sbom
REC-01209,investigate,10,stale_evidence
REC-01210,high_risk,50,signature_failure;trusted_root_failure
REC-01211,high_risk,40,untrusted_vendor
REC-01212,normal,0,
REC-01213,high_risk,40,hash_integrity_failure
REC-01214,high_risk,50,signature_failure;trusted_root_failure
REC-01215,normal,0,
REC-01216,investigate,15,missing_sbom
REC-01217,high_risk,40,unauthorized_rollback
REC-01218,investigate,20,vulnerable_component
REC-01219,investigate,10,stale_evidence
REC-01220,investigate,20,unexpected_component
REC-01221,high_risk,50,signature_failure;trusted_root_failure
REC-01222,normal,0,
REC-01223,high_risk,40,unauthorized_rollback
REC-01224,investigate,20,vulnerable_component
REC-01225,investigate,15,missing_sbom
REC-01226,high_risk,40,hash_integrity_failure
REC-01227,high_risk,40,untrusted_vendor
REC-01228,normal,0,
REC-01229,investigate,20,unexpected_component
REC-01230,investigate,10,stale_evidence
REC-01231,investigate,20,unexpected_component
REC-01232,high_risk,40,unauthorized_rollback
REC-01233,high_risk,40,hash_integrity_failure
REC-01234,investigate,10,stale_evidence
REC-01235,normal,0,
REC-01236,normal,0,
REC-01237,investigate,20,vulnerable_component
REC-01238,high_risk,40,untrusted_vendor
REC-01239,investigate,15,missing_sbom
REC-01240,high_risk,50,signature_failure;trusted_root_failure
REC-01241,normal,0,
REC-01242,high_risk,40,unauthorized_rollback
REC-01243,investigate,20,unexpected_component
REC-01244,investigate,15,missing_sbom
REC-01245,normal,0,
REC-01246,high_risk,40,hash_integrity_failure
REC-01247,high_risk,40,untrusted_vendor
REC-01248,investigate,10,stale_evidence
REC-01249,high_risk,50,signature_failure;trusted_root_failure
REC-01250,investigate,20,vulnerable_component
REC-01251,normal,0,
REC-01252,investigate,20,unexpected_component
REC-01253,high_risk,40,unauthorized_rollback
REC-01254,investigate,20,vulnerable_component
REC-01255,high_risk,50,signature_failure;trusted_root_failure
REC-01256,high_risk,40,untrusted_vendor
REC-01257,normal,0,
REC-01258,investigate,15,missing_sbom
REC-01259,high_risk,40,hash_integrity_failure
REC-01260,investigate,10,stale_evidence
REC-01261,investigate,20,unexpected_component
REC-01262,high_risk,40,unauthorized_rollback
REC-01263,high_risk,40,untrusted_vendor
REC-01264,normal,0,
REC-01265,high_risk,40,hash_integrity_failure
REC-01266,investigate,10,stale_evidence
REC-01267,investigate,15,missing_sbom
REC-01268,normal,0,
REC-01269,investigate,20,vulnerable_component
REC-01270,high_risk,50,signature_failure;trusted_root_failure
REC-01271,normal,0,
REC-01272,investigate,20,unexpected_component
REC-01273,high_risk,40,unauthorized_rollback
REC-01274,investigate,10,stale_evidence
REC-01275,normal,0,
REC-01276,high_risk,40,untrusted_vendor
REC-01277,high_risk,50,signature_failure;trusted_root_failure
REC-01278,investigate,20,vulnerable_component
REC-01279,high_risk,40,hash_integrity_failure
REC-01280,investigate,15,missing_sbom
REC-01281,investigate,15,missing_sbom
REC-01282,investigate,20,unexpected_component
REC-01283,normal,0,
REC-01284,high_risk,40,untrusted_vendor
REC-01285,investigate,20,vulnerable_component
REC-01286,high_risk,40,hash_integrity_failure
REC-01287,high_risk,50,signature_failure;trusted_root_failure
REC-01288,high_risk,40,unauthorized_rollback
REC-01289,normal,0,
REC-01290,investigate,10,stale_evidence
REC-01291,normal,0,
REC-01292,high_risk,50,signature_failure;trusted_root_failure
REC-01293,investigate,10,stale_evidence
REC-01294,investigate,15,missing_sbom
REC-01295,normal,0,
REC-01296,investigate,20,vulnerable_component
REC-01297,high_risk,40,hash_integrity_failure
REC-01298,high_risk,40,untrusted_vendor
REC-01299,investigate,20,unexpected_component
REC-01300,high_risk,40,unauthorized_rollback
REC-01301,investigate,20,vulnerable_component
REC-01302,investigate,20,unexpected_component
REC-01303,normal,0,
REC-01304,high_risk,50,signature_failure;trusted_root_failure
REC-01305,investigate,15,missing_sbom
REC-01306,high_risk,40,untrusted_vendor
REC-01307,normal,0,
REC-01308,investigate,10,stale_evidence
REC-01309,high_risk,40,hash_integrity_failure
REC-01310,high_risk,40,unauthorized_rollback
REC-01311,investigate,20,unexpected_component
REC-01312,normal,0,
REC-01313,high_risk,40,hash_integrity_failure
REC-01314,high_risk,50,signature_failure;trusted_root_failure
REC-01315,high_risk,40,untrusted_vendor
REC-01316,high_risk,40,unauthorized_rollback
REC-01317,investigate,20,vulnerable_component
REC-01318,investigate,15,missing_sbom
REC-01319,investigate,10,stale_evidence
REC-01320,normal,0,
REC-01321,investigate,20,unexpected_component
REC-01322,investigate,15,missing_sbom
REC-01323,normal,0,
REC-01324,high_risk,50,signature_failure;trusted_root_failure
REC-01325,high_risk,40,untrusted_vendor
REC-01326,high_risk,40,hash_integrity_failure
REC-01327,investigate,20,vulnerable_component
REC-01328,normal,0,
REC-01329,high_risk,40,unauthorized_rollback
REC-01330,investigate,10,stale_evidence
REC-01331,investigate,20,unexpected_component
REC-01332,investigate,20,vulnerable_component
REC-01333,high_risk,40,hash_integrity_failure
REC-01334,high_risk,40,untrusted_vendor
REC-01335,investigate,15,missing_sbom
REC-01336,high_risk,40,unauthorized_rollback
REC-01337,high_risk,50,signature_failure;trusted_root_failure
REC-01338,normal,0,
REC-01339,normal,0,
REC-01340,investigate,10,stale_evidence
REC-01341,high_risk,40,hash_integrity_failure
REC-01342,high_risk,40,unauthorized_rollback
REC-01343,normal,0,
REC-01344,high_risk,40,untrusted_vendor
REC-01345,investigate,10,stale_evidence
REC-01346,high_risk,50,signature_failure;trusted_root_failure
REC-01347,normal,0,
REC-01348,investigate,15,missing_sbom
REC-01349,investigate,20,unexpected_component
REC-01350,investigate,20,vulnerable_component
REC-01351,high_risk,40,hash_integrity_failure
REC-01352,investigate,20,unexpected_component
REC-01353,investigate,10,stale_evidence
REC-01354,high_risk,40,unauthorized_rollback
REC-01355,normal,0,
REC-01356,investigate,15,missing_sbom
REC-01357,investigate,20,vulnerable_component
REC-01358,high_risk,40,untrusted_vendor
REC-01359,normal,0,
REC-01360,high_risk,50,signature_failure;trusted_root_failure
REC-01361,high_risk,40,hash_integrity_failure
REC-01362,investigate,20,vulnerable_component
REC-01363,investigate,10,stale_evidence
REC-01364,normal,0,
REC-01365,investigate,20,unexpected_component
REC-01366,normal,0,
REC-01367,high_risk,50,signature_failure;trusted_root_failure
REC-01368,high_risk,40,untrusted_vendor
REC-01369,high_risk,40,unauthorized_rollback
REC-01370,investigate,15,missing_sbom
REC-01371,high_risk,40,untrusted_vendor
REC-01372,investigate,15,missing_sbom
REC-01373,investigate,20,vulnerable_component
REC-01374,high_risk,40,unauthorized_rollback
REC-01375,high_risk,40,hash_integrity_failure
REC-01376,normal,0,
REC-01377,investigate,20,unexpected_component
REC-01378,normal,0,
REC-01379,high_risk,50,signature_failure;trusted_root_failure
REC-01380,investigate,10,stale_evidence
REC-01381,high_risk,40,unauthorized_rollback
REC-01382,investigate,20,vulnerable_component
REC-01383,investigate,20,unexpected_component
REC-01384,high_risk,40,untrusted_vendor
REC-01385,normal,0,
REC-01386,normal,0,
REC-01387,investigate,15,missing_sbom
REC-01388,investigate,10,stale_evidence
REC-01389,high_risk,40,hash_integrity_failure
REC-01390,high_risk,50,signature_failure;trusted_root_failure
REC-01391,high_risk,40,untrusted_vendor
REC-01392,normal,0,
REC-01393,normal,0,
REC-01394,investigate,20,unexpected_component
REC-01395,investigate,10,stale_evidence
REC-01396,high_risk,40,unauthorized_rollback
REC-01397,high_risk,40,hash_integrity_failure
REC-01398,high_risk,50,signature_failure;trusted_root_failure
REC-01399,investigate,20,vulnerable_component
REC-01400,investigate,15,missing_sbom
REC-01401,investigate,10,stale_evidence
REC-01402,investigate,20,unexpected_component
REC-01403,investigate,15,missing_sbom
REC-01404,high_risk,50,signature_failure;trusted_root_failure
REC-01405,normal,0,
REC-01406,high_risk,40,untrusted_vendor
REC-01407,high_risk,40,hash_integrity_failure
REC-01408,high_risk,40,unauthorized_rollback
REC-01409,normal,0,
REC-01410,investigate,20,vulnerable_component
REC-01411,high_risk,40,hash_integrity_failure
REC-01412,investigate,15,missing_sbom
REC-01413,normal,0,
REC-01414,investigate,10,stale_evidence
REC-01415,normal,0,
REC-01416,high_risk,40,untrusted_vendor
REC-01417,investigate,20,vulnerable_component
REC-01418,investigate,20,unexpected_component
REC-01419,high_risk,50,signature_failure;trusted_root_failure
REC-01420,high_risk,40,unauthorized_rollback
REC-01421,normal,0,
REC-01422,high_risk,40,unauthorized_rollback
REC-01423,normal,0,
REC-01424,investigate,15,missing_sbom
REC-01425,investigate,10,stale_evidence
REC-01426,investigate,20,unexpected_component
REC-01427,high_risk,40,hash_integrity_failure
REC-01428,investigate,20,vulnerable_component
REC-01429,high_risk,50,signature_failure;trusted_root_failure
REC-01430,high_risk,40,untrusted_vendor
REC-01431,normal,0,
REC-01432,high_risk,40,untrusted_vendor
REC-01433,high_risk,50,signature_failure;trusted_root_failure
REC-01434,investigate,15,missing_sbom
REC-01435,investigate,10,stale_evidence
REC-01436,high_risk,40,unauthorized_rollback
REC-01437,normal,0,
REC-01438,investigate,20,unexpected_component
REC-01439,high_risk,40,hash_integrity_failure
REC-01440,investigate,20,vulnerable_component
REC-01441,investigate,20,vulnerable_component
REC-01442,high_risk,40,unauthorized_rollback
REC-01443,normal,0,
REC-01444,investigate,10,stale_evidence
REC-01445,investigate,20,unexpected_component
REC-01446,high_risk,50,signature_failure;trusted_root_failure
REC-01447,investigate,15,missing_sbom
REC-01448,high_risk,40,hash_integrity_failure
REC-01449,high_risk,40,untrusted_vendor
REC-01450,normal,0,
REC-01451,high_risk,50,signature_failure;trusted_root_failure
REC-01452,investigate,10,stale_evidence
REC-01453,investigate,20,vulnerable_component
REC-01454,high_risk,40,hash_integrity_failure
REC-01455,normal,0,
REC-01456,normal,0,
REC-01457,high_risk,40,unauthorized_rollback
REC-01458,investigate,20,unexpected_component
REC-01459,high_risk,40,untrusted_vendor
REC-01460,investigate,15,missing_sbom
REC-01461,investigate,10,stale_evidence
REC-01462,investigate,15,missing_sbom
REC-01463,normal,0,
REC-01464,high_risk,50,signature_failure;trusted_root_failure
REC-01465,investigate,20,vulnerable_component
REC-01466,high_risk,40,unauthorized_rollback
REC-01467,high_risk,40,hash_integrity_failure
REC-01468,high_risk,40,untrusted_vendor
REC-01469,investigate,20,unexpected_component
REC-01470,normal,0,
REC-01471,high_risk,50,signature_failure;trusted_root_failure
REC-01472,high_risk,40,hash_integrity_failure
REC-01473,investigate,15,missing_sbom
REC-01474,investigate,10,stale_evidence
REC-01475,high_risk,40,untrusted_vendor
REC-01476,investigate,20,unexpected_component
REC-01477,normal,0,
REC-01478,investigate,20,vulnerable_component
REC-01479,normal,0,
REC-01480,high_risk,40,unauthorized_rollback
REC-01481,normal,0,
REC-01482,normal,0,
REC-01483,investigate,15,missing_sbom
REC-01484,high_risk,40,unauthorized_rollback
REC-01485,investigate,20,unexpected_component
REC-01486,high_risk,50,signature_failure;trusted_root_failure
REC-01487,high_risk,40,hash_integrity_failure
REC-01488,investigate,10,stale_evidence
REC-01489,high_risk,40,untrusted_vendor
REC-01490,investigate,20,vulnerable_component
REC-01491,high_risk,40,hash_integrity_failure
REC-01492,investigate,10,stale_evidence
REC-01493,high_risk,40,untrusted_vendor
REC-01494,normal,0,
REC-01495,investigate,15,missing_sbom
REC-01496,normal,0,
REC-01497,investigate,20,unexpected_component
REC-01498,high_risk,50,signature_failure;trusted_root_failure
REC-01499,investigate,20,vulnerable_component
REC-01500,high_risk,40,unauthorized_rollback
REC-01501,investigate,15,missing_sbom
REC-01502,high_risk,40,untrusted_vendor
REC-01503,high_risk,40,hash_integrity_failure
REC-01504,high_risk,50,signature_failure;trusted_root_failure
REC-01505,normal,0,
REC-01506,high_risk,40,unauthorized_rollback
REC-01507,normal,0,
REC-01508,investigate,20,vulnerable_component
REC-01509,investigate,20,unexpected_component
REC-01510,investigate,10,stale_evidence
REC-01511,normal,0,
REC-01512,investigate,15,missing_sbom
REC-01513,investigate,20,vulnerable_component
REC-01514,investigate,20,unexpected_component
REC-01515,normal,0,
REC-01516,high_risk,40,hash_integrity_failure
REC-01517,investigate,10,stale_evidence
REC-01518,high_risk,40,untrusted_vendor
REC-01519,high_risk,40,unauthorized_rollback
REC-01520,high_risk,50,signature_failure;trusted_root_failure
REC-01521,high_risk,40,hash_integrity_failure
REC-01522,normal,0,
REC-01523,high_risk,40,untrusted_vendor
REC-01524,investigate,20,vulnerable_component
REC-01525,investigate,20,unexpected_component
REC-01526,investigate,15,missing_sbom
REC-01527,investigate,10,stale_evidence
REC-01528,normal,0,
REC-01529,high_risk,50,signature_failure;trusted_root_failure
REC-01530,high_risk,40,unauthorized_rollback
REC-01531,high_risk,40,unauthorized_rollback
REC-01532,high_risk,50,signature_failure;trusted_root_failure
REC-01533,investigate,20,vulnerable_component
REC-01534,investigate,20,unexpected_component
REC-01535,normal,0,
REC-01536,normal,0,
REC-01537,investigate,10,stale_evidence
REC-01538,investigate,15,missing_sbom
REC-01539,high_risk,40,untrusted_vendor
REC-01540,high_risk,40,hash_integrity_failure
REC-01541,investigate,10,stale_evidence
REC-01542,high_risk,40,untrusted_vendor
REC-01543,investigate,15,missing_sbom
REC-01544,normal,0,
REC-01545,investigate,20,vulnerable_component
REC-01546,normal,0,
REC-01547,investigate,20,unexpected_component
REC-01548,high_risk,40,unauthorized_rollback
REC-01549,high_risk,40,hash_integrity_failure
REC-01550,high_risk,50,signature_failure;trusted_root_failure
REC-01551,high_risk,40,hash_integrity_failure
REC-01552,normal,0,
REC-01553,investigate,15,missing_sbom
REC-01554,investigate,10,stale_evidence
REC-01555,high_risk,40,untrusted_vendor
REC-01556,high_risk,50,signature_failure;trusted_root_failure
REC-01557,high_risk,40,unauthorized_rollback
REC-01558,investigate,20,vulnerable_component
REC-01559,investigate,20,unexpected_component
REC-01560,normal,0,
REC-01561,investigate,20,unexpected_component
REC-01562,high_risk,40,untrusted_vendor
REC-01563,high_risk,50,signature_failure;trusted_root_failure
REC-01564,investigate,15,missing_sbom
REC-01565,high_risk,40,hash_integrity_failure
REC-01566,normal,0,
REC-01567,high_risk,40,unauthorized_rollback
REC-01568,investigate,20,vulnerable_component
REC-01569,investigate,10,stale_evidence
REC-01570,normal,0,
REC-01571,normal,0,
REC-01572,high_risk,50,signature_failure;trusted_root_failure
REC-01573,high_risk,40,untrusted_vendor
REC-01574,high_risk,40,hash_integrity_failure
REC-01575,investigate,20,unexpected_component
REC-01576,investigate,20,vulnerable_component
REC-01577,investigate,10,stale_evidence
REC-01578,high_risk,40,unauthorized_rollback
REC-01579,investigate,15,missing_sbom
REC-01580,normal,0,
REC-01581,normal,0,
REC-01582,high_risk,40,hash_integrity_failure
REC-01583,high_risk,40,untrusted_vendor
REC-01584,investigate,15,missing_sbom
REC-01585,investigate,20,unexpected_component
REC-01586,investigate,10,stale_evidence
REC-01587,high_risk,50,signature_failure;trusted_root_failure
REC-01588,high_risk,40,unauthorized_rollback
REC-01589,normal,0,
REC-01590,investigate,20,vulnerable_component
REC-01591,investigate,20,vulnerable_component
REC-01592,high_risk,50,signature_failure;trusted_root_failure
REC-01593,investigate,15,missing_sbom
REC-01594,high_risk,40,hash_integrity_failure
REC-01595,normal,0,
REC-01596,normal,0,
REC-01597,high_risk,40,unauthorized_rollback
REC-01598,investigate,20,unexpected_component
REC-01599,high_risk,40,untrusted_vendor
REC-01600,investigate,10,stale_evidence
REC-01601,high_risk,40,hash_integrity_failure
REC-01602,high_risk,40,untrusted_vendor
REC-01603,investigate,20,vulnerable_component
REC-01604,normal,0,
REC-01605,investigate,20,unexpected_component
REC-01606,investigate,10,stale_evidence
REC-01607,normal,0,
REC-01608,high_risk,50,signature_failure;trusted_root_failure
REC-01609,high_risk,40,unauthorized_rollback
REC-01610,investigate,15,missing_sbom
REC-01611,investigate,15,missing_sbom
REC-01612,investigate,20,vulnerable_component
REC-01613,high_risk,40,untrusted_vendor
REC-01614,high_risk,50,signature_failure;trusted_root_failure
REC-01615,normal,0,
REC-01616,normal,0,
REC-01617,investigate,10,stale_evidence
REC-01618,high_risk,40,unauthorized_rollback
REC-01619,investigate,20,unexpected_component
REC-01620,high_risk,40,hash_integrity_failure
REC-01621,normal,0,
REC-01622,high_risk,40,hash_integrity_failure
REC-01623,high_risk,50,signature_failure;trusted_root_failure
REC-01624,high_risk,40,untrusted_vendor
REC-01625,investigate,20,vulnerable_component
REC-01626,high_risk,40,unauthorized_rollback
REC-01627,investigate,20,unexpected_component
REC-01628,investigate,10,stale_evidence
REC-01629,investigate,15,missing_sbom
REC-01630,normal,0,
REC-01631,investigate,10,stale_evidence
REC-01632,investigate,15,missing_sbom
REC-01633,high_risk,40,hash_integrity_failure
REC-01634,normal,0,
REC-01635,investigate,20,vulnerable_component
REC-01636,high_risk,40,untrusted_vendor
REC-01637,high_risk,40,unauthorized_rollback
REC-01638,high_risk,50,signature_failure;trusted_root_failure
REC-01639,investigate,20,unexpected_component
REC-01640,normal,0,
REC-01641,investigate,10,stale_evidence
REC-01642,high_risk,50,signature_failure;trusted_root_failure
REC-01643,investigate,15,missing_sbom
REC-01644,normal,0,
REC-01645,investigate,20,vulnerable_component
REC-01646,high_risk,40,hash_integrity_failure
REC-01647,high_risk,40,unauthorized_rollback
REC-01648,normal,0,
REC-01649,high_risk,40,untrusted_vendor
REC-01650,investigate,20,unexpected_component
REC-01651,high_risk,40,unauthorized_rollback
REC-01652,high_risk,50,signature_failure;trusted_root_failure
REC-01653,high_risk,40,untrusted_vendor
REC-01654,normal,0,
REC-01655,investigate,20,vulnerable_component
REC-01656,investigate,10,stale_evidence
REC-01657,investigate,20,unexpected_component
REC-01658,high_risk,40,hash_integrity_failure
REC-01659,investigate,15,missing_sbom
REC-01660,normal,0,
REC-01661,normal,0,
REC-01662,investigate,15,missing_sbom
REC-01663,investigate,20,vulnerable_component
REC-01664,high_risk,50,signature_failure;trusted_root_failure
REC-01665,normal,0,
REC-01666,high_risk,40,hash_integrity_failure
REC-01667,high_risk,40,untrusted_vendor
REC-01668,investigate,20,unexpected_component
REC-01669,investigate,10,stale_evidence
REC-01670,high_risk,40,unauthorized_rollback
REC-01671,investigate,15,missing_sbom
REC-01672,high_risk,40,untrusted_vendor
REC-01673,investigate,10,stale_evidence
REC-01674,normal,0,
REC-01675,high_risk,50,signature_failure;trusted_root_failure
REC-01676,high_risk,40,unauthorized_rollback
REC-01677,high_risk,40,hash_integrity_failure
REC-01678,investigate,20,vulnerable_component
REC-01679,investigate,20,unexpected_component
REC-01680,normal,0,
REC-01681,investigate,15,missing_sbom
REC-01682,investigate,20,vulnerable_component
REC-01683,investigate,10,stale_evidence
REC-01684,high_risk,40,hash_integrity_failure
REC-01685,high_risk,40,untrusted_vendor
REC-01686,normal,0,
REC-01687,investigate,20,unexpected_component
REC-01688,high_risk,50,signature_failure;trusted_root_failure
REC-01689,normal,0,
REC-01690,high_risk,40,unauthorized_rollback
REC-01691,high_risk,40,unauthorized_rollback
REC-01692,investigate,20,unexpected_component
REC-01693,normal,0,
REC-01694,high_risk,40,hash_integrity_failure
REC-01695,investigate,15,missing_sbom
REC-01696,high_risk,40,untrusted_vendor
REC-01697,normal,0,
REC-01698,investigate,10,stale_evidence
REC-01699,high_risk,50,signature_failure;trusted_root_failure
REC-01700,investigate,20,vulnerable_component
REC-01701,high_risk,40,unauthorized_rollback
REC-01702,high_risk,40,hash_integrity_failure
REC-01703,investigate,20,vulnerable_component
REC-01704,normal,0,
REC-01705,high_risk,40,untrusted_vendor
REC-01706,investigate,15,missing_sbom
REC-01707,investigate,20,unexpected_component
REC-01708,normal,0,
REC-01709,high_risk,50,signature_failure;trusted_root_failure
REC-01710,investigate,10,stale_evidence
REC-01711,normal,0,
REC-01712,high_risk,40,untrusted_vendor
REC-01713,normal,0,
REC-01714,high_risk,40,hash_integrity_failure
REC-01715,investigate,15,missing_sbom
REC-01716,investigate,20,vulnerable_component
REC-01717,high_risk,50,signature_failure;trusted_root_failure
REC-01718,investigate,20,unexpected_component
REC-01719,investigate,10,stale_evidence
REC-01720,high_risk,40,unauthorized_rollback
REC-01721,normal,0,
REC-01722,investigate,10,stale_evidence
REC-01723,high_risk,50,signature_failure;trusted_root_failure
REC-01724,investigate,15,missing_sbom
REC-01725,high_risk,40,untrusted_vendor
REC-01726,high_risk,40,unauthorized_rollback
REC-01727,investigate,20,unexpected_component
REC-01728,high_risk,40,hash_integrity_failure
REC-01729,investigate,20,vulnerable_component
REC-01730,normal,0,
REC-01731,high_risk,40,unauthorized_rollback
REC-01732,normal,0,
REC-01733,high_risk,40,untrusted_vendor
REC-01734,investigate,20,unexpected_component
REC-01735,high_risk,40,hash_integrity_failure
REC-01736,high_risk,50,signature_failure;trusted_root_failure
REC-01737,investigate,20,vulnerable_component
REC-01738,investigate,10,stale_evidence
REC-01739,investigate,15,missing_sbom
REC-01740,normal,0,
REC-01741,investigate,20,vulnerable_component
REC-01742,investigate,10,stale_evidence
REC-01743,investigate,15,missing_sbom
REC-01744,high_risk,40,untrusted_vendor
REC-01745,normal,0,
REC-01746,high_risk,40,unauthorized_rollback
REC-01747,normal,0,
REC-01748,high_risk,40,hash_integrity_failure
REC-01749,high_risk,50,signature_failure;trusted_root_failure
REC-01750,investigate,20,unexpected_component
REC-01751,investigate,15,missing_sbom
REC-01752,investigate,10,stale_evidence
REC-01753,normal,0,
REC-01754,high_risk,40,unauthorized_rollback
REC-01755,high_risk,40,untrusted_vendor
REC-01756,high_risk,40,hash_integrity_failure
REC-01757,high_risk,50,signature_failure;trusted_root_failure
REC-01758,investigate,20,vulnerable_component
REC-01759,normal,0,
REC-01760,investigate,20,unexpected_component
REC-01761,high_risk,50,signature_failure;trusted_root_failure
REC-01762,high_risk,40,untrusted_vendor
REC-01763,normal,0,
REC-01764,investigate,15,missing_sbom
REC-01765,high_risk,40,hash_integrity_failure
REC-01766,high_risk,40,unauthorized_rollback
REC-01767,investigate,20,unexpected_component
REC-01768,normal,0,
REC-01769,investigate,10,stale_evidence
REC-01770,investigate,20,vulnerable_component
REC-01771,investigate,20,unexpected_component
REC-01772,normal,0,
REC-01773,high_risk,40,unauthorized_rollback
REC-01774,investigate,15,missing_sbom
REC-01775,investigate,20,vulnerable_component
REC-01776,high_risk,40,hash_integrity_failure
REC-01777,high_risk,50,signature_failure;trusted_root_failure
REC-01778,normal,0,
REC-01779,investigate,10,stale_evidence
REC-01780,high_risk,40,untrusted_vendor
REC-01781,high_risk,50,signature_failure;trusted_root_failure
REC-01782,high_risk,40,hash_integrity_failure
REC-01783,investigate,15,missing_sbom
REC-01784,high_risk,40,unauthorized_rollback
REC-01785,investigate,20,unexpected_component
REC-01786,normal,0,
REC-01787,investigate,20,vulnerable_component
REC-01788,investigate,10,stale_evidence
REC-01789,normal,0,
REC-01790,high_risk,40,untrusted_vendor
REC-01791,high_risk,40,hash_integrity_failure
REC-01792,high_risk,50,signature_failure;trusted_root_failure
REC-01793,investigate,10,stale_evidence
REC-01794,investigate,20,unexpected_component
REC-01795,investigate,15,missing_sbom
REC-01796,investigate,20,vulnerable_component
REC-01797,high_risk,40,untrusted_vendor
REC-01798,normal,0,
REC-01799,high_risk,40,unauthorized_rollback
REC-01800,normal,0,
REC-01801,high_risk,40,hash_integrity_failure
REC-01802,normal,0,
REC-01803,investigate,20,unexpected_component
REC-01804,high_risk,50,signature_failure;trusted_root_failure
REC-01805,high_risk,40,untrusted_vendor
REC-01806,normal,0,
REC-01807,investigate,20,vulnerable_component
REC-01808,high_risk,40,unauthorized_rollback
REC-01809,investigate,15,missing_sbom
REC-01810,investigate,10,stale_evidence
REC-01811,high_risk,40,untrusted_vendor
REC-01812,investigate,20,unexpected_component
REC-01813,high_risk,40,unauthorized_rollback
REC-01814,investigate,10,stale_evidence
REC-01815,investigate,15,missing_sbom
REC-01816,normal,0,
REC-01817,normal,0,
REC-01818,high_risk,50,signature_failure;trusted_root_failure
REC-01819,high_risk,40,hash_integrity_failure
REC-01820,investigate,20,vulnerable_component
REC-01821,high_risk,40,hash_integrity_failure
REC-01822,investigate,20,unexpected_component
REC-01823,high_risk,40,unauthorized_rollback
REC-01824,normal,0,
REC-01825,investigate,20,vulnerable_component
REC-01826,high_risk,40,untrusted_vendor
REC-01827,investigate,10,stale_evidence
REC-01828,investigate,15,missing_sbom
REC-01829,high_risk,50,signature_failure;trusted_root_failure
REC-01830,normal,0,
REC-01831,investigate,20,unexpected_component
REC-01832,high_risk,50,signature_failure;trusted_root_failure
REC-01833,normal,0,
REC-01834,high_risk,40,unauthorized_rollback
REC-01835,investigate,10,stale_evidence
REC-01836,investigate,20,vulnerable_component
REC-01837,high_risk,40,hash_integrity_failure
REC-01838,high_risk,40,untrusted_vendor
REC-01839,investigate,15,missing_sbom
REC-01840,normal,0,
REC-01841,normal,0,
REC-01842,investigate,20,vulnerable_component
REC-01843,high_risk,40,untrusted_vendor
REC-01844,investigate,20,unexpected_component
REC-01845,high_risk,40,hash_integrity_failure
REC-01846,investigate,10,stale_evidence
REC-01847,investigate,15,missing_sbom
REC-01848,high_risk,40,unauthorized_rollback
REC-01849,high_risk,50,signature_failure;trusted_root_failure
REC-01850,normal,0,
REC-01851,high_risk,40,hash_integrity_failure
REC-01852,investigate,20,vulnerable_component
REC-01853,normal,0,
REC-01854,high_risk,50,signature_failure;trusted_root_failure
REC-01855,normal,0,
REC-01856,high_risk,40,untrusted_vendor
REC-01857,high_risk,40,unauthorized_rollback
REC-01858,investigate,20,unexpected_component
REC-01859,investigate,15,missing_sbom
REC-01860,investigate,10,stale_evidence
REC-01861,investigate,20,vulnerable_component
REC-01862,high_risk,40,untrusted_vendor
REC-01863,investigate,15,missing_sbom
REC-01864,investigate,20,unexpected_component
REC-01865,normal,0,
REC-01866,investigate,10,stale_evidence
REC-01867,high_risk,40,hash_integrity_failure
REC-01868,high_risk,50,signature_failure;trusted_root_failure
REC-01869,high_risk,40,unauthorized_rollback
REC-01870,normal,0,
REC-01871,normal,0,
REC-01872,investigate,10,stale_evidence
REC-01873,high_risk,40,untrusted_vendor
REC-01874,investigate,15,missing_sbom
REC-01875,high_risk,40,unauthorized_rollback
REC-01876,investigate,20,unexpected_component
REC-01877,normal,0,
REC-01878,high_risk,50,signature_failure;trusted_root_failure
REC-01879,high_risk,40,hash_integrity_failure
REC-01880,investigate,20,vulnerable_component
REC-01881,high_risk,40,hash_integrity_failure
REC-01882,normal,0,
REC-01883,high_risk,40,untrusted_vendor
REC-01884,investigate,20,vulnerable_component
REC-01885,normal,0,
REC-01886,investigate,20,unexpected_component
REC-01887,high_risk,40,unauthorized_rollback
REC-01888,investigate,10,stale_evidence
REC-01889,high_risk,50,signature_failure;trusted_root_failure
REC-01890,investigate,15,missing_sbom
REC-01891,high_risk,40,hash_integrity_failure
REC-01892,investigate,10,stale_evidence
REC-01893,investigate,20,unexpected_component
REC-01894,normal,0,
REC-01895,high_risk,40,unauthorized_rollback
REC-01896,high_risk,40,untrusted_vendor
REC-01897,high_risk,50,signature_failure;trusted_root_failure
REC-01898,normal,0,
REC-01899,investigate,15,missing_sbom
REC-01900,investigate,20,vulnerable_component
REC-01901,normal,0,
REC-01902,investigate,10,stale_evidence
REC-01903,investigate,20,unexpected_component
REC-01904,normal,0,
REC-01905,high_risk,50,signature_failure;trusted_root_failure
REC-01906,investigate,20,vulnerable_component
REC-01907,high_risk,40,hash_integrity_failure
REC-01908,investigate,15,missing_sbom
REC-01909,high_risk,40,unauthorized_rollback
REC-01910,high_risk,40,untrusted_vendor
REC-01911,normal,0,
REC-01912,investigate,20,vulnerable_component
REC-01913,investigate,10,stale_evidence
REC-01914,high_risk,40,hash_integrity_failure
REC-01915,investigate,20,unexpected_component
REC-01916,normal,0,
REC-01917,high_risk,40,untrusted_vendor
REC-01918,high_risk,50,signature_failure;trusted_root_failure
REC-01919,high_risk,40,unauthorized_rollback
REC-01920,investigate,15,missing_sbom
REC-01921,high_risk,40,untrusted_vendor
REC-01922,normal,0,
REC-01923,investigate,10,stale_evidence
REC-01924,investigate,20,unexpected_component
REC-01925,high_risk,40,unauthorized_rollback
REC-01926,investigate,15,missing_sbom
REC-01927,high_risk,50,signature_failure;trusted_root_failure
REC-01928,high_risk,40,hash_integrity_failure
REC-01929,investigate,20,vulnerable_component
REC-01930,normal,0,
REC-01931,investigate,20,unexpected_component
REC-01932,investigate,15,missing_sbom
REC-01933,high_risk,40,hash_integrity_failure
REC-01934,high_risk,40,unauthorized_rollback
REC-01935,normal,0,
REC-01936,investigate,20,vulnerable_component
REC-01937,high_risk,50,signature_failure;trusted_root_failure
REC-01938,investigate,10,stale_evidence
REC-01939,high_risk,40,untrusted_vendor
REC-01940,normal,0,
REC-01941,high_risk,40,hash_integrity_failure
REC-01942,high_risk,50,signature_failure;trusted_root_failure
REC-01943,normal,0,
REC-01944,investigate,20,unexpected_component
REC-01945,normal,0,
REC-01946,high_risk,40,untrusted_vendor
REC-01947,high_risk,40,unauthorized_rollback
REC-01948,investigate,10,stale_evidence
REC-01949,investigate,20,vulnerable_component
REC-01950,investigate,15,missing_sbom
REC-01951,high_risk,40,unauthorized_rollback
REC-01952,normal,0,
REC-01953,investigate,20,unexpected_component
REC-01954,high_risk,50,signature_failure;trusted_root_failure
REC-01955,high_risk,40,untrusted_vendor
REC-01956,high_risk,40,hash_integrity_failure
REC-01957,normal,0,
REC-01958,investigate,15,missing_sbom
REC-01959,investigate,20,vulnerable_component
REC-01960,investigate,10,stale_evidence
REC-01961,investigate,10,stale_evidence
REC-01962,normal,0,
REC-01963,high_risk,40,unauthorized_rollback
REC-01964,investigate,15,missing_sbom
REC-01965,high_risk,40,untrusted_vendor
REC-01966,high_risk,50,signature_failure;trusted_root_failure
REC-01967,investigate,20,unexpected_component
REC-01968,investigate,20,vulnerable_component
REC-01969,normal,0,
REC-01970,high_risk,40,hash_integrity_failure
REC-01971,high_risk,50,signature_failure;trusted_root_failure
REC-01972,normal,0,
REC-01973,investigate,20,vulnerable_component
REC-01974,investigate,10,stale_evidence
REC-01975,high_risk,40,untrusted_vendor
REC-01976,high_risk,40,hash_integrity_failure
REC-01977,high_risk,40,unauthorized_rollback
REC-01978,investigate,15,missing_sbom
REC-01979,normal,0,
REC-01980,investigate,20,unexpected_component
REC-01981,investigate,20,vulnerable_component
REC-01982,high_risk,40,hash_integrity_failure
REC-01983,high_risk,40,untrusted_vendor
REC-01984,investigate,15,missing_sbom
REC-01985,normal,0,
REC-01986,high_risk,50,signature_failure;trusted_root_failure
REC-01987,high_risk,40,unauthorized_rollback
REC-01988,investigate,20,unexpected_component
REC-01989,normal,0,
REC-01990,investigate,10,stale_evidence
REC-01991,investigate,20,vulnerable_component
REC-01992,investigate,15,missing_sbom
REC-01993,investigate,20,unexpected_component
REC-01994,investigate,10,stale_evidence
REC-01995,high_risk,50,signature_failure;trusted_root_failure
REC-01996,normal,0,
REC-01997,normal,0,
REC-01998,high_risk,40,untrusted_vendor
REC-01999,high_risk,40,hash_integrity_failure
REC-02000,high_risk,40,unauthorized_rollback
REC-02001,normal,0,
REC-02002,normal,0,
REC-02003,high_risk,40,hash_integrity_failure
REC-02004,investigate,20,unexpected_component
REC-02005,investigate,15,missing_sbom
REC-02006,investigate,20,vulnerable_component
REC-02007,high_risk,50,signature_failure;trusted_root_failure
REC-02008,high_risk,40,untrusted_vendor
REC-02009,investigate,10,stale_evidence
REC-02010,high_risk,40,unauthorized_rollback
REC-02011,investigate,20,unexpected_component
REC-02012,investigate,20,vulnerable_component
REC-02013,high_risk,50,signature_failure;trusted_root_failure
REC-02014,high_risk,40,unauthorized_rollback
REC-02015,normal,0,
REC-02016,investigate,15,missing_sbom
REC-02017,high_risk,40,untrusted_vendor
REC-02018,high_risk,40,hash_integrity_failure
REC-02019,investigate,10,stale_evidence
REC-02020,normal,0,
REC-02021,investigate,10,stale_evidence
REC-02022,high_risk,40,hash_integrity_failure
REC-02023,investigate,20,vulnerable_component
REC-02024,investigate,20,unexpected_component
REC-02025,high_risk,40,untrusted_vendor
REC-02026,normal,0,
REC-02027,normal,0,
REC-02028,high_risk,50,signature_failure;trusted_root_failure
REC-02029,investigate,15,missing_sbom
REC-02030,high_risk,40,unauthorized_rollback
REC-02031,investigate,15,missing_sbom
REC-02032,investigate,20,unexpected_component
REC-02033,high_risk,40,hash_integrity_failure
REC-02034,high_risk,40,untrusted_vendor
REC-02035,high_risk,50,signature_failure;trusted_root_failure
REC-02036,high_risk,40,unauthorized_rollback
REC-02037,normal,0,
REC-02038,investigate,20,vulnerable_component
REC-02039,investigate,10,stale_evidence
REC-02040,normal,0,
REC-02041,investigate,20,unexpected_component
REC-02042,normal,0,
REC-02043,normal,0,
REC-02044,high_risk,40,untrusted_vendor
REC-02045,high_risk,50,signature_failure;trusted_root_failure
REC-02046,investigate,15,missing_sbom
REC-02047,high_risk,40,unauthorized_rollback
REC-02048,high_risk,40,hash_integrity_failure
REC-02049,investigate,10,stale_evidence
REC-02050,investigate,20,vulnerable_component
REC-02051,high_risk,40,unauthorized_rollback
REC-02052,high_risk,40,hash_integrity_failure
REC-02053,investigate,15,missing_sbom
REC-02054,high_risk,40,untrusted_vendor
REC-02055,investigate,10,stale_evidence
REC-02056,normal,0,
REC-02057,investigate,20,unexpected_component
REC-02058,investigate,20,vulnerable_component
REC-02059,normal,0,
REC-02060,high_risk,50,signature_failure;trusted_root_failure
REC-02061,investigate,10,stale_evidence
REC-02062,normal,0,
REC-02063,high_risk,40,hash_integrity_failure
REC-02064,investigate,20,unexpected_component
REC-02065,investigate,15,missing_sbom
REC-02066,normal,0,
REC-02067,investigate,20,vulnerable_component
REC-02068,high_risk,40,unauthorized_rollback
REC-02069,high_risk,50,signature_failure;trusted_root_failure
REC-02070,high_risk,40,untrusted_vendor
REC-02071,investigate,15,missing_sbom
REC-02072,investigate,20,unexpected_component
REC-02073,high_risk,40,untrusted_vendor
REC-02074,high_risk,40,hash_integrity_failure
REC-02075,high_risk,40,unauthorized_rollback
REC-02076,normal,0,
REC-02077,normal,0,
REC-02078,high_risk,50,signature_failure;trusted_root_failure
REC-02079,investigate,10,stale_evidence
REC-02080,investigate,20,vulnerable_component
REC-02081,investigate,20,vulnerable_component
REC-02082,high_risk,50,signature_failure;trusted_root_failure
REC-02083,investigate,10,stale_evidence
REC-02084,normal,0,
REC-02085,high_risk,40,untrusted_vendor
REC-02086,high_risk,40,unauthorized_rollback
REC-02087,high_risk,40,hash_integrity_failure
REC-02088,investigate,20,unexpected_component
REC-02089,normal,0,
REC-02090,investigate,15,missing_sbom
REC-02091,investigate,15,missing_sbom
REC-02092,normal,0,
REC-02093,high_risk,40,unauthorized_rollback
REC-02094,normal,0,
REC-02095,investigate,10,stale_evidence
REC-02096,high_risk,50,signature_failure;trusted_root_failure
REC-02097,investigate,20,unexpected_component
REC-02098,investigate,20,vulnerable_component
REC-02099,high_risk,40,hash_integrity_failure
REC-02100,high_risk,40,untrusted_vendor
REC-02101,investigate,20,unexpected_component
REC-02102,investigate,20,vulnerable_component
REC-02103,normal,0,
REC-02104,high_risk,40,untrusted_vendor
REC-02105,high_risk,50,signature_failure;trusted_root_failure
REC-02106,high_risk,40,hash_integrity_failure
REC-02107,high_risk,40,unauthorized_rollback
REC-02108,normal,0,
REC-02109,investigate,15,missing_sbom
REC-02110,investigate,10,stale_evidence
REC-02111,investigate,15,missing_sbom
REC-02112,high_risk,40,unauthorized_rollback
REC-02113,high_risk,40,hash_integrity_failure
REC-02114,investigate,20,vulnerable_component
REC-02115,investigate,20,unexpected_component
REC-02116,normal,0,
REC-02117,high_risk,40,untrusted_vendor
REC-02118,high_risk,50,signature_failure;trusted_root_failure
REC-02119,normal,0,
REC-02120,investigate,10,stale_evidence
REC-02121,investigate,15,missing_sbom
REC-02122,high_risk,50,signature_failure;trusted_root_failure
REC-02123,investigate,10,stale_evidence
REC-02124,investigate,20,vulnerable_component
REC-02125,high_risk,40,unauthorized_rollback
REC-02126,investigate,20,unexpected_component
REC-02127,high_risk,40,untrusted_vendor
REC-02128,normal,0,
REC-02129,high_risk,40,hash_integrity_failure
REC-02130,normal,0,
REC-02131,investigate,15,missing_sbom
REC-02132,high_risk,40,hash_integrity_failure
REC-02133,investigate,20,unexpected_component
REC-02134,investigate,20,vulnerable_component
REC-02135,normal,0,
REC-02136,high_risk,50,signature_failure;trusted_root_failure
REC-02137,normal,0,
REC-02138,high_risk,40,unauthorized_rollback
REC-02139,high_risk,40,untrusted_vendor
REC-02140,investigate,10,stale_evidence
REC-02141,investigate,20,unexpected_component
REC-02142,normal,0,
REC-02143,normal,0,
REC-02144,investigate,20,vulnerable_component
REC-02145,investigate,10,stale_evidence
REC-02146,high_risk,50,signature_failure;trusted_root_failure
REC-02147,high_risk,40,hash_integrity_failure
REC-02148,high_risk,40,untrusted_vendor
REC-02149,high_risk,40,unauthorized_rollback
REC-02150,investigate,15,missing_sbom
REC-02151,normal,0,
REC-02152,high_risk,40,untrusted_vendor
REC-02153,high_risk,40,hash_integrity_failure
REC-02154,investigate,20,vulnerable_component
REC-02155,high_risk,50,signature_failure;trusted_root_failure
REC-02156,normal,0,
REC-02157,investigate,15,missing_sbom
REC-02158,investigate,10,stale_evidence
REC-02159,high_risk,40,unauthorized_rollback
REC-02160,investigate,20,unexpected_component
REC-02161,normal,0,
REC-02162,investigate,20,unexpected_component
REC-02163,high_risk,40,untrusted_vendor
REC-02164,normal,0,
REC-02165,high_risk,40,unauthorized_rollback
REC-02166,investigate,10,stale_evidence
REC-02167,high_risk,50,signature_failure;trusted_root_failure
REC-02168,investigate,15,missing_sbom
REC-02169,high_risk,40,hash_integrity_failure
REC-02170,investigate,20,vulnerable_component
REC-02171,investigate,20,unexpected_component
REC-02172,high_risk,40,hash_integrity_failure
REC-02173,normal,0,
REC-02174,investigate,10,stale_evidence
REC-02175,high_risk,40,untrusted_vendor
REC-02176,high_risk,40,unauthorized_rollback
REC-02177,investigate,20,vulnerable_component
REC-02178,high_risk,50,signature_failure;trusted_root_failure
REC-02179,investigate,15,missing_sbom
REC-02180,normal,0,
REC-02181,normal,0,
REC-02182,investigate,10,stale_evidence
REC-02183,investigate,20,unexpected_component
REC-02184,high_risk,50,signature_failure;trusted_root_failure
REC-02185,high_risk,40,hash_integrity_failure
REC-02186,normal,0,
REC-02187,investigate,20,vulnerable_component
REC-02188,high_risk,40,untrusted_vendor
REC-02189,high_risk,40,unauthorized_rollback
REC-02190,investigate,15,missing_sbom
REC-02191,investigate,20,unexpected_component
REC-02192,high_risk,40,untrusted_vendor
REC-02193,normal,0,
REC-02194,high_risk,40,hash_integrity_failure
REC-02195,investigate,10,stale_evidence
REC-02196,investigate,20,vulnerable_component
REC-02197,high_risk,40,unauthorized_rollback
REC-02198,investigate,15,missing_sbom
REC-02199,normal,0,
REC-02200,high_risk,50,signature_failure;trusted_root_failure
REC-02201,high_risk,40,untrusted_vendor
REC-02202,investigate,20,vulnerable_component
REC-02203,investigate,10,stale_evidence
REC-02204,normal,0,
REC-02205,high_risk,50,signature_failure;trusted_root_failure
REC-02206,investigate,15,missing_sbom
REC-02207,high_risk,40,unauthorized_rollback
REC-02208,high_risk,40,hash_integrity_failure
REC-02209,investigate,20,unexpected_component
REC-02210,normal,0,
REC-02211,normal,0,
REC-02212,high_risk,40,untrusted_vendor
REC-02213,high_risk,40,unauthorized_rollback
REC-02214,investigate,20,unexpected_component
REC-02215,investigate,20,vulnerable_component
REC-02216,investigate,10,stale_evidence
REC-02217,normal,0,
REC-02218,high_risk,40,hash_integrity_failure
REC-02219,high_risk,50,signature_failure;trusted_root_failure
REC-02220,investigate,15,missing_sbom
REC-02221,investigate,10,stale_evidence
REC-02222,high_risk,50,signature_failure;trusted_root_failure
REC-02223,high_risk,40,untrusted_vendor
REC-02224,normal,0,
REC-02225,investigate,15,missing_sbom
REC-02226,investigate,20,unexpected_component
REC-02227,high_risk,40,unauthorized_rollback
REC-02228,investigate,20,vulnerable_component
REC-02229,normal,0,
REC-02230,high_risk,40,hash_integrity_failure
REC-02231,investigate,10,stale_evidence
REC-02232,high_risk,40,unauthorized_rollback
REC-02233,normal,0,
REC-02234,high_risk,40,untrusted_vendor
REC-02235,investigate,15,missing_sbom
REC-02236,high_risk,40,hash_integrity_failure
REC-02237,normal,0,
REC-02238,high_risk,50,signature_failure;trusted_root_failure
REC-02239,investigate,20,unexpected_component
REC-02240,investigate,20,vulnerable_component
REC-02241,normal,0,
REC-02242,investigate,20,vulnerable_component
REC-02243,investigate,10,stale_evidence
REC-02244,high_risk,40,untrusted_vendor
REC-02245,high_risk,40,unauthorized_rollback
REC-02246,normal,0,
REC-02247,high_risk,50,signature_failure;trusted_root_failure
REC-02248,high_risk,40,hash_integrity_failure
REC-02249,investigate,15,missing_sbom
REC-02250,investigate,20,unexpected_component
REC-02251,investigate,20,unexpected_component
REC-02252,investigate,10,stale_evidence
REC-02253,normal,0,
REC-02254,normal,0,
REC-02255,high_risk,40,untrusted_vendor
REC-02256,high_risk,50,signature_failure;trusted_root_failure
REC-02257,investigate,15,missing_sbom
REC-02258,high_risk,40,hash_integrity_failure
REC-02259,investigate,20,vulnerable_component
REC-02260,high_risk,40,unauthorized_rollback
REC-02261,normal,0,
REC-02262,normal,0,
REC-02263,investigate,10,stale_evidence
REC-02264,high_risk,50,signature_failure;trusted_root_failure
REC-02265,investigate,15,missing_sbom
REC-02266,high_risk,40,hash_integrity_failure
REC-02267,investigate,20,unexpected_component
REC-02268,investigate,20,vulnerable_component
REC-02269,high_risk,40,untrusted_vendor
REC-02270,high_risk,40,unauthorized_rollback
REC-02271,investigate,20,vulnerable_component
REC-02272,high_risk,40,untrusted_vendor
REC-02273,high_risk,40,unauthorized_rollback
REC-02274,investigate,10,stale_evidence
REC-02275,investigate,20,unexpected_component
REC-02276,high_risk,40,hash_integrity_failure
REC-02277,investigate,15,missing_sbom
REC-02278,high_risk,50,signature_failure;trusted_root_failure
REC-02279,normal,0,
REC-02280,normal,0,
REC-02281,high_risk,40,unauthorized_rollback
REC-02282,high_risk,40,untrusted_vendor
REC-02283,investigate,10,stale_evidence
REC-02284,investigate,20,unexpected_component
REC-02285,investigate,15,missing_sbom
REC-02286,normal,0,
REC-02287,normal,0,
REC-02288,high_risk,40,hash_integrity_failure
REC-02289,investigate,20,vulnerable_component
REC-02290,high_risk,50,signature_failure;trusted_root_failure
REC-02291,investigate,20,unexpected_component
REC-02292,high_risk,40,untrusted_vendor
REC-02293,high_risk,40,unauthorized_rollback
REC-02294,investigate,20,vulnerable_component
REC-02295,investigate,15,missing_sbom
REC-02296,investigate,10,stale_evidence
REC-02297,normal,0,
REC-02298,high_risk,40,hash_integrity_failure
REC-02299,high_risk,50,signature_failure;trusted_root_failure
REC-02300,normal,0,
REC-02301,investigate,20,vulnerable_component
REC-02302,high_risk,40,untrusted_vendor
REC-02303,normal,0,
REC-02304,high_risk,40,unauthorized_rollback
REC-02305,investigate,15,missing_sbom
REC-02306,normal,0,
REC-02307,investigate,10,stale_evidence
REC-02308,high_risk,50,signature_failure;trusted_root_failure
REC-02309,high_risk,40,hash_integrity_failure
REC-02310,investigate,20,unexpected_component
REC-02311,investigate,10,stale_evidence
REC-02312,normal,0,
REC-02313,high_risk,40,hash_integrity_failure
REC-02314,high_risk,40,unauthorized_rollback
REC-02315,investigate,20,unexpected_component
REC-02316,investigate,20,vulnerable_component
REC-02317,high_risk,40,untrusted_vendor
REC-02318,investigate,15,missing_sbom
REC-02319,normal,0,
REC-02320,high_risk,50,signature_failure;trusted_root_failure
REC-02321,high_risk,50,signature_failure;trusted_root_failure
REC-02322,investigate,10,stale_evidence
REC-02323,high_risk,40,unauthorized_rollback
REC-02324,normal,0,
REC-02325,investigate,15,missing_sbom
REC-02326,investigate,20,unexpected_component
REC-02327,investigate,20,vulnerable_component
REC-02328,high_risk,40,untrusted_vendor
REC-02329,normal,0,
REC-02330,high_risk,40,hash_integrity_failure
REC-02331,normal,0,
REC-02332,high_risk,40,hash_integrity_failure
REC-02333,investigate,20,unexpected_component
REC-02334,high_risk,50,signature_failure;trusted_root_failure
REC-02335,investigate,15,missing_sbom
REC-02336,normal,0,
REC-02337,high_risk,40,untrusted_vendor
REC-02338,high_risk,40,unauthorized_rollback
REC-02339,investigate,10,stale_evidence
REC-02340,investigate,20,vulnerable_component
REC-02341,investigate,15,missing_sbom
REC-02342,high_risk,50,signature_failure;trusted_root_failure
REC-02343,investigate,10,stale_evidence
REC-02344,normal,0,
REC-02345,investigate,20,vulnerable_component
REC-02346,high_risk,40,untrusted_vendor
REC-02347,investigate,20,unexpected_component
REC-02348,high_risk,40,unauthorized_rollback
REC-02349,normal,0,
REC-02350,high_risk,40,hash_integrity_failure
REC-02351,high_risk,50,signature_failure;trusted_root_failure
REC-02352,investigate,20,vulnerable_component
REC-02353,high_risk,40,hash_integrity_failure
REC-02354,investigate,15,missing_sbom
REC-02355,investigate,10,stale_evidence
REC-02356,high_risk,40,unauthorized_rollback
REC-02357,high_risk,40,untrusted_vendor
REC-02358,normal,0,
REC-02359,investigate,20,unexpected_component
REC-02360,normal,0,
REC-02361,high_risk,40,unauthorized_rollback
REC-02362,normal,0,
REC-02363,high_risk,40,untrusted_vendor
REC-02364,investigate,20,vulnerable_component
REC-02365,investigate,20,unexpected_component
REC-02366,high_risk,40,hash_integrity_failure
REC-02367,investigate,10,stale_evidence
REC-02368,normal,0,
REC-02369,high_risk,50,signature_failure;trusted_root_failure
REC-02370,investigate,15,missing_sbom
REC-02371,investigate,15,missing_sbom
REC-02372,normal,0,
REC-02373,investigate,20,vulnerable_component
REC-02374,high_risk,40,hash_integrity_failure
REC-02375,high_risk,50,signature_failure;trusted_root_failure
REC-02376,investigate,10,stale_evidence
REC-02377,investigate,20,unexpected_component
REC-02378,high_risk,40,untrusted_vendor
REC-02379,normal,0,
REC-02380,high_risk,40,unauthorized_rollback
REC-02381,high_risk,50,signature_failure;trusted_root_failure
REC-02382,high_risk,40,untrusted_vendor
REC-02383,normal,0,
REC-02384,normal,0,
REC-02385,investigate,10,stale_evidence
REC-02386,investigate,20,unexpected_component
REC-02387,high_risk,40,unauthorized_rollback
REC-02388,investigate,20,vulnerable_component
REC-02389,high_risk,40,hash_integrity_failure
REC-02390,investigate,15,missing_sbom
REC-02391,investigate,15,missing_sbom
REC-02392,high_risk,40,unauthorized_rollback
REC-02393,investigate,20,vulnerable_component
REC-02394,high_risk,40,hash_integrity_failure
REC-02395,high_risk,40,untrusted_vendor
REC-02396,investigate,20,unexpected_component
REC-02397,normal,0,
REC-02398,normal,0,
REC-02399,high_risk,50,signature_failure;trusted_root_failure
REC-02400,investigate,10,stale_evidence
REC-02401,normal,0,
REC-02402,high_risk,50,signature_failure;trusted_root_failure
REC-02403,investigate,20,unexpected_component
REC-02404,normal,0,
REC-02405,high_risk,40,hash_integrity_failure
REC-02406,investigate,10,stale_evidence
REC-02407,investigate,15,missing_sbom
REC-02408,high_risk,40,unauthorized_rollback
REC-02409,investigate,20,vulnerable_component
REC-02410,high_risk,40,untrusted_vendor
REC-02411,normal,0,
REC-02412,investigate,10,stale_evidence
REC-02413,investigate,20,unexpected_component
REC-02414,high_risk,40,untrusted_vendor
REC-02415,investigate,20,vulnerable_component
REC-02416,investigate,15,missing_sbom
REC-02417,normal,0,
REC-02418,high_risk,40,hash_integrity_failure
REC-02419,high_risk,50,signature_failure;trusted_root_failure
REC-02420,high_risk,40,unauthorized_rollback
REC-02421,high_risk,40,hash_integrity_failure
REC-02422,normal,0,
REC-02423,normal,0,
REC-02424,investigate,20,unexpected_component
REC-02425,high_risk,40,untrusted_vendor
REC-02426,investigate,20,vulnerable_component
REC-02427,high_risk,50,signature_failure;trusted_root_failure
REC-02428,investigate,15,missing_sbom
REC-02429,investigate,10,stale_evidence
REC-02430,high_risk,40,unauthorized_rollback
REC-02431,high_risk,40,unauthorized_rollback
REC-02432,investigate,10,stale_evidence
REC-02433,high_risk,40,hash_integrity_failure
REC-02434,normal,0,
REC-02435,investigate,20,vulnerable_component
REC-02436,high_risk,50,signature_failure;trusted_root_failure
REC-02437,investigate,20,unexpected_component
REC-02438,high_risk,40,untrusted_vendor
REC-02439,normal,0,
REC-02440,investigate,15,missing_sbom
REC-02441,investigate,10,stale_evidence
REC-02442,investigate,20,unexpected_component
REC-02443,normal,0,
REC-02444,high_risk,50,signature_failure;trusted_root_failure
REC-02445,normal,0,
REC-02446,high_risk,40,untrusted_vendor
REC-02447,investigate,15,missing_sbom
REC-02448,high_risk,40,hash_integrity_failure
REC-02449,investigate,20,vulnerable_component
REC-02450,high_risk,40,unauthorized_rollback
REC-02451,high_risk,40,unauthorized_rollback
REC-02452,high_risk,50,signature_failure;trusted_root_failure
REC-02453,investigate,10,stale_evidence
REC-02454,high_risk,40,untrusted_vendor
REC-02455,investigate,20,unexpected_component
REC-02456,normal,0,
REC-02457,investigate,15,missing_sbom
REC-02458,normal,0,
REC-02459,investigate,20,vulnerable_component
REC-02460,high_risk,40,hash_integrity_failure
REC-02461,high_risk,40,unauthorized_rollback
REC-02462,investigate,20,vulnerable_component
REC-02463,investigate,15,missing_sbom
REC-02464,investigate,10,stale_evidence
REC-02465,normal,0,
REC-02466,investigate,20,unexpected_component
REC-02467,normal,0,
REC-02468,high_risk,50,signature_failure;trusted_root_failure
REC-02469,high_risk,40,hash_integrity_failure
REC-02470,high_risk,40,untrusted_vendor
REC-02471,high_risk,40,untrusted_vendor
REC-02472,high_risk,40,unauthorized_rollback
REC-02473,high_risk,40,hash_integrity_failure
REC-02474,investigate,10,stale_evidence
REC-02475,high_risk,50,signature_failure;trusted_root_failure
REC-02476,normal,0,
REC-02477,investigate,20,unexpected_component
REC-02478,normal,0,
REC-02479,investigate,20,vulnerable_component
REC-02480,investigate,15,missing_sbom
REC-02481,high_risk,40,untrusted_vendor
REC-02482,investigate,15,missing_sbom
REC-02483,high_risk,50,signature_failure;trusted_root_failure
REC-02484,high_risk,40,hash_integrity_failure
REC-02485,high_risk,40,unauthorized_rollback
REC-02486,investigate,20,unexpected_component
REC-02487,normal,0,
REC-02488,normal,0,
REC-02489,investigate,10,stale_evidence
REC-02490,investigate,20,vulnerable_component
REC-02491,high_risk,40,hash_integrity_failure
REC-02492,normal,0,
REC-02493,normal,0,
REC-02494,high_risk,40,unauthorized_rollback
REC-02495,investigate,20,unexpected_component
REC-02496,high_risk,50,signature_failure;trusted_root_failure
REC-02497,high_risk,40,untrusted_vendor
REC-02498,investigate,15,missing_sbom
REC-02499,investigate,10,stale_evidence
REC-02500,investigate,20,vulnerable_component
REC-02501,high_risk,40,untrusted_vendor
REC-02502,investigate,15,missing_sbom
REC-02503,investigate,20,unexpected_component
REC-02504,normal,0,
REC-02505,investigate,20,vulnerable_component
REC-02506,high_risk,40,unauthorized_rollback
REC-02507,high_risk,40,hash_integrity_failure
REC-02508,high_risk,50,signature_failure;trusted_root_failure
REC-02509,normal,0,
REC-02510,investigate,10,stale_evidence
REC-02511,normal,0,
REC-02512,high_risk,40,hash_integrity_failure
REC-02513,high_risk,50,signature_failure;trusted_root_failure
REC-02514,investigate,20,vulnerable_component
REC-02515,investigate,10,stale_evidence
REC-02516,investigate,15,missing_sbom
REC-02517,normal,0,
REC-02518,investigate,20,unexpected_component
REC-02519,high_risk,40,untrusted_vendor
REC-02520,high_risk,40,unauthorized_rollback
REC-02521,investigate,20,vulnerable_component
REC-02522,investigate,15,missing_sbom
REC-02523,high_risk,40,hash_integrity_failure
REC-02524,high_risk,40,unauthorized_rollback
REC-02525,normal,0,
REC-02526,investigate,10,stale_evidence
REC-02527,investigate,20,unexpected_component
REC-02528,normal,0,
REC-02529,high_risk,50,signature_failure;trusted_root_failure
REC-02530,high_risk,40,untrusted_vendor
REC-02531,investigate,20,unexpected_component
REC-02532,investigate,15,missing_sbom
REC-02533,investigate,20,vulnerable_component
REC-02534,high_risk,50,signature_failure;trusted_root_failure
REC-02535,normal,0,
REC-02536,high_risk,40,unauthorized_rollback
REC-02537,investigate,10,stale_evidence
REC-02538,normal,0,
REC-02539,high_risk,40,untrusted_vendor
REC-02540,high_risk,40,hash_integrity_failure
REC-02541,high_risk,40,untrusted_vendor
REC-02542,investigate,15,missing_sbom
REC-02543,normal,0,
REC-02544,investigate,20,unexpected_component
REC-02545,investigate,20,vulnerable_component
REC-02546,high_risk,50,signature_failure;trusted_root_failure
REC-02547,normal,0,
REC-02548,high_risk,40,unauthorized_rollback
REC-02549,investigate,10,stale_evidence
REC-02550,high_risk,40,hash_integrity_failure
REC-02551,high_risk,40,hash_integrity_failure
REC-02552,high_risk,40,unauthorized_rollback
REC-02553,investigate,10,stale_evidence
REC-02554,investigate,20,vulnerable_component
REC-02555,investigate,15,missing_sbom
REC-02556,normal,0,
REC-02557,investigate,20,unexpected_component
REC-02558,normal,0,
REC-02559,high_risk,50,signature_failure;trusted_root_failure
REC-02560,high_risk,40,untrusted_vendor
REC-02561,investigate,15,missing_sbom
REC-02562,investigate,20,unexpected_component
REC-02563,high_risk,40,unauthorized_rollback
REC-02564,high_risk,40,untrusted_vendor
REC-02565,high_risk,40,hash_integrity_failure
REC-02566,investigate,10,stale_evidence
REC-02567,high_risk,50,signature_failure;trusted_root_failure
REC-02568,investigate,20,vulnerable_component
REC-02569,normal,0,
REC-02570,normal,0,
REC-02571,normal,0,
REC-02572,investigate,10,stale_evidence
REC-02573,investigate,15,missing_sbom
REC-02574,high_risk,40,unauthorized_rollback
REC-02575,normal,0,
REC-02576,high_risk,40,untrusted_vendor
REC-02577,investigate,20,unexpected_component
REC-02578,investigate,20,vulnerable_component
REC-02579,high_risk,50,signature_failure;trusted_root_failure
REC-02580,high_risk,40,hash_integrity_failure
REC-02581,investigate,10,stale_evidence
REC-02582,investigate,20,unexpected_component
REC-02583,normal,0,
REC-02584,normal,0,
REC-02585,investigate,20,vulnerable_component
REC-02586,high_risk,40,unauthorized_rollback
REC-02587,high_risk,40,hash_integrity_failure
REC-02588,investigate,15,missing_sbom
REC-02589,high_risk,40,untrusted_vendor
REC-02590,high_risk,50,signature_failure;trusted_root_failure
REC-02591,normal,0,
REC-02592,high_risk,40,unauthorized_rollback
REC-02593,investigate,20,unexpected_component
REC-02594,high_risk,50,signature_failure;trusted_root_failure
REC-02595,high_risk,40,hash_integrity_failure
REC-02596,normal,0,
REC-02597,high_risk,40,untrusted_vendor
REC-02598,investigate,10,stale_evidence
REC-02599,investigate,20,vulnerable_component
REC-02600,investigate,15,missing_sbom
REC-02601,high_risk,40,hash_integrity_failure
REC-02602,high_risk,50,signature_failure;trusted_root_failure
REC-02603,normal,0,
REC-02604,investigate,15,missing_sbom
REC-02605,investigate,20,unexpected_component
REC-02606,investigate,10,stale_evidence
REC-02607,high_risk,40,unauthorized_rollback
REC-02608,normal,0,
REC-02609,investigate,20,vulnerable_component
REC-02610,high_risk,40,untrusted_vendor
REC-02611,high_risk,50,signature_failure;trusted_root_failure
REC-02612,investigate,15,missing_sbom
REC-02613,normal,0,
REC-02614,high_risk,40,untrusted_vendor
REC-02615,high_risk,40,hash_integrity_failure
REC-02616,investigate,20,unexpected_component
REC-02617,investigate,20,vulnerable_component
REC-02618,investigate,10,stale_evidence
REC-02619,high_risk,40,unauthorized_rollback
REC-02620,normal,0,
REC-02621,high_risk,40,untrusted_vendor
REC-02622,investigate,20,vulnerable_component
REC-02623,investigate,20,unexpected_component
REC-02624,normal,0,
REC-02625,high_risk,40,unauthorized_rollback
REC-02626,high_risk,50,signature_failure;trusted_root_failure
REC-02627,investigate,15,missing_sbom
REC-02628,investigate,10,stale_evidence
REC-02629,high_risk,40,hash_integrity_failure
REC-02630,normal,0,
REC-02631,high_risk,40,untrusted_vendor
REC-02632,high_risk,40,hash_integrity_failure
REC-02633,investigate,20,vulnerable_component
REC-02634,high_risk,40,unauthorized_rollback
REC-02635,high_risk,50,signature_failure;trusted_root_failure
REC-02636,normal,0,
REC-02637,investigate,15,missing_sbom
REC-02638,normal,0,
REC-02639,investigate,10,stale_evidence
REC-02640,investigate,20,unexpected_component
REC-02641,investigate,15,missing_sbom
REC-02642,high_risk,40,unauthorized_rollback
REC-02643,investigate,20,vulnerable_component
REC-02644,normal,0,
REC-02645,normal,0,
REC-02646,high_risk,40,untrusted_vendor
REC-02647,investigate,10,stale_evidence
REC-02648,high_risk,40,hash_integrity_failure
REC-02649,high_risk,50,signature_failure;trusted_root_failure
REC-02650,investigate,20,unexpected_component
REC-02651,high_risk,40,untrusted_vendor
REC-02652,high_risk,40,hash_integrity_failure
REC-02653,high_risk,50,signature_failure;trusted_root_failure
REC-02654,normal,0,
REC-02655,investigate,20,unexpected_component
REC-02656,normal,0,
REC-02657,high_risk,40,unauthorized_rollback
REC-02658,investigate,15,missing_sbom
REC-02659,investigate,20,vulnerable_component
REC-02660,investigate,10,stale_evidence
REC-02661,high_risk,40,untrusted_vendor
REC-02662,investigate,10,stale_evidence
REC-02663,investigate,15,missing_sbom
REC-02664,investigate,20,vulnerable_component
REC-02665,normal,0,
REC-02666,normal,0,
REC-02667,high_risk,50,signature_failure;trusted_root_failure
REC-02668,high_risk,40,hash_integrity_failure
REC-02669,high_risk,40,unauthorized_rollback
REC-02670,investigate,20,unexpected_component
REC-02671,normal,0,
REC-02672,investigate,10,stale_evidence
REC-02673,investigate,20,unexpected_component
REC-02674,high_risk,40,hash_integrity_failure
REC-02675,investigate,15,missing_sbom
REC-02676,high_risk,50,signature_failure;trusted_root_failure
REC-02677,high_risk,40,untrusted_vendor
REC-02678,investigate,20,vulnerable_component
REC-02679,high_risk,40,unauthorized_rollback
REC-02680,normal,0,
REC-02681,high_risk,50,signature_failure;trusted_root_failure
REC-02682,normal,0,
REC-02683,investigate,20,unexpected_component
REC-02684,normal,0,
REC-02685,investigate,15,missing_sbom
REC-02686,high_risk,40,hash_integrity_failure
REC-02687,high_risk,40,unauthorized_rollback
REC-02688,investigate,20,vulnerable_component
REC-02689,investigate,10,stale_evidence
REC-02690,high_risk,40,untrusted_vendor
REC-02691,high_risk,40,hash_integrity_failure
REC-02692,high_risk,40,untrusted_vendor
REC-02693,investigate,15,missing_sbom
REC-02694,investigate,20,vulnerable_component
REC-02695,normal,0,
REC-02696,normal,0,
REC-02697,investigate,10,stale_evidence
REC-02698,high_risk,50,signature_failure;trusted_root_failure
REC-02699,investigate,20,unexpected_component
REC-02700,high_risk,40,unauthorized_rollback
REC-02701,high_risk,40,untrusted_vendor
REC-02702,high_risk,50,signature_failure;trusted_root_failure
REC-02703,investigate,10,stale_evidence
REC-02704,investigate,15,missing_sbom
REC-02705,investigate,20,vulnerable_component
REC-02706,investigate,20,unexpected_component
REC-02707,high_risk,40,hash_integrity_failure
REC-02708,high_risk,40,unauthorized_rollback
REC-02709,normal,0,
REC-02710,normal,0,
REC-02711,high_risk,40,hash_integrity_failure
REC-02712,high_risk,50,signature_failure;trusted_root_failure
REC-02713,normal,0,
REC-02714,investigate,15,missing_sbom
REC-02715,high_risk,40,unauthorized_rollback
REC-02716,investigate,20,unexpected_component
REC-02717,high_risk,40,untrusted_vendor
REC-02718,investigate,20,vulnerable_component
REC-02719,investigate,10,stale_evidence
REC-02720,normal,0,
REC-02721,high_risk,40,unauthorized_rollback
REC-02722,investigate,20,unexpected_component
REC-02723,high_risk,40,untrusted_vendor
REC-02724,normal,0,
REC-02725,high_risk,40,hash_integrity_failure
REC-02726,investigate,10,stale_evidence
REC-02727,investigate,15,missing_sbom
REC-02728,investigate,20,vulnerable_component
REC-02729,normal,0,
REC-02730,high_risk,50,signature_failure;trusted_root_failure
REC-02731,investigate,20,unexpected_component
REC-02732,investigate,15,missing_sbom
REC-02733,high_risk,40,unauthorized_rollback
REC-02734,normal,0,
REC-02735,investigate,10,stale_evidence
REC-02736,high_risk,50,signature_failure;trusted_root_failure
REC-02737,investigate,20,vulnerable_component
REC-02738,high_risk,40,hash_integrity_failure
REC-02739,high_risk,40,untrusted_vendor
REC-02740,normal,0,
REC-02741,high_risk,40,hash_integrity_failure
REC-02742,high_risk,40,unauthorized_rollback
REC-02743,investigate,20,vulnerable_component
REC-02744,investigate,15,missing_sbom
REC-02745,investigate,10,stale_evidence
REC-02746,normal,0,
REC-02747,normal,0,
REC-02748,investigate,20,unexpected_component
REC-02749,high_risk,40,untrusted_vendor
REC-02750,high_risk,50,signature_failure;trusted_root_failure
REC-02751,high_risk,50,signature_failure;trusted_root_failure
REC-02752,high_risk,40,hash_integrity_failure
REC-02753,investigate,20,unexpected_component
REC-02754,high_risk,40,unauthorized_rollback
REC-02755,high_risk,40,untrusted_vendor
REC-02756,investigate,20,vulnerable_component
REC-02757,investigate,10,stale_evidence
REC-02758,normal,0,
REC-02759,normal,0,
REC-02760,investigate,15,missing_sbom
REC-02761,investigate,20,vulnerable_component
REC-02762,investigate,15,missing_sbom
REC-02763,high_risk,40,unauthorized_rollback
REC-02764,investigate,20,unexpected_component
REC-02765,normal,0,
REC-02766,normal,0,
REC-02767,high_risk,40,untrusted_vendor
REC-02768,investigate,10,stale_evidence
REC-02769,high_risk,40,hash_integrity_failure
REC-02770,high_risk,50,signature_failure;trusted_root_failure
REC-02771,investigate,10,stale_evidence
REC-02772,investigate,20,unexpected_component
REC-02773,high_risk,40,unauthorized_rollback
REC-02774,normal,0,
REC-02775,high_risk,40,untrusted_vendor
REC-02776,normal,0,
REC-02777,high_risk,50,signature_failure;trusted_root_failure
REC-02778,investigate,20,vulnerable_component
REC-02779,high_risk,40,hash_integrity_failure
REC-02780,investigate,15,missing_sbom
REC-02781,high_risk,40,unauthorized_rollback
REC-02782,high_risk,50,signature_failure;trusted_root_failure
REC-02783,investigate,20,unexpected_component
REC-02784,investigate,10,stale_evidence
REC-02785,high_risk,40,untrusted_vendor
REC-02786,high_risk,40,hash_integrity_failure
REC-02787,investigate,15,missing_sbom
REC-02788,normal,0,
REC-02789,normal,0,
REC-02790,investigate,20,vulnerable_component
REC-02791,high_risk,40,unauthorized_rollback
REC-02792,investigate,10,stale_evidence
REC-02793,investigate,20,unexpected_component
REC-02794,investigate,15,missing_sbom
REC-02795,high_risk,40,untrusted_vendor
REC-02796,investigate,20,vulnerable_component
REC-02797,normal,0,
REC-02798,normal,0,
REC-02799,high_risk,40,hash_integrity_failure
REC-02800,high_risk,50,signature_failure;trusted_root_failure
REC-02801,high_risk,40,untrusted_vendor
REC-02802,high_risk,40,hash_integrity_failure
REC-02803,normal,0,
REC-02804,high_risk,50,signature_failure;trusted_root_failure
REC-02805,investigate,10,stale_evidence
REC-02806,normal,0,
REC-02807,investigate,20,vulnerable_component
REC-02808,investigate,20,unexpected_component
REC-02809,high_risk,40,unauthorized_rollback
REC-02810,investigate,15,missing_sbom
REC-02811,high_risk,40,hash_integrity_failure
REC-02812,investigate,20,unexpected_component
REC-02813,high_risk,40,untrusted_vendor
REC-02814,investigate,20,vulnerable_component
REC-02815,investigate,10,stale_evidence
REC-02816,normal,0,
REC-02817,high_risk,50,signature_failure;trusted_root_failure
REC-02818,normal,0,
REC-02819,investigate,15,missing_sbom
REC-02820,high_risk,40,unauthorized_rollback
REC-02821,high_risk,40,untrusted_vendor
REC-02822,high_risk,50,signature_failure;trusted_root_failure
REC-02823,high_risk,40,hash_integrity_failure
REC-02824,investigate,20,unexpected_component
REC-02825,investigate,20,vulnerable_component
REC-02826,high_risk,40,unauthorized_rollback
REC-02827,normal,0,
REC-02828,investigate,15,missing_sbom
REC-02829,normal,0,
REC-02830,investigate,10,stale_evidence
REC-02831,investigate,20,vulnerable_component
REC-02832,investigate,20,unexpected_component
REC-02833,high_risk,40,untrusted_vendor
REC-02834,high_risk,40,unauthorized_rollback
REC-02835,high_risk,50,signature_failure;trusted_root_failure
REC-02836,normal,0,
REC-02837,investigate,10,stale_evidence
REC-02838,high_risk,40,hash_integrity_failure
REC-02839,normal,0,
REC-02840,investigate,15,missing_sbom
REC-02841,investigate,15,missing_sbom
REC-02842,high_risk,40,untrusted_vendor
REC-02843,high_risk,40,hash_integrity_failure
REC-02844,investigate,20,unexpected_component
REC-02845,investigate,10,stale_evidence
REC-02846,investigate,20,vulnerable_component
REC-02847,normal,0,
REC-02848,normal,0,
REC-02849,high_risk,40,unauthorized_rollback
REC-02850,high_risk,50,signature_failure;trusted_root_failure
REC-02851,normal,0,
REC-02852,high_risk,50,signature_failure;trusted_root_failure
REC-02853,high_risk,40,hash_integrity_failure
REC-02854,investigate,20,unexpected_component
REC-02855,normal,0,
REC-02856,investigate,20,vulnerable_component
REC-02857,high_risk,40,untrusted_vendor
REC-02858,high_risk,40,unauthorized_rollback
REC-02859,investigate,15,missing_sbom
REC-02860,investigate,10,stale_evidence
REC-02861,investigate,15,missing_sbom
REC-02862,investigate,10,stale_evidence
REC-02863,normal,0,
REC-02864,normal,0,
REC-02865,high_risk,40,untrusted_vendor
REC-02866,high_risk,50,signature_failure;trusted_root_failure
REC-02867,investigate,20,vulnerable_component
REC-02868,investigate,20,unexpected_component
REC-02869,high_risk,40,hash_integrity_failure
REC-02870,high_risk,40,unauthorized_rollback
REC-02871,investigate,10,stale_evidence
REC-02872,high_risk,40,hash_integrity_failure
REC-02873,normal,0,
REC-02874,high_risk,40,untrusted_vendor
REC-02875,investigate,20,vulnerable_component
REC-02876,investigate,20,unexpected_component
REC-02877,investigate,15,missing_sbom
REC-02878,high_risk,40,unauthorized_rollback
REC-02879,normal,0,
REC-02880,high_risk,50,signature_failure;trusted_root_failure
REC-02881,investigate,15,missing_sbom
REC-02882,investigate,20,vulnerable_component
REC-02883,investigate,10,stale_evidence
REC-02884,normal,0,
REC-02885,normal,0,
REC-02886,high_risk,40,hash_integrity_failure
REC-02887,high_risk,40,untrusted_vendor
REC-02888,investigate,20,unexpected_component
REC-02889,high_risk,50,signature_failure;trusted_root_failure
REC-02890,high_risk,40,unauthorized_rollback
REC-02891,investigate,15,missing_sbom
REC-02892,investigate,20,unexpected_component
REC-02893,high_risk,40,untrusted_vendor
REC-02894,investigate,20,vulnerable_component
REC-02895,investigate,10,stale_evidence
REC-02896,high_risk,40,unauthorized_rollback
REC-02897,normal,0,
REC-02898,normal,0,
REC-02899,high_risk,50,signature_failure;trusted_root_failure
REC-02900,high_risk,40,hash_integrity_failure
REC-02901,normal,0,
REC-02902,investigate,20,unexpected_component
REC-02903,high_risk,40,hash_integrity_failure
REC-02904,investigate,10,stale_evidence
REC-02905,investigate,15,missing_sbom
REC-02906,investigate,20,vulnerable_component
REC-02907,high_risk,50,signature_failure;trusted_root_failure
REC-02908,high_risk,40,unauthorized_rollback
REC-02909,high_risk,40,untrusted_vendor
REC-02910,normal,0,
REC-02911,investigate,20,unexpected_component
REC-02912,investigate,15,missing_sbom
REC-02913,normal,0,
REC-02914,high_risk,40,unauthorized_rollback
REC-02915,high_risk,40,untrusted_vendor
REC-02916,normal,0,
REC-02917,investigate,10,stale_evidence
REC-02918,high_risk,40,hash_integrity_failure
REC-02919,investigate,20,vulnerable_component
REC-02920,high_risk,50,signature_failure;trusted_root_failure
REC-02921,investigate,15,missing_sbom
REC-02922,investigate,10,stale_evidence
REC-02923,investigate,20,unexpected_component
REC-02924,high_risk,50,signature_failure;trusted_root_failure
REC-02925,high_risk,40,hash_integrity_failure
REC-02926,high_risk,40,unauthorized_rollback
REC-02927,investigate,20,vulnerable_component
REC-02928,normal,0,
REC-02929,high_risk,40,untrusted_vendor
REC-02930,normal,0,
REC-02931,investigate,20,unexpected_component
REC-02932,high_risk,40,hash_integrity_failure
REC-02933,normal,0,
REC-02934,normal,0,
REC-02935,high_risk,50,signature_failure;trusted_root_failure
REC-02936,high_risk,40,untrusted_vendor
REC-02937,high_risk,40,unauthorized_rollback
REC-02938,investigate,15,missing_sbom
REC-02939,investigate,20,vulnerable_component
REC-02940,investigate,10,stale_evidence
REC-02941,high_risk,50,signature_failure;trusted_root_failure
REC-02942,normal,0,
REC-02943,high_risk,40,unauthorized_rollback
REC-02944,normal,0,
REC-02945,investigate,20,unexpected_component
REC-02946,investigate,20,vulnerable_component
REC-02947,high_risk,40,hash_integrity_failure
REC-02948,investigate,10,stale_evidence
REC-02949,high_risk,40,untrusted_vendor
REC-02950,investigate,15,missing_sbom
REC-02951,investigate,20,vulnerable_component
REC-02952,high_risk,50,signature_failure;trusted_root_failure
REC-02953,normal,0,
REC-02954,high_risk,40,untrusted_vendor
REC-02955,high_risk,40,hash_integrity_failure
REC-02956,high_risk,40,unauthorized_rollback
REC-02957,investigate,20,unexpected_component
REC-02958,investigate,15,missing_sbom
REC-02959,investigate,10,stale_evidence
REC-02960,normal,0,
REC-02961,high_risk,40,hash_integrity_failure
REC-02962,investigate,15,missing_sbom
REC-02963,high_risk,40,unauthorized_rollback
REC-02964,normal,0,
REC-02965,investigate,20,unexpected_component
REC-02966,high_risk,50,signature_failure;trusted_root_failure
REC-02967,high_risk,40,untrusted_vendor
REC-02968,normal,0,
REC-02969,investigate,20,vulnerable_component
REC-02970,investigate,10,stale_evidence
REC-02971,normal,0,
REC-02972,high_risk,40,untrusted_vendor
REC-02973,high_risk,40,unauthorized_rollback
REC-02974,normal,0,
REC-02975,investigate,10,stale_evidence
REC-02976,investigate,15,missing_sbom
REC-02977,high_risk,50,signature_failure;trusted_root_failure
REC-02978,investigate,20,unexpected_component
REC-02979,investigate,20,vulnerable_component
REC-02980,high_risk,40,hash_integrity_failure
REC-02981,normal,0,
REC-02982,normal,0,
REC-02983,high_risk,40,untrusted_vendor
REC-02984,investigate,20,unexpected_component
REC-02985,investigate,10,stale_evidence
REC-02986,investigate,15,missing_sbom
REC-02987,high_risk,40,unauthorized_rollback
REC-02988,high_risk,50,signature_failure;trusted_root_failure
REC-02989,investigate,20,vulnerable_component
REC-02990,high_risk,40,hash_integrity_failure
REC-02991,high_risk,50,signature_failure;trusted_root_failure
REC-02992,investigate,10,stale_evidence
REC-02993,investigate,20,vulnerable_component
REC-02994,normal,0,
REC-02995,high_risk,40,untrusted_vendor
REC-02996,high_risk,40,hash_integrity_failure
REC-02997,investigate,15,missing_sbom
REC-02998,investigate,20,unexpected_component
REC-02999,high_risk,40,unauthorized_rollback
REC-03000,normal,0,
REC-03001,high_risk,40,unauthorized_rollback
REC-03002,investigate,15,missing_sbom
REC-03003,investigate,20,unexpected_component
REC-03004,high_risk,40,hash_integrity_failure
REC-03005,high_risk,40,untrusted_vendor
REC-03006,normal,0,
REC-03007,investigate,10,stale_evidence
REC-03008,high_risk,50,signature_failure;trusted_root_failure
REC-03009,normal,0,
REC-03010,investigate,20,vulnerable_component
REC-03011,high_risk,50,signature_failure;trusted_root_failure
REC-03012,high_risk,40,hash_integrity_failure
REC-03013,investigate,15,missing_sbom
REC-03014,high_risk,40,unauthorized_rollback
REC-03015,normal,0,
REC-03016,investigate,20,vulnerable_component
REC-03017,high_risk,40,untrusted_vendor
REC-03018,investigate,20,unexpected_component
REC-03019,investigate,10,stale_evidence
REC-03020,normal,0,
REC-03021,high_risk,50,signature_failure;trusted_root_failure
REC-03022,high_risk,40,hash_integrity_failure
REC-03023,high_risk,40,untrusted_vendor
REC-03024,investigate,20,vulnerable_component
REC-03025,investigate,20,unexpected_component
REC-03026,investigate,15,missing_sbom
REC-03027,normal,0,
REC-03028,high_risk,40,unauthorized_rollback
REC-03029,normal,0,
REC-03030,investigate,10,stale_evidence
REC-03031,high_risk,40,unauthorized_rollback
REC-03032,normal,0,
REC-03033,high_risk,50,signature_failure;trusted_root_failure
REC-03034,investigate,15,missing_sbom
REC-03035,high_risk,40,hash_integrity_failure
REC-03036,high_risk,40,untrusted_vendor
REC-03037,investigate,10,stale_evidence
REC-03038,investigate,20,unexpected_component
REC-03039,normal,0,
REC-03040,investigate,20,vulnerable_component
REC-03041,high_risk,40,hash_integrity_failure
REC-03042,investigate,10,stale_evidence
REC-03043,normal,0,
REC-03044,normal,0,
REC-03045,high_risk,50,signature_failure;trusted_root_failure
REC-03046,investigate,20,vulnerable_component
REC-03047,high_risk,40,untrusted_vendor
REC-03048,high_risk,40,unauthorized_rollback
REC-03049,investigate,20,unexpected_component
REC-03050,investigate,15,missing_sbom
REC-03051,high_risk,40,untrusted_vendor
REC-03052,high_risk,40,hash_integrity_failure
REC-03053,investigate,20,unexpected_component
REC-03054,normal,0,
REC-03055,investigate,10,stale_evidence
REC-03056,investigate,15,missing_sbom
REC-03057,normal,0,
REC-03058,high_risk,40,unauthorized_rollback
REC-03059,investigate,20,vulnerable_component
REC-03060,high_risk,50,signature_failure;trusted_root_failure
REC-03061,investigate,20,vulnerable_component
REC-03062,high_risk,50,signature_failure;trusted_root_failure
REC-03063,investigate,15,missing_sbom
REC-03064,investigate,10,stale_evidence
REC-03065,investigate,20,unexpected_component
REC-03066,high_risk,40,hash_integrity_failure
REC-03067,high_risk,40,unauthorized_rollback
REC-03068,normal,0,
REC-03069,normal,0,
REC-03070,high_risk,40,untrusted_vendor
REC-03071,high_risk,50,signature_failure;trusted_root_failure
REC-03072,normal,0,
REC-03073,high_risk,40,hash_integrity_failure
REC-03074,high_risk,40,unauthorized_rollback
REC-03075,normal,0,
REC-03076,investigate,20,unexpected_component
REC-03077,investigate,10,stale_evidence
REC-03078,investigate,15,missing_sbom
REC-03079,investigate,20,vulnerable_component
REC-03080,high_risk,40,untrusted_vendor
REC-03081,high_risk,40,hash_integrity_failure
REC-03082,high_risk,50,signature_failure;trusted_root_failure
REC-03083,high_risk,40,unauthorized_rollback
REC-03084,normal,0,
REC-03085,investigate,20,unexpected_component
REC-03086,normal,0,
REC-03087,investigate,20,vulnerable_component
REC-03088,investigate,15,missing_sbom
REC-03089,investigate,10,stale_evidence
REC-03090,high_risk,40,untrusted_vendor
REC-03091,investigate,10,stale_evidence
REC-03092,high_risk,40,untrusted_vendor
REC-03093,high_risk,40,hash_integrity_failure
REC-03094,high_risk,50,signature_failure;trusted_root_failure
REC-03095,investigate,20,unexpected_component
REC-03096,investigate,20,vulnerable_component
REC-03097,high_risk,40,unauthorized_rollback
REC-03098,normal,0,
REC-03099,normal,0,
REC-03100,investigate,15,missing_sbom
REC-03101,high_risk,50,signature_failure;trusted_root_failure
REC-03102,high_risk,40,untrusted_vendor
REC-03103,high_risk,40,hash_integrity_failure
REC-03104,investigate,10,stale_evidence
REC-03105,normal,0,
REC-03106,normal,0,
REC-03107,high_risk,40,unauthorized_rollback
REC-03108,investigate,15,missing_sbom
REC-03109,investigate,20,vulnerable_component
REC-03110,investigate,20,unexpected_component
REC-03111,high_risk,40,unauthorized_rollback
REC-03112,high_risk,40,untrusted_vendor
REC-03113,high_risk,40,hash_integrity_failure
REC-03114,normal,0,
REC-03115,normal,0,
REC-03116,high_risk,50,signature_failure;trusted_root_failure
REC-03117,investigate,20,vulnerable_component
REC-03118,investigate,15,missing_sbom
REC-03119,investigate,10,stale_evidence
REC-03120,investigate,20,unexpected_component
REC-03121,investigate,15,missing_sbom
REC-03122,high_risk,40,unauthorized_rollback
REC-03123,normal,0,
REC-03124,investigate,10,stale_evidence
REC-03125,normal,0,
REC-03126,investigate,20,unexpected_component
REC-03127,high_risk,50,signature_failure;trusted_root_failure
REC-03128,investigate,20,vulnerable_component
REC-03129,high_risk,40,hash_integrity_failure
REC-03130,high_risk,40,untrusted_vendor
REC-03131,investigate,15,missing_sbom
REC-03132,high_risk,40,unauthorized_rollback
REC-03133,high_risk,40,hash_integrity_failure
REC-03134,investigate,20,vulnerable_component
REC-03135,investigate,10,stale_evidence
REC-03136,normal,0,
REC-03137,investigate,20,unexpected_component
REC-03138,normal,0,
REC-03139,high_risk,40,untrusted_vendor
REC-03140,high_risk,50,signature_failure;trusted_root_failure
REC-03141,high_risk,40,unauthorized_rollback
REC-03142,normal,0,
REC-03143,high_risk,50,signature_failure;trusted_root_failure
REC-03144,investigate,20,unexpected_component
REC-03145,investigate,15,missing_sbom
REC-03146,high_risk,40,hash_integrity_failure
REC-03147,high_risk,40,untrusted_vendor
REC-03148,investigate,20,vulnerable_component
REC-03149,investigate,10,stale_evidence
REC-03150,normal,0,
REC-03151,normal,0,
REC-03152,investigate,20,vulnerable_component
REC-03153,high_risk,50,signature_failure;trusted_root_failure
REC-03154,high_risk,40,untrusted_vendor
REC-03155,high_risk,40,unauthorized_rollback
REC-03156,high_risk,40,hash_integrity_failure
REC-03157,investigate,15,missing_sbom
REC-03158,investigate,20,unexpected_component
REC-03159,investigate,10,stale_evidence
REC-03160,normal,0,
REC-03161,investigate,15,missing_sbom
REC-03162,high_risk,40,unauthorized_rollback
REC-03163,high_risk,50,signature_failure;trusted_root_failure
REC-03164,investigate,10,stale_evidence
REC-03165,investigate,20,unexpected_component
REC-03166,normal,0,
REC-03167,investigate,20,vulnerable_component
REC-03168,high_risk,40,untrusted_vendor
REC-03169,high_risk,40,hash_integrity_failure
REC-03170,normal,0,
REC-03171,high_risk,50,signature_failure;trusted_root_failure
REC-03172,high_risk,40,hash_integrity_failure
REC-03173,investigate,20,vulnerable_component
REC-03174,high_risk,40,unauthorized_rollback
REC-03175,normal,0,
REC-03176,investigate,15,missing_sbom
REC-03177,normal,0,
REC-03178,high_risk,40,untrusted_vendor
REC-03179,investigate,20,unexpected_component
REC-03180,investigate,10,stale_evidence
REC-03181,high_risk,50,signature_failure;trusted_root_failure
REC-03182,high_risk,40,unauthorized_rollback
REC-03183,investigate,20,vulnerable_component
REC-03184,investigate,10,stale_evidence
REC-03185,high_risk,40,hash_integrity_failure
REC-03186,high_risk,40,untrusted_vendor
REC-03187,investigate,20,unexpected_component
REC-03188,normal,0,
REC-03189,investigate,15,missing_sbom
REC-03190,normal,0,
REC-03191,high_risk,40,hash_integrity_failure
REC-03192,normal,0,
REC-03193,investigate,20,vulnerable_component
REC-03194,high_risk,40,unauthorized_rollback
REC-03195,high_risk,50,signature_failure;trusted_root_failure
REC-03196,high_risk,40,untrusted_vendor
REC-03197,investigate,20,unexpected_component
REC-03198,normal,0,
REC-03199,investigate,15,missing_sbom
REC-03200,investigate,10,stale_evidence
REC-03201,high_risk,40,untrusted_vendor
REC-03202,high_risk,50,signature_failure;trusted_root_failure
REC-03203,investigate,20,unexpected_component
REC-03204,high_risk,40,hash_integrity_failure
REC-03205,normal,0,
REC-03206,normal,0,
REC-03207,investigate,15,missing_sbom
REC-03208,high_risk,40,unauthorized_rollback
REC-03209,investigate,20,vulnerable_component
REC-03210,investigate,10,stale_evidence
REC-03211,investigate,20,vulnerable_component
REC-03212,high_risk,40,unauthorized_rollback
REC-03213,normal,0,
REC-03214,normal,0,
REC-03215,investigate,10,stale_evidence
REC-03216,high_risk,40,hash_integrity_failure
REC-03217,high_risk,40,untrusted_vendor
REC-03218,investigate,15,missing_sbom
REC-03219,high_risk,50,signature_failure;trusted_root_failure
REC-03220,investigate,20,unexpected_component
REC-03221,investigate,20,vulnerable_component
REC-03222,normal,0,
REC-03223,high_risk,50,signature_failure;trusted_root_failure
REC-03224,high_risk,40,hash_integrity_failure
REC-03225,investigate,10,stale_evidence
REC-03226,normal,0,
REC-03227,high_risk,40,untrusted_vendor
REC-03228,investigate,20,unexpected_component
REC-03229,investigate,15,missing_sbom
REC-03230,high_risk,40,unauthorized_rollback
REC-03231,normal,0,
REC-03232,investigate,20,unexpected_component
REC-03233,normal,0,
REC-03234,high_risk,40,untrusted_vendor
REC-03235,investigate,10,stale_evidence
REC-03236,high_risk,50,signature_failure;trusted_root_failure
REC-03237,high_risk,40,hash_integrity_failure
REC-03238,investigate,15,missing_sbom
REC-03239,high_risk,40,unauthorized_rollback
REC-03240,investigate,20,vulnerable_component
REC-03241,investigate,15,missing_sbom
REC-03242,investigate,20,vulnerable_component
REC-03243,high_risk,40,unauthorized_rollback
REC-03244,investigate,20,unexpected_component
REC-03245,high_risk,40,hash_integrity_failure
REC-03246,normal,0,
REC-03247,high_risk,50,signature_failure;trusted_root_failure
REC-03248,high_risk,40,untrusted_vendor
REC-03249,normal,0,
REC-03250,investigate,10,stale_evidence
REC-03251,investigate,10,stale_evidence
REC-03252,investigate,20,vulnerable_component
REC-03253,investigate,15,missing_sbom
REC-03254,high_risk,40,untrusted_vendor
REC-03255,investigate,20,unexpected_component
REC-03256,normal,0,
REC-03257,high_risk,40,hash_integrity_failure
REC-03258,high_risk,50,signature_failure;trusted_root_failure
REC-03259,high_risk,40,unauthorized_rollback
REC-03260,normal,0,
REC-03261,investigate,20,vulnerable_component
REC-03262,high_risk,40,unauthorized_rollback
REC-03263,high_risk,40,untrusted_vendor
REC-03264,high_risk,40,hash_integrity_failure
REC-03265,high_risk,50,signature_failure;trusted_root_failure
REC-03266,investigate,10,stale_evidence
REC-03267,normal,0,
REC-03268,investigate,15,missing_sbom
REC-03269,normal,0,
REC-03270,investigate,20,unexpected_component
REC-03271,investigate,10,stale_evidence
REC-03272,normal,0,
REC-03273,investigate,20,unexpected_component
REC-03274,investigate,15,missing_sbom
REC-03275,high_risk,40,hash_integrity_failure
REC-03276,investigate,20,vulnerable_component
REC-03277,high_risk,40,untrusted_vendor
REC-03278,high_risk,50,signature_failure;trusted_root_failure
REC-03279,normal,0,
REC-03280,high_risk,40,unauthorized_rollback
REC-03281,investigate,10,stale_evidence
REC-03282,high_risk,40,unauthorized_rollback
REC-03283,normal,0,
REC-03284,investigate,15,missing_sbom
REC-03285,normal,0,
REC-03286,investigate,20,vulnerable_component
REC-03287,high_risk,40,untrusted_vendor
REC-03288,high_risk,40,hash_integrity_failure
REC-03289,investigate,20,unexpected_component
REC-03290,high_risk,50,signature_failure;trusted_root_failure
REC-03291,investigate,10,stale_evidence
REC-03292,investigate,15,missing_sbom
REC-03293,high_risk,40,hash_integrity_failure
REC-03294,normal,0,
REC-03295,high_risk,40,unauthorized_rollback
REC-03296,investigate,20,vulnerable_component
REC-03297,high_risk,40,untrusted_vendor
REC-03298,investigate,20,unexpected_component
REC-03299,normal,0,
REC-03300,high_risk,50,signature_failure;trusted_root_failure
REC-03301,investigate,10,stale_evidence
REC-03302,high_risk,50,signature_failure;trusted_root_failure
REC-03303,normal,0,
REC-03304,high_risk,40,untrusted_vendor
REC-03305,normal,0,
REC-03306,high_risk,40,hash_integrity_failure
REC-03307,investigate,20,vulnerable_component
REC-03308,investigate,15,missing_sbom
REC-03309,high_risk,40,unauthorized_rollback
REC-03310,investigate,20,unexpected_component
REC-03311,high_risk,40,unauthorized_rollback
REC-03312,high_risk,50,signature_failure;trusted_root_failure
REC-03313,investigate,15,missing_sbom
REC-03314,normal,0,
REC-03315,investigate,10,stale_evidence
REC-03316,high_risk,40,untrusted_vendor
REC-03317,investigate,20,vulnerable_component
REC-03318,normal,0,
REC-03319,high_risk,40,hash_integrity_failure
REC-03320,investigate,20,unexpected_component
REC-03321,investigate,20,unexpected_component
REC-03322,investigate,10,stale_evidence
REC-03323,normal,0,
REC-03324,high_risk,40,unauthorized_rollback
REC-03325,high_risk,40,untrusted_vendor
REC-03326,high_risk,40,hash_integrity_failure
REC-03327,investigate,15,missing_sbom
REC-03328,high_risk,50,signature_failure;trusted_root_failure
REC-03329,investigate,20,vulnerable_component
REC-03330,normal,0,
REC-03331,investigate,15,missing_sbom
REC-03332,high_risk,40,hash_integrity_failure
REC-03333,investigate,20,vulnerable_component
REC-03334,investigate,10,stale_evidence
REC-03335,normal,0,
REC-03336,normal,0,
REC-03337,high_risk,40,unauthorized_rollback
REC-03338,investigate,20,unexpected_component
REC-03339,high_risk,40,untrusted_vendor
REC-03340,high_risk,50,signature_failure;trusted_root_failure
REC-03341,investigate,20,vulnerable_component
REC-03342,high_risk,40,untrusted_vendor
REC-03343,investigate,20,unexpected_component
REC-03344,normal,0,
REC-03345,normal,0,
REC-03346,high_risk,40,unauthorized_rollback
REC-03347,investigate,15,missing_sbom
REC-03348,investigate,10,stale_evidence
REC-03349,high_risk,40,hash_integrity_failure
REC-03350,high_risk,50,signature_failure;trusted_root_failure
REC-03351,investigate,15,missing_sbom
REC-03352,investigate,20,unexpected_component
REC-03353,high_risk,40,unauthorized_rollback
REC-03354,high_risk,40,untrusted_vendor
REC-03355,high_risk,40,hash_integrity_failure
REC-03356,normal,0,
REC-03357,normal,0,
REC-03358,investigate,20,vulnerable_component
REC-03359,investigate,10,stale_evidence
REC-03360,high_risk,50,signature_failure;trusted_root_failure
REC-03361,investigate,20,unexpected_component
REC-03362,normal,0,
REC-03363,investigate,10,stale_evidence
REC-03364,investigate,15,missing_sbom
REC-03365,high_risk,40,untrusted_vendor
REC-03366,normal,0,
REC-03367,high_risk,40,unauthorized_rollback
REC-03368,high_risk,50,signature_failure;trusted_root_failure
REC-03369,high_risk,40,hash_integrity_failure
REC-03370,investigate,20,vulnerable_component
REC-03371,investigate,10,stale_evidence
REC-03372,normal,0,
REC-03373,high_risk,40,untrusted_vendor
REC-03374,investigate,15,missing_sbom
REC-03375,high_risk,50,signature_failure;trusted_root_failure
REC-03376,investigate,20,unexpected_component
REC-03377,investigate,20,vulnerable_component
REC-03378,high_risk,40,unauthorized_rollback
REC-03379,normal,0,
REC-03380,high_risk,40,hash_integrity_failure
REC-03381,normal,0,
REC-03382,high_risk,50,signature_failure;trusted_root_failure
REC-03383,investigate,15,missing_sbom
REC-03384,investigate,10,stale_evidence
REC-03385,investigate,20,vulnerable_component
REC-03386,high_risk,40,unauthorized_rollback
REC-03387,normal,0,
REC-03388,high_risk,40,untrusted_vendor
REC-03389,investigate,20,unexpected_component
REC-03390,high_risk,40,hash_integrity_failure
REC-03391,investigate,20,vulnerable_component
REC-03392,investigate,10,stale_evidence
REC-03393,high_risk,40,unauthorized_rollback
REC-03394,normal,0,
REC-03395,investigate,15,missing_sbom
REC-03396,investigate,20,unexpected_component
REC-03397,high_risk,50,signature_failure;trusted_root_failure
REC-03398,normal,0,
REC-03399,high_risk,40,untrusted_vendor
REC-03400,high_risk,40,hash_integrity_failure
REC-03401,normal,0,
REC-03402,investigate,20,vulnerable_component
REC-03403,high_risk,40,hash_integrity_failure
REC-03404,investigate,20,unexpected_component
REC-03405,high_risk,40,unauthorized_rollback
REC-03406,investigate,10,stale_evidence
REC-03407,normal,0,
REC-03408,high_risk,40,untrusted_vendor
REC-03409,high_risk,50,signature_failure;trusted_root_failure
REC-03410,investigate,15,missing_sbom
REC-03411,investigate,20,unexpected_component
REC-03412,normal,0,
REC-03413,investigate,10,stale_evidence
REC-03414,high_risk,50,signature_failure;trusted_root_failure
REC-03415,normal,0,
REC-03416,investigate,20,vulnerable_component
REC-03417,high_risk,40,hash_integrity_failure
REC-03418,high_risk,40,untrusted_vendor
REC-03419,high_risk,40,unauthorized_rollback
REC-03420,investigate,15,missing_sbom
REC-03421,high_risk,50,signature_failure;trusted_root_failure
REC-03422,investigate,10,stale_evidence
REC-03423,investigate,15,missing_sbom
REC-03424,normal,0,
REC-03425,investigate,20,unexpected_component
REC-03426,normal,0,
REC-03427,high_risk,40,hash_integrity_failure
REC-03428,investigate,20,vulnerable_component
REC-03429,high_risk,40,unauthorized_rollback
REC-03430,high_risk,40,untrusted_vendor
REC-03431,normal,0,
REC-03432,investigate,15,missing_sbom
REC-03433,investigate,10,stale_evidence
REC-03434,investigate,20,vulnerable_component
REC-03435,normal,0,
REC-03436,investigate,20,unexpected_component
REC-03437,high_risk,40,hash_integrity_failure
REC-03438,high_risk,40,untrusted_vendor
REC-03439,high_risk,40,unauthorized_rollback
REC-03440,high_risk,50,signature_failure;trusted_root_failure
REC-03441,normal,0,
REC-03442,high_risk,40,hash_integrity_failure
REC-03443,investigate,15,missing_sbom
REC-03444,investigate,20,unexpected_component
REC-03445,investigate,20,vulnerable_component
REC-03446,high_risk,40,unauthorized_rollback
REC-03447,high_risk,50,signature_failure;trusted_root_failure
REC-03448,normal,0,
REC-03449,investigate,10,stale_evidence
REC-03450,high_risk,40,untrusted_vendor
REC-03451,investigate,20,vulnerable_component
REC-03452,normal,0,
REC-03453,high_risk,40,unauthorized_rollback
REC-03454,investigate,10,stale_evidence
REC-03455,normal,0,
REC-03456,investigate,15,missing_sbom
REC-03457,investigate,20,unexpected_component
REC-03458,high_risk,50,signature_failure;trusted_root_failure
REC-03459,high_risk,40,hash_integrity_failure
REC-03460,high_risk,40,untrusted_vendor
REC-03461,investigate,20,unexpected_component
REC-03462,normal,0,
REC-03463,high_risk,40,untrusted_vendor
REC-03464,investigate,20,vulnerable_component
REC-03465,high_risk,40,hash_integrity_failure
REC-03466,investigate,10,stale_evidence
REC-03467,normal,0,
REC-03468,high_risk,50,signature_failure;trusted_root_failure
REC-03469,investigate,15,missing_sbom
REC-03470,high_risk,40,unauthorized_rollback
REC-03471,high_risk,40,hash_integrity_failure
REC-03472,high_risk,50,signature_failure;trusted_root_failure
REC-03473,normal,0,
REC-03474,investigate,10,stale_evidence
REC-03475,normal,0,
REC-03476,high_risk,40,untrusted_vendor
REC-03477,investigate,20,vulnerable_component
REC-03478,high_risk,40,unauthorized_rollback
REC-03479,investigate,15,missing_sbom
REC-03480,investigate,20,unexpected_component
REC-03481,investigate,15,missing_sbom
REC-03482,normal,0,
REC-03483,high_risk,40,hash_integrity_failure
REC-03484,high_risk,50,signature_failure;trusted_root_failure
REC-03485,investigate,20,vulnerable_component
REC-03486,high_risk,40,unauthorized_rollback
REC-03487,investigate,10,stale_evidence
REC-03488,normal,0,
REC-03489,high_risk,40,untrusted_vendor
REC-03490,investigate,20,unexpected_component
REC-03491,investigate,20,unexpected_component
REC-03492,high_risk,40,unauthorized_rollback
REC-03493,investigate,20,vulnerable_component
REC-03494,investigate,15,missing_sbom
REC-03495,high_risk,40,hash_integrity_failure
REC-03496,normal,0,
REC-03497,high_risk,40,untrusted_vendor
REC-03498,high_risk,50,signature_failure;trusted_root_failure
REC-03499,investigate,10,stale_evidence
REC-03500,normal,0,
REC-03501,high_risk,40,unauthorized_rollback
REC-03502,normal,0,
REC-03503,investigate,20,vulnerable_component
REC-03504,high_risk,40,hash_integrity_failure
REC-03505,investigate,10,stale_evidence
REC-03506,investigate,15,missing_sbom
REC-03507,high_risk,40,untrusted_vendor
REC-03508,normal,0,
REC-03509,high_risk,50,signature_failure;trusted_root_failure
REC-03510,investigate,20,unexpected_component
REC-03511,high_risk,40,untrusted_vendor
REC-03512,investigate,15,missing_sbom
REC-03513,normal,0,
REC-03514,investigate,10,stale_evidence
REC-03515,high_risk,40,hash_integrity_failure
REC-03516,high_risk,40,unauthorized_rollback
REC-03517,investigate,20,vulnerable_component
REC-03518,normal,0,
REC-03519,high_risk,50,signature_failure;trusted_root_failure
REC-03520,investigate,20,unexpected_component
REC-03521,investigate,15,missing_sbom
REC-03522,investigate,20,vulnerable_component
REC-03523,high_risk,40,untrusted_vendor
REC-03524,investigate,10,stale_evidence
REC-03525,high_risk,40,unauthorized_rollback
REC-03526,high_risk,50,signature_failure;trusted_root_failure
REC-03527,normal,0,
REC-03528,high_risk,40,hash_integrity_failure
REC-03529,investigate,20,unexpected_component
REC-03530,normal,0,
REC-03531,investigate,10,stale_evidence
REC-03532,high_risk,50,signature_failure;trusted_root_failure
REC-03533,normal,0,
REC-03534,investigate,20,vulnerable_component
REC-03535,high_risk,40,hash_integrity_failure
REC-03536,high_risk,40,untrusted_vendor
REC-03537,investigate,15,missing_sbom
REC-03538,investigate,20,unexpected_component
REC-03539,high_risk,40,unauthorized_rollback
REC-03540,normal,0,
REC-03541,high_risk,40,hash_integrity_failure
REC-03542,investigate,20,vulnerable_component
REC-03543,investigate,15,missing_sbom
REC-03544,high_risk,40,unauthorized_rollback
REC-03545,normal,0,
REC-03546,investigate,20,unexpected_component
REC-03547,high_risk,40,untrusted_vendor
REC-03548,investigate,10,stale_evidence
REC-03549,high_risk,50,signature_failure;trusted_root_failure
REC-03550,normal,0,
REC-03551,high_risk,40,hash_integrity_failure
REC-03552,normal,0,
REC-03553,high_risk,40,unauthorized_rollback
REC-03554,investigate,20,unexpected_component
REC-03555,normal,0,
REC-03556,investigate,20,vulnerable_component
REC-03557,high_risk,40,untrusted_vendor
REC-03558,investigate,15,missing_sbom
REC-03559,investigate,10,stale_evidence
REC-03560,high_risk,50,signature_failure;trusted_root_failure
REC-03561,high_risk,40,unauthorized_rollback
REC-03562,normal,0,
REC-03563,high_risk,40,untrusted_vendor
REC-03564,investigate,10,stale_evidence
REC-03565,investigate,20,vulnerable_component
REC-03566,investigate,20,unexpected_component
REC-03567,normal,0,
REC-03568,high_risk,50,signature_failure;trusted_root_failure
REC-03569,high_risk,40,hash_integrity_failure
REC-03570,investigate,15,missing_sbom
REC-03571,normal,0,
REC-03572,high_risk,40,hash_integrity_failure
REC-03573,high_risk,50,signature_failure;trusted_root_failure
REC-03574,normal,0,
REC-03575,investigate,10,stale_evidence
REC-03576,investigate,20,vulnerable_component
REC-03577,high_risk,40,unauthorized_rollback
REC-03578,investigate,20,unexpected_component
REC-03579,investigate,15,missing_sbom
REC-03580,high_risk,40,untrusted_vendor
REC-03581,investigate,20,unexpected_component
REC-03582,high_risk,40,untrusted_vendor
REC-03583,high_risk,40,unauthorized_rollback
REC-03584,high_risk,50,signature_failure;trusted_root_failure
REC-03585,investigate,15,missing_sbom
REC-03586,investigate,10,stale_evidence
REC-03587,high_risk,40,hash_integrity_failure
REC-03588,normal,0,
REC-03589,investigate,20,vulnerable_component
REC-03590,normal,0,
REC-03591,investigate,15,missing_sbom
REC-03592,normal,0,
REC-03593,investigate,20,vulnerable_component
REC-03594,normal,0,
REC-03595,high_risk,40,unauthorized_rollback
REC-03596,high_risk,40,hash_integrity_failure
REC-03597,high_risk,50,signature_failure;trusted_root_failure
REC-03598,high_risk,40,untrusted_vendor
REC-03599,investigate,20,unexpected_component
REC-03600,investigate,10,stale_evidence
REC-03601,investigate,15,missing_sbom
REC-03602,high_risk,40,unauthorized_rollback
REC-03603,normal,0,
REC-03604,investigate,20,vulnerable_component
REC-03605,normal,0,
REC-03606,investigate,20,unexpected_component
REC-03607,investigate,10,stale_evidence
REC-03608,high_risk,40,hash_integrity_failure
REC-03609,high_risk,50,signature_failure;trusted_root_failure
REC-03610,high_risk,40,untrusted_vendor
REC-03611,high_risk,40,unauthorized_rollback
REC-03612,high_risk,40,untrusted_vendor
REC-03613,normal,0,
REC-03614,high_risk,50,signature_failure;trusted_root_failure
REC-03615,investigate,10,stale_evidence
REC-03616,investigate,20,vulnerable_component
REC-03617,high_risk,40,hash_integrity_failure
REC-03618,normal,0,
REC-03619,investigate,15,missing_sbom
REC-03620,investigate,20,unexpected_component
REC-03621,high_risk,40,untrusted_vendor
REC-03622,high_risk,50,signature_failure;trusted_root_failure
REC-03623,high_risk,40,unauthorized_rollback
REC-03624,normal,0,
REC-03625,normal,0,
REC-03626,investigate,10,stale_evidence
REC-03627,investigate,20,vulnerable_component
REC-03628,investigate,15,missing_sbom
REC-03629,high_risk,40,hash_integrity_failure
REC-03630,investigate,20,unexpected_component
REC-03631,high_risk,40,unauthorized_rollback
REC-03632,normal,0,
REC-03633,investigate,20,vulnerable_component
REC-03634,high_risk,50,signature_failure;trusted_root_failure
REC-03635,high_risk,40,untrusted_vendor
REC-03636,high_risk,40,hash_integrity_failure
REC-03637,investigate,20,unexpected_component
REC-03638,investigate,15,missing_sbom
REC-03639,investigate,10,stale_evidence
REC-03640,normal,0,
REC-03641,high_risk,40,unauthorized_rollback
REC-03642,high_risk,40,untrusted_vendor
REC-03643,investigate,20,vulnerable_component
REC-03644,normal,0,
REC-03645,investigate,15,missing_sbom
REC-03646,high_risk,40,hash_integrity_failure
REC-03647,investigate,10,stale_evidence
REC-03648,normal,0,
REC-03649,high_risk,50,signature_failure;trusted_root_failure
REC-03650,investigate,20,unexpected_component
REC-03651,investigate,20,vulnerable_component
REC-03652,investigate,10,stale_evidence
REC-03653,high_risk,40,hash_integrity_failure
REC-03654,normal,0,
REC-03655,high_risk,40,untrusted_vendor
REC-03656,high_risk,50,signature_failure;trusted_root_failure
REC-03657,investigate,15,missing_sbom
REC-03658,investigate,20,unexpected_component
REC-03659,high_risk,40,unauthorized_rollback
REC-03660,normal,0,
REC-03661,high_risk,40,hash_integrity_failure
REC-03662,normal,0,
REC-03663,investigate,20,vulnerable_component
REC-03664,high_risk,40,unauthorized_rollback
REC-03665,investigate,15,missing_sbom
REC-03666,investigate,10,stale_evidence
REC-03667,high_risk,40,untrusted_vendor
REC-03668,investigate,20,unexpected_component
REC-03669,high_risk,50,signature_failure;trusted_root_failure
REC-03670,normal,0,
REC-03671,investigate,10,stale_evidence
REC-03672,high_risk,40,unauthorized_rollback
REC-03673,normal,0,
REC-03674,high_risk,40,untrusted_vendor
REC-03675,normal,0,
REC-03676,investigate,20,unexpected_component
REC-03677,high_risk,40,hash_integrity_failure
REC-03678,investigate,15,missing_sbom
REC-03679,high_risk,50,signature_failure;trusted_root_failure
REC-03680,investigate,20,vulnerable_component
REC-03681,high_risk,40,untrusted_vendor
REC-03682,investigate,20,vulnerable_component
REC-03683,high_risk,50,signature_failure;trusted_root_failure
REC-03684,investigate,10,stale_evidence
REC-03685,normal,0,
REC-03686,high_risk,40,unauthorized_rollback
REC-03687,investigate,15,missing_sbom
REC-03688,investigate,20,unexpected_component
REC-03689,high_risk,40,hash_integrity_failure
REC-03690,normal,0,
REC-03691,investigate,20,vulnerable_component
REC-03692,high_risk,50,signature_failure;trusted_root_failure
REC-03693,high_risk,40,untrusted_vendor
REC-03694,investigate,10,stale_evidence
REC-03695,normal,0,
REC-03696,investigate,20,unexpected_component
REC-03697,high_risk,40,hash_integrity_failure
REC-03698,investigate,15,missing_sbom
REC-03699,normal,0,
REC-03700,high_risk,40,unauthorized_rollback
REC-03701,investigate,20,vulnerable_component
REC-03702,investigate,10,stale_evidence
REC-03703,investigate,15,missing_sbom
REC-03704,high_risk,40,unauthorized_rollback
REC-03705,high_risk,40,hash_integrity_failure
REC-03706,high_risk,50,signature_failure;trusted_root_failure
REC-03707,normal,0,
REC-03708,high_risk,40,untrusted_vendor
REC-03709,normal,0,
REC-03710,investigate,20,unexpected_component
REC-03711,investigate,20,vulnerable_component
REC-03712,investigate,15,missing_sbom
REC-03713,normal,0,
REC-03714,high_risk,40,hash_integrity_failure
REC-03715,investigate,10,stale_evidence
REC-03716,normal,0,
REC-03717,high_risk,50,signature_failure;trusted_root_failure
REC-03718,high_risk,40,untrusted_vendor
REC-03719,investigate,20,unexpected_component
REC-03720,high_risk,40,unauthorized_rollback
REC-03721,normal,0,
REC-03722,high_risk,40,hash_integrity_failure
REC-03723,high_risk,40,unauthorized_rollback
REC-03724,investigate,20,vulnerable_component
REC-03725,investigate,20,unexpected_component
REC-03726,investigate,15,missing_sbom
REC-03727,normal,0,
REC-03728,high_risk,40,untrusted_vendor
REC-03729,investigate,10,stale_evidence
REC-03730,high_risk,50,signature_failure;trusted_root_failure
REC-03731,investigate,10,stale_evidence
REC-03732,normal,0,
REC-03733,high_risk,40,untrusted_vendor
REC-03734,investigate,20,vulnerable_component
REC-03735,investigate,20,unexpected_component
REC-03736,high_risk,50,signature_failure;trusted_root_failure
REC-03737,investigate,15,missing_sbom
REC-03738,high_risk,40,unauthorized_rollback
REC-03739,high_risk,40,hash_integrity_failure
REC-03740,normal,0,
REC-03741,investigate,20,vulnerable_component
REC-03742,normal,0,
REC-03743,high_risk,50,signature_failure;trusted_root_failure
REC-03744,investigate,20,unexpected_component
REC-03745,investigate,10,stale_evidence
REC-03746,high_risk,40,untrusted_vendor
REC-03747,high_risk,40,hash_integrity_failure
REC-03748,high_risk,40,unauthorized_rollback
REC-03749,normal,0,
REC-03750,investigate,15,missing_sbom
REC-03751,normal,0,
REC-03752,investigate,15,missing_sbom
REC-03753,investigate,20,vulnerable_component
REC-03754,high_risk,40,untrusted_vendor
REC-03755,investigate,10,stale_evidence
REC-03756,high_risk,40,unauthorized_rollback
REC-03757,high_risk,50,signature_failure;trusted_root_failure
REC-03758,investigate,20,unexpected_component
REC-03759,high_risk,40,hash_integrity_failure
REC-03760,normal,0,
REC-03761,high_risk,50,signature_failure;trusted_root_failure
REC-03762,normal,0,
REC-03763,high_risk,40,unauthorized_rollback
REC-03764,investigate,10,stale_evidence
REC-03765,investigate,20,unexpected_component
REC-03766,high_risk,40,hash_integrity_failure
REC-03767,investigate,20,vulnerable_component
REC-03768,high_risk,40,untrusted_vendor
REC-03769,normal,0,
REC-03770,investigate,15,missing_sbom
REC-03771,investigate,10,stale_evidence
REC-03772,high_risk,50,signature_failure;trusted_root_failure
REC-03773,high_risk,40,untrusted_vendor
REC-03774,normal,0,
REC-03775,investigate,15,missing_sbom
REC-03776,investigate,20,vulnerable_component
REC-03777,high_risk,40,hash_integrity_failure
REC-03778,high_risk,40,unauthorized_rollback
REC-03779,investigate,20,unexpected_component
REC-03780,normal,0,
REC-03781,high_risk,40,unauthorized_rollback
REC-03782,investigate,20,unexpected_component
REC-03783,investigate,20,vulnerable_component
REC-03784,normal,0,
REC-03785,investigate,10,stale_evidence
REC-03786,high_risk,40,hash_integrity_failure
REC-03787,high_risk,40,untrusted_vendor
REC-03788,investigate,15,missing_sbom
REC-03789,normal,0,
REC-03790,high_risk,50,signature_failure;trusted_root_failure
REC-03791,investigate,10,stale_evidence
REC-03792,normal,0,
REC-03793,high_risk,40,hash_integrity_failure
REC-03794,investigate,15,missing_sbom
REC-03795,investigate,20,unexpected_component
REC-03796,normal,0,
REC-03797,high_risk,40,untrusted_vendor
REC-03798,high_risk,40,unauthorized_rollback
REC-03799,high_risk,50,signature_failure;trusted_root_failure
REC-03800,investigate,20,vulnerable_component
REC-03801,normal,0,
REC-03802,investigate,10,stale_evidence
REC-03803,investigate,20,unexpected_component
REC-03804,investigate,20,vulnerable_component
REC-03805,high_risk,40,untrusted_vendor
REC-03806,investigate,15,missing_sbom
REC-03807,high_risk,50,signature_failure;trusted_root_failure
REC-03808,normal,0,
REC-03809,high_risk,40,unauthorized_rollback
REC-03810,high_risk,40,hash_integrity_failure
REC-03811,high_risk,40,untrusted_vendor
REC-03812,investigate,10,stale_evidence
REC-03813,high_risk,40,hash_integrity_failure
REC-03814,normal,0,
REC-03815,investigate,20,vulnerable_component
REC-03816,investigate,20,unexpected_component
REC-03817,high_risk,40,unauthorized_rollback
REC-03818,high_risk,50,signature_failure;trusted_root_failure
REC-03819,normal,0,
REC-03820,investigate,15,missing_sbom
REC-03821,normal,0,
REC-03822,high_risk,40,unauthorized_rollback
REC-03823,investigate,15,missing_sbom
REC-03824,investigate,20,vulnerable_component
REC-03825,investigate,10,stale_evidence
REC-03826,high_risk,40,hash_integrity_failure
REC-03827,normal,0,
REC-03828,investigate,20,unexpected_component
REC-03829,high_risk,50,signature_failure;trusted_root_failure
REC-03830,high_risk,40,untrusted_vendor
REC-03831,investigate,15,missing_sbom
REC-03832,normal,0,
REC-03833,normal,0,
REC-03834,investigate,20,unexpected_component
REC-03835,investigate,20,vulnerable_component
REC-03836,high_risk,40,unauthorized_rollback
REC-03837,high_risk,50,signature_failure;trusted_root_failure
REC-03838,high_risk,40,untrusted_vendor
REC-03839,investigate,10,stale_evidence
REC-03840,high_risk,40,hash_integrity_failure
REC-03841,normal,0,
REC-03842,high_risk,40,hash_integrity_failure
REC-03843,normal,0,
REC-03844,high_risk,50,signature_failure;trusted_root_failure
REC-03845,investigate,20,unexpected_component
REC-03846,high_risk,40,untrusted_vendor
REC-03847,investigate,10,stale_evidence
REC-03848,high_risk,40,unauthorized_rollback
REC-03849,investigate,15,missing_sbom
REC-03850,investigate,20,vulnerable_component
REC-03851,normal,0,
REC-03852,high_risk,50,signature_failure;trusted_root_failure
REC-03853,investigate,15,missing_sbom
REC-03854,investigate,20,unexpected_component
REC-03855,normal,0,
REC-03856,high_risk,40,unauthorized_rollback
REC-03857,investigate,20,vulnerable_component
REC-03858,investigate,10,stale_evidence
REC-03859,high_risk,40,hash_integrity_failure
REC-03860,high_risk,40,untrusted_vendor
REC-03861,high_risk,40,hash_integrity_failure
REC-03862,investigate,15,missing_sbom
REC-03863,high_risk,40,unauthorized_rollback
REC-03864,investigate,20,vulnerable_component
REC-03865,normal,0,
REC-03866,investigate,10,stale_evidence
REC-03867,high_risk,40,untrusted_vendor
REC-03868,high_risk,50,signature_failure;trusted_root_failure
REC-03869,investigate,20,unexpected_component
REC-03870,normal,0,
REC-03871,high_risk,40,unauthorized_rollback
REC-03872,normal,0,
REC-03873,investigate,20,unexpected_component
REC-03874,high_risk,40,untrusted_vendor
REC-03875,normal,0,
REC-03876,high_risk,40,hash_integrity_failure
REC-03877,investigate,10,stale_evidence
REC-03878,high_risk,50,signature_failure;trusted_root_failure
REC-03879,investigate,20,vulnerable_component
REC-03880,investigate,15,missing_sbom
REC-03881,investigate,15,missing_sbom
REC-03882,high_risk,40,unauthorized_rollback
REC-03883,investigate,20,unexpected_component
REC-03884,normal,0,
REC-03885,investigate,10,stale_evidence
REC-03886,normal,0,
REC-03887,high_risk,40,untrusted_vendor
REC-03888,investigate,20,vulnerable_component
REC-03889,high_risk,40,hash_integrity_failure
REC-03890,high_risk,50,signature_failure;trusted_root_failure
REC-03891,investigate,20,vulnerable_component
REC-03892,high_risk,40,untrusted_vendor
REC-03893,high_risk,50,signature_failure;trusted_root_failure
REC-03894,high_risk,40,hash_integrity_failure
REC-03895,normal,0,
REC-03896,investigate,20,unexpected_component
REC-03897,high_risk,40,unauthorized_rollback
REC-03898,investigate,15,missing_sbom
REC-03899,investigate,10,stale_evidence
REC-03900,normal,0,
REC-03901,high_risk,50,signature_failure;trusted_root_failure
REC-03902,investigate,20,vulnerable_component
REC-03903,high_risk,40,untrusted_vendor
REC-03904,high_risk,40,hash_integrity_failure
REC-03905,normal,0,
REC-03906,normal,0,
REC-03907,high_risk,40,unauthorized_rollback
REC-03908,investigate,15,missing_sbom
REC-03909,investigate,20,unexpected_component
REC-03910,investigate,10,stale_evidence
REC-03911,normal,0,
REC-03912,high_risk,40,untrusted_vendor
REC-03913,normal,0,
REC-03914,high_risk,40,hash_integrity_failure
REC-03915,investigate,20,vulnerable_component
REC-03916,high_risk,50,signature_failure;trusted_root_failure
REC-03917,investigate,20,unexpected_component
REC-03918,investigate,10,stale_evidence
REC-03919,investigate,15,missing_sbom
REC-03920,high_risk,40,unauthorized_rollback
REC-03921,investigate,15,missing_sbom
REC-03922,high_risk,40,untrusted_vendor
REC-03923,high_risk,40,hash_integrity_failure
REC-03924,investigate,20,unexpected_component
REC-03925,investigate,10,stale_evidence
REC-03926,investigate,20,vulnerable_component
REC-03927,high_risk,50,signature_failure;trusted_root_failure
REC-03928,high_risk,40,unauthorized_rollback
REC-03929,normal,0,
REC-03930,normal,0,
REC-03931,investigate,15,missing_sbom
REC-03932,high_risk,50,signature_failure;trusted_root_failure
REC-03933,investigate,20,vulnerable_component
REC-03934,normal,0,
REC-03935,normal,0,
REC-03936,investigate,20,unexpected_component
REC-03937,high_risk,40,untrusted_vendor
REC-03938,high_risk,40,hash_integrity_failure
REC-03939,high_risk,40,unauthorized_rollback
REC-03940,investigate,10,stale_evidence
REC-03941,high_risk,40,untrusted_vendor
REC-03942,high_risk,50,signature_failure;trusted_root_failure
REC-03943,investigate,10,stale_evidence
REC-03944,investigate,20,unexpected_component
REC-03945,investigate,15,missing_sbom
REC-03946,high_risk,40,hash_integrity_failure
REC-03947,investigate,20,vulnerable_component
REC-03948,high_risk,40,unauthorized_rollback
REC-03949,normal,0,
REC-03950,normal,0,
REC-03951,investigate,10,stale_evidence
REC-03952,high_risk,40,hash_integrity_failure
REC-03953,investigate,20,vulnerable_component
REC-03954,investigate,15,missing_sbom
REC-03955,normal,0,
REC-03956,high_risk,50,signature_failure;trusted_root_failure
REC-03957,investigate,20,unexpected_component
REC-03958,high_risk,40,unauthorized_rollback
REC-03959,high_risk,40,untrusted_vendor
REC-03960,normal,0,
REC-03961,high_risk,50,signature_failure;trusted_root_failure
REC-03962,high_risk,40,untrusted_vendor
REC-03963,investigate,10,stale_evidence
REC-03964,normal,0,
REC-03965,normal,0,
REC-03966,investigate,15,missing_sbom
REC-03967,investigate,20,vulnerable_component
REC-03968,high_risk,40,unauthorized_rollback
REC-03969,investigate,20,unexpected_component
REC-03970,high_risk,40,hash_integrity_failure
REC-03971,high_risk,40,untrusted_vendor
REC-03972,high_risk,50,signature_failure;trusted_root_failure
REC-03973,investigate,10,stale_evidence
REC-03974,high_risk,40,unauthorized_rollback
REC-03975,normal,0,
REC-03976,investigate,15,missing_sbom
REC-03977,investigate,20,unexpected_component
REC-03978,normal,0,
REC-03979,investigate,20,vulnerable_component
REC-03980,high_risk,40,hash_integrity_failure
REC-03981,high_risk,50,signature_failure;trusted_root_failure
REC-03982,investigate,20,vulnerable_component
REC-03983,investigate,20,unexpected_component
REC-03984,normal,0,
REC-03985,high_risk,40,untrusted_vendor
REC-03986,investigate,10,stale_evidence
REC-03987,high_risk,40,unauthorized_rollback
REC-03988,investigate,15,missing_sbom
REC-03989,normal,0,
REC-03990,high_risk,40,hash_integrity_failure
REC-03991,high_risk,40,unauthorized_rollback
REC-03992,normal,0,
REC-03993,high_risk,40,untrusted_vendor
REC-03994,high_risk,40,hash_integrity_failure
REC-03995,normal,0,
REC-03996,investigate,20,vulnerable_component
REC-03997,investigate,20,unexpected_component
REC-03998,investigate,15,missing_sbom
REC-03999,investigate,10,stale_evidence
REC-04000,high_risk,50,signature_failure;trusted_root_failure
REC-04001,high_risk,50,signature_failure;trusted_root_failure
REC-04002,high_risk,40,hash_integrity_failure
REC-04003,investigate,20,unexpected_component
REC-04004,investigate,10,stale_evidence
REC-04005,high_risk,40,untrusted_vendor
REC-04006,investigate,15,missing_sbom
REC-04007,normal,0,
REC-04008,normal,0,
REC-04009,high_risk,40,unauthorized_rollback
REC-04010,investigate,20,vulnerable_component
REC-04011,investigate,15,missing_sbom
REC-04012,high_risk,40,untrusted_vendor
REC-04013,investigate,10,stale_evidence
REC-04014,high_risk,50,signature_failure;trusted_root_failure
REC-04015,high_risk,40,hash_integrity_failure
REC-04016,investigate,20,unexpected_component
REC-04017,high_risk,40,unauthorized_rollback
REC-04018,normal,0,
REC-04019,investigate,20,vulnerable_component
REC-04020,normal,0,
REC-04021,investigate,10,stale_evidence
REC-04022,normal,0,
REC-04023,investigate,20,vulnerable_component
REC-04024,high_risk,40,unauthorized_rollback
REC-04025,investigate,15,missing_sbom
REC-04026,high_risk,50,signature_failure;trusted_root_failure
REC-04027,high_risk,40,hash_integrity_failure
REC-04028,normal,0,
REC-04029,investigate,20,unexpected_component
REC-04030,high_risk,40,untrusted_vendor
REC-04031,investigate,10,stale_evidence
REC-04032,high_risk,40,hash_integrity_failure
REC-04033,normal,0,
REC-04034,normal,0,
REC-04035,high_risk,40,untrusted_vendor
REC-04036,high_risk,50,signature_failure;trusted_root_failure
REC-04037,high_risk,40,unauthorized_rollback
REC-04038,investigate,20,vulnerable_component
REC-04039,investigate,15,missing_sbom
REC-04040,investigate,20,unexpected_component
REC-04041,high_risk,40,untrusted_vendor
REC-04042,normal,0,
REC-04043,investigate,15,missing_sbom
REC-04044,investigate,10,stale_evidence
REC-04045,high_risk,40,unauthorized_rollback
REC-04046,high_risk,50,signature_failure;trusted_root_failure
REC-04047,investigate,20,unexpected_component
REC-04048,high_risk,40,hash_integrity_failure
REC-04049,normal,0,
REC-04050,investigate,20,vulnerable_component
REC-04051,high_risk,40,untrusted_vendor
REC-04052,investigate,20,unexpected_component
REC-04053,high_risk,50,signature_failure;trusted_root_failure
REC-04054,investigate,20,vulnerable_component
REC-04055,normal,0,
REC-04056,high_risk,40,unauthorized_rollback
REC-04057,high_risk,40,hash_integrity_failure
REC-04058,investigate,15,missing_sbom
REC-04059,investigate,10,stale_evidence
REC-04060,normal,0,
REC-04061,high_risk,40,unauthorized_rollback
REC-04062,normal,0,
REC-04063,investigate,20,unexpected_component
REC-04064,investigate,10,stale_evidence
REC-04065,high_risk,50,signature_failure;trusted_root_failure
REC-04066,normal,0,
REC-04067,high_risk,40,untrusted_vendor
REC-04068,high_risk,40,hash_integrity_failure
REC-04069,investigate,15,missing_sbom
REC-04070,investigate,20,vulnerable_component
REC-04071,investigate,10,stale_evidence
REC-04072,normal,0,
REC-04073,investigate,15,missing_sbom
REC-04074,high_risk,40,untrusted_vendor
REC-04075,normal,0,
REC-04076,high_risk,40,unauthorized_rollback
REC-04077,high_risk,40,hash_integrity_failure
REC-04078,high_risk,50,signature_failure;trusted_root_failure
REC-04079,investigate,20,vulnerable_component
REC-04080,investigate,20,unexpected_component
REC-04081,normal,0,
REC-04082,high_risk,40,hash_integrity_failure
REC-04083,investigate,15,missing_sbom
REC-04084,normal,0,
REC-04085,investigate,20,unexpected_component
REC-04086,high_risk,50,signature_failure;trusted_root_failure
REC-04087,high_risk,40,untrusted_vendor
REC-04088,investigate,20,vulnerable_component
REC-04089,investigate,10,stale_evidence
REC-04090,high_risk,40,unauthorized_rollback
REC-04091,normal,0,
REC-04092,high_risk,40,unauthorized_rollback
REC-04093,normal,0,
REC-04094,high_risk,40,hash_integrity_failure
REC-04095,investigate,20,vulnerable_component
REC-04096,high_risk,40,untrusted_vendor
REC-04097,high_risk,50,signature_failure;trusted_root_failure
REC-04098,investigate,10,stale_evidence
REC-04099,investigate,20,unexpected_component
REC-04100,investigate,15,missing_sbom
REC-04101,investigate,10,stale_evidence
REC-04102,investigate,20,unexpected_component
REC-04103,high_risk,40,hash_integrity_failure
REC-04104,investigate,20,vulnerable_component
REC-04105,normal,0,
REC-04106,high_risk,40,unauthorized_rollback
REC-04107,high_risk,50,signature_failure;trusted_root_failure
REC-04108,investigate,15,missing_sbom
REC-04109,high_risk,40,untrusted_vendor
REC-04110,normal,0,
REC-04111,high_risk,50,signature_failure;trusted_root_failure
REC-04112,normal,0,
REC-04113,investigate,10,stale_evidence
REC-04114,high_risk,40,untrusted_vendor
REC-04115,investigate,15,missing_sbom
REC-04116,investigate,20,unexpected_component
REC-04117,high_risk,40,hash_integrity_failure
REC-04118,high_risk,40,unauthorized_rollback
REC-04119,normal,0,
REC-04120,investigate,20,vulnerable_component
REC-04121,normal,0,
REC-04122,high_risk,40,hash_integrity_failure
REC-04123,investigate,15,missing_sbom
REC-04124,high_risk,50,signature_failure;trusted_root_failure
REC-04125,normal,0,
REC-04126,investigate,10,stale_evidence
REC-04127,high_risk,40,unauthorized_rollback
REC-04128,investigate,20,vulnerable_component
REC-04129,high_risk,40,untrusted_vendor
REC-04130,investigate,20,unexpected_component
REC-04131,investigate,20,vulnerable_component
REC-04132,investigate,20,unexpected_component
REC-04133,high_risk,50,signature_failure;trusted_root_failure
REC-04134,normal,0,
REC-04135,investigate,10,stale_evidence
REC-04136,high_risk,40,hash_integrity_failure
REC-04137,high_risk,40,untrusted_vendor
REC-04138,investigate,15,missing_sbom
REC-04139,high_risk,40,unauthorized_rollback
REC-04140,normal,0,
REC-04141,normal,0,
REC-04142,high_risk,40,hash_integrity_failure
REC-04143,high_risk,40,unauthorized_rollback
REC-04144,normal,0,
REC-04145,investigate,15,missing_sbom
REC-04146,high_risk,50,signature_failure;trusted_root_failure
REC-04147,investigate,20,unexpected_component
REC-04148,investigate,10,stale_evidence
REC-04149,investigate,20,vulnerable_component
REC-04150,high_risk,40,untrusted_vendor
REC-04151,high_risk,40,hash_integrity_failure
REC-04152,high_risk,50,signature_failure;trusted_root_failure
REC-04153,investigate,20,unexpected_component
REC-04154,high_risk,40,unauthorized_rollback
REC-04155,investigate,15,missing_sbom
REC-04156,high_risk,40,untrusted_vendor
REC-04157,normal,0,
REC-04158,investigate,20,vulnerable_component
REC-04159,normal,0,
REC-04160,investigate,10,stale_evidence
REC-04161,investigate,10,stale_evidence
REC-04162,high_risk,50,signature_failure;trusted_root_failure
REC-04163,normal,0,
REC-04164,investigate,15,missing_sbom
REC-04165,investigate,20,unexpected_component
REC-04166,investigate,20,vulnerable_component
REC-04167,high_risk,40,unauthorized_rollback
REC-04168,normal,0,
REC-04169,high_risk,40,untrusted_vendor
REC-04170,high_risk,40,hash_integrity_failure
REC-04171,investigate,20,unexpected_component
REC-04172,investigate,10,stale_evidence
REC-04173,investigate,15,missing_sbom
REC-04174,high_risk,40,untrusted_vendor
REC-04175,normal,0,
REC-04176,normal,0,
REC-04177,high_risk,40,unauthorized_rollback
REC-04178,high_risk,40,hash_integrity_failure
REC-04179,investigate,20,vulnerable_component
REC-04180,high_risk,50,signature_failure;trusted_root_failure
REC-04181,investigate,15,missing_sbom
REC-04182,high_risk,40,unauthorized_rollback
REC-04183,investigate,10,stale_evidence
REC-04184,high_risk,40,hash_integrity_failure
REC-04185,high_risk,40,untrusted_vendor
REC-04186,investigate,20,unexpected_component
REC-04187,high_risk,50,signature_failure;trusted_root_failure
REC-04188,investigate,20,vulnerable_component
REC-04189,normal,0,
REC-04190,normal,0,
REC-04191,normal,0,
REC-04192,high_risk,40,untrusted_vendor
REC-04193,investigate,15,missing_sbom
REC-04194,high_risk,40,unauthorized_rollback
REC-04195,high_risk,50,signature_failure;trusted_root_failure
REC-04196,investigate,10,stale_evidence
REC-04197,investigate,20,vulnerable_component
REC-04198,high_risk,40,hash_integrity_failure
REC-04199,investigate,20,unexpected_component
REC-04200,normal,0,
REC-04201,investigate,10,stale_evidence
REC-04202,high_risk,40,unauthorized_rollback
REC-04203,high_risk,40,untrusted_vendor
REC-04204,investigate,20,vulnerable_component
REC-04205,high_risk,40,hash_integrity_failure
REC-04206,investigate,15,missing_sbom
REC-04207,normal,0,
REC-04208,investigate,20,unexpected_component
REC-04209,high_risk,50,signature_failure;trusted_root_failure
REC-04210,normal,0,
REC-04211,investigate,10,stale_evidence
REC-04212,high_risk,50,signature_failure;trusted_root_failure
REC-04213,investigate,20,vulnerable_component
REC-04214,investigate,15,missing_sbom
REC-04215,high_risk,40,untrusted_vendor
REC-04216,high_risk,40,hash_integrity_failure
REC-04217,normal,0,
REC-04218,normal,0,
REC-04219,high_risk,40,unauthorized_rollback
REC-04220,investigate,20,unexpected_component
REC-04221,high_risk,40,untrusted_vendor
REC-04222,high_risk,50,signature_failure;trusted_root_failure
REC-04223,investigate,20,unexpected_component
REC-04224,normal,0,
REC-04225,investigate,20,vulnerable_component
REC-04226,investigate,15,missing_sbom
REC-04227,high_risk,40,unauthorized_rollback
REC-04228,high_risk,40,hash_integrity_failure
REC-04229,normal,0,
REC-04230,investigate,10,stale_evidence
REC-04231,high_risk,50,signature_failure;trusted_root_failure
REC-04232,normal,0,
REC-04233,high_risk,40,hash_integrity_failure
REC-04234,high_risk,40,unauthorized_rollback
REC-04235,investigate,20,unexpected_component
REC-04236,investigate,20,vulnerable_component
REC-04237,investigate,15,missing_sbom
REC-04238,normal,0,
REC-04239,investigate,10,stale_evidence
REC-04240,high_risk,40,untrusted_vendor
REC-04241,normal,0,
REC-04242,investigate,20,unexpected_component
REC-04243,high_risk,40,hash_integrity_failure
REC-04244,normal,0,
REC-04245,high_risk,50,signature_failure;trusted_root_failure
REC-04246,investigate,10,stale_evidence
REC-04247,investigate,15,missing_sbom
REC-04248,investigate,20,vulnerable_component
REC-04249,high_risk,40,unauthorized_rollback
REC-04250,high_risk,40,untrusted_vendor
REC-04251,high_risk,40,unauthorized_rollback
REC-04252,investigate,20,vulnerable_component
REC-04253,high_risk,40,untrusted_vendor
REC-04254,high_risk,50,signature_failure;trusted_root_failure
REC-04255,investigate,15,missing_sbom
REC-04256,normal,0,
REC-04257,investigate,10,stale_evidence
REC-04258,high_risk,40,hash_integrity_failure
REC-04259,investigate,20,unexpected_component
REC-04260,normal,0,
REC-04261,investigate,10,stale_evidence
REC-04262,normal,0,
REC-04263,investigate,20,vulnerable_component
REC-04264,investigate,20,unexpected_component
REC-04265,high_risk,50,signature_failure;trusted_root_failure
REC-04266,high_risk,40,unauthorized_rollback
REC-04267,high_risk,40,untrusted_vendor
REC-04268,investigate,15,missing_sbom
REC-04269,high_risk,40,hash_integrity_failure
REC-04270,normal,0,
REC-04271,investigate,10,stale_evidence
REC-04272,investigate,15,missing_sbom
REC-04273,normal,0,
REC-04274,high_risk,50,signature_failure;trusted_root_failure
REC-04275,high_risk,40,unauthorized_rollback
REC-04276,investigate,20,unexpected_component
REC-04277,normal,0,
REC-04278,high_risk,40,hash_integrity_failure
REC-04279,high_risk,40,untrusted_vendor
REC-04280,investigate,20,vulnerable_component
REC-04281,investigate,10,stale_evidence
REC-04282,high_risk,50,signature_failure;trusted_root_failure
REC-04283,normal,0,
REC-04284,high_risk,40,unauthorized_rollback
REC-04285,investigate,20,vulnerable_component
REC-04286,high_risk,40,hash_integrity_failure
REC-04287,investigate,15,missing_sbom
REC-04288,investigate,20,unexpected_component
REC-04289,high_risk,40,untrusted_vendor
REC-04290,normal,0,
REC-04291,high_risk,40,unauthorized_rollback
REC-04292,investigate,20,vulnerable_component
REC-04293,high_risk,40,hash_integrity_failure
REC-04294,investigate,10,stale_evidence
REC-04295,investigate,20,unexpected_component
REC-04296,investigate,15,missing_sbom
REC-04297,normal,0,
REC-04298,normal,0,
REC-04299,high_risk,50,signature_failure;trusted_root_failure
REC-04300,high_risk,40,untrusted_vendor
REC-04301,investigate,20,unexpected_component
REC-04302,investigate,20,vulnerable_component
REC-04303,normal,0,
REC-04304,normal,0,
REC-04305,high_risk,40,unauthorized_rollback
REC-04306,high_risk,40,hash_integrity_failure
REC-04307,investigate,10,stale_evidence
REC-04308,high_risk,40,untrusted_vendor
REC-04309,high_risk,50,signature_failure;trusted_root_failure
REC-04310,investigate,15,missing_sbom
REC-04311,investigate,20,unexpected_component
REC-04312,high_risk,40,unauthorized_rollback
REC-04313,high_risk,50,signature_failure;trusted_root_failure
REC-04314,high_risk,40,hash_integrity_failure
REC-04315,high_risk,40,untrusted_vendor
REC-04316,investigate,10,stale_evidence
REC-04317,investigate,20,vulnerable_component
REC-04318,investigate,15,missing_sbom
REC-04319,normal,0,
REC-04320,normal,0,
REC-04321,investigate,20,vulnerable_component
REC-04322,high_risk,40,untrusted_vendor
REC-04323,investigate,10,stale_evidence
REC-04324,investigate,20,unexpected_component
REC-04325,high_risk,50,signature_failure;trusted_root_failure
REC-04326,investigate,15,missing_sbom
REC-04327,high_risk,40,hash_integrity_failure
REC-04328,high_risk,40,unauthorized_rollback
REC-04329,normal,0,
REC-04330,normal,0,
REC-04331,normal,0,
REC-04332,investigate,10,stale_evidence
REC-04333,high_risk,40,hash_integrity_failure
REC-04334,high_risk,40,unauthorized_rollback
REC-04335,high_risk,40,untrusted_vendor
REC-04336,high_risk,50,signature_failure;trusted_root_failure
REC-04337,investigate,20,unexpected_component
REC-04338,investigate,20,vulnerable_component
REC-04339,normal,0,
REC-04340,investigate,15,missing_sbom
REC-04341,investigate,10,stale_evidence
REC-04342,high_risk,40,untrusted_vendor
REC-04343,high_risk,40,hash_integrity_failure
REC-04344,normal,0,
REC-04345,investigate,20,vulnerable_component
REC-04346,high_risk,50,signature_failure;trusted_root_failure
REC-04347,investigate,20,unexpected_component
REC-04348,normal,0,
REC-04349,high_risk,40,unauthorized_rollback
REC-04350,investigate,15,missing_sbom
REC-04351,investigate,20,unexpected_component
REC-04352,normal,0,
REC-04353,high_risk,40,unauthorized_rollback
REC-04354,high_risk,40,hash_integrity_failure
REC-04355,normal,0,
REC-04356,investigate,20,vulnerable_component
REC-04357,high_risk,50,signature_failure;trusted_root_failure
REC-04358,investigate,15,missing_sbom
REC-04359,investigate,10,stale_evidence
REC-04360,high_risk,40,untrusted_vendor
REC-04361,investigate,10,stale_evidence
REC-04362,high_risk,40,untrusted_vendor
REC-04363,investigate,15,missing_sbom
REC-04364,high_risk,50,signature_failure;trusted_root_failure
REC-04365,investigate,20,unexpected_component
REC-04366,high_risk,40,hash_integrity_failure
REC-04367,normal,0,
REC-04368,high_risk,40,unauthorized_rollback
REC-04369,normal,0,
REC-04370,investigate,20,vulnerable_component
REC-04371,high_risk,40,untrusted_vendor
REC-04372,investigate,20,vulnerable_component
REC-04373,high_risk,40,unauthorized_rollback
REC-04374,normal,0,
REC-04375,high_risk,50,signature_failure;trusted_root_failure
REC-04376,normal,0,
REC-04377,investigate,10,stale_evidence
REC-04378,high_risk,40,hash_integrity_failure
REC-04379,investigate,20,unexpected_component
REC-04380,investigate,15,missing_sbom
REC-04381,normal,0,
REC-04382,high_risk,40,hash_integrity_failure
REC-04383,high_risk,50,signature_failure;trusted_root_failure
REC-04384,high_risk,40,untrusted_vendor
REC-04385,investigate,15,missing_sbom
REC-04386,investigate,10,stale_evidence
REC-04387,high_risk,40,unauthorized_rollback
REC-04388,investigate,20,vulnerable_component
REC-04389,normal,0,
REC-04390,investigate,20,unexpected_component
REC-04391,high_risk,40,hash_integrity_failure
REC-04392,investigate,20,unexpected_component
REC-04393,high_risk,50,signature_failure;trusted_root_failure
REC-04394,investigate,15,missing_sbom
REC-04395,high_risk,40,untrusted_vendor
REC-04396,normal,0,
REC-04397,investigate,20,vulnerable_component
REC-04398,normal,0,
REC-04399,high_risk,40,unauthorized_rollback
REC-04400,investigate,10,stale_evidence
REC-04401,investigate,20,vulnerable_component
REC-04402,normal,0,
REC-04403,high_risk,40,hash_integrity_failure
REC-04404,normal,0,
REC-04405,investigate,20,unexpected_component
REC-04406,high_risk,40,unauthorized_rollback
REC-04407,high_risk,50,signature_failure;trusted_root_failure
REC-04408,high_risk,40,untrusted_vendor
REC-04409,investigate,10,stale_evidence
REC-04410,investigate,15,missing_sbom
REC-04411,investigate,20,vulnerable_component
REC-04412,investigate,15,missing_sbom
REC-04413,high_risk,40,unauthorized_rollback
REC-04414,normal,0,
REC-04415,high_risk,50,signature_failure;trusted_root_failure
REC-04416,normal,0,
REC-04417,investigate,10,stale_evidence
REC-04418,investigate,20,unexpected_component
REC-04419,high_risk,40,hash_integrity_failure
REC-04420,high_risk,40,untrusted_vendor
REC-04421,high_risk,40,untrusted_vendor
REC-04422,high_risk,40,hash_integrity_failure
REC-04423,investigate,15,missing_sbom
REC-04424,investigate,10,stale_evidence
REC-04425,normal,0,
REC-04426,high_risk,40,unauthorized_rollback
REC-04427,investigate,20,unexpected_component
REC-04428,investigate,20,vulnerable_component
REC-04429,normal,0,
REC-04430,high_risk,50,signature_failure;trusted_root_failure
REC-04431,normal,0,
REC-04432,investigate,10,stale_evidence
REC-04433,high_risk,50,signature_failure;trusted_root_failure
REC-04434,normal,0,
REC-04435,investigate,15,missing_sbom
REC-04436,high_risk,40,hash_integrity_failure
REC-04437,investigate,20,unexpected_component
REC-04438,high_risk,40,untrusted_vendor
REC-04439,high_risk,40,unauthorized_rollback
REC-04440,investigate,20,vulnerable_component
REC-04441,high_risk,50,signature_failure;trusted_root_failure
REC-04442,high_risk,40,unauthorized_rollback
REC-04443,high_risk,40,hash_integrity_failure
REC-04444,investigate,10,stale_evidence
REC-04445,investigate,15,missing_sbom
REC-04446,high_risk,40,untrusted_vendor
REC-04447,investigate,20,vulnerable_component
REC-04448,normal,0,
REC-04449,normal,0,
REC-04450,investigate,20,unexpected_component
REC-04451,investigate,15,missing_sbom
REC-04452,normal,0,
REC-04453,high_risk,40,hash_integrity_failure
REC-04454,normal,0,
REC-04455,high_risk,50,signature_failure;trusted_root_failure
REC-04456,high_risk,40,untrusted_vendor
REC-04457,investigate,10,stale_evidence
REC-04458,high_risk,40,unauthorized_rollback
REC-04459,investigate,20,unexpected_component
REC-04460,investigate,20,vulnerable_component
REC-04461,high_risk,40,untrusted_vendor
REC-04462,investigate,10,stale_evidence
REC-04463,investigate,20,vulnerable_component
REC-04464,investigate,20,unexpected_component
REC-04465,high_risk,40,unauthorized_rollback
REC-04466,investigate,15,missing_sbom
REC-04467,high_risk,50,signature_failure;trusted_root_failure
REC-04468,normal,0,
REC-04469,high_risk,40,hash_integrity_failure
REC-04470,normal,0,
REC-04471,investigate,20,vulnerable_component
REC-04472,normal,0,
REC-04473,investigate,10,stale_evidence
REC-04474,high_risk,50,signature_failure;trusted_root_failure
REC-04475,investigate,20,unexpected_component
REC-04476,normal,0,
REC-04477,high_risk,40,unauthorized_rollback
REC-04478,high_risk,40,hash_integrity_failure
REC-04479,investigate,15,missing_sbom
REC-04480,high_risk,40,untrusted_vendor
REC-04481,high_risk,40,unauthorized_rollback
REC-04482,normal,0,
REC-04483,high_risk,50,signature_failure;trusted_root_failure
REC-04484,investigate,20,vulnerable_component
REC-04485,high_risk,40,untrusted_vendor
REC-04486,investigate,10,stale_evidence
REC-04487,high_risk,40,hash_integrity_failure
REC-04488,investigate,20,unexpected_component
REC-04489,normal,0,
REC-04490,investigate,15,missing_sbom
REC-04491,high_risk,50,signature_failure;trusted_root_failure
REC-04492,investigate,15,missing_sbom
REC-04493,investigate,10,stale_evidence
REC-04494,investigate,20,vulnerable_component
REC-04495,normal,0,
REC-04496,high_risk,40,untrusted_vendor
REC-04497,high_risk,40,unauthorized_rollback
REC-04498,normal,0,
REC-04499,high_risk,40,hash_integrity_failure
REC-04500,investigate,20,unexpected_component
REC-04501,investigate,20,vulnerable_component
REC-04502,investigate,15,missing_sbom
REC-04503,high_risk,50,signature_failure;trusted_root_failure
REC-04504,high_risk,40,untrusted_vendor
REC-04505,normal,0,
REC-04506,high_risk,40,hash_integrity_failure
REC-04507,high_risk,40,unauthorized_rollback
REC-04508,investigate,10,stale_evidence
REC-04509,normal,0,
REC-04510,investigate,20,unexpected_component
REC-04511,investigate,20,vulnerable_component
REC-04512,investigate,20,unexpected_component
REC-04513,high_risk,40,hash_integrity_failure
REC-04514,high_risk,40,untrusted_vendor
REC-04515,normal,0,
REC-04516,high_risk,40,unauthorized_rollback
REC-04517,high_risk,50,signature_failure;trusted_root_failure
REC-04518,investigate,15,missing_sbom
REC-04519,investigate,10,stale_evidence
REC-04520,normal,0,
REC-04521,investigate,10,stale_evidence
REC-04522,investigate,20,vulnerable_component
REC-04523,high_risk,40,untrusted_vendor
REC-04524,investigate,15,missing_sbom
REC-04525,normal,0,
REC-04526,high_risk,40,hash_integrity_failure
REC-04527,normal,0,
REC-04528,investigate,20,unexpected_component
REC-04529,high_risk,50,signature_failure;trusted_root_failure
REC-04530,high_risk,40,unauthorized_rollback
REC-04531,investigate,20,vulnerable_component
REC-04532,high_risk,50,signature_failure;trusted_root_failure
REC-04533,normal,0,
REC-04534,investigate,20,unexpected_component
REC-04535,investigate,10,stale_evidence
REC-04536,high_risk,40,untrusted_vendor
REC-04537,investigate,15,missing_sbom
REC-04538,normal,0,
REC-04539,high_risk,40,unauthorized_rollback
REC-04540,high_risk,40,hash_integrity_failure
REC-04541,high_risk,40,hash_integrity_failure
REC-04542,normal,0,
REC-04543,investigate,20,vulnerable_component
REC-04544,normal,0,
REC-04545,high_risk,40,unauthorized_rollback
REC-04546,investigate,20,unexpected_component
REC-04547,investigate,15,missing_sbom
REC-04548,high_risk,50,signature_failure;trusted_root_failure
REC-04549,investigate,10,stale_evidence
REC-04550,high_risk,40,untrusted_vendor
REC-04551,normal,0,
REC-04552,high_risk,40,hash_integrity_failure
REC-04553,high_risk,40,unauthorized_rollback
REC-04554,investigate,15,missing_sbom
REC-04555,investigate,20,vulnerable_component
REC-04556,high_risk,50,signature_failure;trusted_root_failure
REC-04557,investigate,20,unexpected_component
REC-04558,high_risk,40,untrusted_vendor
REC-04559,normal,0,
REC-04560,investigate,10,stale_evidence
REC-04561,normal,0,
REC-04562,investigate,10,stale_evidence
REC-04563,investigate,15,missing_sbom
REC-04564,high_risk,40,unauthorized_rollback
REC-04565,investigate,20,unexpected_component
REC-04566,normal,0,
REC-04567,high_risk,50,signature_failure;trusted_root_failure
REC-04568,high_risk,40,hash_integrity_failure
REC-04569,investigate,20,vulnerable_component
REC-04570,high_risk,40,untrusted_vendor
REC-04571,normal,0,
REC-04572,high_risk,40,untrusted_vendor
REC-04573,high_risk,40,hash_integrity_failure
REC-04574,investigate,15,missing_sbom
REC-04575,investigate,10,stale_evidence
REC-04576,high_risk,40,unauthorized_rollback
REC-04577,high_risk,50,signature_failure;trusted_root_failure
REC-04578,investigate,20,unexpected_component
REC-04579,investigate,20,vulnerable_component
REC-04580,normal,0,
REC-04581,high_risk,50,signature_failure;trusted_root_failure
REC-04582,investigate,15,missing_sbom
REC-04583,normal,0,
REC-04584,investigate,10,stale_evidence
REC-04585,investigate,20,vulnerable_component
REC-04586,investigate,20,unexpected_component
REC-04587,normal,0,
REC-04588,high_risk,40,untrusted_vendor
REC-04589,high_risk,40,unauthorized_rollback
REC-04590,high_risk,40,hash_integrity_failure
REC-04591,investigate,20,unexpected_component
REC-04592,investigate,15,missing_sbom
REC-04593,normal,0,
REC-04594,high_risk,40,untrusted_vendor
REC-04595,investigate,10,stale_evidence
REC-04596,high_risk,40,hash_integrity_failure
REC-04597,high_risk,50,signature_failure;trusted_root_failure
REC-04598,investigate,20,vulnerable_component
REC-04599,normal,0,
REC-04600,high_risk,40,unauthorized_rollback
REC-04601,high_risk,50,signature_failure;trusted_root_failure
REC-04602,investigate,20,vulnerable_component
REC-04603,high_risk,40,hash_integrity_failure
REC-04604,investigate,15,missing_sbom
REC-04605,high_risk,40,unauthorized_rollback
REC-04606,normal,0,
REC-04607,normal,0,
REC-04608,investigate,20,unexpected_component
REC-04609,investigate,10,stale_evidence
REC-04610,high_risk,40,untrusted_vendor
REC-04611,investigate,10,stale_evidence
REC-04612,investigate,15,missing_sbom
REC-04613,investigate,20,unexpected_component
REC-04614,high_risk,50,signature_failure;trusted_root_failure
REC-04615,high_risk,40,untrusted_vendor
REC-04616,normal,0,
REC-04617,high_risk,40,unauthorized_rollback
REC-04618,high_risk,40,hash_integrity_failure
REC-04619,investigate,20,vulnerable_component
REC-04620,normal,0,
REC-04621,high_risk,50,signature_failure;trusted_root_failure
REC-04622,investigate,20,unexpected_component
REC-04623,investigate,10,stale_evidence
REC-04624,high_risk,40,unauthorized_rollback
REC-04625,investigate,15,missing_sbom
REC-04626,investigate,20,vulnerable_component
REC-04627,normal,0,
REC-04628,normal,0,
REC-04629,high_risk,40,hash_integrity_failure
REC-04630,high_risk,40,untrusted_vendor
REC-04631,investigate,15,missing_sbom
REC-04632,high_risk,50,signature_failure;trusted_root_failure
REC-04633,high_risk,40,hash_integrity_failure
REC-04634,normal,0,
REC-04635,investigate,10,stale_evidence
REC-04636,normal,0,
REC-04637,high_risk,40,unauthorized_rollback
REC-04638,investigate,20,vulnerable_component
REC-04639,investigate,20,unexpected_component
REC-04640,high_risk,40,untrusted_vendor
REC-04641,high_risk,40,untrusted_vendor
REC-04642,high_risk,40,unauthorized_rollback
REC-04643,normal,0,
REC-04644,investigate,15,missing_sbom
REC-04645,high_risk,40,hash_integrity_failure
REC-04646,investigate,10,stale_evidence
REC-04647,investigate,20,unexpected_component
REC-04648,investigate,20,vulnerable_component
REC-04649,high_risk,50,signature_failure;trusted_root_failure
REC-04650,normal,0,
REC-04651,high_risk,50,signature_failure;trusted_root_failure
REC-04652,investigate,20,unexpected_component
REC-04653,high_risk,40,untrusted_vendor
REC-04654,high_risk,40,unauthorized_rollback
REC-04655,investigate,20,vulnerable_component
REC-04656,high_risk,40,hash_integrity_failure
REC-04657,investigate,10,stale_evidence
REC-04658,normal,0,
REC-04659,normal,0,
REC-04660,investigate,15,missing_sbom
REC-04661,investigate,20,unexpected_component
REC-04662,high_risk,40,unauthorized_rollback
REC-04663,normal,0,
REC-04664,investigate,15,missing_sbom
REC-04665,investigate,20,vulnerable_component
REC-04666,investigate,10,stale_evidence
REC-04667,high_risk,50,signature_failure;trusted_root_failure
REC-04668,high_risk,40,untrusted_vendor
REC-04669,high_risk,40,hash_integrity_failure
REC-04670,normal,0,
REC-04671,normal,0,
REC-04672,high_risk,50,signature_failure;trusted_root_failure
REC-04673,investigate,20,vulnerable_component
REC-04674,high_risk,40,unauthorized_rollback
REC-04675,investigate,20,unexpected_component
REC-04676,normal,0,
REC-04677,investigate,15,missing_sbom
REC-04678,high_risk,40,hash_integrity_failure
REC-04679,high_risk,40,untrusted_vendor
REC-04680,investigate,10,stale_evidence
REC-04681,high_risk,50,signature_failure;trusted_root_failure
REC-04682,investigate,20,unexpected_component
REC-04683,normal,0,
REC-04684,investigate,20,vulnerable_component
REC-04685,high_risk,40,unauthorized_rollback
REC-04686,normal,0,
REC-04687,high_risk,40,untrusted_vendor
REC-04688,investigate,10,stale_evidence
REC-04689,investigate,15,missing_sbom
REC-04690,high_risk,40,hash_integrity_failure
REC-04691,normal,0,
REC-04692,investigate,10,stale_evidence
REC-04693,high_risk,40,untrusted_vendor
REC-04694,high_risk,50,signature_failure;trusted_root_failure
REC-04695,normal,0,
REC-04696,high_risk,40,hash_integrity_failure
REC-04697,high_risk,40,unauthorized_rollback
REC-04698,investigate,15,missing_sbom
REC-04699,investigate,20,unexpected_component
REC-04700,investigate,20,vulnerable_component
REC-04701,investigate,20,vulnerable_component
REC-04702,high_risk,40,unauthorized_rollback
REC-04703,normal,0,
REC-04704,high_risk,40,untrusted_vendor
REC-04705,investigate,15,missing_sbom
REC-04706,investigate,20,unexpected_component
REC-04707,high_risk,50,signature_failure;trusted_root_failure
REC-04708,normal,0,
REC-04709,investigate,10,stale_evidence
REC-04710,high_risk,40,hash_integrity_failure
REC-04711,high_risk,50,signature_failure;trusted_root_failure
REC-04712,investigate,20,vulnerable_component
REC-04713,high_risk,40,untrusted_vendor
REC-04714,normal,0,
REC-04715,investigate,20,unexpected_component
REC-04716,investigate,15,missing_sbom
REC-04717,high_risk,40,hash_integrity_failure
REC-04718,high_risk,40,unauthorized_rollback
REC-04719,normal,0,
REC-04720,investigate,10,stale_evidence
REC-04721,high_risk,50,signature_failure;trusted_root_failure
REC-04722,normal,0,
REC-04723,investigate,15,missing_sbom
REC-04724,investigate,20,unexpected_component
REC-04725,high_risk,40,untrusted_vendor
REC-04726,high_risk,40,hash_integrity_failure
REC-04727,normal,0,
REC-04728,investigate,10,stale_evidence
REC-04729,investigate,20,vulnerable_component
REC-04730,high_risk,40,unauthorized_rollback
REC-04731,high_risk,40,unauthorized_rollback
REC-04732,high_risk,40,untrusted_vendor
REC-04733,normal,0,
REC-04734,investigate,15,missing_sbom
REC-04735,high_risk,40,hash_integrity_failure
REC-04736,normal,0,
REC-04737,investigate,20,vulnerable_component
REC-04738,investigate,10,stale_evidence
REC-04739,high_risk,50,signature_failure;trusted_root_failure
REC-04740,investigate,20,unexpected_component
REC-04741,high_risk,40,unauthorized_rollback
REC-04742,investigate,20,unexpected_component
REC-04743,normal,0,
REC-04744,normal,0,
REC-04745,high_risk,40,hash_integrity_failure
REC-04746,investigate,10,stale_evidence
REC-04747,high_risk,50,signature_failure;trusted_root_failure
REC-04748,investigate,20,vulnerable_component
REC-04749,high_risk,40,untrusted_vendor
REC-04750,investigate,15,missing_sbom
REC-04751,investigate,10,stale_evidence
REC-04752,high_risk,40,hash_integrity_failure
REC-04753,high_risk,40,untrusted_vendor
REC-04754,normal,0,
REC-04755,normal,0,
REC-04756,high_risk,50,signature_failure;trusted_root_failure
REC-04757,high_risk,40,unauthorized_rollback
REC-04758,investigate,20,unexpected_component
REC-04759,investigate,15,missing_sbom
REC-04760,investigate,20,vulnerable_component
REC-04761,normal,0,
REC-04762,high_risk,40,hash_integrity_failure
REC-04763,high_risk,50,signature_failure;trusted_root_failure
REC-04764,investigate,20,vulnerable_component
REC-04765,high_risk,40,unauthorized_rollback
REC-04766,investigate,10,stale_evidence
REC-04767,investigate,20,unexpected_component
REC-04768,investigate,15,missing_sbom
REC-04769,high_risk,40,untrusted_vendor
REC-04770,normal,0,
REC-04771,normal,0,
REC-04772,investigate,20,vulnerable_component
REC-04773,investigate,20,unexpected_component
REC-04774,investigate,15,missing_sbom
REC-04775,normal,0,
REC-04776,high_risk,50,signature_failure;trusted_root_failure
REC-04777,high_risk,40,untrusted_vendor
REC-04778,high_risk,40,unauthorized_rollback
REC-04779,investigate,10,stale_evidence
REC-04780,high_risk,40,hash_integrity_failure
REC-04781,investigate,15,missing_sbom
REC-04782,high_risk,40,unauthorized_rollback
REC-04783,investigate,10,stale_evidence
REC-04784,high_risk,40,hash_integrity_failure
REC-04785,high_risk,40,untrusted_vendor
REC-04786,normal,0,
REC-04787,normal,0,
REC-04788,investigate,20,unexpected_component
REC-04789,high_risk,50,signature_failure;trusted_root_failure
REC-04790,investigate,20,vulnerable_component
REC-04791,investigate,10,stale_evidence
REC-04792,investigate,20,vulnerable_component
REC-04793,high_risk,40,untrusted_vendor
REC-04794,high_risk,40,unauthorized_rollback
REC-04795,investigate,15,missing_sbom
REC-04796,normal,0,
REC-04797,high_risk,50,signature_failure;trusted_root_failure
REC-04798,investigate,20,unexpected_component
REC-04799,high_risk,40,hash_integrity_failure
REC-04800,normal,0,
REC-04801,high_risk,50,signature_failure;trusted_root_failure
REC-04802,high_risk,40,hash_integrity_failure
REC-04803,investigate,15,missing_sbom
REC-04804,investigate,20,unexpected_component
REC-04805,investigate,10,stale_evidence
REC-04806,normal,0,
REC-04807,high_risk,40,unauthorized_rollback
REC-04808,high_risk,40,untrusted_vendor
REC-04809,normal,0,
REC-04810,investigate,20,vulnerable_component
REC-04811,high_risk,40,hash_integrity_failure
REC-04812,normal,0,
REC-04813,investigate,15,missing_sbom
REC-04814,high_risk,40,unauthorized_rollback
REC-04815,investigate,20,unexpected_component
REC-04816,investigate,20,vulnerable_component
REC-04817,high_risk,50,signature_failure;trusted_root_failure
REC-04818,normal,0,
REC-04819,high_risk,40,untrusted_vendor
REC-04820,investigate,10,stale_evidence
REC-04821,high_risk,40,untrusted_vendor
REC-04822,normal,0,
REC-04823,investigate,10,stale_evidence
REC-04824,high_risk,40,hash_integrity_failure
REC-04825,high_risk,50,signature_failure;trusted_root_failure
REC-04826,investigate,20,unexpected_component
REC-04827,investigate,15,missing_sbom
REC-04828,high_risk,40,unauthorized_rollback
REC-04829,investigate,20,vulnerable_component
REC-04830,normal,0,
REC-04831,investigate,20,vulnerable_component
REC-04832,high_risk,40,untrusted_vendor
REC-04833,normal,0,
REC-04834,high_risk,50,signature_failure;trusted_root_failure
REC-04835,high_risk,40,unauthorized_rollback
REC-04836,investigate,10,stale_evidence
REC-04837,investigate,15,missing_sbom
REC-04838,investigate,20,unexpected_component
REC-04839,high_risk,40,hash_integrity_failure
REC-04840,normal,0,
REC-04841,investigate,20,vulnerable_component
REC-04842,high_risk,50,signature_failure;trusted_root_failure
REC-04843,investigate,15,missing_sbom
REC-04844,high_risk,40,untrusted_vendor
REC-04845,high_risk,40,unauthorized_rollback
REC-04846,investigate,20,unexpected_component
REC-04847,high_risk,40,hash_integrity_failure
REC-04848,normal,0,
REC-04849,normal,0,
REC-04850,investigate,10,stale_evidence
REC-04851,investigate,15,missing_sbom
REC-04852,high_risk,40,unauthorized_rollback
REC-04853,high_risk,40,hash_integrity_failure
REC-04854,investigate,20,unexpected_component
REC-04855,high_risk,50,signature_failure;trusted_root_failure
REC-04856,investigate,20,vulnerable_component
REC-04857,normal,0,
REC-04858,high_risk,40,untrusted_vendor
REC-04859,investigate,10,stale_evidence
REC-04860,normal,0,
REC-04861,high_risk,40,untrusted_vendor
REC-04862,high_risk,40,hash_integrity_failure
REC-04863,normal,0,
REC-04864,high_risk,50,signature_failure;trusted_root_failure
REC-04865,investigate,15,missing_sbom
REC-04866,normal,0,
REC-04867,high_risk,40,unauthorized_rollback
REC-04868,investigate,20,unexpected_component
REC-04869,investigate,20,vulnerable_component
REC-04870,investigate,10,stale_evidence
REC-04871,investigate,10,stale_evidence
REC-04872,high_risk,40,hash_integrity_failure
REC-04873,high_risk,50,signature_failure;trusted_root_failure
REC-04874,investigate,20,vulnerable_component
REC-04875,normal,0,
REC-04876,high_risk,40,untrusted_vendor
REC-04877,investigate,20,unexpected_component
REC-04878,high_risk,40,unauthorized_rollback
REC-04879,investigate,15,missing_sbom
REC-04880,normal,0,
REC-04881,high_risk,50,signature_failure;trusted_root_failure
REC-04882,investigate,15,missing_sbom
REC-04883,high_risk,40,untrusted_vendor
REC-04884,high_risk,40,unauthorized_rollback
REC-04885,normal,0,
REC-04886,investigate,20,unexpected_component
REC-04887,investigate,10,stale_evidence
REC-04888,investigate,20,vulnerable_component
REC-04889,normal,0,
REC-04890,high_risk,40,hash_integrity_failure
REC-04891,high_risk,40,untrusted_vendor
REC-04892,normal,0,
REC-04893,high_risk,40,hash_integrity_failure
REC-04894,investigate,20,vulnerable_component
REC-04895,investigate,20,unexpected_component
REC-04896,high_risk,50,signature_failure;trusted_root_failure
REC-04897,normal,0,
REC-04898,investigate,10,stale_evidence
REC-04899,high_risk,40,unauthorized_rollback
REC-04900,investigate,15,missing_sbom
REC-04901,investigate,15,missing_sbom
REC-04902,investigate,20,vulnerable_component
REC-04903,high_risk,40,hash_integrity_failure
REC-04904,high_risk,50,signature_failure;trusted_root_failure
REC-04905,normal,0,
REC-04906,normal,0,
REC-04907,high_risk,40,untrusted_vendor
REC-04908,investigate,20,unexpected_component
REC-04909,investigate,10,stale_evidence
REC-04910,high_risk,40,unauthorized_rollback
REC-04911,investigate,10,stale_evidence
REC-04912,investigate,15,missing_sbom
REC-04913,high_risk,50,signature_failure;trusted_root_failure
REC-04914,investigate,20,unexpected_component
REC-04915,high_risk,40,unauthorized_rollback
REC-04916,normal,0,
REC-04917,investigate,20,vulnerable_component
REC-04918,normal,0,
REC-04919,high_risk,40,hash_integrity_failure
REC-04920,high_risk,40,untrusted_vendor
REC-04921,high_risk,40,hash_integrity_failure
REC-04922,normal,0,
REC-04923,high_risk,40,untrusted_vendor
REC-04924,investigate,15,missing_sbom
REC-04925,investigate,10,stale_evidence
REC-04926,high_risk,50,signature_failure;trusted_root_failure
REC-04927,normal,0,
REC-04928,investigate,20,unexpected_component
REC-04929,high_risk,40,unauthorized_rollback
REC-04930,investigate,20,vulnerable_component
REC-04931,investigate,10,stale_evidence
REC-04932,investigate,20,unexpected_component
REC-04933,normal,0,
REC-04934,high_risk,50,signature_failure;trusted_root_failure
REC-04935,investigate,20,vulnerable_component
REC-04936,high_risk,40,untrusted_vendor
REC-04937,high_risk,40,unauthorized_rollback
REC-04938,normal,0,
REC-04939,investigate,15,missing_sbom
REC-04940,high_risk,40,hash_integrity_failure
REC-04941,investigate,15,missing_sbom
REC-04942,high_risk,40,hash_integrity_failure
REC-04943,investigate,10,stale_evidence
REC-04944,investigate,20,vulnerable_component
REC-04945,normal,0,
REC-04946,high_risk,50,signature_failure;trusted_root_failure
REC-04947,high_risk,40,unauthorized_rollback
REC-04948,high_risk,40,untrusted_vendor
REC-04949,investigate,20,unexpected_component
REC-04950,normal,0,
REC-04951,investigate,20,unexpected_component
REC-04952,normal,0,
REC-04953,investigate,10,stale_evidence
REC-04954,normal,0,
REC-04955,investigate,15,missing_sbom
REC-04956,high_risk,40,unauthorized_rollback
REC-04957,high_risk,40,hash_integrity_failure
REC-04958,investigate,20,vulnerable_component
REC-04959,high_risk,50,signature_failure;trusted_root_failure
REC-04960,high_risk,40,untrusted_vendor
REC-04961,high_risk,50,signature_failure;trusted_root_failure
REC-04962,normal,0,
REC-04963,investigate,10,stale_evidence
REC-04964,high_risk,40,hash_integrity_failure
REC-04965,investigate,15,missing_sbom
REC-04966,investigate,20,vulnerable_component
REC-04967,investigate,20,unexpected_component
REC-04968,high_risk,40,untrusted_vendor
REC-04969,normal,0,
REC-04970,high_risk,40,unauthorized_rollback
REC-04971,investigate,20,unexpected_component
REC-04972,investigate,10,stale_evidence
REC-04973,high_risk,50,signature_failure;trusted_root_failure
REC-04974,normal,0,
REC-04975,high_risk,40,untrusted_vendor
REC-04976,high_risk,40,unauthorized_rollback
REC-04977,investigate,20,vulnerable_component
REC-04978,normal,0,
REC-04979,high_risk,40,hash_integrity_failure
REC-04980,investigate,15,missing_sbom
REC-04981,normal,0,
REC-04982,investigate,15,missing_sbom
REC-04983,high_risk,40,unauthorized_rollback
REC-04984,high_risk,50,signature_failure;trusted_root_failure
REC-04985,high_risk,40,untrusted_vendor
REC-04986,normal,0,
REC-04987,high_risk,40,hash_integrity_failure
REC-04988,investigate,20,unexpected_component
REC-04989,investigate,20,vulnerable_component
REC-04990,investigate,10,stale_evidence
REC-04991,investigate,15,missing_sbom
REC-04992,high_risk,40,unauthorized_rollback
REC-04993,investigate,20,unexpected_component
REC-04994,high_risk,50,signature_failure;trusted_root_failure
REC-04995,investigate,20,vulnerable_component
REC-04996,high_risk,40,untrusted_vendor
REC-04997,high_risk,40,hash_integrity_failure
REC-04998,normal,0,
REC-04999,normal,0,
REC-05000,investigate,10,stale_evidence
