scenario_manifest_id,record_id,package_id,product_id,asset_id,generator_version,record_seed,run_id
MANIFEST-00001,REC-00001,PKG-00001,PROD-003,ASSET-DCS-001,1.0.0,20260829,RUN-20260828-01a55fcf
MANIFEST-00002,REC-00002,PKG-00002,PROD-003,ASSET-RTU-001,1.0.0,20260830,RUN-20260828-01a55fcf
MANIFEST-00003,REC-00003,PKG-00003,PROD-001,ASSET-RTU-001,1.0.0,20260831,RUN-20260828-01a55fcf
MANIFEST-00004,REC-00004,PKG-00004,PROD-002,ASSET-PLC-001,1.0.0,20260832,RUN-20260828-01a55fcf
MANIFEST-00005,REC-00005,PKG-00005,PROD-001,ASSET-RTU-001,1.0.0,20260833,RUN-20260828-01a55fcf
MANIFEST-00006,REC-00006,PKG-00006,PROD-005,ASSET-DCS-001,1.0.0,20260834,RUN-20260828-01a55fcf
MANIFEST-00007,REC-00007,PKG-00007,PROD-004,ASSET-OPC-001,1.0.0,20260835,RUN-20260828-01a55fcf
MANIFEST-00008,REC-00008,PKG-00008,PROD-002,ASSET-DCS-001,1.0.0,20260836,RUN-20260828-01a55fcf
MANIFEST-00009,REC-00009,PKG-00009,PROD-001,ASSET-OPC-001,1.0.0,20260837,RUN-20260828-01a55fcf
MANIFEST-00010,REC-00010,PKG-00010,PROD-002,ASSET-OPC-001,1.0.0,20260838,RUN-20260828-01a55fcf
MANIFEST-00011,REC-00011,PKG-00011,PROD-002,ASSET-RTU-001,1.0.0,20260839,RUN-20260828-01a55fcf
MANIFEST-00012,REC-00012,PKG-00012,PROD-002,ASSET-RTU-001,1.0.0,20260840,RUN-20260828-01a55fcf
MANIFEST-00013,REC-00013,PKG-00013,PROD-005,ASSET-DCS-001,1.0.0,20260841,RUN-20260828-01a55fcf
MANIFEST-00014,REC-00014,PKG-00014,PROD-001,ASSET-PLC-001,1.0.0,20260842,RUN-20260828-01a55fcf
MANIFEST-00015,REC-00015,PKG-00015,PROD-003,ASSET-RTU-001,1.0.0,20260843,RUN-20260828-01a55fcf
MANIFEST-00016,REC-00016,PKG-00016,PROD-002,ASSET-RTU-001,1.0.0,20260844,RUN-20260828-01a55fcf
MANIFEST-00017,REC-00017,PKG-00017,PROD-003,ASSET-SIS-001,1.0.0,20260845,RUN-20260828-01a55fcf
MANIFEST-00018,REC-00018,PKG-00018,PROD-004,ASSET-SIS-001,1.0.0,20260846,RUN-20260828-01a55fcf
MANIFEST-00019,REC-00019,PKG-00019,PROD-002,ASSET-SIS-001,1.0.0,20260847,RUN-20260828-01a55fcf
MANIFEST-00020,REC-00020,PKG-00020,PROD-003,ASSET-DCS-001,1.0.0,20260848,RUN-20260828-01a55fcf
MANIFEST-00021,REC-00021,PKG-00021,PROD-003,ASSET-RTU-001,1.0.0,20260849,RUN-20260828-01a55fcf
MANIFEST-00022,REC-00022,PKG-00022,PROD-005,ASSET-OPC-001,1.0.0,20260850,RUN-20260828-01a55fcf
MANIFEST-00023,REC-00023,PKG-00023,PROD-005,ASSET-PLC-001,1.0.0,20260851,RUN-20260828-01a55fcf
MANIFEST-00024,REC-00024,PKG-00024,PROD-004,ASSET-SIS-001,1.0.0,20260852,RUN-20260828-01a55fcf
MANIFEST-00025,REC-00025,PKG-00025,PROD-005,ASSET-PLC-001,1.0.0,20260853,RUN-20260828-01a55fcf
MANIFEST-00026,REC-00026,PKG-00026,PROD-001,ASSET-OPC-001,1.0.0,20260854,RUN-20260828-01a55fcf
MANIFEST-00027,REC-00027,PKG-00027,PROD-002,ASSET-OPC-001,1.0.0,20260855,RUN-20260828-01a55fcf
MANIFEST-00028,REC-00028,PKG-00028,PROD-003,ASSET-SIS-001,1.0.0,20260856,RUN-20260828-01a55fcf
MANIFEST-00029,REC-00029,PKG-00029,PROD-003,ASSET-RTU-001,1.0.0,20260857,RUN-20260828-01a55fcf
MANIFEST-00030,REC-00030,PKG-00030,PROD-002,ASSET-RTU-001,1.0.0,20260858,RUN-20260828-01a55fcf
MANIFEST-00031,REC-00031,PKG-00031,PROD-001,ASSET-OPC-001,1.0.0,20260859,RUN-20260828-01a55fcf
MANIFEST-00032,REC-00032,PKG-00032,PROD-001,ASSET-PLC-001,1.0.0,20260860,RUN-20260828-01a55fcf
MANIFEST-00033,REC-00033,PKG-00033,PROD-005,ASSET-PLC-001,1.0.0,20260861,RUN-20260828-01a55fcf
MANIFEST-00034,REC-00034,PKG-00034,PROD-001,ASSET-SIS-001,1.0.0,20260862,RUN-20260828-01a55fcf
MANIFEST-00035,REC-00035,PKG-00035,PROD-005,ASSET-RTU-001,1.0.0,20260863,RUN-20260828-01a55fcf
MANIFEST-00036,REC-00036,PKG-00036,PROD-002,ASSET-OPC-001,1.0.0,20260864,RUN-20260828-01a55fcf
MANIFEST-00037,REC-00037,PKG-00037,PROD-005,ASSET-DCS-001,1.0.0,20260865,RUN-20260828-01a55fcf
MANIFEST-00038,REC-00038,PKG-00038,PROD-005,ASSET-DCS-001,1.0.0,20260866,RUN-20260828-01a55fcf
MANIFEST-00039,REC-00039,PKG-00039,PROD-001,ASSET-DCS-001,1.0.0,20260867,RUN-20260828-01a55fcf
MANIFEST-00040,REC-00040,PKG-00040,PROD-004,ASSET-PLC-001,1.0.0,20260868,RUN-20260828-01a55fcf
MANIFEST-00041,REC-00041,PKG-00041,PROD-005,ASSET-RTU-001,1.0.0,20260869,RUN-20260828-01a55fcf
MANIFEST-00042,REC-00042,PKG-00042,PROD-002,ASSET-RTU-001,1.0.0,20260870,RUN-20260828-01a55fcf
MANIFEST-00043,REC-00043,PKG-00043,PROD-001,ASSET-OPC-001,1.0.0,20260871,RUN-20260828-01a55fcf
MANIFEST-00044,REC-00044,PKG-00044,PROD-001,ASSET-DCS-001,1.0.0,20260872,RUN-20260828-01a55fcf
MANIFEST-00045,REC-00045,PKG-00045,PROD-005,ASSET-PLC-001,1.0.0,20260873,RUN-20260828-01a55fcf
MANIFEST-00046,REC-00046,PKG-00046,PROD-005,ASSET-SIS-001,1.0.0,20260874,RUN-20260828-01a55fcf
MANIFEST-00047,REC-00047,PKG-00047,PROD-001,ASSET-DCS-001,1.0.0,20260875,RUN-20260828-01a55fcf
MANIFEST-00048,REC-00048,PKG-00048,PROD-001,ASSET-OPC-001,1.0.0,20260876,RUN-20260828-01a55fcf
MANIFEST-00049,REC-00049,PKG-00049,PROD-004,ASSET-DCS-001,1.0.0,20260877,RUN-20260828-01a55fcf
MANIFEST-00050,REC-00050,PKG-00050,PROD-005,ASSET-RTU-001,1.0.0,20260878,RUN-20260828-01a55fcf
MANIFEST-00051,REC-00051,PKG-00051,PROD-001,ASSET-SIS-001,1.0.0,20260879,RUN-20260828-01a55fcf
MANIFEST-00052,REC-00052,PKG-00052,PROD-002,ASSET-DCS-001,1.0.0,20260880,RUN-20260828-01a55fcf
MANIFEST-00053,REC-00053,PKG-00053,PROD-005,ASSET-RTU-001,1.0.0,20260881,RUN-20260828-01a55fcf
MANIFEST-00054,REC-00054,PKG-00054,PROD-004,ASSET-RTU-001,1.0.0,20260882,RUN-20260828-01a55fcf
MANIFEST-00055,REC-00055,PKG-00055,PROD-002,ASSET-SIS-001,1.0.0,20260883,RUN-20260828-01a55fcf
MANIFEST-00056,REC-00056,PKG-00056,PROD-002,ASSET-SIS-001,1.0.0,20260884,RUN-20260828-01a55fcf
MANIFEST-00057,REC-00057,PKG-00057,PROD-002,ASSET-SIS-001,1.0.0,20260885,RUN-20260828-01a55fcf
MANIFEST-00058,REC-00058,PKG-00058,PROD-005,ASSET-OPC-001,1.0.0,20260886,RUN-20260828-01a55fcf
MANIFEST-00059,REC-00059,PKG-00059,PROD-005,ASSET-DCS-001,1.0.0,20260887,RUN-20260828-01a55fcf
MANIFEST-00060,REC-00060,PKG-00060,PROD-004,ASSET-PLC-001,1.0.0,20260888,RUN-20260828-01a55fcf
MANIFEST-00061,REC-00061,PKG-00061,PROD-002,ASSET-OPC-001,1.0.0,20260889,RUN-20260828-01a55fcf
MANIFEST-00062,REC-00062,PKG-00062,PROD-001,ASSET-RTU-001,1.0.0,20260890,RUN-20260828-01a55fcf
MANIFEST-00063,REC-00063,PKG-00063,PROD-005,ASSET-SIS-001,1.0.0,20260891,RUN-20260828-01a55fcf
MANIFEST-00064,REC-00064,PKG-00064,PROD-004,ASSET-RTU-001,1.0.0,20260892,RUN-20260828-01a55fcf
MANIFEST-00065,REC-00065,PKG-00065,PROD-002,ASSET-OPC-001,1.0.0,20260893,RUN-20260828-01a55fcf
MANIFEST-00066,REC-00066,PKG-00066,PROD-001,ASSET-RTU-001,1.0.0,20260894,RUN-20260828-01a55fcf
MANIFEST-00067,REC-00067,PKG-00067,PROD-005,ASSET-RTU-001,1.0.0,20260895,RUN-20260828-01a55fcf
MANIFEST-00068,REC-00068,PKG-00068,PROD-002,ASSET-OPC-001,1.0.0,20260896,RUN-20260828-01a55fcf
MANIFEST-00069,REC-00069,PKG-00069,PROD-001,ASSET-SIS-001,1.0.0,20260897,RUN-20260828-01a55fcf
MANIFEST-00070,REC-00070,PKG-00070,PROD-003,ASSET-PLC-001,1.0.0,20260898,RUN-20260828-01a55fcf
MANIFEST-00071,REC-00071,PKG-00071,PROD-003,ASSET-DCS-001,1.0.0,20260899,RUN-20260828-01a55fcf
MANIFEST-00072,REC-00072,PKG-00072,PROD-005,ASSET-DCS-001,1.0.0,20260900,RUN-20260828-01a55fcf
MANIFEST-00073,REC-00073,PKG-00073,PROD-001,ASSET-RTU-001,1.0.0,20260901,RUN-20260828-01a55fcf
MANIFEST-00074,REC-00074,PKG-00074,PROD-001,ASSET-DCS-001,1.0.0,20260902,RUN-20260828-01a55fcf
MANIFEST-00075,REC-00075,PKG-00075,PROD-005,ASSET-RTU-001,1.0.0,20260903,RUN-20260828-01a55fcf
MANIFEST-00076,REC-00076,PKG-00076,PROD-004,ASSET-SIS-001,1.0.0,20260904,RUN-20260828-01a55fcf
MANIFEST-00077,REC-00077,PKG-00077,PROD-001,ASSET-DCS-001,1.0.0,20260905,RUN-20260828-01a55fcf
MANIFEST-00078,REC-00078,PKG-00078,PROD-005,ASSET-PLC-001,1.0.0,20260906,RUN-20260828-01a55fcf
MANIFEST-00079,REC-00079,PKG-00079,PROD-004,ASSET-SIS-001,1.0.0,20260907,RUN-20260828-01a55fcf
MANIFEST-00080,REC-00080,PKG-00080,PROD-002,ASSET-PLC-001,1.0.0,20260908,RUN-20260828-01a55fcf
MANIFEST-00081,REC-00081,PKG-00081,PROD-002,ASSET-PLC-001,1.0.0,20260909,RUN-20260828-01a55fcf
MANIFEST-00082,REC-00082,PKG-00082,PROD-002,ASSET-RTU-001,1.0.0,20260910,RUN-20260828-01a55fcf
MANIFEST-00083,REC-00083,PKG-00083,PROD-003,ASSET-PLC-001,1.0.0,20260911,RUN-20260828-01a55fcf
MANIFEST-00084,REC-00084,PKG-00084,PROD-005,ASSET-DCS-001,1.0.0,20260912,RUN-20260828-01a55fcf
MANIFEST-00085,REC-00085,PKG-00085,PROD-005,ASSET-SIS-001,1.0.0,20260913,RUN-20260828-01a55fcf
MANIFEST-00086,REC-00086,PKG-00086,PROD-002,ASSET-PLC-001,1.0.0,20260914,RUN-20260828-01a55fcf
MANIFEST-00087,REC-00087,PKG-00087,PROD-005,ASSET-SIS-001,1.0.0,20260915,RUN-20260828-01a55fcf
MANIFEST-00088,REC-00088,PKG-00088,PROD-003,ASSET-DCS-001,1.0.0,20260916,RUN-20260828-01a55fcf
MANIFEST-00089,REC-00089,PKG-00089,PROD-004,ASSET-SIS-001,1.0.0,20260917,RUN-20260828-01a55fcf
MANIFEST-00090,REC-00090,PKG-00090,PROD-003,ASSET-DCS-001,1.0.0,20260918,RUN-20260828-01a55fcf
MANIFEST-00091,REC-00091,PKG-00091,PROD-002,ASSET-SIS-001,1.0.0,20260919,RUN-20260828-01a55fcf
MANIFEST-00092,REC-00092,PKG-00092,PROD-003,ASSET-RTU-001,1.0.0,20260920,RUN-20260828-01a55fcf
MANIFEST-00093,REC-00093,PKG-00093,PROD-003,ASSET-OPC-001,1.0.0,20260921,RUN-20260828-01a55fcf
MANIFEST-00094,REC-00094,PKG-00094,PROD-003,ASSET-DCS-001,1.0.0,20260922,RUN-20260828-01a55fcf
MANIFEST-00095,REC-00095,PKG-00095,PROD-005,ASSET-RTU-001,1.0.0,20260923,RUN-20260828-01a55fcf
MANIFEST-00096,REC-00096,PKG-00096,PROD-005,ASSET-PLC-001,1.0.0,20260924,RUN-20260828-01a55fcf
MANIFEST-00097,REC-00097,PKG-00097,PROD-004,ASSET-RTU-001,1.0.0,20260925,RUN-20260828-01a55fcf
MANIFEST-00098,REC-00098,PKG-00098,PROD-003,ASSET-RTU-001,1.0.0,20260926,RUN-20260828-01a55fcf
MANIFEST-00099,REC-00099,PKG-00099,PROD-003,ASSET-DCS-001,1.0.0,20260927,RUN-20260828-01a55fcf
MANIFEST-00100,REC-00100,PKG-00100,PROD-005,ASSET-PLC-001,1.0.0,20260928,RUN-20260828-01a55fcf
MANIFEST-00101,REC-00101,PKG-00101,PROD-001,ASSET-RTU-001,1.0.0,20260929,RUN-20260828-01a55fcf
MANIFEST-00102,REC-00102,PKG-00102,PROD-003,ASSET-OPC-001,1.0.0,20260930,RUN-20260828-01a55fcf
MANIFEST-00103,REC-00103,PKG-00103,PROD-004,ASSET-SIS-001,1.0.0,20260931,RUN-20260828-01a55fcf
MANIFEST-00104,REC-00104,PKG-00104,PROD-003,ASSET-SIS-001,1.0.0,20260932,RUN-20260828-01a55fcf
MANIFEST-00105,REC-00105,PKG-00105,PROD-001,ASSET-SIS-001,1.0.0,20260933,RUN-20260828-01a55fcf
MANIFEST-00106,REC-00106,PKG-00106,PROD-005,ASSET-OPC-001,1.0.0,20260934,RUN-20260828-01a55fcf
MANIFEST-00107,REC-00107,PKG-00107,PROD-001,ASSET-DCS-001,1.0.0,20260935,RUN-20260828-01a55fcf
MANIFEST-00108,REC-00108,PKG-00108,PROD-004,ASSET-SIS-001,1.0.0,20260936,RUN-20260828-01a55fcf
MANIFEST-00109,REC-00109,PKG-00109,PROD-003,ASSET-DCS-001,1.0.0,20260937,RUN-20260828-01a55fcf
MANIFEST-00110,REC-00110,PKG-00110,PROD-004,ASSET-SIS-001,1.0.0,20260938,RUN-20260828-01a55fcf
MANIFEST-00111,REC-00111,PKG-00111,PROD-003,ASSET-OPC-001,1.0.0,20260939,RUN-20260828-01a55fcf
MANIFEST-00112,REC-00112,PKG-00112,PROD-003,ASSET-RTU-001,1.0.0,20260940,RUN-20260828-01a55fcf
MANIFEST-00113,REC-00113,PKG-00113,PROD-002,ASSET-SIS-001,1.0.0,20260941,RUN-20260828-01a55fcf
MANIFEST-00114,REC-00114,PKG-00114,PROD-002,ASSET-RTU-001,1.0.0,20260942,RUN-20260828-01a55fcf
MANIFEST-00115,REC-00115,PKG-00115,PROD-003,ASSET-OPC-001,1.0.0,20260943,RUN-20260828-01a55fcf
MANIFEST-00116,REC-00116,PKG-00116,PROD-004,ASSET-SIS-001,1.0.0,20260944,RUN-20260828-01a55fcf
MANIFEST-00117,REC-00117,PKG-00117,PROD-002,ASSET-DCS-001,1.0.0,20260945,RUN-20260828-01a55fcf
MANIFEST-00118,REC-00118,PKG-00118,PROD-005,ASSET-SIS-001,1.0.0,20260946,RUN-20260828-01a55fcf
MANIFEST-00119,REC-00119,PKG-00119,PROD-004,ASSET-SIS-001,1.0.0,20260947,RUN-20260828-01a55fcf
MANIFEST-00120,REC-00120,PKG-00120,PROD-002,ASSET-OPC-001,1.0.0,20260948,RUN-20260828-01a55fcf
MANIFEST-00121,REC-00121,PKG-00121,PROD-005,ASSET-RTU-001,1.0.0,20260949,RUN-20260828-01a55fcf
MANIFEST-00122,REC-00122,PKG-00122,PROD-004,ASSET-DCS-001,1.0.0,20260950,RUN-20260828-01a55fcf
MANIFEST-00123,REC-00123,PKG-00123,PROD-004,ASSET-SIS-001,1.0.0,20260951,RUN-20260828-01a55fcf
MANIFEST-00124,REC-00124,PKG-00124,PROD-003,ASSET-SIS-001,1.0.0,20260952,RUN-20260828-01a55fcf
MANIFEST-00125,REC-00125,PKG-00125,PROD-005,ASSET-RTU-001,1.0.0,20260953,RUN-20260828-01a55fcf
MANIFEST-00126,REC-00126,PKG-00126,PROD-002,ASSET-DCS-001,1.0.0,20260954,RUN-20260828-01a55fcf
MANIFEST-00127,REC-00127,PKG-00127,PROD-001,ASSET-SIS-001,1.0.0,20260955,RUN-20260828-01a55fcf
MANIFEST-00128,REC-00128,PKG-00128,PROD-003,ASSET-DCS-001,1.0.0,20260956,RUN-20260828-01a55fcf
MANIFEST-00129,REC-00129,PKG-00129,PROD-004,ASSET-DCS-001,1.0.0,20260957,RUN-20260828-01a55fcf
MANIFEST-00130,REC-00130,PKG-00130,PROD-003,ASSET-OPC-001,1.0.0,20260958,RUN-20260828-01a55fcf
MANIFEST-00131,REC-00131,PKG-00131,PROD-001,ASSET-SIS-001,1.0.0,20260959,RUN-20260828-01a55fcf
MANIFEST-00132,REC-00132,PKG-00132,PROD-001,ASSET-RTU-001,1.0.0,20260960,RUN-20260828-01a55fcf
MANIFEST-00133,REC-00133,PKG-00133,PROD-001,ASSET-OPC-001,1.0.0,20260961,RUN-20260828-01a55fcf
MANIFEST-00134,REC-00134,PKG-00134,PROD-005,ASSET-OPC-001,1.0.0,20260962,RUN-20260828-01a55fcf
MANIFEST-00135,REC-00135,PKG-00135,PROD-003,ASSET-PLC-001,1.0.0,20260963,RUN-20260828-01a55fcf
MANIFEST-00136,REC-00136,PKG-00136,PROD-001,ASSET-DCS-001,1.0.0,20260964,RUN-20260828-01a55fcf
MANIFEST-00137,REC-00137,PKG-00137,PROD-001,ASSET-RTU-001,1.0.0,20260965,RUN-20260828-01a55fcf
MANIFEST-00138,REC-00138,PKG-00138,PROD-003,ASSET-DCS-001,1.0.0,20260966,RUN-20260828-01a55fcf
MANIFEST-00139,REC-00139,PKG-00139,PROD-005,ASSET-PLC-001,1.0.0,20260967,RUN-20260828-01a55fcf
MANIFEST-00140,REC-00140,PKG-00140,PROD-001,ASSET-OPC-001,1.0.0,20260968,RUN-20260828-01a55fcf
MANIFEST-00141,REC-00141,PKG-00141,PROD-002,ASSET-PLC-001,1.0.0,20260969,RUN-20260828-01a55fcf
MANIFEST-00142,REC-00142,PKG-00142,PROD-001,ASSET-PLC-001,1.0.0,20260970,RUN-20260828-01a55fcf
MANIFEST-00143,REC-00143,PKG-00143,PROD-003,ASSET-PLC-001,1.0.0,20260971,RUN-20260828-01a55fcf
MANIFEST-00144,REC-00144,PKG-00144,PROD-003,ASSET-RTU-001,1.0.0,20260972,RUN-20260828-01a55fcf
MANIFEST-00145,REC-00145,PKG-00145,PROD-005,ASSET-SIS-001,1.0.0,20260973,RUN-20260828-01a55fcf
MANIFEST-00146,REC-00146,PKG-00146,PROD-001,ASSET-DCS-001,1.0.0,20260974,RUN-20260828-01a55fcf
MANIFEST-00147,REC-00147,PKG-00147,PROD-002,ASSET-PLC-001,1.0.0,20260975,RUN-20260828-01a55fcf
MANIFEST-00148,REC-00148,PKG-00148,PROD-004,ASSET-OPC-001,1.0.0,20260976,RUN-20260828-01a55fcf
MANIFEST-00149,REC-00149,PKG-00149,PROD-003,ASSET-SIS-001,1.0.0,20260977,RUN-20260828-01a55fcf
MANIFEST-00150,REC-00150,PKG-00150,PROD-001,ASSET-OPC-001,1.0.0,20260978,RUN-20260828-01a55fcf
MANIFEST-00151,REC-00151,PKG-00151,PROD-001,ASSET-PLC-001,1.0.0,20260979,RUN-20260828-01a55fcf
MANIFEST-00152,REC-00152,PKG-00152,PROD-002,ASSET-PLC-001,1.0.0,20260980,RUN-20260828-01a55fcf
MANIFEST-00153,REC-00153,PKG-00153,PROD-005,ASSET-PLC-001,1.0.0,20260981,RUN-20260828-01a55fcf
MANIFEST-00154,REC-00154,PKG-00154,PROD-004,ASSET-DCS-001,1.0.0,20260982,RUN-20260828-01a55fcf
MANIFEST-00155,REC-00155,PKG-00155,PROD-002,ASSET-DCS-001,1.0.0,20260983,RUN-20260828-01a55fcf
MANIFEST-00156,REC-00156,PKG-00156,PROD-004,ASSET-OPC-001,1.0.0,20260984,RUN-20260828-01a55fcf
MANIFEST-00157,REC-00157,PKG-00157,PROD-001,ASSET-OPC-001,1.0.0,20260985,RUN-20260828-01a55fcf
MANIFEST-00158,REC-00158,PKG-00158,PROD-005,ASSET-PLC-001,1.0.0,20260986,RUN-20260828-01a55fcf
MANIFEST-00159,REC-00159,PKG-00159,PROD-005,ASSET-OPC-001,1.0.0,20260987,RUN-20260828-01a55fcf
MANIFEST-00160,REC-00160,PKG-00160,PROD-003,ASSET-DCS-001,1.0.0,20260988,RUN-20260828-01a55fcf
MANIFEST-00161,REC-00161,PKG-00161,PROD-002,ASSET-PLC-001,1.0.0,20260989,RUN-20260828-01a55fcf
MANIFEST-00162,REC-00162,PKG-00162,PROD-003,ASSET-OPC-001,1.0.0,20260990,RUN-20260828-01a55fcf
MANIFEST-00163,REC-00163,PKG-00163,PROD-003,ASSET-RTU-001,1.0.0,20260991,RUN-20260828-01a55fcf
MANIFEST-00164,REC-00164,PKG-00164,PROD-005,ASSET-RTU-001,1.0.0,20260992,RUN-20260828-01a55fcf
MANIFEST-00165,REC-00165,PKG-00165,PROD-001,ASSET-OPC-001,1.0.0,20260993,RUN-20260828-01a55fcf
MANIFEST-00166,REC-00166,PKG-00166,PROD-002,ASSET-RTU-001,1.0.0,20260994,RUN-20260828-01a55fcf
MANIFEST-00167,REC-00167,PKG-00167,PROD-004,ASSET-RTU-001,1.0.0,20260995,RUN-20260828-01a55fcf
MANIFEST-00168,REC-00168,PKG-00168,PROD-001,ASSET-RTU-001,1.0.0,20260996,RUN-20260828-01a55fcf
MANIFEST-00169,REC-00169,PKG-00169,PROD-001,ASSET-SIS-001,1.0.0,20260997,RUN-20260828-01a55fcf
MANIFEST-00170,REC-00170,PKG-00170,PROD-004,ASSET-SIS-001,1.0.0,20260998,RUN-20260828-01a55fcf
MANIFEST-00171,REC-00171,PKG-00171,PROD-002,ASSET-SIS-001,1.0.0,20260999,RUN-20260828-01a55fcf
MANIFEST-00172,REC-00172,PKG-00172,PROD-003,ASSET-RTU-001,1.0.0,20261000,RUN-20260828-01a55fcf
MANIFEST-00173,REC-00173,PKG-00173,PROD-005,ASSET-OPC-001,1.0.0,20261001,RUN-20260828-01a55fcf
MANIFEST-00174,REC-00174,PKG-00174,PROD-005,ASSET-OPC-001,1.0.0,20261002,RUN-20260828-01a55fcf
MANIFEST-00175,REC-00175,PKG-00175,PROD-004,ASSET-RTU-001,1.0.0,20261003,RUN-20260828-01a55fcf
MANIFEST-00176,REC-00176,PKG-00176,PROD-003,ASSET-SIS-001,1.0.0,20261004,RUN-20260828-01a55fcf
MANIFEST-00177,REC-00177,PKG-00177,PROD-003,ASSET-SIS-001,1.0.0,20261005,RUN-20260828-01a55fcf
MANIFEST-00178,REC-00178,PKG-00178,PROD-004,ASSET-DCS-001,1.0.0,20261006,RUN-20260828-01a55fcf
MANIFEST-00179,REC-00179,PKG-00179,PROD-003,ASSET-DCS-001,1.0.0,20261007,RUN-20260828-01a55fcf
MANIFEST-00180,REC-00180,PKG-00180,PROD-001,ASSET-SIS-001,1.0.0,20261008,RUN-20260828-01a55fcf
MANIFEST-00181,REC-00181,PKG-00181,PROD-004,ASSET-DCS-001,1.0.0,20261009,RUN-20260828-01a55fcf
MANIFEST-00182,REC-00182,PKG-00182,PROD-001,ASSET-DCS-001,1.0.0,20261010,RUN-20260828-01a55fcf
MANIFEST-00183,REC-00183,PKG-00183,PROD-003,ASSET-RTU-001,1.0.0,20261011,RUN-20260828-01a55fcf
MANIFEST-00184,REC-00184,PKG-00184,PROD-005,ASSET-OPC-001,1.0.0,20261012,RUN-20260828-01a55fcf
MANIFEST-00185,REC-00185,PKG-00185,PROD-005,ASSET-OPC-001,1.0.0,20261013,RUN-20260828-01a55fcf
MANIFEST-00186,REC-00186,PKG-00186,PROD-003,ASSET-PLC-001,1.0.0,20261014,RUN-20260828-01a55fcf
MANIFEST-00187,REC-00187,PKG-00187,PROD-001,ASSET-DCS-001,1.0.0,20261015,RUN-20260828-01a55fcf
MANIFEST-00188,REC-00188,PKG-00188,PROD-005,ASSET-PLC-001,1.0.0,20261016,RUN-20260828-01a55fcf
MANIFEST-00189,REC-00189,PKG-00189,PROD-004,ASSET-SIS-001,1.0.0,20261017,RUN-20260828-01a55fcf
MANIFEST-00190,REC-00190,PKG-00190,PROD-005,ASSET-OPC-001,1.0.0,20261018,RUN-20260828-01a55fcf
MANIFEST-00191,REC-00191,PKG-00191,PROD-002,ASSET-SIS-001,1.0.0,20261019,RUN-20260828-01a55fcf
MANIFEST-00192,REC-00192,PKG-00192,PROD-003,ASSET-PLC-001,1.0.0,20261020,RUN-20260828-01a55fcf
MANIFEST-00193,REC-00193,PKG-00193,PROD-004,ASSET-OPC-001,1.0.0,20261021,RUN-20260828-01a55fcf
MANIFEST-00194,REC-00194,PKG-00194,PROD-001,ASSET-PLC-001,1.0.0,20261022,RUN-20260828-01a55fcf
MANIFEST-00195,REC-00195,PKG-00195,PROD-001,ASSET-SIS-001,1.0.0,20261023,RUN-20260828-01a55fcf
MANIFEST-00196,REC-00196,PKG-00196,PROD-003,ASSET-DCS-001,1.0.0,20261024,RUN-20260828-01a55fcf
MANIFEST-00197,REC-00197,PKG-00197,PROD-003,ASSET-OPC-001,1.0.0,20261025,RUN-20260828-01a55fcf
MANIFEST-00198,REC-00198,PKG-00198,PROD-001,ASSET-DCS-001,1.0.0,20261026,RUN-20260828-01a55fcf
MANIFEST-00199,REC-00199,PKG-00199,PROD-001,ASSET-RTU-001,1.0.0,20261027,RUN-20260828-01a55fcf
MANIFEST-00200,REC-00200,PKG-00200,PROD-004,ASSET-DCS-001,1.0.0,20261028,RUN-20260828-01a55fcf
MANIFEST-00201,REC-00201,PKG-00201,PROD-003,ASSET-DCS-001,1.0.0,20261029,RUN-20260828-01a55fcf
MANIFEST-00202,REC-00202,PKG-00202,PROD-003,ASSET-RTU-001,1.0.0,20261030,RUN-20260828-01a55fcf
MANIFEST-00203,REC-00203,PKG-00203,PROD-001,ASSET-RTU-001,1.0.0,20261031,RUN-20260828-01a55fcf
MANIFEST-00204,REC-00204,PKG-00204,PROD-004,ASSET-SIS-001,1.0.0,20261032,RUN-20260828-01a55fcf
MANIFEST-00205,REC-00205,PKG-00205,PROD-001,ASSET-DCS-001,1.0.0,20261033,RUN-20260828-01a55fcf
MANIFEST-00206,REC-00206,PKG-00206,PROD-004,ASSET-OPC-001,1.0.0,20261034,RUN-20260828-01a55fcf
MANIFEST-00207,REC-00207,PKG-00207,PROD-001,ASSET-PLC-001,1.0.0,20261035,RUN-20260828-01a55fcf
MANIFEST-00208,REC-00208,PKG-00208,PROD-005,ASSET-DCS-001,1.0.0,20261036,RUN-20260828-01a55fcf
MANIFEST-00209,REC-00209,PKG-00209,PROD-002,ASSET-SIS-001,1.0.0,20261037,RUN-20260828-01a55fcf
MANIFEST-00210,REC-00210,PKG-00210,PROD-001,ASSET-RTU-001,1.0.0,20261038,RUN-20260828-01a55fcf
MANIFEST-00211,REC-00211,PKG-00211,PROD-002,ASSET-DCS-001,1.0.0,20261039,RUN-20260828-01a55fcf
MANIFEST-00212,REC-00212,PKG-00212,PROD-004,ASSET-OPC-001,1.0.0,20261040,RUN-20260828-01a55fcf
MANIFEST-00213,REC-00213,PKG-00213,PROD-005,ASSET-PLC-001,1.0.0,20261041,RUN-20260828-01a55fcf
MANIFEST-00214,REC-00214,PKG-00214,PROD-001,ASSET-PLC-001,1.0.0,20261042,RUN-20260828-01a55fcf
MANIFEST-00215,REC-00215,PKG-00215,PROD-001,ASSET-DCS-001,1.0.0,20261043,RUN-20260828-01a55fcf
MANIFEST-00216,REC-00216,PKG-00216,PROD-001,ASSET-DCS-001,1.0.0,20261044,RUN-20260828-01a55fcf
MANIFEST-00217,REC-00217,PKG-00217,PROD-003,ASSET-OPC-001,1.0.0,20261045,RUN-20260828-01a55fcf
MANIFEST-00218,REC-00218,PKG-00218,PROD-005,ASSET-PLC-001,1.0.0,20261046,RUN-20260828-01a55fcf
MANIFEST-00219,REC-00219,PKG-00219,PROD-003,ASSET-OPC-001,1.0.0,20261047,RUN-20260828-01a55fcf
MANIFEST-00220,REC-00220,PKG-00220,PROD-002,ASSET-DCS-001,1.0.0,20261048,RUN-20260828-01a55fcf
MANIFEST-00221,REC-00221,PKG-00221,PROD-005,ASSET-PLC-001,1.0.0,20261049,RUN-20260828-01a55fcf
MANIFEST-00222,REC-00222,PKG-00222,PROD-003,ASSET-PLC-001,1.0.0,20261050,RUN-20260828-01a55fcf
MANIFEST-00223,REC-00223,PKG-00223,PROD-002,ASSET-PLC-001,1.0.0,20261051,RUN-20260828-01a55fcf
MANIFEST-00224,REC-00224,PKG-00224,PROD-002,ASSET-SIS-001,1.0.0,20261052,RUN-20260828-01a55fcf
MANIFEST-00225,REC-00225,PKG-00225,PROD-005,ASSET-OPC-001,1.0.0,20261053,RUN-20260828-01a55fcf
MANIFEST-00226,REC-00226,PKG-00226,PROD-003,ASSET-OPC-001,1.0.0,20261054,RUN-20260828-01a55fcf
MANIFEST-00227,REC-00227,PKG-00227,PROD-004,ASSET-OPC-001,1.0.0,20261055,RUN-20260828-01a55fcf
MANIFEST-00228,REC-00228,PKG-00228,PROD-002,ASSET-RTU-001,1.0.0,20261056,RUN-20260828-01a55fcf
MANIFEST-00229,REC-00229,PKG-00229,PROD-005,ASSET-SIS-001,1.0.0,20261057,RUN-20260828-01a55fcf
MANIFEST-00230,REC-00230,PKG-00230,PROD-002,ASSET-PLC-001,1.0.0,20261058,RUN-20260828-01a55fcf
MANIFEST-00231,REC-00231,PKG-00231,PROD-004,ASSET-DCS-001,1.0.0,20261059,RUN-20260828-01a55fcf
MANIFEST-00232,REC-00232,PKG-00232,PROD-004,ASSET-SIS-001,1.0.0,20261060,RUN-20260828-01a55fcf
MANIFEST-00233,REC-00233,PKG-00233,PROD-002,ASSET-SIS-001,1.0.0,20261061,RUN-20260828-01a55fcf
MANIFEST-00234,REC-00234,PKG-00234,PROD-003,ASSET-OPC-001,1.0.0,20261062,RUN-20260828-01a55fcf
MANIFEST-00235,REC-00235,PKG-00235,PROD-003,ASSET-RTU-001,1.0.0,20261063,RUN-20260828-01a55fcf
MANIFEST-00236,REC-00236,PKG-00236,PROD-003,ASSET-DCS-001,1.0.0,20261064,RUN-20260828-01a55fcf
MANIFEST-00237,REC-00237,PKG-00237,PROD-001,ASSET-DCS-001,1.0.0,20261065,RUN-20260828-01a55fcf
MANIFEST-00238,REC-00238,PKG-00238,PROD-004,ASSET-SIS-001,1.0.0,20261066,RUN-20260828-01a55fcf
MANIFEST-00239,REC-00239,PKG-00239,PROD-004,ASSET-PLC-001,1.0.0,20261067,RUN-20260828-01a55fcf
MANIFEST-00240,REC-00240,PKG-00240,PROD-004,ASSET-OPC-001,1.0.0,20261068,RUN-20260828-01a55fcf
MANIFEST-00241,REC-00241,PKG-00241,PROD-003,ASSET-RTU-001,1.0.0,20261069,RUN-20260828-01a55fcf
MANIFEST-00242,REC-00242,PKG-00242,PROD-002,ASSET-DCS-001,1.0.0,20261070,RUN-20260828-01a55fcf
MANIFEST-00243,REC-00243,PKG-00243,PROD-002,ASSET-DCS-001,1.0.0,20261071,RUN-20260828-01a55fcf
MANIFEST-00244,REC-00244,PKG-00244,PROD-002,ASSET-SIS-001,1.0.0,20261072,RUN-20260828-01a55fcf
MANIFEST-00245,REC-00245,PKG-00245,PROD-003,ASSET-SIS-001,1.0.0,20261073,RUN-20260828-01a55fcf
MANIFEST-00246,REC-00246,PKG-00246,PROD-001,ASSET-OPC-001,1.0.0,20261074,RUN-20260828-01a55fcf
MANIFEST-00247,REC-00247,PKG-00247,PROD-004,ASSET-RTU-001,1.0.0,20261075,RUN-20260828-01a55fcf
MANIFEST-00248,REC-00248,PKG-00248,PROD-005,ASSET-SIS-001,1.0.0,20261076,RUN-20260828-01a55fcf
MANIFEST-00249,REC-00249,PKG-00249,PROD-002,ASSET-DCS-001,1.0.0,20261077,RUN-20260828-01a55fcf
MANIFEST-00250,REC-00250,PKG-00250,PROD-005,ASSET-DCS-001,1.0.0,20261078,RUN-20260828-01a55fcf
MANIFEST-00251,REC-00251,PKG-00251,PROD-001,ASSET-DCS-001,1.0.0,20261079,RUN-20260828-01a55fcf
MANIFEST-00252,REC-00252,PKG-00252,PROD-001,ASSET-PLC-001,1.0.0,20261080,RUN-20260828-01a55fcf
MANIFEST-00253,REC-00253,PKG-00253,PROD-003,ASSET-OPC-001,1.0.0,20261081,RUN-20260828-01a55fcf
MANIFEST-00254,REC-00254,PKG-00254,PROD-002,ASSET-SIS-001,1.0.0,20261082,RUN-20260828-01a55fcf
MANIFEST-00255,REC-00255,PKG-00255,PROD-004,ASSET-SIS-001,1.0.0,20261083,RUN-20260828-01a55fcf
MANIFEST-00256,REC-00256,PKG-00256,PROD-003,ASSET-DCS-001,1.0.0,20261084,RUN-20260828-01a55fcf
MANIFEST-00257,REC-00257,PKG-00257,PROD-001,ASSET-SIS-001,1.0.0,20261085,RUN-20260828-01a55fcf
MANIFEST-00258,REC-00258,PKG-00258,PROD-004,ASSET-RTU-001,1.0.0,20261086,RUN-20260828-01a55fcf
MANIFEST-00259,REC-00259,PKG-00259,PROD-001,ASSET-PLC-001,1.0.0,20261087,RUN-20260828-01a55fcf
MANIFEST-00260,REC-00260,PKG-00260,PROD-001,ASSET-RTU-001,1.0.0,20261088,RUN-20260828-01a55fcf
MANIFEST-00261,REC-00261,PKG-00261,PROD-005,ASSET-PLC-001,1.0.0,20261089,RUN-20260828-01a55fcf
MANIFEST-00262,REC-00262,PKG-00262,PROD-003,ASSET-DCS-001,1.0.0,20261090,RUN-20260828-01a55fcf
MANIFEST-00263,REC-00263,PKG-00263,PROD-001,ASSET-PLC-001,1.0.0,20261091,RUN-20260828-01a55fcf
MANIFEST-00264,REC-00264,PKG-00264,PROD-001,ASSET-PLC-001,1.0.0,20261092,RUN-20260828-01a55fcf
MANIFEST-00265,REC-00265,PKG-00265,PROD-004,ASSET-OPC-001,1.0.0,20261093,RUN-20260828-01a55fcf
MANIFEST-00266,REC-00266,PKG-00266,PROD-002,ASSET-PLC-001,1.0.0,20261094,RUN-20260828-01a55fcf
MANIFEST-00267,REC-00267,PKG-00267,PROD-003,ASSET-DCS-001,1.0.0,20261095,RUN-20260828-01a55fcf
MANIFEST-00268,REC-00268,PKG-00268,PROD-004,ASSET-DCS-001,1.0.0,20261096,RUN-20260828-01a55fcf
MANIFEST-00269,REC-00269,PKG-00269,PROD-003,ASSET-PLC-001,1.0.0,20261097,RUN-20260828-01a55fcf
MANIFEST-00270,REC-00270,PKG-00270,PROD-005,ASSET-OPC-001,1.0.0,20261098,RUN-20260828-01a55fcf
MANIFEST-00271,REC-00271,PKG-00271,PROD-003,ASSET-SIS-001,1.0.0,20261099,RUN-20260828-01a55fcf
MANIFEST-00272,REC-00272,PKG-00272,PROD-004,ASSET-DCS-001,1.0.0,20261100,RUN-20260828-01a55fcf
MANIFEST-00273,REC-00273,PKG-00273,PROD-001,ASSET-OPC-001,1.0.0,20261101,RUN-20260828-01a55fcf
MANIFEST-00274,REC-00274,PKG-00274,PROD-005,ASSET-DCS-001,1.0.0,20261102,RUN-20260828-01a55fcf
MANIFEST-00275,REC-00275,PKG-00275,PROD-003,ASSET-DCS-001,1.0.0,20261103,RUN-20260828-01a55fcf
MANIFEST-00276,REC-00276,PKG-00276,PROD-001,ASSET-SIS-001,1.0.0,20261104,RUN-20260828-01a55fcf
MANIFEST-00277,REC-00277,PKG-00277,PROD-004,ASSET-SIS-001,1.0.0,20261105,RUN-20260828-01a55fcf
MANIFEST-00278,REC-00278,PKG-00278,PROD-001,ASSET-OPC-001,1.0.0,20261106,RUN-20260828-01a55fcf
MANIFEST-00279,REC-00279,PKG-00279,PROD-003,ASSET-SIS-001,1.0.0,20261107,RUN-20260828-01a55fcf
MANIFEST-00280,REC-00280,PKG-00280,PROD-003,ASSET-RTU-001,1.0.0,20261108,RUN-20260828-01a55fcf
MANIFEST-00281,REC-00281,PKG-00281,PROD-005,ASSET-DCS-001,1.0.0,20261109,RUN-20260828-01a55fcf
MANIFEST-00282,REC-00282,PKG-00282,PROD-004,ASSET-SIS-001,1.0.0,20261110,RUN-20260828-01a55fcf
MANIFEST-00283,REC-00283,PKG-00283,PROD-003,ASSET-SIS-001,1.0.0,20261111,RUN-20260828-01a55fcf
MANIFEST-00284,REC-00284,PKG-00284,PROD-001,ASSET-SIS-001,1.0.0,20261112,RUN-20260828-01a55fcf
MANIFEST-00285,REC-00285,PKG-00285,PROD-003,ASSET-OPC-001,1.0.0,20261113,RUN-20260828-01a55fcf
MANIFEST-00286,REC-00286,PKG-00286,PROD-002,ASSET-OPC-001,1.0.0,20261114,RUN-20260828-01a55fcf
MANIFEST-00287,REC-00287,PKG-00287,PROD-003,ASSET-SIS-001,1.0.0,20261115,RUN-20260828-01a55fcf
MANIFEST-00288,REC-00288,PKG-00288,PROD-002,ASSET-SIS-001,1.0.0,20261116,RUN-20260828-01a55fcf
MANIFEST-00289,REC-00289,PKG-00289,PROD-001,ASSET-DCS-001,1.0.0,20261117,RUN-20260828-01a55fcf
MANIFEST-00290,REC-00290,PKG-00290,PROD-003,ASSET-SIS-001,1.0.0,20261118,RUN-20260828-01a55fcf
MANIFEST-00291,REC-00291,PKG-00291,PROD-003,ASSET-DCS-001,1.0.0,20261119,RUN-20260828-01a55fcf
MANIFEST-00292,REC-00292,PKG-00292,PROD-005,ASSET-SIS-001,1.0.0,20261120,RUN-20260828-01a55fcf
MANIFEST-00293,REC-00293,PKG-00293,PROD-001,ASSET-RTU-001,1.0.0,20261121,RUN-20260828-01a55fcf
MANIFEST-00294,REC-00294,PKG-00294,PROD-002,ASSET-DCS-001,1.0.0,20261122,RUN-20260828-01a55fcf
MANIFEST-00295,REC-00295,PKG-00295,PROD-005,ASSET-RTU-001,1.0.0,20261123,RUN-20260828-01a55fcf
MANIFEST-00296,REC-00296,PKG-00296,PROD-002,ASSET-SIS-001,1.0.0,20261124,RUN-20260828-01a55fcf
MANIFEST-00297,REC-00297,PKG-00297,PROD-001,ASSET-RTU-001,1.0.0,20261125,RUN-20260828-01a55fcf
MANIFEST-00298,REC-00298,PKG-00298,PROD-005,ASSET-SIS-001,1.0.0,20261126,RUN-20260828-01a55fcf
MANIFEST-00299,REC-00299,PKG-00299,PROD-005,ASSET-DCS-001,1.0.0,20261127,RUN-20260828-01a55fcf
MANIFEST-00300,REC-00300,PKG-00300,PROD-001,ASSET-PLC-001,1.0.0,20261128,RUN-20260828-01a55fcf
MANIFEST-00301,REC-00301,PKG-00301,PROD-002,ASSET-RTU-001,1.0.0,20261129,RUN-20260828-01a55fcf
MANIFEST-00302,REC-00302,PKG-00302,PROD-005,ASSET-SIS-001,1.0.0,20261130,RUN-20260828-01a55fcf
MANIFEST-00303,REC-00303,PKG-00303,PROD-005,ASSET-SIS-001,1.0.0,20261131,RUN-20260828-01a55fcf
MANIFEST-00304,REC-00304,PKG-00304,PROD-001,ASSET-DCS-001,1.0.0,20261132,RUN-20260828-01a55fcf
MANIFEST-00305,REC-00305,PKG-00305,PROD-005,ASSET-DCS-001,1.0.0,20261133,RUN-20260828-01a55fcf
MANIFEST-00306,REC-00306,PKG-00306,PROD-002,ASSET-PLC-001,1.0.0,20261134,RUN-20260828-01a55fcf
MANIFEST-00307,REC-00307,PKG-00307,PROD-005,ASSET-RTU-001,1.0.0,20261135,RUN-20260828-01a55fcf
MANIFEST-00308,REC-00308,PKG-00308,PROD-003,ASSET-DCS-001,1.0.0,20261136,RUN-20260828-01a55fcf
MANIFEST-00309,REC-00309,PKG-00309,PROD-003,ASSET-RTU-001,1.0.0,20261137,RUN-20260828-01a55fcf
MANIFEST-00310,REC-00310,PKG-00310,PROD-003,ASSET-SIS-001,1.0.0,20261138,RUN-20260828-01a55fcf
MANIFEST-00311,REC-00311,PKG-00311,PROD-005,ASSET-PLC-001,1.0.0,20261139,RUN-20260828-01a55fcf
MANIFEST-00312,REC-00312,PKG-00312,PROD-002,ASSET-SIS-001,1.0.0,20261140,RUN-20260828-01a55fcf
MANIFEST-00313,REC-00313,PKG-00313,PROD-002,ASSET-PLC-001,1.0.0,20261141,RUN-20260828-01a55fcf
MANIFEST-00314,REC-00314,PKG-00314,PROD-001,ASSET-PLC-001,1.0.0,20261142,RUN-20260828-01a55fcf
MANIFEST-00315,REC-00315,PKG-00315,PROD-001,ASSET-OPC-001,1.0.0,20261143,RUN-20260828-01a55fcf
MANIFEST-00316,REC-00316,PKG-00316,PROD-004,ASSET-DCS-001,1.0.0,20261144,RUN-20260828-01a55fcf
MANIFEST-00317,REC-00317,PKG-00317,PROD-002,ASSET-PLC-001,1.0.0,20261145,RUN-20260828-01a55fcf
MANIFEST-00318,REC-00318,PKG-00318,PROD-002,ASSET-OPC-001,1.0.0,20261146,RUN-20260828-01a55fcf
MANIFEST-00319,REC-00319,PKG-00319,PROD-002,ASSET-PLC-001,1.0.0,20261147,RUN-20260828-01a55fcf
MANIFEST-00320,REC-00320,PKG-00320,PROD-002,ASSET-PLC-001,1.0.0,20261148,RUN-20260828-01a55fcf
MANIFEST-00321,REC-00321,PKG-00321,PROD-003,ASSET-PLC-001,1.0.0,20261149,RUN-20260828-01a55fcf
MANIFEST-00322,REC-00322,PKG-00322,PROD-001,ASSET-DCS-001,1.0.0,20261150,RUN-20260828-01a55fcf
MANIFEST-00323,REC-00323,PKG-00323,PROD-002,ASSET-SIS-001,1.0.0,20261151,RUN-20260828-01a55fcf
MANIFEST-00324,REC-00324,PKG-00324,PROD-003,ASSET-RTU-001,1.0.0,20261152,RUN-20260828-01a55fcf
MANIFEST-00325,REC-00325,PKG-00325,PROD-004,ASSET-OPC-001,1.0.0,20261153,RUN-20260828-01a55fcf
MANIFEST-00326,REC-00326,PKG-00326,PROD-001,ASSET-RTU-001,1.0.0,20261154,RUN-20260828-01a55fcf
MANIFEST-00327,REC-00327,PKG-00327,PROD-005,ASSET-PLC-001,1.0.0,20261155,RUN-20260828-01a55fcf
MANIFEST-00328,REC-00328,PKG-00328,PROD-004,ASSET-SIS-001,1.0.0,20261156,RUN-20260828-01a55fcf
MANIFEST-00329,REC-00329,PKG-00329,PROD-004,ASSET-SIS-001,1.0.0,20261157,RUN-20260828-01a55fcf
MANIFEST-00330,REC-00330,PKG-00330,PROD-002,ASSET-DCS-001,1.0.0,20261158,RUN-20260828-01a55fcf
MANIFEST-00331,REC-00331,PKG-00331,PROD-002,ASSET-DCS-001,1.0.0,20261159,RUN-20260828-01a55fcf
MANIFEST-00332,REC-00332,PKG-00332,PROD-001,ASSET-DCS-001,1.0.0,20261160,RUN-20260828-01a55fcf
MANIFEST-00333,REC-00333,PKG-00333,PROD-002,ASSET-DCS-001,1.0.0,20261161,RUN-20260828-01a55fcf
MANIFEST-00334,REC-00334,PKG-00334,PROD-003,ASSET-SIS-001,1.0.0,20261162,RUN-20260828-01a55fcf
MANIFEST-00335,REC-00335,PKG-00335,PROD-004,ASSET-OPC-001,1.0.0,20261163,RUN-20260828-01a55fcf
MANIFEST-00336,REC-00336,PKG-00336,PROD-004,ASSET-RTU-001,1.0.0,20261164,RUN-20260828-01a55fcf
MANIFEST-00337,REC-00337,PKG-00337,PROD-003,ASSET-OPC-001,1.0.0,20261165,RUN-20260828-01a55fcf
MANIFEST-00338,REC-00338,PKG-00338,PROD-005,ASSET-SIS-001,1.0.0,20261166,RUN-20260828-01a55fcf
MANIFEST-00339,REC-00339,PKG-00339,PROD-001,ASSET-PLC-001,1.0.0,20261167,RUN-20260828-01a55fcf
MANIFEST-00340,REC-00340,PKG-00340,PROD-004,ASSET-SIS-001,1.0.0,20261168,RUN-20260828-01a55fcf
MANIFEST-00341,REC-00341,PKG-00341,PROD-004,ASSET-OPC-001,1.0.0,20261169,RUN-20260828-01a55fcf
MANIFEST-00342,REC-00342,PKG-00342,PROD-004,ASSET-OPC-001,1.0.0,20261170,RUN-20260828-01a55fcf
MANIFEST-00343,REC-00343,PKG-00343,PROD-002,ASSET-RTU-001,1.0.0,20261171,RUN-20260828-01a55fcf
MANIFEST-00344,REC-00344,PKG-00344,PROD-005,ASSET-RTU-001,1.0.0,20261172,RUN-20260828-01a55fcf
MANIFEST-00345,REC-00345,PKG-00345,PROD-001,ASSET-RTU-001,1.0.0,20261173,RUN-20260828-01a55fcf
MANIFEST-00346,REC-00346,PKG-00346,PROD-003,ASSET-OPC-001,1.0.0,20261174,RUN-20260828-01a55fcf
MANIFEST-00347,REC-00347,PKG-00347,PROD-003,ASSET-OPC-001,1.0.0,20261175,RUN-20260828-01a55fcf
MANIFEST-00348,REC-00348,PKG-00348,PROD-005,ASSET-OPC-001,1.0.0,20261176,RUN-20260828-01a55fcf
MANIFEST-00349,REC-00349,PKG-00349,PROD-003,ASSET-SIS-001,1.0.0,20261177,RUN-20260828-01a55fcf
MANIFEST-00350,REC-00350,PKG-00350,PROD-003,ASSET-RTU-001,1.0.0,20261178,RUN-20260828-01a55fcf
MANIFEST-00351,REC-00351,PKG-00351,PROD-005,ASSET-SIS-001,1.0.0,20261179,RUN-20260828-01a55fcf
MANIFEST-00352,REC-00352,PKG-00352,PROD-002,ASSET-SIS-001,1.0.0,20261180,RUN-20260828-01a55fcf
MANIFEST-00353,REC-00353,PKG-00353,PROD-001,ASSET-SIS-001,1.0.0,20261181,RUN-20260828-01a55fcf
MANIFEST-00354,REC-00354,PKG-00354,PROD-002,ASSET-SIS-001,1.0.0,20261182,RUN-20260828-01a55fcf
MANIFEST-00355,REC-00355,PKG-00355,PROD-001,ASSET-PLC-001,1.0.0,20261183,RUN-20260828-01a55fcf
MANIFEST-00356,REC-00356,PKG-00356,PROD-003,ASSET-PLC-001,1.0.0,20261184,RUN-20260828-01a55fcf
MANIFEST-00357,REC-00357,PKG-00357,PROD-001,ASSET-OPC-001,1.0.0,20261185,RUN-20260828-01a55fcf
MANIFEST-00358,REC-00358,PKG-00358,PROD-003,ASSET-DCS-001,1.0.0,20261186,RUN-20260828-01a55fcf
MANIFEST-00359,REC-00359,PKG-00359,PROD-005,ASSET-RTU-001,1.0.0,20261187,RUN-20260828-01a55fcf
MANIFEST-00360,REC-00360,PKG-00360,PROD-003,ASSET-SIS-001,1.0.0,20261188,RUN-20260828-01a55fcf
MANIFEST-00361,REC-00361,PKG-00361,PROD-005,ASSET-DCS-001,1.0.0,20261189,RUN-20260828-01a55fcf
MANIFEST-00362,REC-00362,PKG-00362,PROD-004,ASSET-PLC-001,1.0.0,20261190,RUN-20260828-01a55fcf
MANIFEST-00363,REC-00363,PKG-00363,PROD-005,ASSET-DCS-001,1.0.0,20261191,RUN-20260828-01a55fcf
MANIFEST-00364,REC-00364,PKG-00364,PROD-005,ASSET-PLC-001,1.0.0,20261192,RUN-20260828-01a55fcf
MANIFEST-00365,REC-00365,PKG-00365,PROD-005,ASSET-RTU-001,1.0.0,20261193,RUN-20260828-01a55fcf
MANIFEST-00366,REC-00366,PKG-00366,PROD-005,ASSET-OPC-001,1.0.0,20261194,RUN-20260828-01a55fcf
MANIFEST-00367,REC-00367,PKG-00367,PROD-001,ASSET-DCS-001,1.0.0,20261195,RUN-20260828-01a55fcf
MANIFEST-00368,REC-00368,PKG-00368,PROD-005,ASSET-SIS-001,1.0.0,20261196,RUN-20260828-01a55fcf
MANIFEST-00369,REC-00369,PKG-00369,PROD-005,ASSET-PLC-001,1.0.0,20261197,RUN-20260828-01a55fcf
MANIFEST-00370,REC-00370,PKG-00370,PROD-002,ASSET-RTU-001,1.0.0,20261198,RUN-20260828-01a55fcf
MANIFEST-00371,REC-00371,PKG-00371,PROD-003,ASSET-OPC-001,1.0.0,20261199,RUN-20260828-01a55fcf
MANIFEST-00372,REC-00372,PKG-00372,PROD-001,ASSET-RTU-001,1.0.0,20261200,RUN-20260828-01a55fcf
MANIFEST-00373,REC-00373,PKG-00373,PROD-005,ASSET-PLC-001,1.0.0,20261201,RUN-20260828-01a55fcf
MANIFEST-00374,REC-00374,PKG-00374,PROD-004,ASSET-OPC-001,1.0.0,20261202,RUN-20260828-01a55fcf
MANIFEST-00375,REC-00375,PKG-00375,PROD-001,ASSET-DCS-001,1.0.0,20261203,RUN-20260828-01a55fcf
MANIFEST-00376,REC-00376,PKG-00376,PROD-004,ASSET-PLC-001,1.0.0,20261204,RUN-20260828-01a55fcf
MANIFEST-00377,REC-00377,PKG-00377,PROD-003,ASSET-OPC-001,1.0.0,20261205,RUN-20260828-01a55fcf
MANIFEST-00378,REC-00378,PKG-00378,PROD-004,ASSET-DCS-001,1.0.0,20261206,RUN-20260828-01a55fcf
MANIFEST-00379,REC-00379,PKG-00379,PROD-005,ASSET-PLC-001,1.0.0,20261207,RUN-20260828-01a55fcf
MANIFEST-00380,REC-00380,PKG-00380,PROD-003,ASSET-OPC-001,1.0.0,20261208,RUN-20260828-01a55fcf
MANIFEST-00381,REC-00381,PKG-00381,PROD-003,ASSET-SIS-001,1.0.0,20261209,RUN-20260828-01a55fcf
MANIFEST-00382,REC-00382,PKG-00382,PROD-003,ASSET-RTU-001,1.0.0,20261210,RUN-20260828-01a55fcf
MANIFEST-00383,REC-00383,PKG-00383,PROD-003,ASSET-OPC-001,1.0.0,20261211,RUN-20260828-01a55fcf
MANIFEST-00384,REC-00384,PKG-00384,PROD-003,ASSET-DCS-001,1.0.0,20261212,RUN-20260828-01a55fcf
MANIFEST-00385,REC-00385,PKG-00385,PROD-003,ASSET-RTU-001,1.0.0,20261213,RUN-20260828-01a55fcf
MANIFEST-00386,REC-00386,PKG-00386,PROD-004,ASSET-SIS-001,1.0.0,20261214,RUN-20260828-01a55fcf
MANIFEST-00387,REC-00387,PKG-00387,PROD-005,ASSET-SIS-001,1.0.0,20261215,RUN-20260828-01a55fcf
MANIFEST-00388,REC-00388,PKG-00388,PROD-001,ASSET-DCS-001,1.0.0,20261216,RUN-20260828-01a55fcf
MANIFEST-00389,REC-00389,PKG-00389,PROD-002,ASSET-PLC-001,1.0.0,20261217,RUN-20260828-01a55fcf
MANIFEST-00390,REC-00390,PKG-00390,PROD-002,ASSET-SIS-001,1.0.0,20261218,RUN-20260828-01a55fcf
MANIFEST-00391,REC-00391,PKG-00391,PROD-005,ASSET-PLC-001,1.0.0,20261219,RUN-20260828-01a55fcf
MANIFEST-00392,REC-00392,PKG-00392,PROD-005,ASSET-SIS-001,1.0.0,20261220,RUN-20260828-01a55fcf
MANIFEST-00393,REC-00393,PKG-00393,PROD-003,ASSET-OPC-001,1.0.0,20261221,RUN-20260828-01a55fcf
MANIFEST-00394,REC-00394,PKG-00394,PROD-002,ASSET-SIS-001,1.0.0,20261222,RUN-20260828-01a55fcf
MANIFEST-00395,REC-00395,PKG-00395,PROD-002,ASSET-SIS-001,1.0.0,20261223,RUN-20260828-01a55fcf
MANIFEST-00396,REC-00396,PKG-00396,PROD-002,ASSET-RTU-001,1.0.0,20261224,RUN-20260828-01a55fcf
MANIFEST-00397,REC-00397,PKG-00397,PROD-005,ASSET-SIS-001,1.0.0,20261225,RUN-20260828-01a55fcf
MANIFEST-00398,REC-00398,PKG-00398,PROD-004,ASSET-SIS-001,1.0.0,20261226,RUN-20260828-01a55fcf
MANIFEST-00399,REC-00399,PKG-00399,PROD-003,ASSET-DCS-001,1.0.0,20261227,RUN-20260828-01a55fcf
MANIFEST-00400,REC-00400,PKG-00400,PROD-002,ASSET-SIS-001,1.0.0,20261228,RUN-20260828-01a55fcf
MANIFEST-00401,REC-00401,PKG-00401,PROD-004,ASSET-RTU-001,1.0.0,20261229,RUN-20260828-01a55fcf
MANIFEST-00402,REC-00402,PKG-00402,PROD-005,ASSET-SIS-001,1.0.0,20261230,RUN-20260828-01a55fcf
MANIFEST-00403,REC-00403,PKG-00403,PROD-005,ASSET-SIS-001,1.0.0,20261231,RUN-20260828-01a55fcf
MANIFEST-00404,REC-00404,PKG-00404,PROD-002,ASSET-SIS-001,1.0.0,20261232,RUN-20260828-01a55fcf
MANIFEST-00405,REC-00405,PKG-00405,PROD-002,ASSET-OPC-001,1.0.0,20261233,RUN-20260828-01a55fcf
MANIFEST-00406,REC-00406,PKG-00406,PROD-005,ASSET-SIS-001,1.0.0,20261234,RUN-20260828-01a55fcf
MANIFEST-00407,REC-00407,PKG-00407,PROD-002,ASSET-DCS-001,1.0.0,20261235,RUN-20260828-01a55fcf
MANIFEST-00408,REC-00408,PKG-00408,PROD-001,ASSET-RTU-001,1.0.0,20261236,RUN-20260828-01a55fcf
MANIFEST-00409,REC-00409,PKG-00409,PROD-003,ASSET-PLC-001,1.0.0,20261237,RUN-20260828-01a55fcf
MANIFEST-00410,REC-00410,PKG-00410,PROD-003,ASSET-DCS-001,1.0.0,20261238,RUN-20260828-01a55fcf
MANIFEST-00411,REC-00411,PKG-00411,PROD-005,ASSET-OPC-001,1.0.0,20261239,RUN-20260828-01a55fcf
MANIFEST-00412,REC-00412,PKG-00412,PROD-001,ASSET-SIS-001,1.0.0,20261240,RUN-20260828-01a55fcf
MANIFEST-00413,REC-00413,PKG-00413,PROD-005,ASSET-RTU-001,1.0.0,20261241,RUN-20260828-01a55fcf
MANIFEST-00414,REC-00414,PKG-00414,PROD-001,ASSET-DCS-001,1.0.0,20261242,RUN-20260828-01a55fcf
MANIFEST-00415,REC-00415,PKG-00415,PROD-004,ASSET-OPC-001,1.0.0,20261243,RUN-20260828-01a55fcf
MANIFEST-00416,REC-00416,PKG-00416,PROD-002,ASSET-RTU-001,1.0.0,20261244,RUN-20260828-01a55fcf
MANIFEST-00417,REC-00417,PKG-00417,PROD-003,ASSET-RTU-001,1.0.0,20261245,RUN-20260828-01a55fcf
MANIFEST-00418,REC-00418,PKG-00418,PROD-001,ASSET-SIS-001,1.0.0,20261246,RUN-20260828-01a55fcf
MANIFEST-00419,REC-00419,PKG-00419,PROD-001,ASSET-SIS-001,1.0.0,20261247,RUN-20260828-01a55fcf
MANIFEST-00420,REC-00420,PKG-00420,PROD-004,ASSET-SIS-001,1.0.0,20261248,RUN-20260828-01a55fcf
MANIFEST-00421,REC-00421,PKG-00421,PROD-004,ASSET-SIS-001,1.0.0,20261249,RUN-20260828-01a55fcf
MANIFEST-00422,REC-00422,PKG-00422,PROD-005,ASSET-OPC-001,1.0.0,20261250,RUN-20260828-01a55fcf
MANIFEST-00423,REC-00423,PKG-00423,PROD-005,ASSET-DCS-001,1.0.0,20261251,RUN-20260828-01a55fcf
MANIFEST-00424,REC-00424,PKG-00424,PROD-001,ASSET-DCS-001,1.0.0,20261252,RUN-20260828-01a55fcf
MANIFEST-00425,REC-00425,PKG-00425,PROD-005,ASSET-PLC-001,1.0.0,20261253,RUN-20260828-01a55fcf
MANIFEST-00426,REC-00426,PKG-00426,PROD-002,ASSET-OPC-001,1.0.0,20261254,RUN-20260828-01a55fcf
MANIFEST-00427,REC-00427,PKG-00427,PROD-001,ASSET-SIS-001,1.0.0,20261255,RUN-20260828-01a55fcf
MANIFEST-00428,REC-00428,PKG-00428,PROD-001,ASSET-DCS-001,1.0.0,20261256,RUN-20260828-01a55fcf
MANIFEST-00429,REC-00429,PKG-00429,PROD-004,ASSET-DCS-001,1.0.0,20261257,RUN-20260828-01a55fcf
MANIFEST-00430,REC-00430,PKG-00430,PROD-004,ASSET-SIS-001,1.0.0,20261258,RUN-20260828-01a55fcf
MANIFEST-00431,REC-00431,PKG-00431,PROD-002,ASSET-RTU-001,1.0.0,20261259,RUN-20260828-01a55fcf
MANIFEST-00432,REC-00432,PKG-00432,PROD-002,ASSET-SIS-001,1.0.0,20261260,RUN-20260828-01a55fcf
MANIFEST-00433,REC-00433,PKG-00433,PROD-004,ASSET-DCS-001,1.0.0,20261261,RUN-20260828-01a55fcf
MANIFEST-00434,REC-00434,PKG-00434,PROD-002,ASSET-RTU-001,1.0.0,20261262,RUN-20260828-01a55fcf
MANIFEST-00435,REC-00435,PKG-00435,PROD-001,ASSET-PLC-001,1.0.0,20261263,RUN-20260828-01a55fcf
MANIFEST-00436,REC-00436,PKG-00436,PROD-005,ASSET-OPC-001,1.0.0,20261264,RUN-20260828-01a55fcf
MANIFEST-00437,REC-00437,PKG-00437,PROD-002,ASSET-PLC-001,1.0.0,20261265,RUN-20260828-01a55fcf
MANIFEST-00438,REC-00438,PKG-00438,PROD-001,ASSET-PLC-001,1.0.0,20261266,RUN-20260828-01a55fcf
MANIFEST-00439,REC-00439,PKG-00439,PROD-003,ASSET-SIS-001,1.0.0,20261267,RUN-20260828-01a55fcf
MANIFEST-00440,REC-00440,PKG-00440,PROD-005,ASSET-SIS-001,1.0.0,20261268,RUN-20260828-01a55fcf
MANIFEST-00441,REC-00441,PKG-00441,PROD-002,ASSET-SIS-001,1.0.0,20261269,RUN-20260828-01a55fcf
MANIFEST-00442,REC-00442,PKG-00442,PROD-004,ASSET-DCS-001,1.0.0,20261270,RUN-20260828-01a55fcf
MANIFEST-00443,REC-00443,PKG-00443,PROD-002,ASSET-RTU-001,1.0.0,20261271,RUN-20260828-01a55fcf
MANIFEST-00444,REC-00444,PKG-00444,PROD-004,ASSET-OPC-001,1.0.0,20261272,RUN-20260828-01a55fcf
MANIFEST-00445,REC-00445,PKG-00445,PROD-005,ASSET-RTU-001,1.0.0,20261273,RUN-20260828-01a55fcf
MANIFEST-00446,REC-00446,PKG-00446,PROD-002,ASSET-PLC-001,1.0.0,20261274,RUN-20260828-01a55fcf
MANIFEST-00447,REC-00447,PKG-00447,PROD-005,ASSET-SIS-001,1.0.0,20261275,RUN-20260828-01a55fcf
MANIFEST-00448,REC-00448,PKG-00448,PROD-005,ASSET-SIS-001,1.0.0,20261276,RUN-20260828-01a55fcf
MANIFEST-00449,REC-00449,PKG-00449,PROD-005,ASSET-OPC-001,1.0.0,20261277,RUN-20260828-01a55fcf
MANIFEST-00450,REC-00450,PKG-00450,PROD-005,ASSET-OPC-001,1.0.0,20261278,RUN-20260828-01a55fcf
MANIFEST-00451,REC-00451,PKG-00451,PROD-003,ASSET-PLC-001,1.0.0,20261279,RUN-20260828-01a55fcf
MANIFEST-00452,REC-00452,PKG-00452,PROD-004,ASSET-SIS-001,1.0.0,20261280,RUN-20260828-01a55fcf
MANIFEST-00453,REC-00453,PKG-00453,PROD-002,ASSET-PLC-001,1.0.0,20261281,RUN-20260828-01a55fcf
MANIFEST-00454,REC-00454,PKG-00454,PROD-002,ASSET-RTU-001,1.0.0,20261282,RUN-20260828-01a55fcf
MANIFEST-00455,REC-00455,PKG-00455,PROD-003,ASSET-DCS-001,1.0.0,20261283,RUN-20260828-01a55fcf
MANIFEST-00456,REC-00456,PKG-00456,PROD-003,ASSET-PLC-001,1.0.0,20261284,RUN-20260828-01a55fcf
MANIFEST-00457,REC-00457,PKG-00457,PROD-005,ASSET-SIS-001,1.0.0,20261285,RUN-20260828-01a55fcf
MANIFEST-00458,REC-00458,PKG-00458,PROD-001,ASSET-SIS-001,1.0.0,20261286,RUN-20260828-01a55fcf
MANIFEST-00459,REC-00459,PKG-00459,PROD-001,ASSET-DCS-001,1.0.0,20261287,RUN-20260828-01a55fcf
MANIFEST-00460,REC-00460,PKG-00460,PROD-005,ASSET-DCS-001,1.0.0,20261288,RUN-20260828-01a55fcf
MANIFEST-00461,REC-00461,PKG-00461,PROD-001,ASSET-SIS-001,1.0.0,20261289,RUN-20260828-01a55fcf
MANIFEST-00462,REC-00462,PKG-00462,PROD-003,ASSET-SIS-001,1.0.0,20261290,RUN-20260828-01a55fcf
MANIFEST-00463,REC-00463,PKG-00463,PROD-003,ASSET-PLC-001,1.0.0,20261291,RUN-20260828-01a55fcf
MANIFEST-00464,REC-00464,PKG-00464,PROD-003,ASSET-OPC-001,1.0.0,20261292,RUN-20260828-01a55fcf
MANIFEST-00465,REC-00465,PKG-00465,PROD-001,ASSET-SIS-001,1.0.0,20261293,RUN-20260828-01a55fcf
MANIFEST-00466,REC-00466,PKG-00466,PROD-002,ASSET-SIS-001,1.0.0,20261294,RUN-20260828-01a55fcf
MANIFEST-00467,REC-00467,PKG-00467,PROD-001,ASSET-SIS-001,1.0.0,20261295,RUN-20260828-01a55fcf
MANIFEST-00468,REC-00468,PKG-00468,PROD-002,ASSET-SIS-001,1.0.0,20261296,RUN-20260828-01a55fcf
MANIFEST-00469,REC-00469,PKG-00469,PROD-005,ASSET-PLC-001,1.0.0,20261297,RUN-20260828-01a55fcf
MANIFEST-00470,REC-00470,PKG-00470,PROD-003,ASSET-DCS-001,1.0.0,20261298,RUN-20260828-01a55fcf
MANIFEST-00471,REC-00471,PKG-00471,PROD-005,ASSET-RTU-001,1.0.0,20261299,RUN-20260828-01a55fcf
MANIFEST-00472,REC-00472,PKG-00472,PROD-005,ASSET-DCS-001,1.0.0,20261300,RUN-20260828-01a55fcf
MANIFEST-00473,REC-00473,PKG-00473,PROD-003,ASSET-DCS-001,1.0.0,20261301,RUN-20260828-01a55fcf
MANIFEST-00474,REC-00474,PKG-00474,PROD-001,ASSET-DCS-001,1.0.0,20261302,RUN-20260828-01a55fcf
MANIFEST-00475,REC-00475,PKG-00475,PROD-002,ASSET-DCS-001,1.0.0,20261303,RUN-20260828-01a55fcf
MANIFEST-00476,REC-00476,PKG-00476,PROD-004,ASSET-RTU-001,1.0.0,20261304,RUN-20260828-01a55fcf
MANIFEST-00477,REC-00477,PKG-00477,PROD-004,ASSET-PLC-001,1.0.0,20261305,RUN-20260828-01a55fcf
MANIFEST-00478,REC-00478,PKG-00478,PROD-001,ASSET-RTU-001,1.0.0,20261306,RUN-20260828-01a55fcf
MANIFEST-00479,REC-00479,PKG-00479,PROD-004,ASSET-SIS-001,1.0.0,20261307,RUN-20260828-01a55fcf
MANIFEST-00480,REC-00480,PKG-00480,PROD-002,ASSET-SIS-001,1.0.0,20261308,RUN-20260828-01a55fcf
MANIFEST-00481,REC-00481,PKG-00481,PROD-002,ASSET-SIS-001,1.0.0,20261309,RUN-20260828-01a55fcf
MANIFEST-00482,REC-00482,PKG-00482,PROD-003,ASSET-DCS-001,1.0.0,20261310,RUN-20260828-01a55fcf
MANIFEST-00483,REC-00483,PKG-00483,PROD-003,ASSET-OPC-001,1.0.0,20261311,RUN-20260828-01a55fcf
MANIFEST-00484,REC-00484,PKG-00484,PROD-001,ASSET-SIS-001,1.0.0,20261312,RUN-20260828-01a55fcf
MANIFEST-00485,REC-00485,PKG-00485,PROD-005,ASSET-SIS-001,1.0.0,20261313,RUN-20260828-01a55fcf
MANIFEST-00486,REC-00486,PKG-00486,PROD-001,ASSET-DCS-001,1.0.0,20261314,RUN-20260828-01a55fcf
MANIFEST-00487,REC-00487,PKG-00487,PROD-001,ASSET-OPC-001,1.0.0,20261315,RUN-20260828-01a55fcf
MANIFEST-00488,REC-00488,PKG-00488,PROD-005,ASSET-DCS-001,1.0.0,20261316,RUN-20260828-01a55fcf
MANIFEST-00489,REC-00489,PKG-00489,PROD-005,ASSET-RTU-001,1.0.0,20261317,RUN-20260828-01a55fcf
MANIFEST-00490,REC-00490,PKG-00490,PROD-001,ASSET-RTU-001,1.0.0,20261318,RUN-20260828-01a55fcf
MANIFEST-00491,REC-00491,PKG-00491,PROD-002,ASSET-RTU-001,1.0.0,20261319,RUN-20260828-01a55fcf
MANIFEST-00492,REC-00492,PKG-00492,PROD-001,ASSET-SIS-001,1.0.0,20261320,RUN-20260828-01a55fcf
MANIFEST-00493,REC-00493,PKG-00493,PROD-005,ASSET-DCS-001,1.0.0,20261321,RUN-20260828-01a55fcf
MANIFEST-00494,REC-00494,PKG-00494,PROD-001,ASSET-DCS-001,1.0.0,20261322,RUN-20260828-01a55fcf
MANIFEST-00495,REC-00495,PKG-00495,PROD-003,ASSET-RTU-001,1.0.0,20261323,RUN-20260828-01a55fcf
MANIFEST-00496,REC-00496,PKG-00496,PROD-002,ASSET-OPC-001,1.0.0,20261324,RUN-20260828-01a55fcf
MANIFEST-00497,REC-00497,PKG-00497,PROD-004,ASSET-SIS-001,1.0.0,20261325,RUN-20260828-01a55fcf
MANIFEST-00498,REC-00498,PKG-00498,PROD-002,ASSET-DCS-001,1.0.0,20261326,RUN-20260828-01a55fcf
MANIFEST-00499,REC-00499,PKG-00499,PROD-001,ASSET-DCS-001,1.0.0,20261327,RUN-20260828-01a55fcf
MANIFEST-00500,REC-00500,PKG-00500,PROD-004,ASSET-OPC-001,1.0.0,20261328,RUN-20260828-01a55fcf
MANIFEST-00501,REC-00501,PKG-00501,PROD-001,ASSET-DCS-001,1.0.0,20261329,RUN-20260828-01a55fcf
MANIFEST-00502,REC-00502,PKG-00502,PROD-002,ASSET-SIS-001,1.0.0,20261330,RUN-20260828-01a55fcf
MANIFEST-00503,REC-00503,PKG-00503,PROD-004,ASSET-PLC-001,1.0.0,20261331,RUN-20260828-01a55fcf
MANIFEST-00504,REC-00504,PKG-00504,PROD-005,ASSET-DCS-001,1.0.0,20261332,RUN-20260828-01a55fcf
MANIFEST-00505,REC-00505,PKG-00505,PROD-001,ASSET-DCS-001,1.0.0,20261333,RUN-20260828-01a55fcf
MANIFEST-00506,REC-00506,PKG-00506,PROD-003,ASSET-DCS-001,1.0.0,20261334,RUN-20260828-01a55fcf
MANIFEST-00507,REC-00507,PKG-00507,PROD-004,ASSET-DCS-001,1.0.0,20261335,RUN-20260828-01a55fcf
MANIFEST-00508,REC-00508,PKG-00508,PROD-002,ASSET-SIS-001,1.0.0,20261336,RUN-20260828-01a55fcf
MANIFEST-00509,REC-00509,PKG-00509,PROD-003,ASSET-SIS-001,1.0.0,20261337,RUN-20260828-01a55fcf
MANIFEST-00510,REC-00510,PKG-00510,PROD-003,ASSET-RTU-001,1.0.0,20261338,RUN-20260828-01a55fcf
MANIFEST-00511,REC-00511,PKG-00511,PROD-003,ASSET-SIS-001,1.0.0,20261339,RUN-20260828-01a55fcf
MANIFEST-00512,REC-00512,PKG-00512,PROD-005,ASSET-SIS-001,1.0.0,20261340,RUN-20260828-01a55fcf
MANIFEST-00513,REC-00513,PKG-00513,PROD-005,ASSET-SIS-001,1.0.0,20261341,RUN-20260828-01a55fcf
MANIFEST-00514,REC-00514,PKG-00514,PROD-001,ASSET-PLC-001,1.0.0,20261342,RUN-20260828-01a55fcf
MANIFEST-00515,REC-00515,PKG-00515,PROD-004,ASSET-OPC-001,1.0.0,20261343,RUN-20260828-01a55fcf
MANIFEST-00516,REC-00516,PKG-00516,PROD-005,ASSET-RTU-001,1.0.0,20261344,RUN-20260828-01a55fcf
MANIFEST-00517,REC-00517,PKG-00517,PROD-001,ASSET-DCS-001,1.0.0,20261345,RUN-20260828-01a55fcf
MANIFEST-00518,REC-00518,PKG-00518,PROD-005,ASSET-DCS-001,1.0.0,20261346,RUN-20260828-01a55fcf
MANIFEST-00519,REC-00519,PKG-00519,PROD-001,ASSET-SIS-001,1.0.0,20261347,RUN-20260828-01a55fcf
MANIFEST-00520,REC-00520,PKG-00520,PROD-005,ASSET-SIS-001,1.0.0,20261348,RUN-20260828-01a55fcf
MANIFEST-00521,REC-00521,PKG-00521,PROD-004,ASSET-PLC-001,1.0.0,20261349,RUN-20260828-01a55fcf
MANIFEST-00522,REC-00522,PKG-00522,PROD-002,ASSET-DCS-001,1.0.0,20261350,RUN-20260828-01a55fcf
MANIFEST-00523,REC-00523,PKG-00523,PROD-004,ASSET-DCS-001,1.0.0,20261351,RUN-20260828-01a55fcf
MANIFEST-00524,REC-00524,PKG-00524,PROD-001,ASSET-RTU-001,1.0.0,20261352,RUN-20260828-01a55fcf
MANIFEST-00525,REC-00525,PKG-00525,PROD-002,ASSET-RTU-001,1.0.0,20261353,RUN-20260828-01a55fcf
MANIFEST-00526,REC-00526,PKG-00526,PROD-004,ASSET-PLC-001,1.0.0,20261354,RUN-20260828-01a55fcf
MANIFEST-00527,REC-00527,PKG-00527,PROD-004,ASSET-DCS-001,1.0.0,20261355,RUN-20260828-01a55fcf
MANIFEST-00528,REC-00528,PKG-00528,PROD-001,ASSET-DCS-001,1.0.0,20261356,RUN-20260828-01a55fcf
MANIFEST-00529,REC-00529,PKG-00529,PROD-004,ASSET-OPC-001,1.0.0,20261357,RUN-20260828-01a55fcf
MANIFEST-00530,REC-00530,PKG-00530,PROD-004,ASSET-OPC-001,1.0.0,20261358,RUN-20260828-01a55fcf
MANIFEST-00531,REC-00531,PKG-00531,PROD-004,ASSET-PLC-001,1.0.0,20261359,RUN-20260828-01a55fcf
MANIFEST-00532,REC-00532,PKG-00532,PROD-002,ASSET-DCS-001,1.0.0,20261360,RUN-20260828-01a55fcf
MANIFEST-00533,REC-00533,PKG-00533,PROD-001,ASSET-SIS-001,1.0.0,20261361,RUN-20260828-01a55fcf
MANIFEST-00534,REC-00534,PKG-00534,PROD-004,ASSET-DCS-001,1.0.0,20261362,RUN-20260828-01a55fcf
MANIFEST-00535,REC-00535,PKG-00535,PROD-003,ASSET-RTU-001,1.0.0,20261363,RUN-20260828-01a55fcf
MANIFEST-00536,REC-00536,PKG-00536,PROD-004,ASSET-SIS-001,1.0.0,20261364,RUN-20260828-01a55fcf
MANIFEST-00537,REC-00537,PKG-00537,PROD-002,ASSET-RTU-001,1.0.0,20261365,RUN-20260828-01a55fcf
MANIFEST-00538,REC-00538,PKG-00538,PROD-004,ASSET-PLC-001,1.0.0,20261366,RUN-20260828-01a55fcf
MANIFEST-00539,REC-00539,PKG-00539,PROD-003,ASSET-SIS-001,1.0.0,20261367,RUN-20260828-01a55fcf
MANIFEST-00540,REC-00540,PKG-00540,PROD-004,ASSET-DCS-001,1.0.0,20261368,RUN-20260828-01a55fcf
MANIFEST-00541,REC-00541,PKG-00541,PROD-003,ASSET-OPC-001,1.0.0,20261369,RUN-20260828-01a55fcf
MANIFEST-00542,REC-00542,PKG-00542,PROD-002,ASSET-RTU-001,1.0.0,20261370,RUN-20260828-01a55fcf
MANIFEST-00543,REC-00543,PKG-00543,PROD-001,ASSET-OPC-001,1.0.0,20261371,RUN-20260828-01a55fcf
MANIFEST-00544,REC-00544,PKG-00544,PROD-005,ASSET-OPC-001,1.0.0,20261372,RUN-20260828-01a55fcf
MANIFEST-00545,REC-00545,PKG-00545,PROD-003,ASSET-PLC-001,1.0.0,20261373,RUN-20260828-01a55fcf
MANIFEST-00546,REC-00546,PKG-00546,PROD-003,ASSET-DCS-001,1.0.0,20261374,RUN-20260828-01a55fcf
MANIFEST-00547,REC-00547,PKG-00547,PROD-005,ASSET-RTU-001,1.0.0,20261375,RUN-20260828-01a55fcf
MANIFEST-00548,REC-00548,PKG-00548,PROD-003,ASSET-RTU-001,1.0.0,20261376,RUN-20260828-01a55fcf
MANIFEST-00549,REC-00549,PKG-00549,PROD-004,ASSET-PLC-001,1.0.0,20261377,RUN-20260828-01a55fcf
MANIFEST-00550,REC-00550,PKG-00550,PROD-001,ASSET-RTU-001,1.0.0,20261378,RUN-20260828-01a55fcf
MANIFEST-00551,REC-00551,PKG-00551,PROD-001,ASSET-SIS-001,1.0.0,20261379,RUN-20260828-01a55fcf
MANIFEST-00552,REC-00552,PKG-00552,PROD-003,ASSET-PLC-001,1.0.0,20261380,RUN-20260828-01a55fcf
MANIFEST-00553,REC-00553,PKG-00553,PROD-005,ASSET-PLC-001,1.0.0,20261381,RUN-20260828-01a55fcf
MANIFEST-00554,REC-00554,PKG-00554,PROD-004,ASSET-OPC-001,1.0.0,20261382,RUN-20260828-01a55fcf
MANIFEST-00555,REC-00555,PKG-00555,PROD-001,ASSET-DCS-001,1.0.0,20261383,RUN-20260828-01a55fcf
MANIFEST-00556,REC-00556,PKG-00556,PROD-004,ASSET-DCS-001,1.0.0,20261384,RUN-20260828-01a55fcf
MANIFEST-00557,REC-00557,PKG-00557,PROD-003,ASSET-OPC-001,1.0.0,20261385,RUN-20260828-01a55fcf
MANIFEST-00558,REC-00558,PKG-00558,PROD-001,ASSET-RTU-001,1.0.0,20261386,RUN-20260828-01a55fcf
MANIFEST-00559,REC-00559,PKG-00559,PROD-001,ASSET-DCS-001,1.0.0,20261387,RUN-20260828-01a55fcf
MANIFEST-00560,REC-00560,PKG-00560,PROD-003,ASSET-DCS-001,1.0.0,20261388,RUN-20260828-01a55fcf
MANIFEST-00561,REC-00561,PKG-00561,PROD-001,ASSET-RTU-001,1.0.0,20261389,RUN-20260828-01a55fcf
MANIFEST-00562,REC-00562,PKG-00562,PROD-005,ASSET-RTU-001,1.0.0,20261390,RUN-20260828-01a55fcf
MANIFEST-00563,REC-00563,PKG-00563,PROD-002,ASSET-PLC-001,1.0.0,20261391,RUN-20260828-01a55fcf
MANIFEST-00564,REC-00564,PKG-00564,PROD-002,ASSET-RTU-001,1.0.0,20261392,RUN-20260828-01a55fcf
MANIFEST-00565,REC-00565,PKG-00565,PROD-001,ASSET-RTU-001,1.0.0,20261393,RUN-20260828-01a55fcf
MANIFEST-00566,REC-00566,PKG-00566,PROD-002,ASSET-OPC-001,1.0.0,20261394,RUN-20260828-01a55fcf
MANIFEST-00567,REC-00567,PKG-00567,PROD-003,ASSET-RTU-001,1.0.0,20261395,RUN-20260828-01a55fcf
MANIFEST-00568,REC-00568,PKG-00568,PROD-004,ASSET-OPC-001,1.0.0,20261396,RUN-20260828-01a55fcf
MANIFEST-00569,REC-00569,PKG-00569,PROD-004,ASSET-OPC-001,1.0.0,20261397,RUN-20260828-01a55fcf
MANIFEST-00570,REC-00570,PKG-00570,PROD-005,ASSET-SIS-001,1.0.0,20261398,RUN-20260828-01a55fcf
MANIFEST-00571,REC-00571,PKG-00571,PROD-004,ASSET-OPC-001,1.0.0,20261399,RUN-20260828-01a55fcf
MANIFEST-00572,REC-00572,PKG-00572,PROD-003,ASSET-OPC-001,1.0.0,20261400,RUN-20260828-01a55fcf
MANIFEST-00573,REC-00573,PKG-00573,PROD-005,ASSET-OPC-001,1.0.0,20261401,RUN-20260828-01a55fcf
MANIFEST-00574,REC-00574,PKG-00574,PROD-005,ASSET-SIS-001,1.0.0,20261402,RUN-20260828-01a55fcf
MANIFEST-00575,REC-00575,PKG-00575,PROD-005,ASSET-SIS-001,1.0.0,20261403,RUN-20260828-01a55fcf
MANIFEST-00576,REC-00576,PKG-00576,PROD-001,ASSET-DCS-001,1.0.0,20261404,RUN-20260828-01a55fcf
MANIFEST-00577,REC-00577,PKG-00577,PROD-002,ASSET-SIS-001,1.0.0,20261405,RUN-20260828-01a55fcf
MANIFEST-00578,REC-00578,PKG-00578,PROD-003,ASSET-OPC-001,1.0.0,20261406,RUN-20260828-01a55fcf
MANIFEST-00579,REC-00579,PKG-00579,PROD-004,ASSET-DCS-001,1.0.0,20261407,RUN-20260828-01a55fcf
MANIFEST-00580,REC-00580,PKG-00580,PROD-003,ASSET-DCS-001,1.0.0,20261408,RUN-20260828-01a55fcf
MANIFEST-00581,REC-00581,PKG-00581,PROD-003,ASSET-OPC-001,1.0.0,20261409,RUN-20260828-01a55fcf
MANIFEST-00582,REC-00582,PKG-00582,PROD-002,ASSET-DCS-001,1.0.0,20261410,RUN-20260828-01a55fcf
MANIFEST-00583,REC-00583,PKG-00583,PROD-005,ASSET-SIS-001,1.0.0,20261411,RUN-20260828-01a55fcf
MANIFEST-00584,REC-00584,PKG-00584,PROD-003,ASSET-SIS-001,1.0.0,20261412,RUN-20260828-01a55fcf
MANIFEST-00585,REC-00585,PKG-00585,PROD-004,ASSET-PLC-001,1.0.0,20261413,RUN-20260828-01a55fcf
MANIFEST-00586,REC-00586,PKG-00586,PROD-005,ASSET-RTU-001,1.0.0,20261414,RUN-20260828-01a55fcf
MANIFEST-00587,REC-00587,PKG-00587,PROD-003,ASSET-OPC-001,1.0.0,20261415,RUN-20260828-01a55fcf
MANIFEST-00588,REC-00588,PKG-00588,PROD-002,ASSET-RTU-001,1.0.0,20261416,RUN-20260828-01a55fcf
MANIFEST-00589,REC-00589,PKG-00589,PROD-004,ASSET-DCS-001,1.0.0,20261417,RUN-20260828-01a55fcf
MANIFEST-00590,REC-00590,PKG-00590,PROD-002,ASSET-SIS-001,1.0.0,20261418,RUN-20260828-01a55fcf
MANIFEST-00591,REC-00591,PKG-00591,PROD-005,ASSET-DCS-001,1.0.0,20261419,RUN-20260828-01a55fcf
MANIFEST-00592,REC-00592,PKG-00592,PROD-002,ASSET-SIS-001,1.0.0,20261420,RUN-20260828-01a55fcf
MANIFEST-00593,REC-00593,PKG-00593,PROD-004,ASSET-OPC-001,1.0.0,20261421,RUN-20260828-01a55fcf
MANIFEST-00594,REC-00594,PKG-00594,PROD-003,ASSET-SIS-001,1.0.0,20261422,RUN-20260828-01a55fcf
MANIFEST-00595,REC-00595,PKG-00595,PROD-002,ASSET-RTU-001,1.0.0,20261423,RUN-20260828-01a55fcf
MANIFEST-00596,REC-00596,PKG-00596,PROD-002,ASSET-OPC-001,1.0.0,20261424,RUN-20260828-01a55fcf
MANIFEST-00597,REC-00597,PKG-00597,PROD-001,ASSET-RTU-001,1.0.0,20261425,RUN-20260828-01a55fcf
MANIFEST-00598,REC-00598,PKG-00598,PROD-003,ASSET-OPC-001,1.0.0,20261426,RUN-20260828-01a55fcf
MANIFEST-00599,REC-00599,PKG-00599,PROD-005,ASSET-RTU-001,1.0.0,20261427,RUN-20260828-01a55fcf
MANIFEST-00600,REC-00600,PKG-00600,PROD-003,ASSET-RTU-001,1.0.0,20261428,RUN-20260828-01a55fcf
MANIFEST-00601,REC-00601,PKG-00601,PROD-005,ASSET-DCS-001,1.0.0,20261429,RUN-20260828-01a55fcf
MANIFEST-00602,REC-00602,PKG-00602,PROD-001,ASSET-PLC-001,1.0.0,20261430,RUN-20260828-01a55fcf
MANIFEST-00603,REC-00603,PKG-00603,PROD-005,ASSET-PLC-001,1.0.0,20261431,RUN-20260828-01a55fcf
MANIFEST-00604,REC-00604,PKG-00604,PROD-003,ASSET-RTU-001,1.0.0,20261432,RUN-20260828-01a55fcf
MANIFEST-00605,REC-00605,PKG-00605,PROD-003,ASSET-SIS-001,1.0.0,20261433,RUN-20260828-01a55fcf
MANIFEST-00606,REC-00606,PKG-00606,PROD-003,ASSET-PLC-001,1.0.0,20261434,RUN-20260828-01a55fcf
MANIFEST-00607,REC-00607,PKG-00607,PROD-003,ASSET-PLC-001,1.0.0,20261435,RUN-20260828-01a55fcf
MANIFEST-00608,REC-00608,PKG-00608,PROD-002,ASSET-PLC-001,1.0.0,20261436,RUN-20260828-01a55fcf
MANIFEST-00609,REC-00609,PKG-00609,PROD-003,ASSET-DCS-001,1.0.0,20261437,RUN-20260828-01a55fcf
MANIFEST-00610,REC-00610,PKG-00610,PROD-002,ASSET-RTU-001,1.0.0,20261438,RUN-20260828-01a55fcf
MANIFEST-00611,REC-00611,PKG-00611,PROD-003,ASSET-OPC-001,1.0.0,20261439,RUN-20260828-01a55fcf
MANIFEST-00612,REC-00612,PKG-00612,PROD-004,ASSET-RTU-001,1.0.0,20261440,RUN-20260828-01a55fcf
MANIFEST-00613,REC-00613,PKG-00613,PROD-003,ASSET-OPC-001,1.0.0,20261441,RUN-20260828-01a55fcf
MANIFEST-00614,REC-00614,PKG-00614,PROD-005,ASSET-DCS-001,1.0.0,20261442,RUN-20260828-01a55fcf
MANIFEST-00615,REC-00615,PKG-00615,PROD-001,ASSET-PLC-001,1.0.0,20261443,RUN-20260828-01a55fcf
MANIFEST-00616,REC-00616,PKG-00616,PROD-005,ASSET-DCS-001,1.0.0,20261444,RUN-20260828-01a55fcf
MANIFEST-00617,REC-00617,PKG-00617,PROD-003,ASSET-OPC-001,1.0.0,20261445,RUN-20260828-01a55fcf
MANIFEST-00618,REC-00618,PKG-00618,PROD-002,ASSET-SIS-001,1.0.0,20261446,RUN-20260828-01a55fcf
MANIFEST-00619,REC-00619,PKG-00619,PROD-002,ASSET-PLC-001,1.0.0,20261447,RUN-20260828-01a55fcf
MANIFEST-00620,REC-00620,PKG-00620,PROD-002,ASSET-DCS-001,1.0.0,20261448,RUN-20260828-01a55fcf
MANIFEST-00621,REC-00621,PKG-00621,PROD-003,ASSET-DCS-001,1.0.0,20261449,RUN-20260828-01a55fcf
MANIFEST-00622,REC-00622,PKG-00622,PROD-005,ASSET-RTU-001,1.0.0,20261450,RUN-20260828-01a55fcf
MANIFEST-00623,REC-00623,PKG-00623,PROD-004,ASSET-SIS-001,1.0.0,20261451,RUN-20260828-01a55fcf
MANIFEST-00624,REC-00624,PKG-00624,PROD-004,ASSET-DCS-001,1.0.0,20261452,RUN-20260828-01a55fcf
MANIFEST-00625,REC-00625,PKG-00625,PROD-002,ASSET-OPC-001,1.0.0,20261453,RUN-20260828-01a55fcf
MANIFEST-00626,REC-00626,PKG-00626,PROD-004,ASSET-OPC-001,1.0.0,20261454,RUN-20260828-01a55fcf
MANIFEST-00627,REC-00627,PKG-00627,PROD-002,ASSET-DCS-001,1.0.0,20261455,RUN-20260828-01a55fcf
MANIFEST-00628,REC-00628,PKG-00628,PROD-003,ASSET-DCS-001,1.0.0,20261456,RUN-20260828-01a55fcf
MANIFEST-00629,REC-00629,PKG-00629,PROD-002,ASSET-DCS-001,1.0.0,20261457,RUN-20260828-01a55fcf
MANIFEST-00630,REC-00630,PKG-00630,PROD-004,ASSET-SIS-001,1.0.0,20261458,RUN-20260828-01a55fcf
MANIFEST-00631,REC-00631,PKG-00631,PROD-005,ASSET-DCS-001,1.0.0,20261459,RUN-20260828-01a55fcf
MANIFEST-00632,REC-00632,PKG-00632,PROD-005,ASSET-SIS-001,1.0.0,20261460,RUN-20260828-01a55fcf
MANIFEST-00633,REC-00633,PKG-00633,PROD-005,ASSET-DCS-001,1.0.0,20261461,RUN-20260828-01a55fcf
MANIFEST-00634,REC-00634,PKG-00634,PROD-005,ASSET-RTU-001,1.0.0,20261462,RUN-20260828-01a55fcf
MANIFEST-00635,REC-00635,PKG-00635,PROD-002,ASSET-RTU-001,1.0.0,20261463,RUN-20260828-01a55fcf
MANIFEST-00636,REC-00636,PKG-00636,PROD-004,ASSET-OPC-001,1.0.0,20261464,RUN-20260828-01a55fcf
MANIFEST-00637,REC-00637,PKG-00637,PROD-004,ASSET-OPC-001,1.0.0,20261465,RUN-20260828-01a55fcf
MANIFEST-00638,REC-00638,PKG-00638,PROD-002,ASSET-RTU-001,1.0.0,20261466,RUN-20260828-01a55fcf
MANIFEST-00639,REC-00639,PKG-00639,PROD-004,ASSET-DCS-001,1.0.0,20261467,RUN-20260828-01a55fcf
MANIFEST-00640,REC-00640,PKG-00640,PROD-004,ASSET-RTU-001,1.0.0,20261468,RUN-20260828-01a55fcf
MANIFEST-00641,REC-00641,PKG-00641,PROD-004,ASSET-DCS-001,1.0.0,20261469,RUN-20260828-01a55fcf
MANIFEST-00642,REC-00642,PKG-00642,PROD-004,ASSET-RTU-001,1.0.0,20261470,RUN-20260828-01a55fcf
MANIFEST-00643,REC-00643,PKG-00643,PROD-005,ASSET-DCS-001,1.0.0,20261471,RUN-20260828-01a55fcf
MANIFEST-00644,REC-00644,PKG-00644,PROD-004,ASSET-PLC-001,1.0.0,20261472,RUN-20260828-01a55fcf
MANIFEST-00645,REC-00645,PKG-00645,PROD-005,ASSET-SIS-001,1.0.0,20261473,RUN-20260828-01a55fcf
MANIFEST-00646,REC-00646,PKG-00646,PROD-005,ASSET-SIS-001,1.0.0,20261474,RUN-20260828-01a55fcf
MANIFEST-00647,REC-00647,PKG-00647,PROD-005,ASSET-SIS-001,1.0.0,20261475,RUN-20260828-01a55fcf
MANIFEST-00648,REC-00648,PKG-00648,PROD-001,ASSET-SIS-001,1.0.0,20261476,RUN-20260828-01a55fcf
MANIFEST-00649,REC-00649,PKG-00649,PROD-003,ASSET-SIS-001,1.0.0,20261477,RUN-20260828-01a55fcf
MANIFEST-00650,REC-00650,PKG-00650,PROD-004,ASSET-SIS-001,1.0.0,20261478,RUN-20260828-01a55fcf
MANIFEST-00651,REC-00651,PKG-00651,PROD-005,ASSET-OPC-001,1.0.0,20261479,RUN-20260828-01a55fcf
MANIFEST-00652,REC-00652,PKG-00652,PROD-001,ASSET-RTU-001,1.0.0,20261480,RUN-20260828-01a55fcf
MANIFEST-00653,REC-00653,PKG-00653,PROD-001,ASSET-OPC-001,1.0.0,20261481,RUN-20260828-01a55fcf
MANIFEST-00654,REC-00654,PKG-00654,PROD-005,ASSET-OPC-001,1.0.0,20261482,RUN-20260828-01a55fcf
MANIFEST-00655,REC-00655,PKG-00655,PROD-004,ASSET-SIS-001,1.0.0,20261483,RUN-20260828-01a55fcf
MANIFEST-00656,REC-00656,PKG-00656,PROD-002,ASSET-OPC-001,1.0.0,20261484,RUN-20260828-01a55fcf
MANIFEST-00657,REC-00657,PKG-00657,PROD-003,ASSET-DCS-001,1.0.0,20261485,RUN-20260828-01a55fcf
MANIFEST-00658,REC-00658,PKG-00658,PROD-005,ASSET-SIS-001,1.0.0,20261486,RUN-20260828-01a55fcf
MANIFEST-00659,REC-00659,PKG-00659,PROD-004,ASSET-DCS-001,1.0.0,20261487,RUN-20260828-01a55fcf
MANIFEST-00660,REC-00660,PKG-00660,PROD-003,ASSET-RTU-001,1.0.0,20261488,RUN-20260828-01a55fcf
MANIFEST-00661,REC-00661,PKG-00661,PROD-003,ASSET-OPC-001,1.0.0,20261489,RUN-20260828-01a55fcf
MANIFEST-00662,REC-00662,PKG-00662,PROD-005,ASSET-PLC-001,1.0.0,20261490,RUN-20260828-01a55fcf
MANIFEST-00663,REC-00663,PKG-00663,PROD-001,ASSET-DCS-001,1.0.0,20261491,RUN-20260828-01a55fcf
MANIFEST-00664,REC-00664,PKG-00664,PROD-004,ASSET-SIS-001,1.0.0,20261492,RUN-20260828-01a55fcf
MANIFEST-00665,REC-00665,PKG-00665,PROD-005,ASSET-DCS-001,1.0.0,20261493,RUN-20260828-01a55fcf
MANIFEST-00666,REC-00666,PKG-00666,PROD-002,ASSET-RTU-001,1.0.0,20261494,RUN-20260828-01a55fcf
MANIFEST-00667,REC-00667,PKG-00667,PROD-002,ASSET-SIS-001,1.0.0,20261495,RUN-20260828-01a55fcf
MANIFEST-00668,REC-00668,PKG-00668,PROD-001,ASSET-SIS-001,1.0.0,20261496,RUN-20260828-01a55fcf
MANIFEST-00669,REC-00669,PKG-00669,PROD-003,ASSET-SIS-001,1.0.0,20261497,RUN-20260828-01a55fcf
MANIFEST-00670,REC-00670,PKG-00670,PROD-003,ASSET-OPC-001,1.0.0,20261498,RUN-20260828-01a55fcf
MANIFEST-00671,REC-00671,PKG-00671,PROD-003,ASSET-RTU-001,1.0.0,20261499,RUN-20260828-01a55fcf
MANIFEST-00672,REC-00672,PKG-00672,PROD-005,ASSET-RTU-001,1.0.0,20261500,RUN-20260828-01a55fcf
MANIFEST-00673,REC-00673,PKG-00673,PROD-002,ASSET-RTU-001,1.0.0,20261501,RUN-20260828-01a55fcf
MANIFEST-00674,REC-00674,PKG-00674,PROD-001,ASSET-PLC-001,1.0.0,20261502,RUN-20260828-01a55fcf
MANIFEST-00675,REC-00675,PKG-00675,PROD-005,ASSET-SIS-001,1.0.0,20261503,RUN-20260828-01a55fcf
MANIFEST-00676,REC-00676,PKG-00676,PROD-004,ASSET-PLC-001,1.0.0,20261504,RUN-20260828-01a55fcf
MANIFEST-00677,REC-00677,PKG-00677,PROD-001,ASSET-SIS-001,1.0.0,20261505,RUN-20260828-01a55fcf
MANIFEST-00678,REC-00678,PKG-00678,PROD-003,ASSET-DCS-001,1.0.0,20261506,RUN-20260828-01a55fcf
MANIFEST-00679,REC-00679,PKG-00679,PROD-005,ASSET-DCS-001,1.0.0,20261507,RUN-20260828-01a55fcf
MANIFEST-00680,REC-00680,PKG-00680,PROD-001,ASSET-DCS-001,1.0.0,20261508,RUN-20260828-01a55fcf
MANIFEST-00681,REC-00681,PKG-00681,PROD-004,ASSET-DCS-001,1.0.0,20261509,RUN-20260828-01a55fcf
MANIFEST-00682,REC-00682,PKG-00682,PROD-002,ASSET-PLC-001,1.0.0,20261510,RUN-20260828-01a55fcf
MANIFEST-00683,REC-00683,PKG-00683,PROD-005,ASSET-DCS-001,1.0.0,20261511,RUN-20260828-01a55fcf
MANIFEST-00684,REC-00684,PKG-00684,PROD-002,ASSET-SIS-001,1.0.0,20261512,RUN-20260828-01a55fcf
MANIFEST-00685,REC-00685,PKG-00685,PROD-003,ASSET-RTU-001,1.0.0,20261513,RUN-20260828-01a55fcf
MANIFEST-00686,REC-00686,PKG-00686,PROD-005,ASSET-PLC-001,1.0.0,20261514,RUN-20260828-01a55fcf
MANIFEST-00687,REC-00687,PKG-00687,PROD-001,ASSET-PLC-001,1.0.0,20261515,RUN-20260828-01a55fcf
MANIFEST-00688,REC-00688,PKG-00688,PROD-001,ASSET-PLC-001,1.0.0,20261516,RUN-20260828-01a55fcf
MANIFEST-00689,REC-00689,PKG-00689,PROD-002,ASSET-DCS-001,1.0.0,20261517,RUN-20260828-01a55fcf
MANIFEST-00690,REC-00690,PKG-00690,PROD-002,ASSET-RTU-001,1.0.0,20261518,RUN-20260828-01a55fcf
MANIFEST-00691,REC-00691,PKG-00691,PROD-001,ASSET-RTU-001,1.0.0,20261519,RUN-20260828-01a55fcf
MANIFEST-00692,REC-00692,PKG-00692,PROD-002,ASSET-PLC-001,1.0.0,20261520,RUN-20260828-01a55fcf
MANIFEST-00693,REC-00693,PKG-00693,PROD-005,ASSET-PLC-001,1.0.0,20261521,RUN-20260828-01a55fcf
MANIFEST-00694,REC-00694,PKG-00694,PROD-002,ASSET-PLC-001,1.0.0,20261522,RUN-20260828-01a55fcf
MANIFEST-00695,REC-00695,PKG-00695,PROD-002,ASSET-RTU-001,1.0.0,20261523,RUN-20260828-01a55fcf
MANIFEST-00696,REC-00696,PKG-00696,PROD-002,ASSET-RTU-001,1.0.0,20261524,RUN-20260828-01a55fcf
MANIFEST-00697,REC-00697,PKG-00697,PROD-003,ASSET-RTU-001,1.0.0,20261525,RUN-20260828-01a55fcf
MANIFEST-00698,REC-00698,PKG-00698,PROD-004,ASSET-OPC-001,1.0.0,20261526,RUN-20260828-01a55fcf
MANIFEST-00699,REC-00699,PKG-00699,PROD-004,ASSET-DCS-001,1.0.0,20261527,RUN-20260828-01a55fcf
MANIFEST-00700,REC-00700,PKG-00700,PROD-005,ASSET-PLC-001,1.0.0,20261528,RUN-20260828-01a55fcf
MANIFEST-00701,REC-00701,PKG-00701,PROD-002,ASSET-PLC-001,1.0.0,20261529,RUN-20260828-01a55fcf
MANIFEST-00702,REC-00702,PKG-00702,PROD-002,ASSET-PLC-001,1.0.0,20261530,RUN-20260828-01a55fcf
MANIFEST-00703,REC-00703,PKG-00703,PROD-005,ASSET-RTU-001,1.0.0,20261531,RUN-20260828-01a55fcf
MANIFEST-00704,REC-00704,PKG-00704,PROD-003,ASSET-SIS-001,1.0.0,20261532,RUN-20260828-01a55fcf
MANIFEST-00705,REC-00705,PKG-00705,PROD-002,ASSET-OPC-001,1.0.0,20261533,RUN-20260828-01a55fcf
MANIFEST-00706,REC-00706,PKG-00706,PROD-003,ASSET-SIS-001,1.0.0,20261534,RUN-20260828-01a55fcf
MANIFEST-00707,REC-00707,PKG-00707,PROD-003,ASSET-PLC-001,1.0.0,20261535,RUN-20260828-01a55fcf
MANIFEST-00708,REC-00708,PKG-00708,PROD-001,ASSET-RTU-001,1.0.0,20261536,RUN-20260828-01a55fcf
MANIFEST-00709,REC-00709,PKG-00709,PROD-003,ASSET-SIS-001,1.0.0,20261537,RUN-20260828-01a55fcf
MANIFEST-00710,REC-00710,PKG-00710,PROD-005,ASSET-OPC-001,1.0.0,20261538,RUN-20260828-01a55fcf
MANIFEST-00711,REC-00711,PKG-00711,PROD-003,ASSET-SIS-001,1.0.0,20261539,RUN-20260828-01a55fcf
MANIFEST-00712,REC-00712,PKG-00712,PROD-001,ASSET-PLC-001,1.0.0,20261540,RUN-20260828-01a55fcf
MANIFEST-00713,REC-00713,PKG-00713,PROD-001,ASSET-RTU-001,1.0.0,20261541,RUN-20260828-01a55fcf
MANIFEST-00714,REC-00714,PKG-00714,PROD-001,ASSET-DCS-001,1.0.0,20261542,RUN-20260828-01a55fcf
MANIFEST-00715,REC-00715,PKG-00715,PROD-002,ASSET-SIS-001,1.0.0,20261543,RUN-20260828-01a55fcf
MANIFEST-00716,REC-00716,PKG-00716,PROD-004,ASSET-RTU-001,1.0.0,20261544,RUN-20260828-01a55fcf
MANIFEST-00717,REC-00717,PKG-00717,PROD-005,ASSET-PLC-001,1.0.0,20261545,RUN-20260828-01a55fcf
MANIFEST-00718,REC-00718,PKG-00718,PROD-005,ASSET-DCS-001,1.0.0,20261546,RUN-20260828-01a55fcf
MANIFEST-00719,REC-00719,PKG-00719,PROD-004,ASSET-OPC-001,1.0.0,20261547,RUN-20260828-01a55fcf
MANIFEST-00720,REC-00720,PKG-00720,PROD-003,ASSET-SIS-001,1.0.0,20261548,RUN-20260828-01a55fcf
MANIFEST-00721,REC-00721,PKG-00721,PROD-005,ASSET-OPC-001,1.0.0,20261549,RUN-20260828-01a55fcf
MANIFEST-00722,REC-00722,PKG-00722,PROD-001,ASSET-OPC-001,1.0.0,20261550,RUN-20260828-01a55fcf
MANIFEST-00723,REC-00723,PKG-00723,PROD-005,ASSET-RTU-001,1.0.0,20261551,RUN-20260828-01a55fcf
MANIFEST-00724,REC-00724,PKG-00724,PROD-002,ASSET-OPC-001,1.0.0,20261552,RUN-20260828-01a55fcf
MANIFEST-00725,REC-00725,PKG-00725,PROD-004,ASSET-SIS-001,1.0.0,20261553,RUN-20260828-01a55fcf
MANIFEST-00726,REC-00726,PKG-00726,PROD-003,ASSET-PLC-001,1.0.0,20261554,RUN-20260828-01a55fcf
MANIFEST-00727,REC-00727,PKG-00727,PROD-002,ASSET-RTU-001,1.0.0,20261555,RUN-20260828-01a55fcf
MANIFEST-00728,REC-00728,PKG-00728,PROD-004,ASSET-SIS-001,1.0.0,20261556,RUN-20260828-01a55fcf
MANIFEST-00729,REC-00729,PKG-00729,PROD-001,ASSET-RTU-001,1.0.0,20261557,RUN-20260828-01a55fcf
MANIFEST-00730,REC-00730,PKG-00730,PROD-001,ASSET-OPC-001,1.0.0,20261558,RUN-20260828-01a55fcf
MANIFEST-00731,REC-00731,PKG-00731,PROD-002,ASSET-PLC-001,1.0.0,20261559,RUN-20260828-01a55fcf
MANIFEST-00732,REC-00732,PKG-00732,PROD-001,ASSET-RTU-001,1.0.0,20261560,RUN-20260828-01a55fcf
MANIFEST-00733,REC-00733,PKG-00733,PROD-003,ASSET-SIS-001,1.0.0,20261561,RUN-20260828-01a55fcf
MANIFEST-00734,REC-00734,PKG-00734,PROD-004,ASSET-RTU-001,1.0.0,20261562,RUN-20260828-01a55fcf
MANIFEST-00735,REC-00735,PKG-00735,PROD-002,ASSET-SIS-001,1.0.0,20261563,RUN-20260828-01a55fcf
MANIFEST-00736,REC-00736,PKG-00736,PROD-004,ASSET-RTU-001,1.0.0,20261564,RUN-20260828-01a55fcf
MANIFEST-00737,REC-00737,PKG-00737,PROD-004,ASSET-DCS-001,1.0.0,20261565,RUN-20260828-01a55fcf
MANIFEST-00738,REC-00738,PKG-00738,PROD-005,ASSET-RTU-001,1.0.0,20261566,RUN-20260828-01a55fcf
MANIFEST-00739,REC-00739,PKG-00739,PROD-002,ASSET-RTU-001,1.0.0,20261567,RUN-20260828-01a55fcf
MANIFEST-00740,REC-00740,PKG-00740,PROD-003,ASSET-SIS-001,1.0.0,20261568,RUN-20260828-01a55fcf
MANIFEST-00741,REC-00741,PKG-00741,PROD-004,ASSET-SIS-001,1.0.0,20261569,RUN-20260828-01a55fcf
MANIFEST-00742,REC-00742,PKG-00742,PROD-001,ASSET-OPC-001,1.0.0,20261570,RUN-20260828-01a55fcf
MANIFEST-00743,REC-00743,PKG-00743,PROD-004,ASSET-DCS-001,1.0.0,20261571,RUN-20260828-01a55fcf
MANIFEST-00744,REC-00744,PKG-00744,PROD-002,ASSET-PLC-001,1.0.0,20261572,RUN-20260828-01a55fcf
MANIFEST-00745,REC-00745,PKG-00745,PROD-003,ASSET-PLC-001,1.0.0,20261573,RUN-20260828-01a55fcf
MANIFEST-00746,REC-00746,PKG-00746,PROD-003,ASSET-SIS-001,1.0.0,20261574,RUN-20260828-01a55fcf
MANIFEST-00747,REC-00747,PKG-00747,PROD-002,ASSET-SIS-001,1.0.0,20261575,RUN-20260828-01a55fcf
MANIFEST-00748,REC-00748,PKG-00748,PROD-001,ASSET-DCS-001,1.0.0,20261576,RUN-20260828-01a55fcf
MANIFEST-00749,REC-00749,PKG-00749,PROD-003,ASSET-DCS-001,1.0.0,20261577,RUN-20260828-01a55fcf
MANIFEST-00750,REC-00750,PKG-00750,PROD-004,ASSET-DCS-001,1.0.0,20261578,RUN-20260828-01a55fcf
MANIFEST-00751,REC-00751,PKG-00751,PROD-003,ASSET-DCS-001,1.0.0,20261579,RUN-20260828-01a55fcf
MANIFEST-00752,REC-00752,PKG-00752,PROD-003,ASSET-DCS-001,1.0.0,20261580,RUN-20260828-01a55fcf
MANIFEST-00753,REC-00753,PKG-00753,PROD-002,ASSET-PLC-001,1.0.0,20261581,RUN-20260828-01a55fcf
MANIFEST-00754,REC-00754,PKG-00754,PROD-001,ASSET-DCS-001,1.0.0,20261582,RUN-20260828-01a55fcf
MANIFEST-00755,REC-00755,PKG-00755,PROD-005,ASSET-PLC-001,1.0.0,20261583,RUN-20260828-01a55fcf
MANIFEST-00756,REC-00756,PKG-00756,PROD-003,ASSET-PLC-001,1.0.0,20261584,RUN-20260828-01a55fcf
MANIFEST-00757,REC-00757,PKG-00757,PROD-004,ASSET-RTU-001,1.0.0,20261585,RUN-20260828-01a55fcf
MANIFEST-00758,REC-00758,PKG-00758,PROD-005,ASSET-OPC-001,1.0.0,20261586,RUN-20260828-01a55fcf
MANIFEST-00759,REC-00759,PKG-00759,PROD-004,ASSET-RTU-001,1.0.0,20261587,RUN-20260828-01a55fcf
MANIFEST-00760,REC-00760,PKG-00760,PROD-003,ASSET-RTU-001,1.0.0,20261588,RUN-20260828-01a55fcf
MANIFEST-00761,REC-00761,PKG-00761,PROD-002,ASSET-OPC-001,1.0.0,20261589,RUN-20260828-01a55fcf
MANIFEST-00762,REC-00762,PKG-00762,PROD-001,ASSET-OPC-001,1.0.0,20261590,RUN-20260828-01a55fcf
MANIFEST-00763,REC-00763,PKG-00763,PROD-004,ASSET-OPC-001,1.0.0,20261591,RUN-20260828-01a55fcf
MANIFEST-00764,REC-00764,PKG-00764,PROD-004,ASSET-DCS-001,1.0.0,20261592,RUN-20260828-01a55fcf
MANIFEST-00765,REC-00765,PKG-00765,PROD-004,ASSET-RTU-001,1.0.0,20261593,RUN-20260828-01a55fcf
MANIFEST-00766,REC-00766,PKG-00766,PROD-001,ASSET-PLC-001,1.0.0,20261594,RUN-20260828-01a55fcf
MANIFEST-00767,REC-00767,PKG-00767,PROD-005,ASSET-DCS-001,1.0.0,20261595,RUN-20260828-01a55fcf
MANIFEST-00768,REC-00768,PKG-00768,PROD-003,ASSET-OPC-001,1.0.0,20261596,RUN-20260828-01a55fcf
MANIFEST-00769,REC-00769,PKG-00769,PROD-002,ASSET-DCS-001,1.0.0,20261597,RUN-20260828-01a55fcf
MANIFEST-00770,REC-00770,PKG-00770,PROD-003,ASSET-SIS-001,1.0.0,20261598,RUN-20260828-01a55fcf
MANIFEST-00771,REC-00771,PKG-00771,PROD-003,ASSET-RTU-001,1.0.0,20261599,RUN-20260828-01a55fcf
MANIFEST-00772,REC-00772,PKG-00772,PROD-003,ASSET-DCS-001,1.0.0,20261600,RUN-20260828-01a55fcf
MANIFEST-00773,REC-00773,PKG-00773,PROD-004,ASSET-OPC-001,1.0.0,20261601,RUN-20260828-01a55fcf
MANIFEST-00774,REC-00774,PKG-00774,PROD-003,ASSET-RTU-001,1.0.0,20261602,RUN-20260828-01a55fcf
MANIFEST-00775,REC-00775,PKG-00775,PROD-004,ASSET-DCS-001,1.0.0,20261603,RUN-20260828-01a55fcf
MANIFEST-00776,REC-00776,PKG-00776,PROD-005,ASSET-DCS-001,1.0.0,20261604,RUN-20260828-01a55fcf
MANIFEST-00777,REC-00777,PKG-00777,PROD-003,ASSET-OPC-001,1.0.0,20261605,RUN-20260828-01a55fcf
MANIFEST-00778,REC-00778,PKG-00778,PROD-001,ASSET-OPC-001,1.0.0,20261606,RUN-20260828-01a55fcf
MANIFEST-00779,REC-00779,PKG-00779,PROD-004,ASSET-SIS-001,1.0.0,20261607,RUN-20260828-01a55fcf
MANIFEST-00780,REC-00780,PKG-00780,PROD-003,ASSET-DCS-001,1.0.0,20261608,RUN-20260828-01a55fcf
MANIFEST-00781,REC-00781,PKG-00781,PROD-004,ASSET-OPC-001,1.0.0,20261609,RUN-20260828-01a55fcf
MANIFEST-00782,REC-00782,PKG-00782,PROD-004,ASSET-DCS-001,1.0.0,20261610,RUN-20260828-01a55fcf
MANIFEST-00783,REC-00783,PKG-00783,PROD-004,ASSET-DCS-001,1.0.0,20261611,RUN-20260828-01a55fcf
MANIFEST-00784,REC-00784,PKG-00784,PROD-003,ASSET-RTU-001,1.0.0,20261612,RUN-20260828-01a55fcf
MANIFEST-00785,REC-00785,PKG-00785,PROD-003,ASSET-PLC-001,1.0.0,20261613,RUN-20260828-01a55fcf
MANIFEST-00786,REC-00786,PKG-00786,PROD-004,ASSET-PLC-001,1.0.0,20261614,RUN-20260828-01a55fcf
MANIFEST-00787,REC-00787,PKG-00787,PROD-005,ASSET-RTU-001,1.0.0,20261615,RUN-20260828-01a55fcf
MANIFEST-00788,REC-00788,PKG-00788,PROD-003,ASSET-DCS-001,1.0.0,20261616,RUN-20260828-01a55fcf
MANIFEST-00789,REC-00789,PKG-00789,PROD-005,ASSET-DCS-001,1.0.0,20261617,RUN-20260828-01a55fcf
MANIFEST-00790,REC-00790,PKG-00790,PROD-004,ASSET-PLC-001,1.0.0,20261618,RUN-20260828-01a55fcf
MANIFEST-00791,REC-00791,PKG-00791,PROD-002,ASSET-SIS-001,1.0.0,20261619,RUN-20260828-01a55fcf
MANIFEST-00792,REC-00792,PKG-00792,PROD-001,ASSET-RTU-001,1.0.0,20261620,RUN-20260828-01a55fcf
MANIFEST-00793,REC-00793,PKG-00793,PROD-005,ASSET-RTU-001,1.0.0,20261621,RUN-20260828-01a55fcf
MANIFEST-00794,REC-00794,PKG-00794,PROD-003,ASSET-SIS-001,1.0.0,20261622,RUN-20260828-01a55fcf
MANIFEST-00795,REC-00795,PKG-00795,PROD-004,ASSET-PLC-001,1.0.0,20261623,RUN-20260828-01a55fcf
MANIFEST-00796,REC-00796,PKG-00796,PROD-001,ASSET-DCS-001,1.0.0,20261624,RUN-20260828-01a55fcf
MANIFEST-00797,REC-00797,PKG-00797,PROD-002,ASSET-PLC-001,1.0.0,20261625,RUN-20260828-01a55fcf
MANIFEST-00798,REC-00798,PKG-00798,PROD-003,ASSET-SIS-001,1.0.0,20261626,RUN-20260828-01a55fcf
MANIFEST-00799,REC-00799,PKG-00799,PROD-002,ASSET-SIS-001,1.0.0,20261627,RUN-20260828-01a55fcf
MANIFEST-00800,REC-00800,PKG-00800,PROD-001,ASSET-SIS-001,1.0.0,20261628,RUN-20260828-01a55fcf
MANIFEST-00801,REC-00801,PKG-00801,PROD-002,ASSET-OPC-001,1.0.0,20261629,RUN-20260828-01a55fcf
MANIFEST-00802,REC-00802,PKG-00802,PROD-005,ASSET-RTU-001,1.0.0,20261630,RUN-20260828-01a55fcf
MANIFEST-00803,REC-00803,PKG-00803,PROD-001,ASSET-SIS-001,1.0.0,20261631,RUN-20260828-01a55fcf
MANIFEST-00804,REC-00804,PKG-00804,PROD-002,ASSET-RTU-001,1.0.0,20261632,RUN-20260828-01a55fcf
MANIFEST-00805,REC-00805,PKG-00805,PROD-003,ASSET-DCS-001,1.0.0,20261633,RUN-20260828-01a55fcf
MANIFEST-00806,REC-00806,PKG-00806,PROD-005,ASSET-OPC-001,1.0.0,20261634,RUN-20260828-01a55fcf
MANIFEST-00807,REC-00807,PKG-00807,PROD-004,ASSET-SIS-001,1.0.0,20261635,RUN-20260828-01a55fcf
MANIFEST-00808,REC-00808,PKG-00808,PROD-004,ASSET-DCS-001,1.0.0,20261636,RUN-20260828-01a55fcf
MANIFEST-00809,REC-00809,PKG-00809,PROD-001,ASSET-OPC-001,1.0.0,20261637,RUN-20260828-01a55fcf
MANIFEST-00810,REC-00810,PKG-00810,PROD-002,ASSET-DCS-001,1.0.0,20261638,RUN-20260828-01a55fcf
MANIFEST-00811,REC-00811,PKG-00811,PROD-001,ASSET-SIS-001,1.0.0,20261639,RUN-20260828-01a55fcf
MANIFEST-00812,REC-00812,PKG-00812,PROD-004,ASSET-OPC-001,1.0.0,20261640,RUN-20260828-01a55fcf
MANIFEST-00813,REC-00813,PKG-00813,PROD-001,ASSET-SIS-001,1.0.0,20261641,RUN-20260828-01a55fcf
MANIFEST-00814,REC-00814,PKG-00814,PROD-005,ASSET-SIS-001,1.0.0,20261642,RUN-20260828-01a55fcf
MANIFEST-00815,REC-00815,PKG-00815,PROD-003,ASSET-RTU-001,1.0.0,20261643,RUN-20260828-01a55fcf
MANIFEST-00816,REC-00816,PKG-00816,PROD-003,ASSET-OPC-001,1.0.0,20261644,RUN-20260828-01a55fcf
MANIFEST-00817,REC-00817,PKG-00817,PROD-003,ASSET-SIS-001,1.0.0,20261645,RUN-20260828-01a55fcf
MANIFEST-00818,REC-00818,PKG-00818,PROD-001,ASSET-DCS-001,1.0.0,20261646,RUN-20260828-01a55fcf
MANIFEST-00819,REC-00819,PKG-00819,PROD-003,ASSET-SIS-001,1.0.0,20261647,RUN-20260828-01a55fcf
MANIFEST-00820,REC-00820,PKG-00820,PROD-005,ASSET-DCS-001,1.0.0,20261648,RUN-20260828-01a55fcf
MANIFEST-00821,REC-00821,PKG-00821,PROD-004,ASSET-DCS-001,1.0.0,20261649,RUN-20260828-01a55fcf
MANIFEST-00822,REC-00822,PKG-00822,PROD-001,ASSET-SIS-001,1.0.0,20261650,RUN-20260828-01a55fcf
MANIFEST-00823,REC-00823,PKG-00823,PROD-004,ASSET-SIS-001,1.0.0,20261651,RUN-20260828-01a55fcf
MANIFEST-00824,REC-00824,PKG-00824,PROD-002,ASSET-PLC-001,1.0.0,20261652,RUN-20260828-01a55fcf
MANIFEST-00825,REC-00825,PKG-00825,PROD-002,ASSET-OPC-001,1.0.0,20261653,RUN-20260828-01a55fcf
MANIFEST-00826,REC-00826,PKG-00826,PROD-004,ASSET-DCS-001,1.0.0,20261654,RUN-20260828-01a55fcf
MANIFEST-00827,REC-00827,PKG-00827,PROD-005,ASSET-DCS-001,1.0.0,20261655,RUN-20260828-01a55fcf
MANIFEST-00828,REC-00828,PKG-00828,PROD-002,ASSET-OPC-001,1.0.0,20261656,RUN-20260828-01a55fcf
MANIFEST-00829,REC-00829,PKG-00829,PROD-001,ASSET-RTU-001,1.0.0,20261657,RUN-20260828-01a55fcf
MANIFEST-00830,REC-00830,PKG-00830,PROD-002,ASSET-RTU-001,1.0.0,20261658,RUN-20260828-01a55fcf
MANIFEST-00831,REC-00831,PKG-00831,PROD-005,ASSET-DCS-001,1.0.0,20261659,RUN-20260828-01a55fcf
MANIFEST-00832,REC-00832,PKG-00832,PROD-005,ASSET-PLC-001,1.0.0,20261660,RUN-20260828-01a55fcf
MANIFEST-00833,REC-00833,PKG-00833,PROD-005,ASSET-OPC-001,1.0.0,20261661,RUN-20260828-01a55fcf
MANIFEST-00834,REC-00834,PKG-00834,PROD-003,ASSET-RTU-001,1.0.0,20261662,RUN-20260828-01a55fcf
MANIFEST-00835,REC-00835,PKG-00835,PROD-004,ASSET-DCS-001,1.0.0,20261663,RUN-20260828-01a55fcf
MANIFEST-00836,REC-00836,PKG-00836,PROD-004,ASSET-SIS-001,1.0.0,20261664,RUN-20260828-01a55fcf
MANIFEST-00837,REC-00837,PKG-00837,PROD-002,ASSET-SIS-001,1.0.0,20261665,RUN-20260828-01a55fcf
MANIFEST-00838,REC-00838,PKG-00838,PROD-005,ASSET-DCS-001,1.0.0,20261666,RUN-20260828-01a55fcf
MANIFEST-00839,REC-00839,PKG-00839,PROD-001,ASSET-SIS-001,1.0.0,20261667,RUN-20260828-01a55fcf
MANIFEST-00840,REC-00840,PKG-00840,PROD-005,ASSET-RTU-001,1.0.0,20261668,RUN-20260828-01a55fcf
MANIFEST-00841,REC-00841,PKG-00841,PROD-003,ASSET-RTU-001,1.0.0,20261669,RUN-20260828-01a55fcf
MANIFEST-00842,REC-00842,PKG-00842,PROD-001,ASSET-OPC-001,1.0.0,20261670,RUN-20260828-01a55fcf
MANIFEST-00843,REC-00843,PKG-00843,PROD-003,ASSET-DCS-001,1.0.0,20261671,RUN-20260828-01a55fcf
MANIFEST-00844,REC-00844,PKG-00844,PROD-005,ASSET-PLC-001,1.0.0,20261672,RUN-20260828-01a55fcf
MANIFEST-00845,REC-00845,PKG-00845,PROD-004,ASSET-PLC-001,1.0.0,20261673,RUN-20260828-01a55fcf
MANIFEST-00846,REC-00846,PKG-00846,PROD-005,ASSET-SIS-001,1.0.0,20261674,RUN-20260828-01a55fcf
MANIFEST-00847,REC-00847,PKG-00847,PROD-002,ASSET-PLC-001,1.0.0,20261675,RUN-20260828-01a55fcf
MANIFEST-00848,REC-00848,PKG-00848,PROD-002,ASSET-DCS-001,1.0.0,20261676,RUN-20260828-01a55fcf
MANIFEST-00849,REC-00849,PKG-00849,PROD-001,ASSET-SIS-001,1.0.0,20261677,RUN-20260828-01a55fcf
MANIFEST-00850,REC-00850,PKG-00850,PROD-004,ASSET-RTU-001,1.0.0,20261678,RUN-20260828-01a55fcf
MANIFEST-00851,REC-00851,PKG-00851,PROD-004,ASSET-RTU-001,1.0.0,20261679,RUN-20260828-01a55fcf
MANIFEST-00852,REC-00852,PKG-00852,PROD-001,ASSET-PLC-001,1.0.0,20261680,RUN-20260828-01a55fcf
MANIFEST-00853,REC-00853,PKG-00853,PROD-005,ASSET-SIS-001,1.0.0,20261681,RUN-20260828-01a55fcf
MANIFEST-00854,REC-00854,PKG-00854,PROD-003,ASSET-DCS-001,1.0.0,20261682,RUN-20260828-01a55fcf
MANIFEST-00855,REC-00855,PKG-00855,PROD-001,ASSET-DCS-001,1.0.0,20261683,RUN-20260828-01a55fcf
MANIFEST-00856,REC-00856,PKG-00856,PROD-003,ASSET-PLC-001,1.0.0,20261684,RUN-20260828-01a55fcf
MANIFEST-00857,REC-00857,PKG-00857,PROD-002,ASSET-DCS-001,1.0.0,20261685,RUN-20260828-01a55fcf
MANIFEST-00858,REC-00858,PKG-00858,PROD-004,ASSET-OPC-001,1.0.0,20261686,RUN-20260828-01a55fcf
MANIFEST-00859,REC-00859,PKG-00859,PROD-004,ASSET-RTU-001,1.0.0,20261687,RUN-20260828-01a55fcf
MANIFEST-00860,REC-00860,PKG-00860,PROD-004,ASSET-DCS-001,1.0.0,20261688,RUN-20260828-01a55fcf
MANIFEST-00861,REC-00861,PKG-00861,PROD-005,ASSET-RTU-001,1.0.0,20261689,RUN-20260828-01a55fcf
MANIFEST-00862,REC-00862,PKG-00862,PROD-005,ASSET-PLC-001,1.0.0,20261690,RUN-20260828-01a55fcf
MANIFEST-00863,REC-00863,PKG-00863,PROD-005,ASSET-RTU-001,1.0.0,20261691,RUN-20260828-01a55fcf
MANIFEST-00864,REC-00864,PKG-00864,PROD-001,ASSET-OPC-001,1.0.0,20261692,RUN-20260828-01a55fcf
MANIFEST-00865,REC-00865,PKG-00865,PROD-001,ASSET-DCS-001,1.0.0,20261693,RUN-20260828-01a55fcf
MANIFEST-00866,REC-00866,PKG-00866,PROD-003,ASSET-PLC-001,1.0.0,20261694,RUN-20260828-01a55fcf
MANIFEST-00867,REC-00867,PKG-00867,PROD-003,ASSET-DCS-001,1.0.0,20261695,RUN-20260828-01a55fcf
MANIFEST-00868,REC-00868,PKG-00868,PROD-004,ASSET-OPC-001,1.0.0,20261696,RUN-20260828-01a55fcf
MANIFEST-00869,REC-00869,PKG-00869,PROD-004,ASSET-OPC-001,1.0.0,20261697,RUN-20260828-01a55fcf
MANIFEST-00870,REC-00870,PKG-00870,PROD-002,ASSET-RTU-001,1.0.0,20261698,RUN-20260828-01a55fcf
MANIFEST-00871,REC-00871,PKG-00871,PROD-003,ASSET-PLC-001,1.0.0,20261699,RUN-20260828-01a55fcf
MANIFEST-00872,REC-00872,PKG-00872,PROD-005,ASSET-PLC-001,1.0.0,20261700,RUN-20260828-01a55fcf
MANIFEST-00873,REC-00873,PKG-00873,PROD-004,ASSET-OPC-001,1.0.0,20261701,RUN-20260828-01a55fcf
MANIFEST-00874,REC-00874,PKG-00874,PROD-003,ASSET-OPC-001,1.0.0,20261702,RUN-20260828-01a55fcf
MANIFEST-00875,REC-00875,PKG-00875,PROD-005,ASSET-OPC-001,1.0.0,20261703,RUN-20260828-01a55fcf
MANIFEST-00876,REC-00876,PKG-00876,PROD-001,ASSET-RTU-001,1.0.0,20261704,RUN-20260828-01a55fcf
MANIFEST-00877,REC-00877,PKG-00877,PROD-005,ASSET-RTU-001,1.0.0,20261705,RUN-20260828-01a55fcf
MANIFEST-00878,REC-00878,PKG-00878,PROD-004,ASSET-SIS-001,1.0.0,20261706,RUN-20260828-01a55fcf
MANIFEST-00879,REC-00879,PKG-00879,PROD-001,ASSET-SIS-001,1.0.0,20261707,RUN-20260828-01a55fcf
MANIFEST-00880,REC-00880,PKG-00880,PROD-004,ASSET-OPC-001,1.0.0,20261708,RUN-20260828-01a55fcf
MANIFEST-00881,REC-00881,PKG-00881,PROD-003,ASSET-PLC-001,1.0.0,20261709,RUN-20260828-01a55fcf
MANIFEST-00882,REC-00882,PKG-00882,PROD-003,ASSET-SIS-001,1.0.0,20261710,RUN-20260828-01a55fcf
MANIFEST-00883,REC-00883,PKG-00883,PROD-002,ASSET-DCS-001,1.0.0,20261711,RUN-20260828-01a55fcf
MANIFEST-00884,REC-00884,PKG-00884,PROD-003,ASSET-PLC-001,1.0.0,20261712,RUN-20260828-01a55fcf
MANIFEST-00885,REC-00885,PKG-00885,PROD-003,ASSET-PLC-001,1.0.0,20261713,RUN-20260828-01a55fcf
MANIFEST-00886,REC-00886,PKG-00886,PROD-005,ASSET-RTU-001,1.0.0,20261714,RUN-20260828-01a55fcf
MANIFEST-00887,REC-00887,PKG-00887,PROD-003,ASSET-SIS-001,1.0.0,20261715,RUN-20260828-01a55fcf
MANIFEST-00888,REC-00888,PKG-00888,PROD-004,ASSET-PLC-001,1.0.0,20261716,RUN-20260828-01a55fcf
MANIFEST-00889,REC-00889,PKG-00889,PROD-003,ASSET-SIS-001,1.0.0,20261717,RUN-20260828-01a55fcf
MANIFEST-00890,REC-00890,PKG-00890,PROD-003,ASSET-PLC-001,1.0.0,20261718,RUN-20260828-01a55fcf
MANIFEST-00891,REC-00891,PKG-00891,PROD-002,ASSET-RTU-001,1.0.0,20261719,RUN-20260828-01a55fcf
MANIFEST-00892,REC-00892,PKG-00892,PROD-005,ASSET-OPC-001,1.0.0,20261720,RUN-20260828-01a55fcf
MANIFEST-00893,REC-00893,PKG-00893,PROD-003,ASSET-OPC-001,1.0.0,20261721,RUN-20260828-01a55fcf
MANIFEST-00894,REC-00894,PKG-00894,PROD-001,ASSET-DCS-001,1.0.0,20261722,RUN-20260828-01a55fcf
MANIFEST-00895,REC-00895,PKG-00895,PROD-001,ASSET-SIS-001,1.0.0,20261723,RUN-20260828-01a55fcf
MANIFEST-00896,REC-00896,PKG-00896,PROD-005,ASSET-DCS-001,1.0.0,20261724,RUN-20260828-01a55fcf
MANIFEST-00897,REC-00897,PKG-00897,PROD-001,ASSET-RTU-001,1.0.0,20261725,RUN-20260828-01a55fcf
MANIFEST-00898,REC-00898,PKG-00898,PROD-002,ASSET-SIS-001,1.0.0,20261726,RUN-20260828-01a55fcf
MANIFEST-00899,REC-00899,PKG-00899,PROD-003,ASSET-DCS-001,1.0.0,20261727,RUN-20260828-01a55fcf
MANIFEST-00900,REC-00900,PKG-00900,PROD-002,ASSET-RTU-001,1.0.0,20261728,RUN-20260828-01a55fcf
MANIFEST-00901,REC-00901,PKG-00901,PROD-005,ASSET-OPC-001,1.0.0,20261729,RUN-20260828-01a55fcf
MANIFEST-00902,REC-00902,PKG-00902,PROD-002,ASSET-PLC-001,1.0.0,20261730,RUN-20260828-01a55fcf
MANIFEST-00903,REC-00903,PKG-00903,PROD-005,ASSET-SIS-001,1.0.0,20261731,RUN-20260828-01a55fcf
MANIFEST-00904,REC-00904,PKG-00904,PROD-001,ASSET-DCS-001,1.0.0,20261732,RUN-20260828-01a55fcf
MANIFEST-00905,REC-00905,PKG-00905,PROD-003,ASSET-OPC-001,1.0.0,20261733,RUN-20260828-01a55fcf
MANIFEST-00906,REC-00906,PKG-00906,PROD-004,ASSET-DCS-001,1.0.0,20261734,RUN-20260828-01a55fcf
MANIFEST-00907,REC-00907,PKG-00907,PROD-001,ASSET-PLC-001,1.0.0,20261735,RUN-20260828-01a55fcf
MANIFEST-00908,REC-00908,PKG-00908,PROD-005,ASSET-RTU-001,1.0.0,20261736,RUN-20260828-01a55fcf
MANIFEST-00909,REC-00909,PKG-00909,PROD-005,ASSET-RTU-001,1.0.0,20261737,RUN-20260828-01a55fcf
MANIFEST-00910,REC-00910,PKG-00910,PROD-004,ASSET-PLC-001,1.0.0,20261738,RUN-20260828-01a55fcf
MANIFEST-00911,REC-00911,PKG-00911,PROD-004,ASSET-PLC-001,1.0.0,20261739,RUN-20260828-01a55fcf
MANIFEST-00912,REC-00912,PKG-00912,PROD-005,ASSET-RTU-001,1.0.0,20261740,RUN-20260828-01a55fcf
MANIFEST-00913,REC-00913,PKG-00913,PROD-004,ASSET-PLC-001,1.0.0,20261741,RUN-20260828-01a55fcf
MANIFEST-00914,REC-00914,PKG-00914,PROD-001,ASSET-SIS-001,1.0.0,20261742,RUN-20260828-01a55fcf
MANIFEST-00915,REC-00915,PKG-00915,PROD-002,ASSET-PLC-001,1.0.0,20261743,RUN-20260828-01a55fcf
MANIFEST-00916,REC-00916,PKG-00916,PROD-004,ASSET-RTU-001,1.0.0,20261744,RUN-20260828-01a55fcf
MANIFEST-00917,REC-00917,PKG-00917,PROD-002,ASSET-RTU-001,1.0.0,20261745,RUN-20260828-01a55fcf
MANIFEST-00918,REC-00918,PKG-00918,PROD-001,ASSET-DCS-001,1.0.0,20261746,RUN-20260828-01a55fcf
MANIFEST-00919,REC-00919,PKG-00919,PROD-001,ASSET-DCS-001,1.0.0,20261747,RUN-20260828-01a55fcf
MANIFEST-00920,REC-00920,PKG-00920,PROD-004,ASSET-PLC-001,1.0.0,20261748,RUN-20260828-01a55fcf
MANIFEST-00921,REC-00921,PKG-00921,PROD-002,ASSET-PLC-001,1.0.0,20261749,RUN-20260828-01a55fcf
MANIFEST-00922,REC-00922,PKG-00922,PROD-003,ASSET-PLC-001,1.0.0,20261750,RUN-20260828-01a55fcf
MANIFEST-00923,REC-00923,PKG-00923,PROD-005,ASSET-OPC-001,1.0.0,20261751,RUN-20260828-01a55fcf
MANIFEST-00924,REC-00924,PKG-00924,PROD-004,ASSET-OPC-001,1.0.0,20261752,RUN-20260828-01a55fcf
MANIFEST-00925,REC-00925,PKG-00925,PROD-001,ASSET-PLC-001,1.0.0,20261753,RUN-20260828-01a55fcf
MANIFEST-00926,REC-00926,PKG-00926,PROD-003,ASSET-SIS-001,1.0.0,20261754,RUN-20260828-01a55fcf
MANIFEST-00927,REC-00927,PKG-00927,PROD-002,ASSET-OPC-001,1.0.0,20261755,RUN-20260828-01a55fcf
MANIFEST-00928,REC-00928,PKG-00928,PROD-004,ASSET-PLC-001,1.0.0,20261756,RUN-20260828-01a55fcf
MANIFEST-00929,REC-00929,PKG-00929,PROD-002,ASSET-DCS-001,1.0.0,20261757,RUN-20260828-01a55fcf
MANIFEST-00930,REC-00930,PKG-00930,PROD-005,ASSET-OPC-001,1.0.0,20261758,RUN-20260828-01a55fcf
MANIFEST-00931,REC-00931,PKG-00931,PROD-003,ASSET-SIS-001,1.0.0,20261759,RUN-20260828-01a55fcf
MANIFEST-00932,REC-00932,PKG-00932,PROD-002,ASSET-OPC-001,1.0.0,20261760,RUN-20260828-01a55fcf
MANIFEST-00933,REC-00933,PKG-00933,PROD-002,ASSET-SIS-001,1.0.0,20261761,RUN-20260828-01a55fcf
MANIFEST-00934,REC-00934,PKG-00934,PROD-005,ASSET-OPC-001,1.0.0,20261762,RUN-20260828-01a55fcf
MANIFEST-00935,REC-00935,PKG-00935,PROD-004,ASSET-RTU-001,1.0.0,20261763,RUN-20260828-01a55fcf
MANIFEST-00936,REC-00936,PKG-00936,PROD-004,ASSET-SIS-001,1.0.0,20261764,RUN-20260828-01a55fcf
MANIFEST-00937,REC-00937,PKG-00937,PROD-003,ASSET-RTU-001,1.0.0,20261765,RUN-20260828-01a55fcf
MANIFEST-00938,REC-00938,PKG-00938,PROD-003,ASSET-DCS-001,1.0.0,20261766,RUN-20260828-01a55fcf
MANIFEST-00939,REC-00939,PKG-00939,PROD-001,ASSET-RTU-001,1.0.0,20261767,RUN-20260828-01a55fcf
MANIFEST-00940,REC-00940,PKG-00940,PROD-002,ASSET-DCS-001,1.0.0,20261768,RUN-20260828-01a55fcf
MANIFEST-00941,REC-00941,PKG-00941,PROD-003,ASSET-RTU-001,1.0.0,20261769,RUN-20260828-01a55fcf
MANIFEST-00942,REC-00942,PKG-00942,PROD-005,ASSET-OPC-001,1.0.0,20261770,RUN-20260828-01a55fcf
MANIFEST-00943,REC-00943,PKG-00943,PROD-002,ASSET-SIS-001,1.0.0,20261771,RUN-20260828-01a55fcf
MANIFEST-00944,REC-00944,PKG-00944,PROD-003,ASSET-OPC-001,1.0.0,20261772,RUN-20260828-01a55fcf
MANIFEST-00945,REC-00945,PKG-00945,PROD-005,ASSET-OPC-001,1.0.0,20261773,RUN-20260828-01a55fcf
MANIFEST-00946,REC-00946,PKG-00946,PROD-004,ASSET-PLC-001,1.0.0,20261774,RUN-20260828-01a55fcf
MANIFEST-00947,REC-00947,PKG-00947,PROD-004,ASSET-OPC-001,1.0.0,20261775,RUN-20260828-01a55fcf
MANIFEST-00948,REC-00948,PKG-00948,PROD-003,ASSET-SIS-001,1.0.0,20261776,RUN-20260828-01a55fcf
MANIFEST-00949,REC-00949,PKG-00949,PROD-005,ASSET-SIS-001,1.0.0,20261777,RUN-20260828-01a55fcf
MANIFEST-00950,REC-00950,PKG-00950,PROD-001,ASSET-PLC-001,1.0.0,20261778,RUN-20260828-01a55fcf
MANIFEST-00951,REC-00951,PKG-00951,PROD-003,ASSET-OPC-001,1.0.0,20261779,RUN-20260828-01a55fcf
MANIFEST-00952,REC-00952,PKG-00952,PROD-003,ASSET-RTU-001,1.0.0,20261780,RUN-20260828-01a55fcf
MANIFEST-00953,REC-00953,PKG-00953,PROD-002,ASSET-DCS-001,1.0.0,20261781,RUN-20260828-01a55fcf
MANIFEST-00954,REC-00954,PKG-00954,PROD-002,ASSET-RTU-001,1.0.0,20261782,RUN-20260828-01a55fcf
MANIFEST-00955,REC-00955,PKG-00955,PROD-001,ASSET-PLC-001,1.0.0,20261783,RUN-20260828-01a55fcf
MANIFEST-00956,REC-00956,PKG-00956,PROD-003,ASSET-PLC-001,1.0.0,20261784,RUN-20260828-01a55fcf
MANIFEST-00957,REC-00957,PKG-00957,PROD-004,ASSET-PLC-001,1.0.0,20261785,RUN-20260828-01a55fcf
MANIFEST-00958,REC-00958,PKG-00958,PROD-001,ASSET-PLC-001,1.0.0,20261786,RUN-20260828-01a55fcf
MANIFEST-00959,REC-00959,PKG-00959,PROD-003,ASSET-SIS-001,1.0.0,20261787,RUN-20260828-01a55fcf
MANIFEST-00960,REC-00960,PKG-00960,PROD-002,ASSET-PLC-001,1.0.0,20261788,RUN-20260828-01a55fcf
MANIFEST-00961,REC-00961,PKG-00961,PROD-005,ASSET-OPC-001,1.0.0,20261789,RUN-20260828-01a55fcf
MANIFEST-00962,REC-00962,PKG-00962,PROD-001,ASSET-PLC-001,1.0.0,20261790,RUN-20260828-01a55fcf
MANIFEST-00963,REC-00963,PKG-00963,PROD-002,ASSET-PLC-001,1.0.0,20261791,RUN-20260828-01a55fcf
MANIFEST-00964,REC-00964,PKG-00964,PROD-002,ASSET-OPC-001,1.0.0,20261792,RUN-20260828-01a55fcf
MANIFEST-00965,REC-00965,PKG-00965,PROD-005,ASSET-OPC-001,1.0.0,20261793,RUN-20260828-01a55fcf
MANIFEST-00966,REC-00966,PKG-00966,PROD-002,ASSET-PLC-001,1.0.0,20261794,RUN-20260828-01a55fcf
MANIFEST-00967,REC-00967,PKG-00967,PROD-002,ASSET-DCS-001,1.0.0,20261795,RUN-20260828-01a55fcf
MANIFEST-00968,REC-00968,PKG-00968,PROD-002,ASSET-SIS-001,1.0.0,20261796,RUN-20260828-01a55fcf
MANIFEST-00969,REC-00969,PKG-00969,PROD-002,ASSET-RTU-001,1.0.0,20261797,RUN-20260828-01a55fcf
MANIFEST-00970,REC-00970,PKG-00970,PROD-005,ASSET-DCS-001,1.0.0,20261798,RUN-20260828-01a55fcf
MANIFEST-00971,REC-00971,PKG-00971,PROD-003,ASSET-SIS-001,1.0.0,20261799,RUN-20260828-01a55fcf
MANIFEST-00972,REC-00972,PKG-00972,PROD-004,ASSET-OPC-001,1.0.0,20261800,RUN-20260828-01a55fcf
MANIFEST-00973,REC-00973,PKG-00973,PROD-001,ASSET-RTU-001,1.0.0,20261801,RUN-20260828-01a55fcf
MANIFEST-00974,REC-00974,PKG-00974,PROD-005,ASSET-SIS-001,1.0.0,20261802,RUN-20260828-01a55fcf
MANIFEST-00975,REC-00975,PKG-00975,PROD-004,ASSET-RTU-001,1.0.0,20261803,RUN-20260828-01a55fcf
MANIFEST-00976,REC-00976,PKG-00976,PROD-005,ASSET-DCS-001,1.0.0,20261804,RUN-20260828-01a55fcf
MANIFEST-00977,REC-00977,PKG-00977,PROD-005,ASSET-DCS-001,1.0.0,20261805,RUN-20260828-01a55fcf
MANIFEST-00978,REC-00978,PKG-00978,PROD-005,ASSET-OPC-001,1.0.0,20261806,RUN-20260828-01a55fcf
MANIFEST-00979,REC-00979,PKG-00979,PROD-003,ASSET-OPC-001,1.0.0,20261807,RUN-20260828-01a55fcf
MANIFEST-00980,REC-00980,PKG-00980,PROD-004,ASSET-SIS-001,1.0.0,20261808,RUN-20260828-01a55fcf
MANIFEST-00981,REC-00981,PKG-00981,PROD-002,ASSET-PLC-001,1.0.0,20261809,RUN-20260828-01a55fcf
MANIFEST-00982,REC-00982,PKG-00982,PROD-005,ASSET-OPC-001,1.0.0,20261810,RUN-20260828-01a55fcf
MANIFEST-00983,REC-00983,PKG-00983,PROD-001,ASSET-PLC-001,1.0.0,20261811,RUN-20260828-01a55fcf
MANIFEST-00984,REC-00984,PKG-00984,PROD-002,ASSET-SIS-001,1.0.0,20261812,RUN-20260828-01a55fcf
MANIFEST-00985,REC-00985,PKG-00985,PROD-003,ASSET-SIS-001,1.0.0,20261813,RUN-20260828-01a55fcf
MANIFEST-00986,REC-00986,PKG-00986,PROD-005,ASSET-PLC-001,1.0.0,20261814,RUN-20260828-01a55fcf
MANIFEST-00987,REC-00987,PKG-00987,PROD-002,ASSET-SIS-001,1.0.0,20261815,RUN-20260828-01a55fcf
MANIFEST-00988,REC-00988,PKG-00988,PROD-004,ASSET-PLC-001,1.0.0,20261816,RUN-20260828-01a55fcf
MANIFEST-00989,REC-00989,PKG-00989,PROD-002,ASSET-SIS-001,1.0.0,20261817,RUN-20260828-01a55fcf
MANIFEST-00990,REC-00990,PKG-00990,PROD-005,ASSET-SIS-001,1.0.0,20261818,RUN-20260828-01a55fcf
MANIFEST-00991,REC-00991,PKG-00991,PROD-004,ASSET-DCS-001,1.0.0,20261819,RUN-20260828-01a55fcf
MANIFEST-00992,REC-00992,PKG-00992,PROD-001,ASSET-SIS-001,1.0.0,20261820,RUN-20260828-01a55fcf
MANIFEST-00993,REC-00993,PKG-00993,PROD-001,ASSET-OPC-001,1.0.0,20261821,RUN-20260828-01a55fcf
MANIFEST-00994,REC-00994,PKG-00994,PROD-003,ASSET-PLC-001,1.0.0,20261822,RUN-20260828-01a55fcf
MANIFEST-00995,REC-00995,PKG-00995,PROD-004,ASSET-DCS-001,1.0.0,20261823,RUN-20260828-01a55fcf
MANIFEST-00996,REC-00996,PKG-00996,PROD-003,ASSET-DCS-001,1.0.0,20261824,RUN-20260828-01a55fcf
MANIFEST-00997,REC-00997,PKG-00997,PROD-002,ASSET-OPC-001,1.0.0,20261825,RUN-20260828-01a55fcf
MANIFEST-00998,REC-00998,PKG-00998,PROD-001,ASSET-RTU-001,1.0.0,20261826,RUN-20260828-01a55fcf
MANIFEST-00999,REC-00999,PKG-00999,PROD-004,ASSET-OPC-001,1.0.0,20261827,RUN-20260828-01a55fcf
MANIFEST-01000,REC-01000,PKG-01000,PROD-004,ASSET-SIS-001,1.0.0,20261828,RUN-20260828-01a55fcf
MANIFEST-01001,REC-01001,PKG-01001,PROD-002,ASSET-RTU-001,1.0.0,20261829,RUN-20260828-01a55fcf
MANIFEST-01002,REC-01002,PKG-01002,PROD-001,ASSET-SIS-001,1.0.0,20261830,RUN-20260828-01a55fcf
MANIFEST-01003,REC-01003,PKG-01003,PROD-003,ASSET-RTU-001,1.0.0,20261831,RUN-20260828-01a55fcf
MANIFEST-01004,REC-01004,PKG-01004,PROD-001,ASSET-PLC-001,1.0.0,20261832,RUN-20260828-01a55fcf
MANIFEST-01005,REC-01005,PKG-01005,PROD-005,ASSET-PLC-001,1.0.0,20261833,RUN-20260828-01a55fcf
MANIFEST-01006,REC-01006,PKG-01006,PROD-003,ASSET-DCS-001,1.0.0,20261834,RUN-20260828-01a55fcf
MANIFEST-01007,REC-01007,PKG-01007,PROD-003,ASSET-DCS-001,1.0.0,20261835,RUN-20260828-01a55fcf
MANIFEST-01008,REC-01008,PKG-01008,PROD-002,ASSET-RTU-001,1.0.0,20261836,RUN-20260828-01a55fcf
MANIFEST-01009,REC-01009,PKG-01009,PROD-005,ASSET-DCS-001,1.0.0,20261837,RUN-20260828-01a55fcf
MANIFEST-01010,REC-01010,PKG-01010,PROD-003,ASSET-SIS-001,1.0.0,20261838,RUN-20260828-01a55fcf
MANIFEST-01011,REC-01011,PKG-01011,PROD-004,ASSET-SIS-001,1.0.0,20261839,RUN-20260828-01a55fcf
MANIFEST-01012,REC-01012,PKG-01012,PROD-005,ASSET-RTU-001,1.0.0,20261840,RUN-20260828-01a55fcf
MANIFEST-01013,REC-01013,PKG-01013,PROD-003,ASSET-RTU-001,1.0.0,20261841,RUN-20260828-01a55fcf
MANIFEST-01014,REC-01014,PKG-01014,PROD-001,ASSET-RTU-001,1.0.0,20261842,RUN-20260828-01a55fcf
MANIFEST-01015,REC-01015,PKG-01015,PROD-002,ASSET-PLC-001,1.0.0,20261843,RUN-20260828-01a55fcf
MANIFEST-01016,REC-01016,PKG-01016,PROD-001,ASSET-OPC-001,1.0.0,20261844,RUN-20260828-01a55fcf
MANIFEST-01017,REC-01017,PKG-01017,PROD-001,ASSET-SIS-001,1.0.0,20261845,RUN-20260828-01a55fcf
MANIFEST-01018,REC-01018,PKG-01018,PROD-001,ASSET-PLC-001,1.0.0,20261846,RUN-20260828-01a55fcf
MANIFEST-01019,REC-01019,PKG-01019,PROD-004,ASSET-PLC-001,1.0.0,20261847,RUN-20260828-01a55fcf
MANIFEST-01020,REC-01020,PKG-01020,PROD-003,ASSET-DCS-001,1.0.0,20261848,RUN-20260828-01a55fcf
MANIFEST-01021,REC-01021,PKG-01021,PROD-002,ASSET-PLC-001,1.0.0,20261849,RUN-20260828-01a55fcf
MANIFEST-01022,REC-01022,PKG-01022,PROD-001,ASSET-DCS-001,1.0.0,20261850,RUN-20260828-01a55fcf
MANIFEST-01023,REC-01023,PKG-01023,PROD-001,ASSET-OPC-001,1.0.0,20261851,RUN-20260828-01a55fcf
MANIFEST-01024,REC-01024,PKG-01024,PROD-005,ASSET-PLC-001,1.0.0,20261852,RUN-20260828-01a55fcf
MANIFEST-01025,REC-01025,PKG-01025,PROD-003,ASSET-RTU-001,1.0.0,20261853,RUN-20260828-01a55fcf
MANIFEST-01026,REC-01026,PKG-01026,PROD-002,ASSET-RTU-001,1.0.0,20261854,RUN-20260828-01a55fcf
MANIFEST-01027,REC-01027,PKG-01027,PROD-005,ASSET-SIS-001,1.0.0,20261855,RUN-20260828-01a55fcf
MANIFEST-01028,REC-01028,PKG-01028,PROD-002,ASSET-DCS-001,1.0.0,20261856,RUN-20260828-01a55fcf
MANIFEST-01029,REC-01029,PKG-01029,PROD-005,ASSET-OPC-001,1.0.0,20261857,RUN-20260828-01a55fcf
MANIFEST-01030,REC-01030,PKG-01030,PROD-003,ASSET-OPC-001,1.0.0,20261858,RUN-20260828-01a55fcf
MANIFEST-01031,REC-01031,PKG-01031,PROD-002,ASSET-DCS-001,1.0.0,20261859,RUN-20260828-01a55fcf
MANIFEST-01032,REC-01032,PKG-01032,PROD-001,ASSET-RTU-001,1.0.0,20261860,RUN-20260828-01a55fcf
MANIFEST-01033,REC-01033,PKG-01033,PROD-001,ASSET-SIS-001,1.0.0,20261861,RUN-20260828-01a55fcf
MANIFEST-01034,REC-01034,PKG-01034,PROD-005,ASSET-SIS-001,1.0.0,20261862,RUN-20260828-01a55fcf
MANIFEST-01035,REC-01035,PKG-01035,PROD-004,ASSET-OPC-001,1.0.0,20261863,RUN-20260828-01a55fcf
MANIFEST-01036,REC-01036,PKG-01036,PROD-003,ASSET-PLC-001,1.0.0,20261864,RUN-20260828-01a55fcf
MANIFEST-01037,REC-01037,PKG-01037,PROD-001,ASSET-RTU-001,1.0.0,20261865,RUN-20260828-01a55fcf
MANIFEST-01038,REC-01038,PKG-01038,PROD-004,ASSET-RTU-001,1.0.0,20261866,RUN-20260828-01a55fcf
MANIFEST-01039,REC-01039,PKG-01039,PROD-004,ASSET-OPC-001,1.0.0,20261867,RUN-20260828-01a55fcf
MANIFEST-01040,REC-01040,PKG-01040,PROD-004,ASSET-PLC-001,1.0.0,20261868,RUN-20260828-01a55fcf
MANIFEST-01041,REC-01041,PKG-01041,PROD-005,ASSET-DCS-001,1.0.0,20261869,RUN-20260828-01a55fcf
MANIFEST-01042,REC-01042,PKG-01042,PROD-004,ASSET-OPC-001,1.0.0,20261870,RUN-20260828-01a55fcf
MANIFEST-01043,REC-01043,PKG-01043,PROD-003,ASSET-PLC-001,1.0.0,20261871,RUN-20260828-01a55fcf
MANIFEST-01044,REC-01044,PKG-01044,PROD-001,ASSET-SIS-001,1.0.0,20261872,RUN-20260828-01a55fcf
MANIFEST-01045,REC-01045,PKG-01045,PROD-001,ASSET-PLC-001,1.0.0,20261873,RUN-20260828-01a55fcf
MANIFEST-01046,REC-01046,PKG-01046,PROD-002,ASSET-SIS-001,1.0.0,20261874,RUN-20260828-01a55fcf
MANIFEST-01047,REC-01047,PKG-01047,PROD-001,ASSET-RTU-001,1.0.0,20261875,RUN-20260828-01a55fcf
MANIFEST-01048,REC-01048,PKG-01048,PROD-004,ASSET-RTU-001,1.0.0,20261876,RUN-20260828-01a55fcf
MANIFEST-01049,REC-01049,PKG-01049,PROD-003,ASSET-DCS-001,1.0.0,20261877,RUN-20260828-01a55fcf
MANIFEST-01050,REC-01050,PKG-01050,PROD-002,ASSET-OPC-001,1.0.0,20261878,RUN-20260828-01a55fcf
MANIFEST-01051,REC-01051,PKG-01051,PROD-004,ASSET-DCS-001,1.0.0,20261879,RUN-20260828-01a55fcf
MANIFEST-01052,REC-01052,PKG-01052,PROD-005,ASSET-DCS-001,1.0.0,20261880,RUN-20260828-01a55fcf
MANIFEST-01053,REC-01053,PKG-01053,PROD-001,ASSET-OPC-001,1.0.0,20261881,RUN-20260828-01a55fcf
MANIFEST-01054,REC-01054,PKG-01054,PROD-005,ASSET-SIS-001,1.0.0,20261882,RUN-20260828-01a55fcf
MANIFEST-01055,REC-01055,PKG-01055,PROD-004,ASSET-SIS-001,1.0.0,20261883,RUN-20260828-01a55fcf
MANIFEST-01056,REC-01056,PKG-01056,PROD-002,ASSET-OPC-001,1.0.0,20261884,RUN-20260828-01a55fcf
MANIFEST-01057,REC-01057,PKG-01057,PROD-001,ASSET-DCS-001,1.0.0,20261885,RUN-20260828-01a55fcf
MANIFEST-01058,REC-01058,PKG-01058,PROD-002,ASSET-DCS-001,1.0.0,20261886,RUN-20260828-01a55fcf
MANIFEST-01059,REC-01059,PKG-01059,PROD-001,ASSET-RTU-001,1.0.0,20261887,RUN-20260828-01a55fcf
MANIFEST-01060,REC-01060,PKG-01060,PROD-002,ASSET-RTU-001,1.0.0,20261888,RUN-20260828-01a55fcf
MANIFEST-01061,REC-01061,PKG-01061,PROD-001,ASSET-SIS-001,1.0.0,20261889,RUN-20260828-01a55fcf
MANIFEST-01062,REC-01062,PKG-01062,PROD-001,ASSET-DCS-001,1.0.0,20261890,RUN-20260828-01a55fcf
MANIFEST-01063,REC-01063,PKG-01063,PROD-003,ASSET-PLC-001,1.0.0,20261891,RUN-20260828-01a55fcf
MANIFEST-01064,REC-01064,PKG-01064,PROD-003,ASSET-RTU-001,1.0.0,20261892,RUN-20260828-01a55fcf
MANIFEST-01065,REC-01065,PKG-01065,PROD-004,ASSET-OPC-001,1.0.0,20261893,RUN-20260828-01a55fcf
MANIFEST-01066,REC-01066,PKG-01066,PROD-003,ASSET-SIS-001,1.0.0,20261894,RUN-20260828-01a55fcf
MANIFEST-01067,REC-01067,PKG-01067,PROD-004,ASSET-DCS-001,1.0.0,20261895,RUN-20260828-01a55fcf
MANIFEST-01068,REC-01068,PKG-01068,PROD-004,ASSET-DCS-001,1.0.0,20261896,RUN-20260828-01a55fcf
MANIFEST-01069,REC-01069,PKG-01069,PROD-003,ASSET-DCS-001,1.0.0,20261897,RUN-20260828-01a55fcf
MANIFEST-01070,REC-01070,PKG-01070,PROD-001,ASSET-DCS-001,1.0.0,20261898,RUN-20260828-01a55fcf
MANIFEST-01071,REC-01071,PKG-01071,PROD-001,ASSET-SIS-001,1.0.0,20261899,RUN-20260828-01a55fcf
MANIFEST-01072,REC-01072,PKG-01072,PROD-005,ASSET-DCS-001,1.0.0,20261900,RUN-20260828-01a55fcf
MANIFEST-01073,REC-01073,PKG-01073,PROD-002,ASSET-OPC-001,1.0.0,20261901,RUN-20260828-01a55fcf
MANIFEST-01074,REC-01074,PKG-01074,PROD-003,ASSET-SIS-001,1.0.0,20261902,RUN-20260828-01a55fcf
MANIFEST-01075,REC-01075,PKG-01075,PROD-002,ASSET-SIS-001,1.0.0,20261903,RUN-20260828-01a55fcf
MANIFEST-01076,REC-01076,PKG-01076,PROD-002,ASSET-RTU-001,1.0.0,20261904,RUN-20260828-01a55fcf
MANIFEST-01077,REC-01077,PKG-01077,PROD-003,ASSET-SIS-001,1.0.0,20261905,RUN-20260828-01a55fcf
MANIFEST-01078,REC-01078,PKG-01078,PROD-004,ASSET-RTU-001,1.0.0,20261906,RUN-20260828-01a55fcf
MANIFEST-01079,REC-01079,PKG-01079,PROD-004,ASSET-DCS-001,1.0.0,20261907,RUN-20260828-01a55fcf
MANIFEST-01080,REC-01080,PKG-01080,PROD-002,ASSET-OPC-001,1.0.0,20261908,RUN-20260828-01a55fcf
MANIFEST-01081,REC-01081,PKG-01081,PROD-005,ASSET-SIS-001,1.0.0,20261909,RUN-20260828-01a55fcf
MANIFEST-01082,REC-01082,PKG-01082,PROD-004,ASSET-OPC-001,1.0.0,20261910,RUN-20260828-01a55fcf
MANIFEST-01083,REC-01083,PKG-01083,PROD-005,ASSET-DCS-001,1.0.0,20261911,RUN-20260828-01a55fcf
MANIFEST-01084,REC-01084,PKG-01084,PROD-003,ASSET-RTU-001,1.0.0,20261912,RUN-20260828-01a55fcf
MANIFEST-01085,REC-01085,PKG-01085,PROD-003,ASSET-RTU-001,1.0.0,20261913,RUN-20260828-01a55fcf
MANIFEST-01086,REC-01086,PKG-01086,PROD-002,ASSET-PLC-001,1.0.0,20261914,RUN-20260828-01a55fcf
MANIFEST-01087,REC-01087,PKG-01087,PROD-002,ASSET-OPC-001,1.0.0,20261915,RUN-20260828-01a55fcf
MANIFEST-01088,REC-01088,PKG-01088,PROD-005,ASSET-SIS-001,1.0.0,20261916,RUN-20260828-01a55fcf
MANIFEST-01089,REC-01089,PKG-01089,PROD-002,ASSET-DCS-001,1.0.0,20261917,RUN-20260828-01a55fcf
MANIFEST-01090,REC-01090,PKG-01090,PROD-003,ASSET-DCS-001,1.0.0,20261918,RUN-20260828-01a55fcf
MANIFEST-01091,REC-01091,PKG-01091,PROD-004,ASSET-SIS-001,1.0.0,20261919,RUN-20260828-01a55fcf
MANIFEST-01092,REC-01092,PKG-01092,PROD-002,ASSET-SIS-001,1.0.0,20261920,RUN-20260828-01a55fcf
MANIFEST-01093,REC-01093,PKG-01093,PROD-004,ASSET-OPC-001,1.0.0,20261921,RUN-20260828-01a55fcf
MANIFEST-01094,REC-01094,PKG-01094,PROD-003,ASSET-OPC-001,1.0.0,20261922,RUN-20260828-01a55fcf
MANIFEST-01095,REC-01095,PKG-01095,PROD-002,ASSET-SIS-001,1.0.0,20261923,RUN-20260828-01a55fcf
MANIFEST-01096,REC-01096,PKG-01096,PROD-002,ASSET-DCS-001,1.0.0,20261924,RUN-20260828-01a55fcf
MANIFEST-01097,REC-01097,PKG-01097,PROD-004,ASSET-RTU-001,1.0.0,20261925,RUN-20260828-01a55fcf
MANIFEST-01098,REC-01098,PKG-01098,PROD-003,ASSET-SIS-001,1.0.0,20261926,RUN-20260828-01a55fcf
MANIFEST-01099,REC-01099,PKG-01099,PROD-004,ASSET-SIS-001,1.0.0,20261927,RUN-20260828-01a55fcf
MANIFEST-01100,REC-01100,PKG-01100,PROD-002,ASSET-DCS-001,1.0.0,20261928,RUN-20260828-01a55fcf
MANIFEST-01101,REC-01101,PKG-01101,PROD-005,ASSET-PLC-001,1.0.0,20261929,RUN-20260828-01a55fcf
MANIFEST-01102,REC-01102,PKG-01102,PROD-001,ASSET-SIS-001,1.0.0,20261930,RUN-20260828-01a55fcf
MANIFEST-01103,REC-01103,PKG-01103,PROD-005,ASSET-RTU-001,1.0.0,20261931,RUN-20260828-01a55fcf
MANIFEST-01104,REC-01104,PKG-01104,PROD-004,ASSET-OPC-001,1.0.0,20261932,RUN-20260828-01a55fcf
MANIFEST-01105,REC-01105,PKG-01105,PROD-004,ASSET-OPC-001,1.0.0,20261933,RUN-20260828-01a55fcf
MANIFEST-01106,REC-01106,PKG-01106,PROD-005,ASSET-SIS-001,1.0.0,20261934,RUN-20260828-01a55fcf
MANIFEST-01107,REC-01107,PKG-01107,PROD-002,ASSET-PLC-001,1.0.0,20261935,RUN-20260828-01a55fcf
MANIFEST-01108,REC-01108,PKG-01108,PROD-003,ASSET-RTU-001,1.0.0,20261936,RUN-20260828-01a55fcf
MANIFEST-01109,REC-01109,PKG-01109,PROD-003,ASSET-PLC-001,1.0.0,20261937,RUN-20260828-01a55fcf
MANIFEST-01110,REC-01110,PKG-01110,PROD-005,ASSET-PLC-001,1.0.0,20261938,RUN-20260828-01a55fcf
MANIFEST-01111,REC-01111,PKG-01111,PROD-002,ASSET-SIS-001,1.0.0,20261939,RUN-20260828-01a55fcf
MANIFEST-01112,REC-01112,PKG-01112,PROD-002,ASSET-DCS-001,1.0.0,20261940,RUN-20260828-01a55fcf
MANIFEST-01113,REC-01113,PKG-01113,PROD-003,ASSET-SIS-001,1.0.0,20261941,RUN-20260828-01a55fcf
MANIFEST-01114,REC-01114,PKG-01114,PROD-005,ASSET-RTU-001,1.0.0,20261942,RUN-20260828-01a55fcf
MANIFEST-01115,REC-01115,PKG-01115,PROD-001,ASSET-DCS-001,1.0.0,20261943,RUN-20260828-01a55fcf
MANIFEST-01116,REC-01116,PKG-01116,PROD-002,ASSET-PLC-001,1.0.0,20261944,RUN-20260828-01a55fcf
MANIFEST-01117,REC-01117,PKG-01117,PROD-005,ASSET-PLC-001,1.0.0,20261945,RUN-20260828-01a55fcf
MANIFEST-01118,REC-01118,PKG-01118,PROD-004,ASSET-PLC-001,1.0.0,20261946,RUN-20260828-01a55fcf
MANIFEST-01119,REC-01119,PKG-01119,PROD-004,ASSET-OPC-001,1.0.0,20261947,RUN-20260828-01a55fcf
MANIFEST-01120,REC-01120,PKG-01120,PROD-003,ASSET-OPC-001,1.0.0,20261948,RUN-20260828-01a55fcf
MANIFEST-01121,REC-01121,PKG-01121,PROD-004,ASSET-PLC-001,1.0.0,20261949,RUN-20260828-01a55fcf
MANIFEST-01122,REC-01122,PKG-01122,PROD-001,ASSET-OPC-001,1.0.0,20261950,RUN-20260828-01a55fcf
MANIFEST-01123,REC-01123,PKG-01123,PROD-005,ASSET-SIS-001,1.0.0,20261951,RUN-20260828-01a55fcf
MANIFEST-01124,REC-01124,PKG-01124,PROD-002,ASSET-SIS-001,1.0.0,20261952,RUN-20260828-01a55fcf
MANIFEST-01125,REC-01125,PKG-01125,PROD-003,ASSET-DCS-001,1.0.0,20261953,RUN-20260828-01a55fcf
MANIFEST-01126,REC-01126,PKG-01126,PROD-004,ASSET-PLC-001,1.0.0,20261954,RUN-20260828-01a55fcf
MANIFEST-01127,REC-01127,PKG-01127,PROD-001,ASSET-DCS-001,1.0.0,20261955,RUN-20260828-01a55fcf
MANIFEST-01128,REC-01128,PKG-01128,PROD-004,ASSET-DCS-001,1.0.0,20261956,RUN-20260828-01a55fcf
MANIFEST-01129,REC-01129,PKG-01129,PROD-001,ASSET-RTU-001,1.0.0,20261957,RUN-20260828-01a55fcf
MANIFEST-01130,REC-01130,PKG-01130,PROD-001,ASSET-DCS-001,1.0.0,20261958,RUN-20260828-01a55fcf
MANIFEST-01131,REC-01131,PKG-01131,PROD-001,ASSET-PLC-001,1.0.0,20261959,RUN-20260828-01a55fcf
MANIFEST-01132,REC-01132,PKG-01132,PROD-004,ASSET-RTU-001,1.0.0,20261960,RUN-20260828-01a55fcf
MANIFEST-01133,REC-01133,PKG-01133,PROD-002,ASSET-SIS-001,1.0.0,20261961,RUN-20260828-01a55fcf
MANIFEST-01134,REC-01134,PKG-01134,PROD-005,ASSET-SIS-001,1.0.0,20261962,RUN-20260828-01a55fcf
MANIFEST-01135,REC-01135,PKG-01135,PROD-003,ASSET-RTU-001,1.0.0,20261963,RUN-20260828-01a55fcf
MANIFEST-01136,REC-01136,PKG-01136,PROD-003,ASSET-SIS-001,1.0.0,20261964,RUN-20260828-01a55fcf
MANIFEST-01137,REC-01137,PKG-01137,PROD-004,ASSET-OPC-001,1.0.0,20261965,RUN-20260828-01a55fcf
MANIFEST-01138,REC-01138,PKG-01138,PROD-005,ASSET-RTU-001,1.0.0,20261966,RUN-20260828-01a55fcf
MANIFEST-01139,REC-01139,PKG-01139,PROD-003,ASSET-PLC-001,1.0.0,20261967,RUN-20260828-01a55fcf
MANIFEST-01140,REC-01140,PKG-01140,PROD-003,ASSET-RTU-001,1.0.0,20261968,RUN-20260828-01a55fcf
MANIFEST-01141,REC-01141,PKG-01141,PROD-002,ASSET-RTU-001,1.0.0,20261969,RUN-20260828-01a55fcf
MANIFEST-01142,REC-01142,PKG-01142,PROD-001,ASSET-PLC-001,1.0.0,20261970,RUN-20260828-01a55fcf
MANIFEST-01143,REC-01143,PKG-01143,PROD-003,ASSET-SIS-001,1.0.0,20261971,RUN-20260828-01a55fcf
MANIFEST-01144,REC-01144,PKG-01144,PROD-001,ASSET-PLC-001,1.0.0,20261972,RUN-20260828-01a55fcf
MANIFEST-01145,REC-01145,PKG-01145,PROD-004,ASSET-PLC-001,1.0.0,20261973,RUN-20260828-01a55fcf
MANIFEST-01146,REC-01146,PKG-01146,PROD-004,ASSET-PLC-001,1.0.0,20261974,RUN-20260828-01a55fcf
MANIFEST-01147,REC-01147,PKG-01147,PROD-005,ASSET-SIS-001,1.0.0,20261975,RUN-20260828-01a55fcf
MANIFEST-01148,REC-01148,PKG-01148,PROD-005,ASSET-PLC-001,1.0.0,20261976,RUN-20260828-01a55fcf
MANIFEST-01149,REC-01149,PKG-01149,PROD-003,ASSET-DCS-001,1.0.0,20261977,RUN-20260828-01a55fcf
MANIFEST-01150,REC-01150,PKG-01150,PROD-004,ASSET-RTU-001,1.0.0,20261978,RUN-20260828-01a55fcf
MANIFEST-01151,REC-01151,PKG-01151,PROD-004,ASSET-PLC-001,1.0.0,20261979,RUN-20260828-01a55fcf
MANIFEST-01152,REC-01152,PKG-01152,PROD-004,ASSET-PLC-001,1.0.0,20261980,RUN-20260828-01a55fcf
MANIFEST-01153,REC-01153,PKG-01153,PROD-005,ASSET-DCS-001,1.0.0,20261981,RUN-20260828-01a55fcf
MANIFEST-01154,REC-01154,PKG-01154,PROD-001,ASSET-OPC-001,1.0.0,20261982,RUN-20260828-01a55fcf
MANIFEST-01155,REC-01155,PKG-01155,PROD-001,ASSET-SIS-001,1.0.0,20261983,RUN-20260828-01a55fcf
MANIFEST-01156,REC-01156,PKG-01156,PROD-004,ASSET-RTU-001,1.0.0,20261984,RUN-20260828-01a55fcf
MANIFEST-01157,REC-01157,PKG-01157,PROD-002,ASSET-PLC-001,1.0.0,20261985,RUN-20260828-01a55fcf
MANIFEST-01158,REC-01158,PKG-01158,PROD-003,ASSET-RTU-001,1.0.0,20261986,RUN-20260828-01a55fcf
MANIFEST-01159,REC-01159,PKG-01159,PROD-004,ASSET-SIS-001,1.0.0,20261987,RUN-20260828-01a55fcf
MANIFEST-01160,REC-01160,PKG-01160,PROD-001,ASSET-SIS-001,1.0.0,20261988,RUN-20260828-01a55fcf
MANIFEST-01161,REC-01161,PKG-01161,PROD-004,ASSET-OPC-001,1.0.0,20261989,RUN-20260828-01a55fcf
MANIFEST-01162,REC-01162,PKG-01162,PROD-005,ASSET-SIS-001,1.0.0,20261990,RUN-20260828-01a55fcf
MANIFEST-01163,REC-01163,PKG-01163,PROD-001,ASSET-SIS-001,1.0.0,20261991,RUN-20260828-01a55fcf
MANIFEST-01164,REC-01164,PKG-01164,PROD-004,ASSET-OPC-001,1.0.0,20261992,RUN-20260828-01a55fcf
MANIFEST-01165,REC-01165,PKG-01165,PROD-003,ASSET-PLC-001,1.0.0,20261993,RUN-20260828-01a55fcf
MANIFEST-01166,REC-01166,PKG-01166,PROD-005,ASSET-RTU-001,1.0.0,20261994,RUN-20260828-01a55fcf
MANIFEST-01167,REC-01167,PKG-01167,PROD-003,ASSET-DCS-001,1.0.0,20261995,RUN-20260828-01a55fcf
MANIFEST-01168,REC-01168,PKG-01168,PROD-002,ASSET-DCS-001,1.0.0,20261996,RUN-20260828-01a55fcf
MANIFEST-01169,REC-01169,PKG-01169,PROD-005,ASSET-RTU-001,1.0.0,20261997,RUN-20260828-01a55fcf
MANIFEST-01170,REC-01170,PKG-01170,PROD-001,ASSET-PLC-001,1.0.0,20261998,RUN-20260828-01a55fcf
MANIFEST-01171,REC-01171,PKG-01171,PROD-005,ASSET-DCS-001,1.0.0,20261999,RUN-20260828-01a55fcf
MANIFEST-01172,REC-01172,PKG-01172,PROD-001,ASSET-OPC-001,1.0.0,20262000,RUN-20260828-01a55fcf
MANIFEST-01173,REC-01173,PKG-01173,PROD-003,ASSET-PLC-001,1.0.0,20262001,RUN-20260828-01a55fcf
MANIFEST-01174,REC-01174,PKG-01174,PROD-002,ASSET-RTU-001,1.0.0,20262002,RUN-20260828-01a55fcf
MANIFEST-01175,REC-01175,PKG-01175,PROD-002,ASSET-OPC-001,1.0.0,20262003,RUN-20260828-01a55fcf
MANIFEST-01176,REC-01176,PKG-01176,PROD-004,ASSET-RTU-001,1.0.0,20262004,RUN-20260828-01a55fcf
MANIFEST-01177,REC-01177,PKG-01177,PROD-002,ASSET-DCS-001,1.0.0,20262005,RUN-20260828-01a55fcf
MANIFEST-01178,REC-01178,PKG-01178,PROD-005,ASSET-RTU-001,1.0.0,20262006,RUN-20260828-01a55fcf
MANIFEST-01179,REC-01179,PKG-01179,PROD-001,ASSET-DCS-001,1.0.0,20262007,RUN-20260828-01a55fcf
MANIFEST-01180,REC-01180,PKG-01180,PROD-002,ASSET-OPC-001,1.0.0,20262008,RUN-20260828-01a55fcf
MANIFEST-01181,REC-01181,PKG-01181,PROD-004,ASSET-RTU-001,1.0.0,20262009,RUN-20260828-01a55fcf
MANIFEST-01182,REC-01182,PKG-01182,PROD-002,ASSET-PLC-001,1.0.0,20262010,RUN-20260828-01a55fcf
MANIFEST-01183,REC-01183,PKG-01183,PROD-001,ASSET-RTU-001,1.0.0,20262011,RUN-20260828-01a55fcf
MANIFEST-01184,REC-01184,PKG-01184,PROD-004,ASSET-SIS-001,1.0.0,20262012,RUN-20260828-01a55fcf
MANIFEST-01185,REC-01185,PKG-01185,PROD-004,ASSET-DCS-001,1.0.0,20262013,RUN-20260828-01a55fcf
MANIFEST-01186,REC-01186,PKG-01186,PROD-005,ASSET-DCS-001,1.0.0,20262014,RUN-20260828-01a55fcf
MANIFEST-01187,REC-01187,PKG-01187,PROD-004,ASSET-SIS-001,1.0.0,20262015,RUN-20260828-01a55fcf
MANIFEST-01188,REC-01188,PKG-01188,PROD-003,ASSET-OPC-001,1.0.0,20262016,RUN-20260828-01a55fcf
MANIFEST-01189,REC-01189,PKG-01189,PROD-004,ASSET-DCS-001,1.0.0,20262017,RUN-20260828-01a55fcf
MANIFEST-01190,REC-01190,PKG-01190,PROD-004,ASSET-RTU-001,1.0.0,20262018,RUN-20260828-01a55fcf
MANIFEST-01191,REC-01191,PKG-01191,PROD-004,ASSET-SIS-001,1.0.0,20262019,RUN-20260828-01a55fcf
MANIFEST-01192,REC-01192,PKG-01192,PROD-005,ASSET-RTU-001,1.0.0,20262020,RUN-20260828-01a55fcf
MANIFEST-01193,REC-01193,PKG-01193,PROD-004,ASSET-RTU-001,1.0.0,20262021,RUN-20260828-01a55fcf
MANIFEST-01194,REC-01194,PKG-01194,PROD-003,ASSET-RTU-001,1.0.0,20262022,RUN-20260828-01a55fcf
MANIFEST-01195,REC-01195,PKG-01195,PROD-005,ASSET-DCS-001,1.0.0,20262023,RUN-20260828-01a55fcf
MANIFEST-01196,REC-01196,PKG-01196,PROD-005,ASSET-RTU-001,1.0.0,20262024,RUN-20260828-01a55fcf
MANIFEST-01197,REC-01197,PKG-01197,PROD-002,ASSET-PLC-001,1.0.0,20262025,RUN-20260828-01a55fcf
MANIFEST-01198,REC-01198,PKG-01198,PROD-002,ASSET-OPC-001,1.0.0,20262026,RUN-20260828-01a55fcf
MANIFEST-01199,REC-01199,PKG-01199,PROD-001,ASSET-RTU-001,1.0.0,20262027,RUN-20260828-01a55fcf
MANIFEST-01200,REC-01200,PKG-01200,PROD-002,ASSET-RTU-001,1.0.0,20262028,RUN-20260828-01a55fcf
MANIFEST-01201,REC-01201,PKG-01201,PROD-002,ASSET-SIS-001,1.0.0,20262029,RUN-20260828-01a55fcf
MANIFEST-01202,REC-01202,PKG-01202,PROD-004,ASSET-RTU-001,1.0.0,20262030,RUN-20260828-01a55fcf
MANIFEST-01203,REC-01203,PKG-01203,PROD-002,ASSET-SIS-001,1.0.0,20262031,RUN-20260828-01a55fcf
MANIFEST-01204,REC-01204,PKG-01204,PROD-004,ASSET-SIS-001,1.0.0,20262032,RUN-20260828-01a55fcf
MANIFEST-01205,REC-01205,PKG-01205,PROD-005,ASSET-RTU-001,1.0.0,20262033,RUN-20260828-01a55fcf
MANIFEST-01206,REC-01206,PKG-01206,PROD-005,ASSET-SIS-001,1.0.0,20262034,RUN-20260828-01a55fcf
MANIFEST-01207,REC-01207,PKG-01207,PROD-004,ASSET-SIS-001,1.0.0,20262035,RUN-20260828-01a55fcf
MANIFEST-01208,REC-01208,PKG-01208,PROD-002,ASSET-SIS-001,1.0.0,20262036,RUN-20260828-01a55fcf
MANIFEST-01209,REC-01209,PKG-01209,PROD-003,ASSET-SIS-001,1.0.0,20262037,RUN-20260828-01a55fcf
MANIFEST-01210,REC-01210,PKG-01210,PROD-001,ASSET-PLC-001,1.0.0,20262038,RUN-20260828-01a55fcf
MANIFEST-01211,REC-01211,PKG-01211,PROD-004,ASSET-OPC-001,1.0.0,20262039,RUN-20260828-01a55fcf
MANIFEST-01212,REC-01212,PKG-01212,PROD-004,ASSET-PLC-001,1.0.0,20262040,RUN-20260828-01a55fcf
MANIFEST-01213,REC-01213,PKG-01213,PROD-005,ASSET-DCS-001,1.0.0,20262041,RUN-20260828-01a55fcf
MANIFEST-01214,REC-01214,PKG-01214,PROD-002,ASSET-DCS-001,1.0.0,20262042,RUN-20260828-01a55fcf
MANIFEST-01215,REC-01215,PKG-01215,PROD-002,ASSET-SIS-001,1.0.0,20262043,RUN-20260828-01a55fcf
MANIFEST-01216,REC-01216,PKG-01216,PROD-001,ASSET-RTU-001,1.0.0,20262044,RUN-20260828-01a55fcf
MANIFEST-01217,REC-01217,PKG-01217,PROD-005,ASSET-DCS-001,1.0.0,20262045,RUN-20260828-01a55fcf
MANIFEST-01218,REC-01218,PKG-01218,PROD-002,ASSET-SIS-001,1.0.0,20262046,RUN-20260828-01a55fcf
MANIFEST-01219,REC-01219,PKG-01219,PROD-005,ASSET-SIS-001,1.0.0,20262047,RUN-20260828-01a55fcf
MANIFEST-01220,REC-01220,PKG-01220,PROD-004,ASSET-RTU-001,1.0.0,20262048,RUN-20260828-01a55fcf
MANIFEST-01221,REC-01221,PKG-01221,PROD-005,ASSET-PLC-001,1.0.0,20262049,RUN-20260828-01a55fcf
MANIFEST-01222,REC-01222,PKG-01222,PROD-002,ASSET-PLC-001,1.0.0,20262050,RUN-20260828-01a55fcf
MANIFEST-01223,REC-01223,PKG-01223,PROD-003,ASSET-RTU-001,1.0.0,20262051,RUN-20260828-01a55fcf
MANIFEST-01224,REC-01224,PKG-01224,PROD-002,ASSET-SIS-001,1.0.0,20262052,RUN-20260828-01a55fcf
MANIFEST-01225,REC-01225,PKG-01225,PROD-003,ASSET-PLC-001,1.0.0,20262053,RUN-20260828-01a55fcf
MANIFEST-01226,REC-01226,PKG-01226,PROD-001,ASSET-RTU-001,1.0.0,20262054,RUN-20260828-01a55fcf
MANIFEST-01227,REC-01227,PKG-01227,PROD-005,ASSET-DCS-001,1.0.0,20262055,RUN-20260828-01a55fcf
MANIFEST-01228,REC-01228,PKG-01228,PROD-005,ASSET-RTU-001,1.0.0,20262056,RUN-20260828-01a55fcf
MANIFEST-01229,REC-01229,PKG-01229,PROD-004,ASSET-DCS-001,1.0.0,20262057,RUN-20260828-01a55fcf
MANIFEST-01230,REC-01230,PKG-01230,PROD-003,ASSET-OPC-001,1.0.0,20262058,RUN-20260828-01a55fcf
MANIFEST-01231,REC-01231,PKG-01231,PROD-002,ASSET-SIS-001,1.0.0,20262059,RUN-20260828-01a55fcf
MANIFEST-01232,REC-01232,PKG-01232,PROD-001,ASSET-DCS-001,1.0.0,20262060,RUN-20260828-01a55fcf
MANIFEST-01233,REC-01233,PKG-01233,PROD-005,ASSET-SIS-001,1.0.0,20262061,RUN-20260828-01a55fcf
MANIFEST-01234,REC-01234,PKG-01234,PROD-002,ASSET-SIS-001,1.0.0,20262062,RUN-20260828-01a55fcf
MANIFEST-01235,REC-01235,PKG-01235,PROD-001,ASSET-SIS-001,1.0.0,20262063,RUN-20260828-01a55fcf
MANIFEST-01236,REC-01236,PKG-01236,PROD-003,ASSET-PLC-001,1.0.0,20262064,RUN-20260828-01a55fcf
MANIFEST-01237,REC-01237,PKG-01237,PROD-005,ASSET-PLC-001,1.0.0,20262065,RUN-20260828-01a55fcf
MANIFEST-01238,REC-01238,PKG-01238,PROD-001,ASSET-RTU-001,1.0.0,20262066,RUN-20260828-01a55fcf
MANIFEST-01239,REC-01239,PKG-01239,PROD-005,ASSET-RTU-001,1.0.0,20262067,RUN-20260828-01a55fcf
MANIFEST-01240,REC-01240,PKG-01240,PROD-004,ASSET-PLC-001,1.0.0,20262068,RUN-20260828-01a55fcf
MANIFEST-01241,REC-01241,PKG-01241,PROD-004,ASSET-SIS-001,1.0.0,20262069,RUN-20260828-01a55fcf
MANIFEST-01242,REC-01242,PKG-01242,PROD-001,ASSET-RTU-001,1.0.0,20262070,RUN-20260828-01a55fcf
MANIFEST-01243,REC-01243,PKG-01243,PROD-003,ASSET-RTU-001,1.0.0,20262071,RUN-20260828-01a55fcf
MANIFEST-01244,REC-01244,PKG-01244,PROD-002,ASSET-RTU-001,1.0.0,20262072,RUN-20260828-01a55fcf
MANIFEST-01245,REC-01245,PKG-01245,PROD-002,ASSET-PLC-001,1.0.0,20262073,RUN-20260828-01a55fcf
MANIFEST-01246,REC-01246,PKG-01246,PROD-002,ASSET-RTU-001,1.0.0,20262074,RUN-20260828-01a55fcf
MANIFEST-01247,REC-01247,PKG-01247,PROD-004,ASSET-PLC-001,1.0.0,20262075,RUN-20260828-01a55fcf
MANIFEST-01248,REC-01248,PKG-01248,PROD-002,ASSET-PLC-001,1.0.0,20262076,RUN-20260828-01a55fcf
MANIFEST-01249,REC-01249,PKG-01249,PROD-001,ASSET-DCS-001,1.0.0,20262077,RUN-20260828-01a55fcf
MANIFEST-01250,REC-01250,PKG-01250,PROD-001,ASSET-SIS-001,1.0.0,20262078,RUN-20260828-01a55fcf
MANIFEST-01251,REC-01251,PKG-01251,PROD-004,ASSET-DCS-001,1.0.0,20262079,RUN-20260828-01a55fcf
MANIFEST-01252,REC-01252,PKG-01252,PROD-001,ASSET-SIS-001,1.0.0,20262080,RUN-20260828-01a55fcf
MANIFEST-01253,REC-01253,PKG-01253,PROD-004,ASSET-RTU-001,1.0.0,20262081,RUN-20260828-01a55fcf
MANIFEST-01254,REC-01254,PKG-01254,PROD-003,ASSET-SIS-001,1.0.0,20262082,RUN-20260828-01a55fcf
MANIFEST-01255,REC-01255,PKG-01255,PROD-004,ASSET-DCS-001,1.0.0,20262083,RUN-20260828-01a55fcf
MANIFEST-01256,REC-01256,PKG-01256,PROD-004,ASSET-SIS-001,1.0.0,20262084,RUN-20260828-01a55fcf
MANIFEST-01257,REC-01257,PKG-01257,PROD-001,ASSET-RTU-001,1.0.0,20262085,RUN-20260828-01a55fcf
MANIFEST-01258,REC-01258,PKG-01258,PROD-002,ASSET-SIS-001,1.0.0,20262086,RUN-20260828-01a55fcf
MANIFEST-01259,REC-01259,PKG-01259,PROD-005,ASSET-PLC-001,1.0.0,20262087,RUN-20260828-01a55fcf
MANIFEST-01260,REC-01260,PKG-01260,PROD-004,ASSET-SIS-001,1.0.0,20262088,RUN-20260828-01a55fcf
MANIFEST-01261,REC-01261,PKG-01261,PROD-001,ASSET-OPC-001,1.0.0,20262089,RUN-20260828-01a55fcf
MANIFEST-01262,REC-01262,PKG-01262,PROD-002,ASSET-OPC-001,1.0.0,20262090,RUN-20260828-01a55fcf
MANIFEST-01263,REC-01263,PKG-01263,PROD-003,ASSET-DCS-001,1.0.0,20262091,RUN-20260828-01a55fcf
MANIFEST-01264,REC-01264,PKG-01264,PROD-001,ASSET-OPC-001,1.0.0,20262092,RUN-20260828-01a55fcf
MANIFEST-01265,REC-01265,PKG-01265,PROD-002,ASSET-PLC-001,1.0.0,20262093,RUN-20260828-01a55fcf
MANIFEST-01266,REC-01266,PKG-01266,PROD-001,ASSET-DCS-001,1.0.0,20262094,RUN-20260828-01a55fcf
MANIFEST-01267,REC-01267,PKG-01267,PROD-001,ASSET-SIS-001,1.0.0,20262095,RUN-20260828-01a55fcf
MANIFEST-01268,REC-01268,PKG-01268,PROD-003,ASSET-OPC-001,1.0.0,20262096,RUN-20260828-01a55fcf
MANIFEST-01269,REC-01269,PKG-01269,PROD-002,ASSET-OPC-001,1.0.0,20262097,RUN-20260828-01a55fcf
MANIFEST-01270,REC-01270,PKG-01270,PROD-001,ASSET-PLC-001,1.0.0,20262098,RUN-20260828-01a55fcf
MANIFEST-01271,REC-01271,PKG-01271,PROD-004,ASSET-DCS-001,1.0.0,20262099,RUN-20260828-01a55fcf
MANIFEST-01272,REC-01272,PKG-01272,PROD-001,ASSET-RTU-001,1.0.0,20262100,RUN-20260828-01a55fcf
MANIFEST-01273,REC-01273,PKG-01273,PROD-001,ASSET-PLC-001,1.0.0,20262101,RUN-20260828-01a55fcf
MANIFEST-01274,REC-01274,PKG-01274,PROD-004,ASSET-SIS-001,1.0.0,20262102,RUN-20260828-01a55fcf
MANIFEST-01275,REC-01275,PKG-01275,PROD-002,ASSET-DCS-001,1.0.0,20262103,RUN-20260828-01a55fcf
MANIFEST-01276,REC-01276,PKG-01276,PROD-004,ASSET-OPC-001,1.0.0,20262104,RUN-20260828-01a55fcf
MANIFEST-01277,REC-01277,PKG-01277,PROD-002,ASSET-DCS-001,1.0.0,20262105,RUN-20260828-01a55fcf
MANIFEST-01278,REC-01278,PKG-01278,PROD-005,ASSET-DCS-001,1.0.0,20262106,RUN-20260828-01a55fcf
MANIFEST-01279,REC-01279,PKG-01279,PROD-004,ASSET-PLC-001,1.0.0,20262107,RUN-20260828-01a55fcf
MANIFEST-01280,REC-01280,PKG-01280,PROD-003,ASSET-DCS-001,1.0.0,20262108,RUN-20260828-01a55fcf
MANIFEST-01281,REC-01281,PKG-01281,PROD-005,ASSET-SIS-001,1.0.0,20262109,RUN-20260828-01a55fcf
MANIFEST-01282,REC-01282,PKG-01282,PROD-005,ASSET-RTU-001,1.0.0,20262110,RUN-20260828-01a55fcf
MANIFEST-01283,REC-01283,PKG-01283,PROD-003,ASSET-PLC-001,1.0.0,20262111,RUN-20260828-01a55fcf
MANIFEST-01284,REC-01284,PKG-01284,PROD-004,ASSET-SIS-001,1.0.0,20262112,RUN-20260828-01a55fcf
MANIFEST-01285,REC-01285,PKG-01285,PROD-002,ASSET-RTU-001,1.0.0,20262113,RUN-20260828-01a55fcf
MANIFEST-01286,REC-01286,PKG-01286,PROD-001,ASSET-SIS-001,1.0.0,20262114,RUN-20260828-01a55fcf
MANIFEST-01287,REC-01287,PKG-01287,PROD-004,ASSET-OPC-001,1.0.0,20262115,RUN-20260828-01a55fcf
MANIFEST-01288,REC-01288,PKG-01288,PROD-001,ASSET-OPC-001,1.0.0,20262116,RUN-20260828-01a55fcf
MANIFEST-01289,REC-01289,PKG-01289,PROD-002,ASSET-PLC-001,1.0.0,20262117,RUN-20260828-01a55fcf
MANIFEST-01290,REC-01290,PKG-01290,PROD-004,ASSET-OPC-001,1.0.0,20262118,RUN-20260828-01a55fcf
MANIFEST-01291,REC-01291,PKG-01291,PROD-005,ASSET-DCS-001,1.0.0,20262119,RUN-20260828-01a55fcf
MANIFEST-01292,REC-01292,PKG-01292,PROD-005,ASSET-DCS-001,1.0.0,20262120,RUN-20260828-01a55fcf
MANIFEST-01293,REC-01293,PKG-01293,PROD-005,ASSET-RTU-001,1.0.0,20262121,RUN-20260828-01a55fcf
MANIFEST-01294,REC-01294,PKG-01294,PROD-001,ASSET-SIS-001,1.0.0,20262122,RUN-20260828-01a55fcf
MANIFEST-01295,REC-01295,PKG-01295,PROD-001,ASSET-RTU-001,1.0.0,20262123,RUN-20260828-01a55fcf
MANIFEST-01296,REC-01296,PKG-01296,PROD-005,ASSET-PLC-001,1.0.0,20262124,RUN-20260828-01a55fcf
MANIFEST-01297,REC-01297,PKG-01297,PROD-001,ASSET-SIS-001,1.0.0,20262125,RUN-20260828-01a55fcf
MANIFEST-01298,REC-01298,PKG-01298,PROD-003,ASSET-SIS-001,1.0.0,20262126,RUN-20260828-01a55fcf
MANIFEST-01299,REC-01299,PKG-01299,PROD-002,ASSET-DCS-001,1.0.0,20262127,RUN-20260828-01a55fcf
MANIFEST-01300,REC-01300,PKG-01300,PROD-004,ASSET-PLC-001,1.0.0,20262128,RUN-20260828-01a55fcf
MANIFEST-01301,REC-01301,PKG-01301,PROD-003,ASSET-OPC-001,1.0.0,20262129,RUN-20260828-01a55fcf
MANIFEST-01302,REC-01302,PKG-01302,PROD-001,ASSET-PLC-001,1.0.0,20262130,RUN-20260828-01a55fcf
MANIFEST-01303,REC-01303,PKG-01303,PROD-003,ASSET-PLC-001,1.0.0,20262131,RUN-20260828-01a55fcf
MANIFEST-01304,REC-01304,PKG-01304,PROD-001,ASSET-DCS-001,1.0.0,20262132,RUN-20260828-01a55fcf
MANIFEST-01305,REC-01305,PKG-01305,PROD-001,ASSET-OPC-001,1.0.0,20262133,RUN-20260828-01a55fcf
MANIFEST-01306,REC-01306,PKG-01306,PROD-003,ASSET-DCS-001,1.0.0,20262134,RUN-20260828-01a55fcf
MANIFEST-01307,REC-01307,PKG-01307,PROD-003,ASSET-SIS-001,1.0.0,20262135,RUN-20260828-01a55fcf
MANIFEST-01308,REC-01308,PKG-01308,PROD-005,ASSET-DCS-001,1.0.0,20262136,RUN-20260828-01a55fcf
MANIFEST-01309,REC-01309,PKG-01309,PROD-002,ASSET-PLC-001,1.0.0,20262137,RUN-20260828-01a55fcf
MANIFEST-01310,REC-01310,PKG-01310,PROD-003,ASSET-PLC-001,1.0.0,20262138,RUN-20260828-01a55fcf
MANIFEST-01311,REC-01311,PKG-01311,PROD-002,ASSET-RTU-001,1.0.0,20262139,RUN-20260828-01a55fcf
MANIFEST-01312,REC-01312,PKG-01312,PROD-004,ASSET-RTU-001,1.0.0,20262140,RUN-20260828-01a55fcf
MANIFEST-01313,REC-01313,PKG-01313,PROD-004,ASSET-PLC-001,1.0.0,20262141,RUN-20260828-01a55fcf
MANIFEST-01314,REC-01314,PKG-01314,PROD-001,ASSET-PLC-001,1.0.0,20262142,RUN-20260828-01a55fcf
MANIFEST-01315,REC-01315,PKG-01315,PROD-002,ASSET-RTU-001,1.0.0,20262143,RUN-20260828-01a55fcf
MANIFEST-01316,REC-01316,PKG-01316,PROD-001,ASSET-OPC-001,1.0.0,20262144,RUN-20260828-01a55fcf
MANIFEST-01317,REC-01317,PKG-01317,PROD-003,ASSET-OPC-001,1.0.0,20262145,RUN-20260828-01a55fcf
MANIFEST-01318,REC-01318,PKG-01318,PROD-005,ASSET-OPC-001,1.0.0,20262146,RUN-20260828-01a55fcf
MANIFEST-01319,REC-01319,PKG-01319,PROD-003,ASSET-PLC-001,1.0.0,20262147,RUN-20260828-01a55fcf
MANIFEST-01320,REC-01320,PKG-01320,PROD-003,ASSET-SIS-001,1.0.0,20262148,RUN-20260828-01a55fcf
MANIFEST-01321,REC-01321,PKG-01321,PROD-004,ASSET-OPC-001,1.0.0,20262149,RUN-20260828-01a55fcf
MANIFEST-01322,REC-01322,PKG-01322,PROD-004,ASSET-OPC-001,1.0.0,20262150,RUN-20260828-01a55fcf
MANIFEST-01323,REC-01323,PKG-01323,PROD-003,ASSET-PLC-001,1.0.0,20262151,RUN-20260828-01a55fcf
MANIFEST-01324,REC-01324,PKG-01324,PROD-004,ASSET-DCS-001,1.0.0,20262152,RUN-20260828-01a55fcf
MANIFEST-01325,REC-01325,PKG-01325,PROD-002,ASSET-OPC-001,1.0.0,20262153,RUN-20260828-01a55fcf
MANIFEST-01326,REC-01326,PKG-01326,PROD-002,ASSET-RTU-001,1.0.0,20262154,RUN-20260828-01a55fcf
MANIFEST-01327,REC-01327,PKG-01327,PROD-005,ASSET-SIS-001,1.0.0,20262155,RUN-20260828-01a55fcf
MANIFEST-01328,REC-01328,PKG-01328,PROD-002,ASSET-RTU-001,1.0.0,20262156,RUN-20260828-01a55fcf
MANIFEST-01329,REC-01329,PKG-01329,PROD-003,ASSET-SIS-001,1.0.0,20262157,RUN-20260828-01a55fcf
MANIFEST-01330,REC-01330,PKG-01330,PROD-002,ASSET-OPC-001,1.0.0,20262158,RUN-20260828-01a55fcf
MANIFEST-01331,REC-01331,PKG-01331,PROD-001,ASSET-PLC-001,1.0.0,20262159,RUN-20260828-01a55fcf
MANIFEST-01332,REC-01332,PKG-01332,PROD-001,ASSET-DCS-001,1.0.0,20262160,RUN-20260828-01a55fcf
MANIFEST-01333,REC-01333,PKG-01333,PROD-002,ASSET-RTU-001,1.0.0,20262161,RUN-20260828-01a55fcf
MANIFEST-01334,REC-01334,PKG-01334,PROD-003,ASSET-PLC-001,1.0.0,20262162,RUN-20260828-01a55fcf
MANIFEST-01335,REC-01335,PKG-01335,PROD-002,ASSET-SIS-001,1.0.0,20262163,RUN-20260828-01a55fcf
MANIFEST-01336,REC-01336,PKG-01336,PROD-005,ASSET-DCS-001,1.0.0,20262164,RUN-20260828-01a55fcf
MANIFEST-01337,REC-01337,PKG-01337,PROD-005,ASSET-DCS-001,1.0.0,20262165,RUN-20260828-01a55fcf
MANIFEST-01338,REC-01338,PKG-01338,PROD-003,ASSET-PLC-001,1.0.0,20262166,RUN-20260828-01a55fcf
MANIFEST-01339,REC-01339,PKG-01339,PROD-004,ASSET-SIS-001,1.0.0,20262167,RUN-20260828-01a55fcf
MANIFEST-01340,REC-01340,PKG-01340,PROD-001,ASSET-RTU-001,1.0.0,20262168,RUN-20260828-01a55fcf
MANIFEST-01341,REC-01341,PKG-01341,PROD-002,ASSET-RTU-001,1.0.0,20262169,RUN-20260828-01a55fcf
MANIFEST-01342,REC-01342,PKG-01342,PROD-002,ASSET-OPC-001,1.0.0,20262170,RUN-20260828-01a55fcf
MANIFEST-01343,REC-01343,PKG-01343,PROD-005,ASSET-SIS-001,1.0.0,20262171,RUN-20260828-01a55fcf
MANIFEST-01344,REC-01344,PKG-01344,PROD-004,ASSET-OPC-001,1.0.0,20262172,RUN-20260828-01a55fcf
MANIFEST-01345,REC-01345,PKG-01345,PROD-003,ASSET-DCS-001,1.0.0,20262173,RUN-20260828-01a55fcf
MANIFEST-01346,REC-01346,PKG-01346,PROD-002,ASSET-DCS-001,1.0.0,20262174,RUN-20260828-01a55fcf
MANIFEST-01347,REC-01347,PKG-01347,PROD-004,ASSET-RTU-001,1.0.0,20262175,RUN-20260828-01a55fcf
MANIFEST-01348,REC-01348,PKG-01348,PROD-003,ASSET-SIS-001,1.0.0,20262176,RUN-20260828-01a55fcf
MANIFEST-01349,REC-01349,PKG-01349,PROD-005,ASSET-RTU-001,1.0.0,20262177,RUN-20260828-01a55fcf
MANIFEST-01350,REC-01350,PKG-01350,PROD-004,ASSET-DCS-001,1.0.0,20262178,RUN-20260828-01a55fcf
MANIFEST-01351,REC-01351,PKG-01351,PROD-004,ASSET-RTU-001,1.0.0,20262179,RUN-20260828-01a55fcf
MANIFEST-01352,REC-01352,PKG-01352,PROD-003,ASSET-RTU-001,1.0.0,20262180,RUN-20260828-01a55fcf
MANIFEST-01353,REC-01353,PKG-01353,PROD-001,ASSET-OPC-001,1.0.0,20262181,RUN-20260828-01a55fcf
MANIFEST-01354,REC-01354,PKG-01354,PROD-005,ASSET-RTU-001,1.0.0,20262182,RUN-20260828-01a55fcf
MANIFEST-01355,REC-01355,PKG-01355,PROD-001,ASSET-PLC-001,1.0.0,20262183,RUN-20260828-01a55fcf
MANIFEST-01356,REC-01356,PKG-01356,PROD-004,ASSET-DCS-001,1.0.0,20262184,RUN-20260828-01a55fcf
MANIFEST-01357,REC-01357,PKG-01357,PROD-005,ASSET-SIS-001,1.0.0,20262185,RUN-20260828-01a55fcf
MANIFEST-01358,REC-01358,PKG-01358,PROD-001,ASSET-DCS-001,1.0.0,20262186,RUN-20260828-01a55fcf
MANIFEST-01359,REC-01359,PKG-01359,PROD-003,ASSET-SIS-001,1.0.0,20262187,RUN-20260828-01a55fcf
MANIFEST-01360,REC-01360,PKG-01360,PROD-005,ASSET-OPC-001,1.0.0,20262188,RUN-20260828-01a55fcf
MANIFEST-01361,REC-01361,PKG-01361,PROD-004,ASSET-OPC-001,1.0.0,20262189,RUN-20260828-01a55fcf
MANIFEST-01362,REC-01362,PKG-01362,PROD-004,ASSET-OPC-001,1.0.0,20262190,RUN-20260828-01a55fcf
MANIFEST-01363,REC-01363,PKG-01363,PROD-004,ASSET-PLC-001,1.0.0,20262191,RUN-20260828-01a55fcf
MANIFEST-01364,REC-01364,PKG-01364,PROD-003,ASSET-DCS-001,1.0.0,20262192,RUN-20260828-01a55fcf
MANIFEST-01365,REC-01365,PKG-01365,PROD-003,ASSET-RTU-001,1.0.0,20262193,RUN-20260828-01a55fcf
MANIFEST-01366,REC-01366,PKG-01366,PROD-005,ASSET-OPC-001,1.0.0,20262194,RUN-20260828-01a55fcf
MANIFEST-01367,REC-01367,PKG-01367,PROD-005,ASSET-PLC-001,1.0.0,20262195,RUN-20260828-01a55fcf
MANIFEST-01368,REC-01368,PKG-01368,PROD-003,ASSET-DCS-001,1.0.0,20262196,RUN-20260828-01a55fcf
MANIFEST-01369,REC-01369,PKG-01369,PROD-005,ASSET-OPC-001,1.0.0,20262197,RUN-20260828-01a55fcf
MANIFEST-01370,REC-01370,PKG-01370,PROD-005,ASSET-PLC-001,1.0.0,20262198,RUN-20260828-01a55fcf
MANIFEST-01371,REC-01371,PKG-01371,PROD-005,ASSET-RTU-001,1.0.0,20262199,RUN-20260828-01a55fcf
MANIFEST-01372,REC-01372,PKG-01372,PROD-004,ASSET-SIS-001,1.0.0,20262200,RUN-20260828-01a55fcf
MANIFEST-01373,REC-01373,PKG-01373,PROD-005,ASSET-PLC-001,1.0.0,20262201,RUN-20260828-01a55fcf
MANIFEST-01374,REC-01374,PKG-01374,PROD-005,ASSET-DCS-001,1.0.0,20262202,RUN-20260828-01a55fcf
MANIFEST-01375,REC-01375,PKG-01375,PROD-005,ASSET-PLC-001,1.0.0,20262203,RUN-20260828-01a55fcf
MANIFEST-01376,REC-01376,PKG-01376,PROD-005,ASSET-OPC-001,1.0.0,20262204,RUN-20260828-01a55fcf
MANIFEST-01377,REC-01377,PKG-01377,PROD-001,ASSET-RTU-001,1.0.0,20262205,RUN-20260828-01a55fcf
MANIFEST-01378,REC-01378,PKG-01378,PROD-001,ASSET-OPC-001,1.0.0,20262206,RUN-20260828-01a55fcf
MANIFEST-01379,REC-01379,PKG-01379,PROD-002,ASSET-DCS-001,1.0.0,20262207,RUN-20260828-01a55fcf
MANIFEST-01380,REC-01380,PKG-01380,PROD-001,ASSET-DCS-001,1.0.0,20262208,RUN-20260828-01a55fcf
MANIFEST-01381,REC-01381,PKG-01381,PROD-002,ASSET-OPC-001,1.0.0,20262209,RUN-20260828-01a55fcf
MANIFEST-01382,REC-01382,PKG-01382,PROD-001,ASSET-RTU-001,1.0.0,20262210,RUN-20260828-01a55fcf
MANIFEST-01383,REC-01383,PKG-01383,PROD-003,ASSET-RTU-001,1.0.0,20262211,RUN-20260828-01a55fcf
MANIFEST-01384,REC-01384,PKG-01384,PROD-002,ASSET-PLC-001,1.0.0,20262212,RUN-20260828-01a55fcf
MANIFEST-01385,REC-01385,PKG-01385,PROD-003,ASSET-DCS-001,1.0.0,20262213,RUN-20260828-01a55fcf
MANIFEST-01386,REC-01386,PKG-01386,PROD-002,ASSET-RTU-001,1.0.0,20262214,RUN-20260828-01a55fcf
MANIFEST-01387,REC-01387,PKG-01387,PROD-002,ASSET-SIS-001,1.0.0,20262215,RUN-20260828-01a55fcf
MANIFEST-01388,REC-01388,PKG-01388,PROD-001,ASSET-PLC-001,1.0.0,20262216,RUN-20260828-01a55fcf
MANIFEST-01389,REC-01389,PKG-01389,PROD-005,ASSET-PLC-001,1.0.0,20262217,RUN-20260828-01a55fcf
MANIFEST-01390,REC-01390,PKG-01390,PROD-002,ASSET-OPC-001,1.0.0,20262218,RUN-20260828-01a55fcf
MANIFEST-01391,REC-01391,PKG-01391,PROD-002,ASSET-OPC-001,1.0.0,20262219,RUN-20260828-01a55fcf
MANIFEST-01392,REC-01392,PKG-01392,PROD-003,ASSET-PLC-001,1.0.0,20262220,RUN-20260828-01a55fcf
MANIFEST-01393,REC-01393,PKG-01393,PROD-005,ASSET-PLC-001,1.0.0,20262221,RUN-20260828-01a55fcf
MANIFEST-01394,REC-01394,PKG-01394,PROD-001,ASSET-OPC-001,1.0.0,20262222,RUN-20260828-01a55fcf
MANIFEST-01395,REC-01395,PKG-01395,PROD-001,ASSET-OPC-001,1.0.0,20262223,RUN-20260828-01a55fcf
MANIFEST-01396,REC-01396,PKG-01396,PROD-003,ASSET-PLC-001,1.0.0,20262224,RUN-20260828-01a55fcf
MANIFEST-01397,REC-01397,PKG-01397,PROD-001,ASSET-DCS-001,1.0.0,20262225,RUN-20260828-01a55fcf
MANIFEST-01398,REC-01398,PKG-01398,PROD-004,ASSET-RTU-001,1.0.0,20262226,RUN-20260828-01a55fcf
MANIFEST-01399,REC-01399,PKG-01399,PROD-002,ASSET-RTU-001,1.0.0,20262227,RUN-20260828-01a55fcf
MANIFEST-01400,REC-01400,PKG-01400,PROD-001,ASSET-RTU-001,1.0.0,20262228,RUN-20260828-01a55fcf
MANIFEST-01401,REC-01401,PKG-01401,PROD-005,ASSET-OPC-001,1.0.0,20262229,RUN-20260828-01a55fcf
MANIFEST-01402,REC-01402,PKG-01402,PROD-003,ASSET-PLC-001,1.0.0,20262230,RUN-20260828-01a55fcf
MANIFEST-01403,REC-01403,PKG-01403,PROD-005,ASSET-SIS-001,1.0.0,20262231,RUN-20260828-01a55fcf
MANIFEST-01404,REC-01404,PKG-01404,PROD-003,ASSET-RTU-001,1.0.0,20262232,RUN-20260828-01a55fcf
MANIFEST-01405,REC-01405,PKG-01405,PROD-002,ASSET-OPC-001,1.0.0,20262233,RUN-20260828-01a55fcf
MANIFEST-01406,REC-01406,PKG-01406,PROD-005,ASSET-RTU-001,1.0.0,20262234,RUN-20260828-01a55fcf
MANIFEST-01407,REC-01407,PKG-01407,PROD-002,ASSET-RTU-001,1.0.0,20262235,RUN-20260828-01a55fcf
MANIFEST-01408,REC-01408,PKG-01408,PROD-005,ASSET-RTU-001,1.0.0,20262236,RUN-20260828-01a55fcf
MANIFEST-01409,REC-01409,PKG-01409,PROD-003,ASSET-RTU-001,1.0.0,20262237,RUN-20260828-01a55fcf
MANIFEST-01410,REC-01410,PKG-01410,PROD-005,ASSET-SIS-001,1.0.0,20262238,RUN-20260828-01a55fcf
MANIFEST-01411,REC-01411,PKG-01411,PROD-004,ASSET-SIS-001,1.0.0,20262239,RUN-20260828-01a55fcf
MANIFEST-01412,REC-01412,PKG-01412,PROD-003,ASSET-PLC-001,1.0.0,20262240,RUN-20260828-01a55fcf
MANIFEST-01413,REC-01413,PKG-01413,PROD-005,ASSET-DCS-001,1.0.0,20262241,RUN-20260828-01a55fcf
MANIFEST-01414,REC-01414,PKG-01414,PROD-001,ASSET-RTU-001,1.0.0,20262242,RUN-20260828-01a55fcf
MANIFEST-01415,REC-01415,PKG-01415,PROD-001,ASSET-SIS-001,1.0.0,20262243,RUN-20260828-01a55fcf
MANIFEST-01416,REC-01416,PKG-01416,PROD-001,ASSET-SIS-001,1.0.0,20262244,RUN-20260828-01a55fcf
MANIFEST-01417,REC-01417,PKG-01417,PROD-005,ASSET-PLC-001,1.0.0,20262245,RUN-20260828-01a55fcf
MANIFEST-01418,REC-01418,PKG-01418,PROD-003,ASSET-PLC-001,1.0.0,20262246,RUN-20260828-01a55fcf
MANIFEST-01419,REC-01419,PKG-01419,PROD-003,ASSET-DCS-001,1.0.0,20262247,RUN-20260828-01a55fcf
MANIFEST-01420,REC-01420,PKG-01420,PROD-005,ASSET-PLC-001,1.0.0,20262248,RUN-20260828-01a55fcf
MANIFEST-01421,REC-01421,PKG-01421,PROD-005,ASSET-SIS-001,1.0.0,20262249,RUN-20260828-01a55fcf
MANIFEST-01422,REC-01422,PKG-01422,PROD-002,ASSET-RTU-001,1.0.0,20262250,RUN-20260828-01a55fcf
MANIFEST-01423,REC-01423,PKG-01423,PROD-003,ASSET-PLC-001,1.0.0,20262251,RUN-20260828-01a55fcf
MANIFEST-01424,REC-01424,PKG-01424,PROD-004,ASSET-RTU-001,1.0.0,20262252,RUN-20260828-01a55fcf
MANIFEST-01425,REC-01425,PKG-01425,PROD-002,ASSET-RTU-001,1.0.0,20262253,RUN-20260828-01a55fcf
MANIFEST-01426,REC-01426,PKG-01426,PROD-005,ASSET-PLC-001,1.0.0,20262254,RUN-20260828-01a55fcf
MANIFEST-01427,REC-01427,PKG-01427,PROD-001,ASSET-RTU-001,1.0.0,20262255,RUN-20260828-01a55fcf
MANIFEST-01428,REC-01428,PKG-01428,PROD-004,ASSET-SIS-001,1.0.0,20262256,RUN-20260828-01a55fcf
MANIFEST-01429,REC-01429,PKG-01429,PROD-002,ASSET-OPC-001,1.0.0,20262257,RUN-20260828-01a55fcf
MANIFEST-01430,REC-01430,PKG-01430,PROD-003,ASSET-PLC-001,1.0.0,20262258,RUN-20260828-01a55fcf
MANIFEST-01431,REC-01431,PKG-01431,PROD-002,ASSET-RTU-001,1.0.0,20262259,RUN-20260828-01a55fcf
MANIFEST-01432,REC-01432,PKG-01432,PROD-003,ASSET-SIS-001,1.0.0,20262260,RUN-20260828-01a55fcf
MANIFEST-01433,REC-01433,PKG-01433,PROD-005,ASSET-RTU-001,1.0.0,20262261,RUN-20260828-01a55fcf
MANIFEST-01434,REC-01434,PKG-01434,PROD-005,ASSET-PLC-001,1.0.0,20262262,RUN-20260828-01a55fcf
MANIFEST-01435,REC-01435,PKG-01435,PROD-005,ASSET-SIS-001,1.0.0,20262263,RUN-20260828-01a55fcf
MANIFEST-01436,REC-01436,PKG-01436,PROD-001,ASSET-OPC-001,1.0.0,20262264,RUN-20260828-01a55fcf
MANIFEST-01437,REC-01437,PKG-01437,PROD-001,ASSET-PLC-001,1.0.0,20262265,RUN-20260828-01a55fcf
MANIFEST-01438,REC-01438,PKG-01438,PROD-001,ASSET-OPC-001,1.0.0,20262266,RUN-20260828-01a55fcf
MANIFEST-01439,REC-01439,PKG-01439,PROD-004,ASSET-SIS-001,1.0.0,20262267,RUN-20260828-01a55fcf
MANIFEST-01440,REC-01440,PKG-01440,PROD-003,ASSET-PLC-001,1.0.0,20262268,RUN-20260828-01a55fcf
MANIFEST-01441,REC-01441,PKG-01441,PROD-002,ASSET-PLC-001,1.0.0,20262269,RUN-20260828-01a55fcf
MANIFEST-01442,REC-01442,PKG-01442,PROD-004,ASSET-DCS-001,1.0.0,20262270,RUN-20260828-01a55fcf
MANIFEST-01443,REC-01443,PKG-01443,PROD-001,ASSET-SIS-001,1.0.0,20262271,RUN-20260828-01a55fcf
MANIFEST-01444,REC-01444,PKG-01444,PROD-002,ASSET-PLC-001,1.0.0,20262272,RUN-20260828-01a55fcf
MANIFEST-01445,REC-01445,PKG-01445,PROD-004,ASSET-RTU-001,1.0.0,20262273,RUN-20260828-01a55fcf
MANIFEST-01446,REC-01446,PKG-01446,PROD-004,ASSET-OPC-001,1.0.0,20262274,RUN-20260828-01a55fcf
MANIFEST-01447,REC-01447,PKG-01447,PROD-004,ASSET-DCS-001,1.0.0,20262275,RUN-20260828-01a55fcf
MANIFEST-01448,REC-01448,PKG-01448,PROD-001,ASSET-RTU-001,1.0.0,20262276,RUN-20260828-01a55fcf
MANIFEST-01449,REC-01449,PKG-01449,PROD-005,ASSET-OPC-001,1.0.0,20262277,RUN-20260828-01a55fcf
MANIFEST-01450,REC-01450,PKG-01450,PROD-003,ASSET-DCS-001,1.0.0,20262278,RUN-20260828-01a55fcf
MANIFEST-01451,REC-01451,PKG-01451,PROD-005,ASSET-PLC-001,1.0.0,20262279,RUN-20260828-01a55fcf
MANIFEST-01452,REC-01452,PKG-01452,PROD-001,ASSET-RTU-001,1.0.0,20262280,RUN-20260828-01a55fcf
MANIFEST-01453,REC-01453,PKG-01453,PROD-003,ASSET-SIS-001,1.0.0,20262281,RUN-20260828-01a55fcf
MANIFEST-01454,REC-01454,PKG-01454,PROD-003,ASSET-RTU-001,1.0.0,20262282,RUN-20260828-01a55fcf
MANIFEST-01455,REC-01455,PKG-01455,PROD-004,ASSET-PLC-001,1.0.0,20262283,RUN-20260828-01a55fcf
MANIFEST-01456,REC-01456,PKG-01456,PROD-001,ASSET-OPC-001,1.0.0,20262284,RUN-20260828-01a55fcf
MANIFEST-01457,REC-01457,PKG-01457,PROD-003,ASSET-OPC-001,1.0.0,20262285,RUN-20260828-01a55fcf
MANIFEST-01458,REC-01458,PKG-01458,PROD-001,ASSET-PLC-001,1.0.0,20262286,RUN-20260828-01a55fcf
MANIFEST-01459,REC-01459,PKG-01459,PROD-004,ASSET-SIS-001,1.0.0,20262287,RUN-20260828-01a55fcf
MANIFEST-01460,REC-01460,PKG-01460,PROD-005,ASSET-OPC-001,1.0.0,20262288,RUN-20260828-01a55fcf
MANIFEST-01461,REC-01461,PKG-01461,PROD-002,ASSET-SIS-001,1.0.0,20262289,RUN-20260828-01a55fcf
MANIFEST-01462,REC-01462,PKG-01462,PROD-003,ASSET-OPC-001,1.0.0,20262290,RUN-20260828-01a55fcf
MANIFEST-01463,REC-01463,PKG-01463,PROD-001,ASSET-RTU-001,1.0.0,20262291,RUN-20260828-01a55fcf
MANIFEST-01464,REC-01464,PKG-01464,PROD-004,ASSET-DCS-001,1.0.0,20262292,RUN-20260828-01a55fcf
MANIFEST-01465,REC-01465,PKG-01465,PROD-001,ASSET-SIS-001,1.0.0,20262293,RUN-20260828-01a55fcf
MANIFEST-01466,REC-01466,PKG-01466,PROD-002,ASSET-DCS-001,1.0.0,20262294,RUN-20260828-01a55fcf
MANIFEST-01467,REC-01467,PKG-01467,PROD-001,ASSET-SIS-001,1.0.0,20262295,RUN-20260828-01a55fcf
MANIFEST-01468,REC-01468,PKG-01468,PROD-004,ASSET-OPC-001,1.0.0,20262296,RUN-20260828-01a55fcf
MANIFEST-01469,REC-01469,PKG-01469,PROD-004,ASSET-RTU-001,1.0.0,20262297,RUN-20260828-01a55fcf
MANIFEST-01470,REC-01470,PKG-01470,PROD-001,ASSET-SIS-001,1.0.0,20262298,RUN-20260828-01a55fcf
MANIFEST-01471,REC-01471,PKG-01471,PROD-001,ASSET-SIS-001,1.0.0,20262299,RUN-20260828-01a55fcf
MANIFEST-01472,REC-01472,PKG-01472,PROD-003,ASSET-PLC-001,1.0.0,20262300,RUN-20260828-01a55fcf
MANIFEST-01473,REC-01473,PKG-01473,PROD-001,ASSET-DCS-001,1.0.0,20262301,RUN-20260828-01a55fcf
MANIFEST-01474,REC-01474,PKG-01474,PROD-005,ASSET-DCS-001,1.0.0,20262302,RUN-20260828-01a55fcf
MANIFEST-01475,REC-01475,PKG-01475,PROD-001,ASSET-PLC-001,1.0.0,20262303,RUN-20260828-01a55fcf
MANIFEST-01476,REC-01476,PKG-01476,PROD-004,ASSET-PLC-001,1.0.0,20262304,RUN-20260828-01a55fcf
MANIFEST-01477,REC-01477,PKG-01477,PROD-005,ASSET-DCS-001,1.0.0,20262305,RUN-20260828-01a55fcf
MANIFEST-01478,REC-01478,PKG-01478,PROD-003,ASSET-RTU-001,1.0.0,20262306,RUN-20260828-01a55fcf
MANIFEST-01479,REC-01479,PKG-01479,PROD-004,ASSET-RTU-001,1.0.0,20262307,RUN-20260828-01a55fcf
MANIFEST-01480,REC-01480,PKG-01480,PROD-002,ASSET-OPC-001,1.0.0,20262308,RUN-20260828-01a55fcf
MANIFEST-01481,REC-01481,PKG-01481,PROD-004,ASSET-SIS-001,1.0.0,20262309,RUN-20260828-01a55fcf
MANIFEST-01482,REC-01482,PKG-01482,PROD-005,ASSET-PLC-001,1.0.0,20262310,RUN-20260828-01a55fcf
MANIFEST-01483,REC-01483,PKG-01483,PROD-003,ASSET-OPC-001,1.0.0,20262311,RUN-20260828-01a55fcf
MANIFEST-01484,REC-01484,PKG-01484,PROD-004,ASSET-SIS-001,1.0.0,20262312,RUN-20260828-01a55fcf
MANIFEST-01485,REC-01485,PKG-01485,PROD-003,ASSET-PLC-001,1.0.0,20262313,RUN-20260828-01a55fcf
MANIFEST-01486,REC-01486,PKG-01486,PROD-005,ASSET-SIS-001,1.0.0,20262314,RUN-20260828-01a55fcf
MANIFEST-01487,REC-01487,PKG-01487,PROD-003,ASSET-OPC-001,1.0.0,20262315,RUN-20260828-01a55fcf
MANIFEST-01488,REC-01488,PKG-01488,PROD-002,ASSET-PLC-001,1.0.0,20262316,RUN-20260828-01a55fcf
MANIFEST-01489,REC-01489,PKG-01489,PROD-002,ASSET-PLC-001,1.0.0,20262317,RUN-20260828-01a55fcf
MANIFEST-01490,REC-01490,PKG-01490,PROD-004,ASSET-RTU-001,1.0.0,20262318,RUN-20260828-01a55fcf
MANIFEST-01491,REC-01491,PKG-01491,PROD-001,ASSET-RTU-001,1.0.0,20262319,RUN-20260828-01a55fcf
MANIFEST-01492,REC-01492,PKG-01492,PROD-004,ASSET-PLC-001,1.0.0,20262320,RUN-20260828-01a55fcf
MANIFEST-01493,REC-01493,PKG-01493,PROD-001,ASSET-OPC-001,1.0.0,20262321,RUN-20260828-01a55fcf
MANIFEST-01494,REC-01494,PKG-01494,PROD-001,ASSET-PLC-001,1.0.0,20262322,RUN-20260828-01a55fcf
MANIFEST-01495,REC-01495,PKG-01495,PROD-005,ASSET-RTU-001,1.0.0,20262323,RUN-20260828-01a55fcf
MANIFEST-01496,REC-01496,PKG-01496,PROD-004,ASSET-OPC-001,1.0.0,20262324,RUN-20260828-01a55fcf
MANIFEST-01497,REC-01497,PKG-01497,PROD-002,ASSET-RTU-001,1.0.0,20262325,RUN-20260828-01a55fcf
MANIFEST-01498,REC-01498,PKG-01498,PROD-001,ASSET-PLC-001,1.0.0,20262326,RUN-20260828-01a55fcf
MANIFEST-01499,REC-01499,PKG-01499,PROD-001,ASSET-DCS-001,1.0.0,20262327,RUN-20260828-01a55fcf
MANIFEST-01500,REC-01500,PKG-01500,PROD-002,ASSET-SIS-001,1.0.0,20262328,RUN-20260828-01a55fcf
MANIFEST-01501,REC-01501,PKG-01501,PROD-003,ASSET-OPC-001,1.0.0,20262329,RUN-20260828-01a55fcf
MANIFEST-01502,REC-01502,PKG-01502,PROD-004,ASSET-OPC-001,1.0.0,20262330,RUN-20260828-01a55fcf
MANIFEST-01503,REC-01503,PKG-01503,PROD-003,ASSET-PLC-001,1.0.0,20262331,RUN-20260828-01a55fcf
MANIFEST-01504,REC-01504,PKG-01504,PROD-004,ASSET-PLC-001,1.0.0,20262332,RUN-20260828-01a55fcf
MANIFEST-01505,REC-01505,PKG-01505,PROD-002,ASSET-RTU-001,1.0.0,20262333,RUN-20260828-01a55fcf
MANIFEST-01506,REC-01506,PKG-01506,PROD-002,ASSET-DCS-001,1.0.0,20262334,RUN-20260828-01a55fcf
MANIFEST-01507,REC-01507,PKG-01507,PROD-001,ASSET-RTU-001,1.0.0,20262335,RUN-20260828-01a55fcf
MANIFEST-01508,REC-01508,PKG-01508,PROD-002,ASSET-PLC-001,1.0.0,20262336,RUN-20260828-01a55fcf
MANIFEST-01509,REC-01509,PKG-01509,PROD-002,ASSET-SIS-001,1.0.0,20262337,RUN-20260828-01a55fcf
MANIFEST-01510,REC-01510,PKG-01510,PROD-001,ASSET-SIS-001,1.0.0,20262338,RUN-20260828-01a55fcf
MANIFEST-01511,REC-01511,PKG-01511,PROD-001,ASSET-RTU-001,1.0.0,20262339,RUN-20260828-01a55fcf
MANIFEST-01512,REC-01512,PKG-01512,PROD-005,ASSET-RTU-001,1.0.0,20262340,RUN-20260828-01a55fcf
MANIFEST-01513,REC-01513,PKG-01513,PROD-005,ASSET-SIS-001,1.0.0,20262341,RUN-20260828-01a55fcf
MANIFEST-01514,REC-01514,PKG-01514,PROD-002,ASSET-DCS-001,1.0.0,20262342,RUN-20260828-01a55fcf
MANIFEST-01515,REC-01515,PKG-01515,PROD-002,ASSET-RTU-001,1.0.0,20262343,RUN-20260828-01a55fcf
MANIFEST-01516,REC-01516,PKG-01516,PROD-004,ASSET-OPC-001,1.0.0,20262344,RUN-20260828-01a55fcf
MANIFEST-01517,REC-01517,PKG-01517,PROD-004,ASSET-DCS-001,1.0.0,20262345,RUN-20260828-01a55fcf
MANIFEST-01518,REC-01518,PKG-01518,PROD-002,ASSET-SIS-001,1.0.0,20262346,RUN-20260828-01a55fcf
MANIFEST-01519,REC-01519,PKG-01519,PROD-005,ASSET-SIS-001,1.0.0,20262347,RUN-20260828-01a55fcf
MANIFEST-01520,REC-01520,PKG-01520,PROD-003,ASSET-DCS-001,1.0.0,20262348,RUN-20260828-01a55fcf
MANIFEST-01521,REC-01521,PKG-01521,PROD-001,ASSET-PLC-001,1.0.0,20262349,RUN-20260828-01a55fcf
MANIFEST-01522,REC-01522,PKG-01522,PROD-004,ASSET-SIS-001,1.0.0,20262350,RUN-20260828-01a55fcf
MANIFEST-01523,REC-01523,PKG-01523,PROD-002,ASSET-PLC-001,1.0.0,20262351,RUN-20260828-01a55fcf
MANIFEST-01524,REC-01524,PKG-01524,PROD-001,ASSET-OPC-001,1.0.0,20262352,RUN-20260828-01a55fcf
MANIFEST-01525,REC-01525,PKG-01525,PROD-001,ASSET-RTU-001,1.0.0,20262353,RUN-20260828-01a55fcf
MANIFEST-01526,REC-01526,PKG-01526,PROD-002,ASSET-DCS-001,1.0.0,20262354,RUN-20260828-01a55fcf
MANIFEST-01527,REC-01527,PKG-01527,PROD-002,ASSET-SIS-001,1.0.0,20262355,RUN-20260828-01a55fcf
MANIFEST-01528,REC-01528,PKG-01528,PROD-005,ASSET-OPC-001,1.0.0,20262356,RUN-20260828-01a55fcf
MANIFEST-01529,REC-01529,PKG-01529,PROD-005,ASSET-RTU-001,1.0.0,20262357,RUN-20260828-01a55fcf
MANIFEST-01530,REC-01530,PKG-01530,PROD-003,ASSET-OPC-001,1.0.0,20262358,RUN-20260828-01a55fcf
MANIFEST-01531,REC-01531,PKG-01531,PROD-003,ASSET-PLC-001,1.0.0,20262359,RUN-20260828-01a55fcf
MANIFEST-01532,REC-01532,PKG-01532,PROD-005,ASSET-RTU-001,1.0.0,20262360,RUN-20260828-01a55fcf
MANIFEST-01533,REC-01533,PKG-01533,PROD-002,ASSET-OPC-001,1.0.0,20262361,RUN-20260828-01a55fcf
MANIFEST-01534,REC-01534,PKG-01534,PROD-001,ASSET-DCS-001,1.0.0,20262362,RUN-20260828-01a55fcf
MANIFEST-01535,REC-01535,PKG-01535,PROD-003,ASSET-OPC-001,1.0.0,20262363,RUN-20260828-01a55fcf
MANIFEST-01536,REC-01536,PKG-01536,PROD-005,ASSET-SIS-001,1.0.0,20262364,RUN-20260828-01a55fcf
MANIFEST-01537,REC-01537,PKG-01537,PROD-003,ASSET-RTU-001,1.0.0,20262365,RUN-20260828-01a55fcf
MANIFEST-01538,REC-01538,PKG-01538,PROD-003,ASSET-SIS-001,1.0.0,20262366,RUN-20260828-01a55fcf
MANIFEST-01539,REC-01539,PKG-01539,PROD-005,ASSET-SIS-001,1.0.0,20262367,RUN-20260828-01a55fcf
MANIFEST-01540,REC-01540,PKG-01540,PROD-003,ASSET-PLC-001,1.0.0,20262368,RUN-20260828-01a55fcf
MANIFEST-01541,REC-01541,PKG-01541,PROD-005,ASSET-SIS-001,1.0.0,20262369,RUN-20260828-01a55fcf
MANIFEST-01542,REC-01542,PKG-01542,PROD-004,ASSET-RTU-001,1.0.0,20262370,RUN-20260828-01a55fcf
MANIFEST-01543,REC-01543,PKG-01543,PROD-004,ASSET-DCS-001,1.0.0,20262371,RUN-20260828-01a55fcf
MANIFEST-01544,REC-01544,PKG-01544,PROD-005,ASSET-SIS-001,1.0.0,20262372,RUN-20260828-01a55fcf
MANIFEST-01545,REC-01545,PKG-01545,PROD-005,ASSET-RTU-001,1.0.0,20262373,RUN-20260828-01a55fcf
MANIFEST-01546,REC-01546,PKG-01546,PROD-004,ASSET-PLC-001,1.0.0,20262374,RUN-20260828-01a55fcf
MANIFEST-01547,REC-01547,PKG-01547,PROD-003,ASSET-DCS-001,1.0.0,20262375,RUN-20260828-01a55fcf
MANIFEST-01548,REC-01548,PKG-01548,PROD-005,ASSET-PLC-001,1.0.0,20262376,RUN-20260828-01a55fcf
MANIFEST-01549,REC-01549,PKG-01549,PROD-003,ASSET-OPC-001,1.0.0,20262377,RUN-20260828-01a55fcf
MANIFEST-01550,REC-01550,PKG-01550,PROD-002,ASSET-SIS-001,1.0.0,20262378,RUN-20260828-01a55fcf
MANIFEST-01551,REC-01551,PKG-01551,PROD-005,ASSET-RTU-001,1.0.0,20262379,RUN-20260828-01a55fcf
MANIFEST-01552,REC-01552,PKG-01552,PROD-004,ASSET-PLC-001,1.0.0,20262380,RUN-20260828-01a55fcf
MANIFEST-01553,REC-01553,PKG-01553,PROD-004,ASSET-RTU-001,1.0.0,20262381,RUN-20260828-01a55fcf
MANIFEST-01554,REC-01554,PKG-01554,PROD-003,ASSET-DCS-001,1.0.0,20262382,RUN-20260828-01a55fcf
MANIFEST-01555,REC-01555,PKG-01555,PROD-001,ASSET-RTU-001,1.0.0,20262383,RUN-20260828-01a55fcf
MANIFEST-01556,REC-01556,PKG-01556,PROD-005,ASSET-DCS-001,1.0.0,20262384,RUN-20260828-01a55fcf
MANIFEST-01557,REC-01557,PKG-01557,PROD-003,ASSET-DCS-001,1.0.0,20262385,RUN-20260828-01a55fcf
MANIFEST-01558,REC-01558,PKG-01558,PROD-004,ASSET-OPC-001,1.0.0,20262386,RUN-20260828-01a55fcf
MANIFEST-01559,REC-01559,PKG-01559,PROD-004,ASSET-RTU-001,1.0.0,20262387,RUN-20260828-01a55fcf
MANIFEST-01560,REC-01560,PKG-01560,PROD-005,ASSET-DCS-001,1.0.0,20262388,RUN-20260828-01a55fcf
MANIFEST-01561,REC-01561,PKG-01561,PROD-003,ASSET-SIS-001,1.0.0,20262389,RUN-20260828-01a55fcf
MANIFEST-01562,REC-01562,PKG-01562,PROD-005,ASSET-SIS-001,1.0.0,20262390,RUN-20260828-01a55fcf
MANIFEST-01563,REC-01563,PKG-01563,PROD-001,ASSET-PLC-001,1.0.0,20262391,RUN-20260828-01a55fcf
MANIFEST-01564,REC-01564,PKG-01564,PROD-004,ASSET-OPC-001,1.0.0,20262392,RUN-20260828-01a55fcf
MANIFEST-01565,REC-01565,PKG-01565,PROD-003,ASSET-RTU-001,1.0.0,20262393,RUN-20260828-01a55fcf
MANIFEST-01566,REC-01566,PKG-01566,PROD-002,ASSET-RTU-001,1.0.0,20262394,RUN-20260828-01a55fcf
MANIFEST-01567,REC-01567,PKG-01567,PROD-001,ASSET-OPC-001,1.0.0,20262395,RUN-20260828-01a55fcf
MANIFEST-01568,REC-01568,PKG-01568,PROD-004,ASSET-OPC-001,1.0.0,20262396,RUN-20260828-01a55fcf
MANIFEST-01569,REC-01569,PKG-01569,PROD-001,ASSET-PLC-001,1.0.0,20262397,RUN-20260828-01a55fcf
MANIFEST-01570,REC-01570,PKG-01570,PROD-002,ASSET-OPC-001,1.0.0,20262398,RUN-20260828-01a55fcf
MANIFEST-01571,REC-01571,PKG-01571,PROD-002,ASSET-PLC-001,1.0.0,20262399,RUN-20260828-01a55fcf
MANIFEST-01572,REC-01572,PKG-01572,PROD-005,ASSET-SIS-001,1.0.0,20262400,RUN-20260828-01a55fcf
MANIFEST-01573,REC-01573,PKG-01573,PROD-005,ASSET-RTU-001,1.0.0,20262401,RUN-20260828-01a55fcf
MANIFEST-01574,REC-01574,PKG-01574,PROD-002,ASSET-OPC-001,1.0.0,20262402,RUN-20260828-01a55fcf
MANIFEST-01575,REC-01575,PKG-01575,PROD-002,ASSET-PLC-001,1.0.0,20262403,RUN-20260828-01a55fcf
MANIFEST-01576,REC-01576,PKG-01576,PROD-004,ASSET-OPC-001,1.0.0,20262404,RUN-20260828-01a55fcf
MANIFEST-01577,REC-01577,PKG-01577,PROD-004,ASSET-OPC-001,1.0.0,20262405,RUN-20260828-01a55fcf
MANIFEST-01578,REC-01578,PKG-01578,PROD-005,ASSET-DCS-001,1.0.0,20262406,RUN-20260828-01a55fcf
MANIFEST-01579,REC-01579,PKG-01579,PROD-004,ASSET-SIS-001,1.0.0,20262407,RUN-20260828-01a55fcf
MANIFEST-01580,REC-01580,PKG-01580,PROD-004,ASSET-OPC-001,1.0.0,20262408,RUN-20260828-01a55fcf
MANIFEST-01581,REC-01581,PKG-01581,PROD-003,ASSET-RTU-001,1.0.0,20262409,RUN-20260828-01a55fcf
MANIFEST-01582,REC-01582,PKG-01582,PROD-005,ASSET-DCS-001,1.0.0,20262410,RUN-20260828-01a55fcf
MANIFEST-01583,REC-01583,PKG-01583,PROD-004,ASSET-SIS-001,1.0.0,20262411,RUN-20260828-01a55fcf
MANIFEST-01584,REC-01584,PKG-01584,PROD-001,ASSET-PLC-001,1.0.0,20262412,RUN-20260828-01a55fcf
MANIFEST-01585,REC-01585,PKG-01585,PROD-001,ASSET-PLC-001,1.0.0,20262413,RUN-20260828-01a55fcf
MANIFEST-01586,REC-01586,PKG-01586,PROD-005,ASSET-RTU-001,1.0.0,20262414,RUN-20260828-01a55fcf
MANIFEST-01587,REC-01587,PKG-01587,PROD-004,ASSET-SIS-001,1.0.0,20262415,RUN-20260828-01a55fcf
MANIFEST-01588,REC-01588,PKG-01588,PROD-003,ASSET-RTU-001,1.0.0,20262416,RUN-20260828-01a55fcf
MANIFEST-01589,REC-01589,PKG-01589,PROD-003,ASSET-RTU-001,1.0.0,20262417,RUN-20260828-01a55fcf
MANIFEST-01590,REC-01590,PKG-01590,PROD-004,ASSET-SIS-001,1.0.0,20262418,RUN-20260828-01a55fcf
MANIFEST-01591,REC-01591,PKG-01591,PROD-004,ASSET-RTU-001,1.0.0,20262419,RUN-20260828-01a55fcf
MANIFEST-01592,REC-01592,PKG-01592,PROD-001,ASSET-DCS-001,1.0.0,20262420,RUN-20260828-01a55fcf
MANIFEST-01593,REC-01593,PKG-01593,PROD-001,ASSET-SIS-001,1.0.0,20262421,RUN-20260828-01a55fcf
MANIFEST-01594,REC-01594,PKG-01594,PROD-001,ASSET-DCS-001,1.0.0,20262422,RUN-20260828-01a55fcf
MANIFEST-01595,REC-01595,PKG-01595,PROD-002,ASSET-PLC-001,1.0.0,20262423,RUN-20260828-01a55fcf
MANIFEST-01596,REC-01596,PKG-01596,PROD-002,ASSET-SIS-001,1.0.0,20262424,RUN-20260828-01a55fcf
MANIFEST-01597,REC-01597,PKG-01597,PROD-004,ASSET-OPC-001,1.0.0,20262425,RUN-20260828-01a55fcf
MANIFEST-01598,REC-01598,PKG-01598,PROD-004,ASSET-SIS-001,1.0.0,20262426,RUN-20260828-01a55fcf
MANIFEST-01599,REC-01599,PKG-01599,PROD-005,ASSET-DCS-001,1.0.0,20262427,RUN-20260828-01a55fcf
MANIFEST-01600,REC-01600,PKG-01600,PROD-001,ASSET-DCS-001,1.0.0,20262428,RUN-20260828-01a55fcf
MANIFEST-01601,REC-01601,PKG-01601,PROD-002,ASSET-RTU-001,1.0.0,20262429,RUN-20260828-01a55fcf
MANIFEST-01602,REC-01602,PKG-01602,PROD-001,ASSET-DCS-001,1.0.0,20262430,RUN-20260828-01a55fcf
MANIFEST-01603,REC-01603,PKG-01603,PROD-002,ASSET-PLC-001,1.0.0,20262431,RUN-20260828-01a55fcf
MANIFEST-01604,REC-01604,PKG-01604,PROD-001,ASSET-RTU-001,1.0.0,20262432,RUN-20260828-01a55fcf
MANIFEST-01605,REC-01605,PKG-01605,PROD-002,ASSET-DCS-001,1.0.0,20262433,RUN-20260828-01a55fcf
MANIFEST-01606,REC-01606,PKG-01606,PROD-005,ASSET-SIS-001,1.0.0,20262434,RUN-20260828-01a55fcf
MANIFEST-01607,REC-01607,PKG-01607,PROD-002,ASSET-SIS-001,1.0.0,20262435,RUN-20260828-01a55fcf
MANIFEST-01608,REC-01608,PKG-01608,PROD-003,ASSET-SIS-001,1.0.0,20262436,RUN-20260828-01a55fcf
MANIFEST-01609,REC-01609,PKG-01609,PROD-002,ASSET-DCS-001,1.0.0,20262437,RUN-20260828-01a55fcf
MANIFEST-01610,REC-01610,PKG-01610,PROD-003,ASSET-SIS-001,1.0.0,20262438,RUN-20260828-01a55fcf
MANIFEST-01611,REC-01611,PKG-01611,PROD-004,ASSET-DCS-001,1.0.0,20262439,RUN-20260828-01a55fcf
MANIFEST-01612,REC-01612,PKG-01612,PROD-003,ASSET-RTU-001,1.0.0,20262440,RUN-20260828-01a55fcf
MANIFEST-01613,REC-01613,PKG-01613,PROD-004,ASSET-SIS-001,1.0.0,20262441,RUN-20260828-01a55fcf
MANIFEST-01614,REC-01614,PKG-01614,PROD-001,ASSET-RTU-001,1.0.0,20262442,RUN-20260828-01a55fcf
MANIFEST-01615,REC-01615,PKG-01615,PROD-002,ASSET-DCS-001,1.0.0,20262443,RUN-20260828-01a55fcf
MANIFEST-01616,REC-01616,PKG-01616,PROD-005,ASSET-PLC-001,1.0.0,20262444,RUN-20260828-01a55fcf
MANIFEST-01617,REC-01617,PKG-01617,PROD-005,ASSET-DCS-001,1.0.0,20262445,RUN-20260828-01a55fcf
MANIFEST-01618,REC-01618,PKG-01618,PROD-004,ASSET-SIS-001,1.0.0,20262446,RUN-20260828-01a55fcf
MANIFEST-01619,REC-01619,PKG-01619,PROD-001,ASSET-RTU-001,1.0.0,20262447,RUN-20260828-01a55fcf
MANIFEST-01620,REC-01620,PKG-01620,PROD-002,ASSET-SIS-001,1.0.0,20262448,RUN-20260828-01a55fcf
MANIFEST-01621,REC-01621,PKG-01621,PROD-004,ASSET-RTU-001,1.0.0,20262449,RUN-20260828-01a55fcf
MANIFEST-01622,REC-01622,PKG-01622,PROD-004,ASSET-SIS-001,1.0.0,20262450,RUN-20260828-01a55fcf
MANIFEST-01623,REC-01623,PKG-01623,PROD-004,ASSET-DCS-001,1.0.0,20262451,RUN-20260828-01a55fcf
MANIFEST-01624,REC-01624,PKG-01624,PROD-004,ASSET-DCS-001,1.0.0,20262452,RUN-20260828-01a55fcf
MANIFEST-01625,REC-01625,PKG-01625,PROD-003,ASSET-OPC-001,1.0.0,20262453,RUN-20260828-01a55fcf
MANIFEST-01626,REC-01626,PKG-01626,PROD-004,ASSET-OPC-001,1.0.0,20262454,RUN-20260828-01a55fcf
MANIFEST-01627,REC-01627,PKG-01627,PROD-001,ASSET-DCS-001,1.0.0,20262455,RUN-20260828-01a55fcf
MANIFEST-01628,REC-01628,PKG-01628,PROD-002,ASSET-PLC-001,1.0.0,20262456,RUN-20260828-01a55fcf
MANIFEST-01629,REC-01629,PKG-01629,PROD-005,ASSET-SIS-001,1.0.0,20262457,RUN-20260828-01a55fcf
MANIFEST-01630,REC-01630,PKG-01630,PROD-001,ASSET-PLC-001,1.0.0,20262458,RUN-20260828-01a55fcf
MANIFEST-01631,REC-01631,PKG-01631,PROD-002,ASSET-PLC-001,1.0.0,20262459,RUN-20260828-01a55fcf
MANIFEST-01632,REC-01632,PKG-01632,PROD-004,ASSET-SIS-001,1.0.0,20262460,RUN-20260828-01a55fcf
MANIFEST-01633,REC-01633,PKG-01633,PROD-001,ASSET-PLC-001,1.0.0,20262461,RUN-20260828-01a55fcf
MANIFEST-01634,REC-01634,PKG-01634,PROD-004,ASSET-DCS-001,1.0.0,20262462,RUN-20260828-01a55fcf
MANIFEST-01635,REC-01635,PKG-01635,PROD-003,ASSET-SIS-001,1.0.0,20262463,RUN-20260828-01a55fcf
MANIFEST-01636,REC-01636,PKG-01636,PROD-005,ASSET-SIS-001,1.0.0,20262464,RUN-20260828-01a55fcf
MANIFEST-01637,REC-01637,PKG-01637,PROD-005,ASSET-OPC-001,1.0.0,20262465,RUN-20260828-01a55fcf
MANIFEST-01638,REC-01638,PKG-01638,PROD-005,ASSET-SIS-001,1.0.0,20262466,RUN-20260828-01a55fcf
MANIFEST-01639,REC-01639,PKG-01639,PROD-003,ASSET-RTU-001,1.0.0,20262467,RUN-20260828-01a55fcf
MANIFEST-01640,REC-01640,PKG-01640,PROD-004,ASSET-PLC-001,1.0.0,20262468,RUN-20260828-01a55fcf
MANIFEST-01641,REC-01641,PKG-01641,PROD-005,ASSET-SIS-001,1.0.0,20262469,RUN-20260828-01a55fcf
MANIFEST-01642,REC-01642,PKG-01642,PROD-003,ASSET-PLC-001,1.0.0,20262470,RUN-20260828-01a55fcf
MANIFEST-01643,REC-01643,PKG-01643,PROD-001,ASSET-RTU-001,1.0.0,20262471,RUN-20260828-01a55fcf
MANIFEST-01644,REC-01644,PKG-01644,PROD-004,ASSET-OPC-001,1.0.0,20262472,RUN-20260828-01a55fcf
MANIFEST-01645,REC-01645,PKG-01645,PROD-003,ASSET-DCS-001,1.0.0,20262473,RUN-20260828-01a55fcf
MANIFEST-01646,REC-01646,PKG-01646,PROD-005,ASSET-OPC-001,1.0.0,20262474,RUN-20260828-01a55fcf
MANIFEST-01647,REC-01647,PKG-01647,PROD-005,ASSET-SIS-001,1.0.0,20262475,RUN-20260828-01a55fcf
MANIFEST-01648,REC-01648,PKG-01648,PROD-001,ASSET-OPC-001,1.0.0,20262476,RUN-20260828-01a55fcf
MANIFEST-01649,REC-01649,PKG-01649,PROD-002,ASSET-SIS-001,1.0.0,20262477,RUN-20260828-01a55fcf
MANIFEST-01650,REC-01650,PKG-01650,PROD-001,ASSET-RTU-001,1.0.0,20262478,RUN-20260828-01a55fcf
MANIFEST-01651,REC-01651,PKG-01651,PROD-002,ASSET-PLC-001,1.0.0,20262479,RUN-20260828-01a55fcf
MANIFEST-01652,REC-01652,PKG-01652,PROD-003,ASSET-PLC-001,1.0.0,20262480,RUN-20260828-01a55fcf
MANIFEST-01653,REC-01653,PKG-01653,PROD-001,ASSET-SIS-001,1.0.0,20262481,RUN-20260828-01a55fcf
MANIFEST-01654,REC-01654,PKG-01654,PROD-005,ASSET-DCS-001,1.0.0,20262482,RUN-20260828-01a55fcf
MANIFEST-01655,REC-01655,PKG-01655,PROD-001,ASSET-RTU-001,1.0.0,20262483,RUN-20260828-01a55fcf
MANIFEST-01656,REC-01656,PKG-01656,PROD-002,ASSET-SIS-001,1.0.0,20262484,RUN-20260828-01a55fcf
MANIFEST-01657,REC-01657,PKG-01657,PROD-005,ASSET-PLC-001,1.0.0,20262485,RUN-20260828-01a55fcf
MANIFEST-01658,REC-01658,PKG-01658,PROD-005,ASSET-PLC-001,1.0.0,20262486,RUN-20260828-01a55fcf
MANIFEST-01659,REC-01659,PKG-01659,PROD-002,ASSET-RTU-001,1.0.0,20262487,RUN-20260828-01a55fcf
MANIFEST-01660,REC-01660,PKG-01660,PROD-001,ASSET-OPC-001,1.0.0,20262488,RUN-20260828-01a55fcf
MANIFEST-01661,REC-01661,PKG-01661,PROD-003,ASSET-OPC-001,1.0.0,20262489,RUN-20260828-01a55fcf
MANIFEST-01662,REC-01662,PKG-01662,PROD-005,ASSET-OPC-001,1.0.0,20262490,RUN-20260828-01a55fcf
MANIFEST-01663,REC-01663,PKG-01663,PROD-001,ASSET-DCS-001,1.0.0,20262491,RUN-20260828-01a55fcf
MANIFEST-01664,REC-01664,PKG-01664,PROD-005,ASSET-OPC-001,1.0.0,20262492,RUN-20260828-01a55fcf
MANIFEST-01665,REC-01665,PKG-01665,PROD-001,ASSET-RTU-001,1.0.0,20262493,RUN-20260828-01a55fcf
MANIFEST-01666,REC-01666,PKG-01666,PROD-002,ASSET-DCS-001,1.0.0,20262494,RUN-20260828-01a55fcf
MANIFEST-01667,REC-01667,PKG-01667,PROD-005,ASSET-OPC-001,1.0.0,20262495,RUN-20260828-01a55fcf
MANIFEST-01668,REC-01668,PKG-01668,PROD-002,ASSET-PLC-001,1.0.0,20262496,RUN-20260828-01a55fcf
MANIFEST-01669,REC-01669,PKG-01669,PROD-002,ASSET-DCS-001,1.0.0,20262497,RUN-20260828-01a55fcf
MANIFEST-01670,REC-01670,PKG-01670,PROD-004,ASSET-DCS-001,1.0.0,20262498,RUN-20260828-01a55fcf
MANIFEST-01671,REC-01671,PKG-01671,PROD-005,ASSET-PLC-001,1.0.0,20262499,RUN-20260828-01a55fcf
MANIFEST-01672,REC-01672,PKG-01672,PROD-003,ASSET-PLC-001,1.0.0,20262500,RUN-20260828-01a55fcf
MANIFEST-01673,REC-01673,PKG-01673,PROD-002,ASSET-DCS-001,1.0.0,20262501,RUN-20260828-01a55fcf
MANIFEST-01674,REC-01674,PKG-01674,PROD-004,ASSET-PLC-001,1.0.0,20262502,RUN-20260828-01a55fcf
MANIFEST-01675,REC-01675,PKG-01675,PROD-005,ASSET-RTU-001,1.0.0,20262503,RUN-20260828-01a55fcf
MANIFEST-01676,REC-01676,PKG-01676,PROD-003,ASSET-RTU-001,1.0.0,20262504,RUN-20260828-01a55fcf
MANIFEST-01677,REC-01677,PKG-01677,PROD-005,ASSET-OPC-001,1.0.0,20262505,RUN-20260828-01a55fcf
MANIFEST-01678,REC-01678,PKG-01678,PROD-005,ASSET-RTU-001,1.0.0,20262506,RUN-20260828-01a55fcf
MANIFEST-01679,REC-01679,PKG-01679,PROD-004,ASSET-RTU-001,1.0.0,20262507,RUN-20260828-01a55fcf
MANIFEST-01680,REC-01680,PKG-01680,PROD-003,ASSET-SIS-001,1.0.0,20262508,RUN-20260828-01a55fcf
MANIFEST-01681,REC-01681,PKG-01681,PROD-002,ASSET-PLC-001,1.0.0,20262509,RUN-20260828-01a55fcf
MANIFEST-01682,REC-01682,PKG-01682,PROD-003,ASSET-OPC-001,1.0.0,20262510,RUN-20260828-01a55fcf
MANIFEST-01683,REC-01683,PKG-01683,PROD-001,ASSET-DCS-001,1.0.0,20262511,RUN-20260828-01a55fcf
MANIFEST-01684,REC-01684,PKG-01684,PROD-001,ASSET-DCS-001,1.0.0,20262512,RUN-20260828-01a55fcf
MANIFEST-01685,REC-01685,PKG-01685,PROD-004,ASSET-DCS-001,1.0.0,20262513,RUN-20260828-01a55fcf
MANIFEST-01686,REC-01686,PKG-01686,PROD-005,ASSET-OPC-001,1.0.0,20262514,RUN-20260828-01a55fcf
MANIFEST-01687,REC-01687,PKG-01687,PROD-005,ASSET-DCS-001,1.0.0,20262515,RUN-20260828-01a55fcf
MANIFEST-01688,REC-01688,PKG-01688,PROD-002,ASSET-RTU-001,1.0.0,20262516,RUN-20260828-01a55fcf
MANIFEST-01689,REC-01689,PKG-01689,PROD-005,ASSET-SIS-001,1.0.0,20262517,RUN-20260828-01a55fcf
MANIFEST-01690,REC-01690,PKG-01690,PROD-001,ASSET-RTU-001,1.0.0,20262518,RUN-20260828-01a55fcf
MANIFEST-01691,REC-01691,PKG-01691,PROD-005,ASSET-RTU-001,1.0.0,20262519,RUN-20260828-01a55fcf
MANIFEST-01692,REC-01692,PKG-01692,PROD-002,ASSET-SIS-001,1.0.0,20262520,RUN-20260828-01a55fcf
MANIFEST-01693,REC-01693,PKG-01693,PROD-003,ASSET-SIS-001,1.0.0,20262521,RUN-20260828-01a55fcf
MANIFEST-01694,REC-01694,PKG-01694,PROD-001,ASSET-DCS-001,1.0.0,20262522,RUN-20260828-01a55fcf
MANIFEST-01695,REC-01695,PKG-01695,PROD-001,ASSET-PLC-001,1.0.0,20262523,RUN-20260828-01a55fcf
MANIFEST-01696,REC-01696,PKG-01696,PROD-001,ASSET-RTU-001,1.0.0,20262524,RUN-20260828-01a55fcf
MANIFEST-01697,REC-01697,PKG-01697,PROD-002,ASSET-RTU-001,1.0.0,20262525,RUN-20260828-01a55fcf
MANIFEST-01698,REC-01698,PKG-01698,PROD-004,ASSET-OPC-001,1.0.0,20262526,RUN-20260828-01a55fcf
MANIFEST-01699,REC-01699,PKG-01699,PROD-001,ASSET-PLC-001,1.0.0,20262527,RUN-20260828-01a55fcf
MANIFEST-01700,REC-01700,PKG-01700,PROD-003,ASSET-PLC-001,1.0.0,20262528,RUN-20260828-01a55fcf
MANIFEST-01701,REC-01701,PKG-01701,PROD-005,ASSET-DCS-001,1.0.0,20262529,RUN-20260828-01a55fcf
MANIFEST-01702,REC-01702,PKG-01702,PROD-005,ASSET-SIS-001,1.0.0,20262530,RUN-20260828-01a55fcf
MANIFEST-01703,REC-01703,PKG-01703,PROD-003,ASSET-OPC-001,1.0.0,20262531,RUN-20260828-01a55fcf
MANIFEST-01704,REC-01704,PKG-01704,PROD-002,ASSET-SIS-001,1.0.0,20262532,RUN-20260828-01a55fcf
MANIFEST-01705,REC-01705,PKG-01705,PROD-004,ASSET-OPC-001,1.0.0,20262533,RUN-20260828-01a55fcf
MANIFEST-01706,REC-01706,PKG-01706,PROD-001,ASSET-DCS-001,1.0.0,20262534,RUN-20260828-01a55fcf
MANIFEST-01707,REC-01707,PKG-01707,PROD-004,ASSET-OPC-001,1.0.0,20262535,RUN-20260828-01a55fcf
MANIFEST-01708,REC-01708,PKG-01708,PROD-001,ASSET-OPC-001,1.0.0,20262536,RUN-20260828-01a55fcf
MANIFEST-01709,REC-01709,PKG-01709,PROD-005,ASSET-PLC-001,1.0.0,20262537,RUN-20260828-01a55fcf
MANIFEST-01710,REC-01710,PKG-01710,PROD-005,ASSET-SIS-001,1.0.0,20262538,RUN-20260828-01a55fcf
MANIFEST-01711,REC-01711,PKG-01711,PROD-001,ASSET-PLC-001,1.0.0,20262539,RUN-20260828-01a55fcf
MANIFEST-01712,REC-01712,PKG-01712,PROD-004,ASSET-PLC-001,1.0.0,20262540,RUN-20260828-01a55fcf
MANIFEST-01713,REC-01713,PKG-01713,PROD-003,ASSET-PLC-001,1.0.0,20262541,RUN-20260828-01a55fcf
MANIFEST-01714,REC-01714,PKG-01714,PROD-005,ASSET-OPC-001,1.0.0,20262542,RUN-20260828-01a55fcf
MANIFEST-01715,REC-01715,PKG-01715,PROD-004,ASSET-OPC-001,1.0.0,20262543,RUN-20260828-01a55fcf
MANIFEST-01716,REC-01716,PKG-01716,PROD-004,ASSET-SIS-001,1.0.0,20262544,RUN-20260828-01a55fcf
MANIFEST-01717,REC-01717,PKG-01717,PROD-004,ASSET-RTU-001,1.0.0,20262545,RUN-20260828-01a55fcf
MANIFEST-01718,REC-01718,PKG-01718,PROD-005,ASSET-SIS-001,1.0.0,20262546,RUN-20260828-01a55fcf
MANIFEST-01719,REC-01719,PKG-01719,PROD-004,ASSET-SIS-001,1.0.0,20262547,RUN-20260828-01a55fcf
MANIFEST-01720,REC-01720,PKG-01720,PROD-005,ASSET-PLC-001,1.0.0,20262548,RUN-20260828-01a55fcf
MANIFEST-01721,REC-01721,PKG-01721,PROD-002,ASSET-DCS-001,1.0.0,20262549,RUN-20260828-01a55fcf
MANIFEST-01722,REC-01722,PKG-01722,PROD-001,ASSET-OPC-001,1.0.0,20262550,RUN-20260828-01a55fcf
MANIFEST-01723,REC-01723,PKG-01723,PROD-001,ASSET-PLC-001,1.0.0,20262551,RUN-20260828-01a55fcf
MANIFEST-01724,REC-01724,PKG-01724,PROD-001,ASSET-PLC-001,1.0.0,20262552,RUN-20260828-01a55fcf
MANIFEST-01725,REC-01725,PKG-01725,PROD-004,ASSET-DCS-001,1.0.0,20262553,RUN-20260828-01a55fcf
MANIFEST-01726,REC-01726,PKG-01726,PROD-001,ASSET-DCS-001,1.0.0,20262554,RUN-20260828-01a55fcf
MANIFEST-01727,REC-01727,PKG-01727,PROD-001,ASSET-PLC-001,1.0.0,20262555,RUN-20260828-01a55fcf
MANIFEST-01728,REC-01728,PKG-01728,PROD-005,ASSET-RTU-001,1.0.0,20262556,RUN-20260828-01a55fcf
MANIFEST-01729,REC-01729,PKG-01729,PROD-002,ASSET-RTU-001,1.0.0,20262557,RUN-20260828-01a55fcf
MANIFEST-01730,REC-01730,PKG-01730,PROD-001,ASSET-SIS-001,1.0.0,20262558,RUN-20260828-01a55fcf
MANIFEST-01731,REC-01731,PKG-01731,PROD-005,ASSET-SIS-001,1.0.0,20262559,RUN-20260828-01a55fcf
MANIFEST-01732,REC-01732,PKG-01732,PROD-001,ASSET-DCS-001,1.0.0,20262560,RUN-20260828-01a55fcf
MANIFEST-01733,REC-01733,PKG-01733,PROD-003,ASSET-DCS-001,1.0.0,20262561,RUN-20260828-01a55fcf
MANIFEST-01734,REC-01734,PKG-01734,PROD-004,ASSET-SIS-001,1.0.0,20262562,RUN-20260828-01a55fcf
MANIFEST-01735,REC-01735,PKG-01735,PROD-004,ASSET-DCS-001,1.0.0,20262563,RUN-20260828-01a55fcf
MANIFEST-01736,REC-01736,PKG-01736,PROD-003,ASSET-SIS-001,1.0.0,20262564,RUN-20260828-01a55fcf
MANIFEST-01737,REC-01737,PKG-01737,PROD-001,ASSET-PLC-001,1.0.0,20262565,RUN-20260828-01a55fcf
MANIFEST-01738,REC-01738,PKG-01738,PROD-005,ASSET-RTU-001,1.0.0,20262566,RUN-20260828-01a55fcf
MANIFEST-01739,REC-01739,PKG-01739,PROD-003,ASSET-DCS-001,1.0.0,20262567,RUN-20260828-01a55fcf
MANIFEST-01740,REC-01740,PKG-01740,PROD-002,ASSET-RTU-001,1.0.0,20262568,RUN-20260828-01a55fcf
MANIFEST-01741,REC-01741,PKG-01741,PROD-001,ASSET-OPC-001,1.0.0,20262569,RUN-20260828-01a55fcf
MANIFEST-01742,REC-01742,PKG-01742,PROD-001,ASSET-RTU-001,1.0.0,20262570,RUN-20260828-01a55fcf
MANIFEST-01743,REC-01743,PKG-01743,PROD-002,ASSET-SIS-001,1.0.0,20262571,RUN-20260828-01a55fcf
MANIFEST-01744,REC-01744,PKG-01744,PROD-001,ASSET-RTU-001,1.0.0,20262572,RUN-20260828-01a55fcf
MANIFEST-01745,REC-01745,PKG-01745,PROD-005,ASSET-OPC-001,1.0.0,20262573,RUN-20260828-01a55fcf
MANIFEST-01746,REC-01746,PKG-01746,PROD-004,ASSET-PLC-001,1.0.0,20262574,RUN-20260828-01a55fcf
MANIFEST-01747,REC-01747,PKG-01747,PROD-002,ASSET-RTU-001,1.0.0,20262575,RUN-20260828-01a55fcf
MANIFEST-01748,REC-01748,PKG-01748,PROD-004,ASSET-DCS-001,1.0.0,20262576,RUN-20260828-01a55fcf
MANIFEST-01749,REC-01749,PKG-01749,PROD-005,ASSET-RTU-001,1.0.0,20262577,RUN-20260828-01a55fcf
MANIFEST-01750,REC-01750,PKG-01750,PROD-004,ASSET-DCS-001,1.0.0,20262578,RUN-20260828-01a55fcf
MANIFEST-01751,REC-01751,PKG-01751,PROD-003,ASSET-PLC-001,1.0.0,20262579,RUN-20260828-01a55fcf
MANIFEST-01752,REC-01752,PKG-01752,PROD-002,ASSET-DCS-001,1.0.0,20262580,RUN-20260828-01a55fcf
MANIFEST-01753,REC-01753,PKG-01753,PROD-001,ASSET-DCS-001,1.0.0,20262581,RUN-20260828-01a55fcf
MANIFEST-01754,REC-01754,PKG-01754,PROD-003,ASSET-DCS-001,1.0.0,20262582,RUN-20260828-01a55fcf
MANIFEST-01755,REC-01755,PKG-01755,PROD-005,ASSET-PLC-001,1.0.0,20262583,RUN-20260828-01a55fcf
MANIFEST-01756,REC-01756,PKG-01756,PROD-002,ASSET-PLC-001,1.0.0,20262584,RUN-20260828-01a55fcf
MANIFEST-01757,REC-01757,PKG-01757,PROD-001,ASSET-PLC-001,1.0.0,20262585,RUN-20260828-01a55fcf
MANIFEST-01758,REC-01758,PKG-01758,PROD-004,ASSET-DCS-001,1.0.0,20262586,RUN-20260828-01a55fcf
MANIFEST-01759,REC-01759,PKG-01759,PROD-001,ASSET-OPC-001,1.0.0,20262587,RUN-20260828-01a55fcf
MANIFEST-01760,REC-01760,PKG-01760,PROD-005,ASSET-RTU-001,1.0.0,20262588,RUN-20260828-01a55fcf
MANIFEST-01761,REC-01761,PKG-01761,PROD-004,ASSET-SIS-001,1.0.0,20262589,RUN-20260828-01a55fcf
MANIFEST-01762,REC-01762,PKG-01762,PROD-004,ASSET-DCS-001,1.0.0,20262590,RUN-20260828-01a55fcf
MANIFEST-01763,REC-01763,PKG-01763,PROD-002,ASSET-SIS-001,1.0.0,20262591,RUN-20260828-01a55fcf
MANIFEST-01764,REC-01764,PKG-01764,PROD-001,ASSET-PLC-001,1.0.0,20262592,RUN-20260828-01a55fcf
MANIFEST-01765,REC-01765,PKG-01765,PROD-005,ASSET-SIS-001,1.0.0,20262593,RUN-20260828-01a55fcf
MANIFEST-01766,REC-01766,PKG-01766,PROD-002,ASSET-DCS-001,1.0.0,20262594,RUN-20260828-01a55fcf
MANIFEST-01767,REC-01767,PKG-01767,PROD-001,ASSET-OPC-001,1.0.0,20262595,RUN-20260828-01a55fcf
MANIFEST-01768,REC-01768,PKG-01768,PROD-005,ASSET-DCS-001,1.0.0,20262596,RUN-20260828-01a55fcf
MANIFEST-01769,REC-01769,PKG-01769,PROD-002,ASSET-SIS-001,1.0.0,20262597,RUN-20260828-01a55fcf
MANIFEST-01770,REC-01770,PKG-01770,PROD-005,ASSET-DCS-001,1.0.0,20262598,RUN-20260828-01a55fcf
MANIFEST-01771,REC-01771,PKG-01771,PROD-001,ASSET-DCS-001,1.0.0,20262599,RUN-20260828-01a55fcf
MANIFEST-01772,REC-01772,PKG-01772,PROD-005,ASSET-RTU-001,1.0.0,20262600,RUN-20260828-01a55fcf
MANIFEST-01773,REC-01773,PKG-01773,PROD-004,ASSET-DCS-001,1.0.0,20262601,RUN-20260828-01a55fcf
MANIFEST-01774,REC-01774,PKG-01774,PROD-004,ASSET-DCS-001,1.0.0,20262602,RUN-20260828-01a55fcf
MANIFEST-01775,REC-01775,PKG-01775,PROD-004,ASSET-PLC-001,1.0.0,20262603,RUN-20260828-01a55fcf
MANIFEST-01776,REC-01776,PKG-01776,PROD-001,ASSET-PLC-001,1.0.0,20262604,RUN-20260828-01a55fcf
MANIFEST-01777,REC-01777,PKG-01777,PROD-001,ASSET-DCS-001,1.0.0,20262605,RUN-20260828-01a55fcf
MANIFEST-01778,REC-01778,PKG-01778,PROD-001,ASSET-RTU-001,1.0.0,20262606,RUN-20260828-01a55fcf
MANIFEST-01779,REC-01779,PKG-01779,PROD-005,ASSET-OPC-001,1.0.0,20262607,RUN-20260828-01a55fcf
MANIFEST-01780,REC-01780,PKG-01780,PROD-001,ASSET-OPC-001,1.0.0,20262608,RUN-20260828-01a55fcf
MANIFEST-01781,REC-01781,PKG-01781,PROD-005,ASSET-SIS-001,1.0.0,20262609,RUN-20260828-01a55fcf
MANIFEST-01782,REC-01782,PKG-01782,PROD-005,ASSET-OPC-001,1.0.0,20262610,RUN-20260828-01a55fcf
MANIFEST-01783,REC-01783,PKG-01783,PROD-005,ASSET-PLC-001,1.0.0,20262611,RUN-20260828-01a55fcf
MANIFEST-01784,REC-01784,PKG-01784,PROD-004,ASSET-OPC-001,1.0.0,20262612,RUN-20260828-01a55fcf
MANIFEST-01785,REC-01785,PKG-01785,PROD-005,ASSET-DCS-001,1.0.0,20262613,RUN-20260828-01a55fcf
MANIFEST-01786,REC-01786,PKG-01786,PROD-005,ASSET-DCS-001,1.0.0,20262614,RUN-20260828-01a55fcf
MANIFEST-01787,REC-01787,PKG-01787,PROD-005,ASSET-RTU-001,1.0.0,20262615,RUN-20260828-01a55fcf
MANIFEST-01788,REC-01788,PKG-01788,PROD-003,ASSET-SIS-001,1.0.0,20262616,RUN-20260828-01a55fcf
MANIFEST-01789,REC-01789,PKG-01789,PROD-002,ASSET-SIS-001,1.0.0,20262617,RUN-20260828-01a55fcf
MANIFEST-01790,REC-01790,PKG-01790,PROD-001,ASSET-SIS-001,1.0.0,20262618,RUN-20260828-01a55fcf
MANIFEST-01791,REC-01791,PKG-01791,PROD-003,ASSET-DCS-001,1.0.0,20262619,RUN-20260828-01a55fcf
MANIFEST-01792,REC-01792,PKG-01792,PROD-002,ASSET-OPC-001,1.0.0,20262620,RUN-20260828-01a55fcf
MANIFEST-01793,REC-01793,PKG-01793,PROD-002,ASSET-DCS-001,1.0.0,20262621,RUN-20260828-01a55fcf
MANIFEST-01794,REC-01794,PKG-01794,PROD-003,ASSET-OPC-001,1.0.0,20262622,RUN-20260828-01a55fcf
MANIFEST-01795,REC-01795,PKG-01795,PROD-003,ASSET-PLC-001,1.0.0,20262623,RUN-20260828-01a55fcf
MANIFEST-01796,REC-01796,PKG-01796,PROD-005,ASSET-SIS-001,1.0.0,20262624,RUN-20260828-01a55fcf
MANIFEST-01797,REC-01797,PKG-01797,PROD-004,ASSET-SIS-001,1.0.0,20262625,RUN-20260828-01a55fcf
MANIFEST-01798,REC-01798,PKG-01798,PROD-003,ASSET-DCS-001,1.0.0,20262626,RUN-20260828-01a55fcf
MANIFEST-01799,REC-01799,PKG-01799,PROD-003,ASSET-SIS-001,1.0.0,20262627,RUN-20260828-01a55fcf
MANIFEST-01800,REC-01800,PKG-01800,PROD-002,ASSET-RTU-001,1.0.0,20262628,RUN-20260828-01a55fcf
MANIFEST-01801,REC-01801,PKG-01801,PROD-003,ASSET-OPC-001,1.0.0,20262629,RUN-20260828-01a55fcf
MANIFEST-01802,REC-01802,PKG-01802,PROD-002,ASSET-OPC-001,1.0.0,20262630,RUN-20260828-01a55fcf
MANIFEST-01803,REC-01803,PKG-01803,PROD-005,ASSET-PLC-001,1.0.0,20262631,RUN-20260828-01a55fcf
MANIFEST-01804,REC-01804,PKG-01804,PROD-004,ASSET-OPC-001,1.0.0,20262632,RUN-20260828-01a55fcf
MANIFEST-01805,REC-01805,PKG-01805,PROD-004,ASSET-OPC-001,1.0.0,20262633,RUN-20260828-01a55fcf
MANIFEST-01806,REC-01806,PKG-01806,PROD-003,ASSET-PLC-001,1.0.0,20262634,RUN-20260828-01a55fcf
MANIFEST-01807,REC-01807,PKG-01807,PROD-005,ASSET-PLC-001,1.0.0,20262635,RUN-20260828-01a55fcf
MANIFEST-01808,REC-01808,PKG-01808,PROD-004,ASSET-OPC-001,1.0.0,20262636,RUN-20260828-01a55fcf
MANIFEST-01809,REC-01809,PKG-01809,PROD-001,ASSET-OPC-001,1.0.0,20262637,RUN-20260828-01a55fcf
MANIFEST-01810,REC-01810,PKG-01810,PROD-005,ASSET-SIS-001,1.0.0,20262638,RUN-20260828-01a55fcf
MANIFEST-01811,REC-01811,PKG-01811,PROD-002,ASSET-SIS-001,1.0.0,20262639,RUN-20260828-01a55fcf
MANIFEST-01812,REC-01812,PKG-01812,PROD-002,ASSET-DCS-001,1.0.0,20262640,RUN-20260828-01a55fcf
MANIFEST-01813,REC-01813,PKG-01813,PROD-001,ASSET-OPC-001,1.0.0,20262641,RUN-20260828-01a55fcf
MANIFEST-01814,REC-01814,PKG-01814,PROD-003,ASSET-SIS-001,1.0.0,20262642,RUN-20260828-01a55fcf
MANIFEST-01815,REC-01815,PKG-01815,PROD-001,ASSET-OPC-001,1.0.0,20262643,RUN-20260828-01a55fcf
MANIFEST-01816,REC-01816,PKG-01816,PROD-002,ASSET-PLC-001,1.0.0,20262644,RUN-20260828-01a55fcf
MANIFEST-01817,REC-01817,PKG-01817,PROD-001,ASSET-DCS-001,1.0.0,20262645,RUN-20260828-01a55fcf
MANIFEST-01818,REC-01818,PKG-01818,PROD-003,ASSET-PLC-001,1.0.0,20262646,RUN-20260828-01a55fcf
MANIFEST-01819,REC-01819,PKG-01819,PROD-001,ASSET-RTU-001,1.0.0,20262647,RUN-20260828-01a55fcf
MANIFEST-01820,REC-01820,PKG-01820,PROD-004,ASSET-OPC-001,1.0.0,20262648,RUN-20260828-01a55fcf
MANIFEST-01821,REC-01821,PKG-01821,PROD-003,ASSET-OPC-001,1.0.0,20262649,RUN-20260828-01a55fcf
MANIFEST-01822,REC-01822,PKG-01822,PROD-003,ASSET-OPC-001,1.0.0,20262650,RUN-20260828-01a55fcf
MANIFEST-01823,REC-01823,PKG-01823,PROD-003,ASSET-SIS-001,1.0.0,20262651,RUN-20260828-01a55fcf
MANIFEST-01824,REC-01824,PKG-01824,PROD-005,ASSET-SIS-001,1.0.0,20262652,RUN-20260828-01a55fcf
MANIFEST-01825,REC-01825,PKG-01825,PROD-001,ASSET-SIS-001,1.0.0,20262653,RUN-20260828-01a55fcf
MANIFEST-01826,REC-01826,PKG-01826,PROD-004,ASSET-OPC-001,1.0.0,20262654,RUN-20260828-01a55fcf
MANIFEST-01827,REC-01827,PKG-01827,PROD-005,ASSET-PLC-001,1.0.0,20262655,RUN-20260828-01a55fcf
MANIFEST-01828,REC-01828,PKG-01828,PROD-004,ASSET-SIS-001,1.0.0,20262656,RUN-20260828-01a55fcf
MANIFEST-01829,REC-01829,PKG-01829,PROD-001,ASSET-SIS-001,1.0.0,20262657,RUN-20260828-01a55fcf
MANIFEST-01830,REC-01830,PKG-01830,PROD-002,ASSET-PLC-001,1.0.0,20262658,RUN-20260828-01a55fcf
MANIFEST-01831,REC-01831,PKG-01831,PROD-005,ASSET-OPC-001,1.0.0,20262659,RUN-20260828-01a55fcf
MANIFEST-01832,REC-01832,PKG-01832,PROD-004,ASSET-PLC-001,1.0.0,20262660,RUN-20260828-01a55fcf
MANIFEST-01833,REC-01833,PKG-01833,PROD-003,ASSET-SIS-001,1.0.0,20262661,RUN-20260828-01a55fcf
MANIFEST-01834,REC-01834,PKG-01834,PROD-001,ASSET-RTU-001,1.0.0,20262662,RUN-20260828-01a55fcf
MANIFEST-01835,REC-01835,PKG-01835,PROD-002,ASSET-SIS-001,1.0.0,20262663,RUN-20260828-01a55fcf
MANIFEST-01836,REC-01836,PKG-01836,PROD-001,ASSET-OPC-001,1.0.0,20262664,RUN-20260828-01a55fcf
MANIFEST-01837,REC-01837,PKG-01837,PROD-003,ASSET-RTU-001,1.0.0,20262665,RUN-20260828-01a55fcf
MANIFEST-01838,REC-01838,PKG-01838,PROD-002,ASSET-OPC-001,1.0.0,20262666,RUN-20260828-01a55fcf
MANIFEST-01839,REC-01839,PKG-01839,PROD-002,ASSET-SIS-001,1.0.0,20262667,RUN-20260828-01a55fcf
MANIFEST-01840,REC-01840,PKG-01840,PROD-002,ASSET-OPC-001,1.0.0,20262668,RUN-20260828-01a55fcf
MANIFEST-01841,REC-01841,PKG-01841,PROD-005,ASSET-PLC-001,1.0.0,20262669,RUN-20260828-01a55fcf
MANIFEST-01842,REC-01842,PKG-01842,PROD-002,ASSET-PLC-001,1.0.0,20262670,RUN-20260828-01a55fcf
MANIFEST-01843,REC-01843,PKG-01843,PROD-001,ASSET-RTU-001,1.0.0,20262671,RUN-20260828-01a55fcf
MANIFEST-01844,REC-01844,PKG-01844,PROD-002,ASSET-OPC-001,1.0.0,20262672,RUN-20260828-01a55fcf
MANIFEST-01845,REC-01845,PKG-01845,PROD-001,ASSET-RTU-001,1.0.0,20262673,RUN-20260828-01a55fcf
MANIFEST-01846,REC-01846,PKG-01846,PROD-002,ASSET-OPC-001,1.0.0,20262674,RUN-20260828-01a55fcf
MANIFEST-01847,REC-01847,PKG-01847,PROD-002,ASSET-SIS-001,1.0.0,20262675,RUN-20260828-01a55fcf
MANIFEST-01848,REC-01848,PKG-01848,PROD-005,ASSET-PLC-001,1.0.0,20262676,RUN-20260828-01a55fcf
MANIFEST-01849,REC-01849,PKG-01849,PROD-002,ASSET-RTU-001,1.0.0,20262677,RUN-20260828-01a55fcf
MANIFEST-01850,REC-01850,PKG-01850,PROD-004,ASSET-OPC-001,1.0.0,20262678,RUN-20260828-01a55fcf
MANIFEST-01851,REC-01851,PKG-01851,PROD-005,ASSET-DCS-001,1.0.0,20262679,RUN-20260828-01a55fcf
MANIFEST-01852,REC-01852,PKG-01852,PROD-003,ASSET-OPC-001,1.0.0,20262680,RUN-20260828-01a55fcf
MANIFEST-01853,REC-01853,PKG-01853,PROD-001,ASSET-DCS-001,1.0.0,20262681,RUN-20260828-01a55fcf
MANIFEST-01854,REC-01854,PKG-01854,PROD-002,ASSET-OPC-001,1.0.0,20262682,RUN-20260828-01a55fcf
MANIFEST-01855,REC-01855,PKG-01855,PROD-003,ASSET-SIS-001,1.0.0,20262683,RUN-20260828-01a55fcf
MANIFEST-01856,REC-01856,PKG-01856,PROD-005,ASSET-RTU-001,1.0.0,20262684,RUN-20260828-01a55fcf
MANIFEST-01857,REC-01857,PKG-01857,PROD-004,ASSET-RTU-001,1.0.0,20262685,RUN-20260828-01a55fcf
MANIFEST-01858,REC-01858,PKG-01858,PROD-001,ASSET-PLC-001,1.0.0,20262686,RUN-20260828-01a55fcf
MANIFEST-01859,REC-01859,PKG-01859,PROD-003,ASSET-DCS-001,1.0.0,20262687,RUN-20260828-01a55fcf
MANIFEST-01860,REC-01860,PKG-01860,PROD-002,ASSET-RTU-001,1.0.0,20262688,RUN-20260828-01a55fcf
MANIFEST-01861,REC-01861,PKG-01861,PROD-004,ASSET-RTU-001,1.0.0,20262689,RUN-20260828-01a55fcf
MANIFEST-01862,REC-01862,PKG-01862,PROD-002,ASSET-DCS-001,1.0.0,20262690,RUN-20260828-01a55fcf
MANIFEST-01863,REC-01863,PKG-01863,PROD-003,ASSET-PLC-001,1.0.0,20262691,RUN-20260828-01a55fcf
MANIFEST-01864,REC-01864,PKG-01864,PROD-004,ASSET-PLC-001,1.0.0,20262692,RUN-20260828-01a55fcf
MANIFEST-01865,REC-01865,PKG-01865,PROD-002,ASSET-SIS-001,1.0.0,20262693,RUN-20260828-01a55fcf
MANIFEST-01866,REC-01866,PKG-01866,PROD-001,ASSET-OPC-001,1.0.0,20262694,RUN-20260828-01a55fcf
MANIFEST-01867,REC-01867,PKG-01867,PROD-001,ASSET-DCS-001,1.0.0,20262695,RUN-20260828-01a55fcf
MANIFEST-01868,REC-01868,PKG-01868,PROD-001,ASSET-RTU-001,1.0.0,20262696,RUN-20260828-01a55fcf
MANIFEST-01869,REC-01869,PKG-01869,PROD-003,ASSET-PLC-001,1.0.0,20262697,RUN-20260828-01a55fcf
MANIFEST-01870,REC-01870,PKG-01870,PROD-002,ASSET-OPC-001,1.0.0,20262698,RUN-20260828-01a55fcf
MANIFEST-01871,REC-01871,PKG-01871,PROD-003,ASSET-RTU-001,1.0.0,20262699,RUN-20260828-01a55fcf
MANIFEST-01872,REC-01872,PKG-01872,PROD-004,ASSET-RTU-001,1.0.0,20262700,RUN-20260828-01a55fcf
MANIFEST-01873,REC-01873,PKG-01873,PROD-005,ASSET-PLC-001,1.0.0,20262701,RUN-20260828-01a55fcf
MANIFEST-01874,REC-01874,PKG-01874,PROD-003,ASSET-DCS-001,1.0.0,20262702,RUN-20260828-01a55fcf
MANIFEST-01875,REC-01875,PKG-01875,PROD-005,ASSET-OPC-001,1.0.0,20262703,RUN-20260828-01a55fcf
MANIFEST-01876,REC-01876,PKG-01876,PROD-005,ASSET-DCS-001,1.0.0,20262704,RUN-20260828-01a55fcf
MANIFEST-01877,REC-01877,PKG-01877,PROD-001,ASSET-PLC-001,1.0.0,20262705,RUN-20260828-01a55fcf
MANIFEST-01878,REC-01878,PKG-01878,PROD-003,ASSET-OPC-001,1.0.0,20262706,RUN-20260828-01a55fcf
MANIFEST-01879,REC-01879,PKG-01879,PROD-004,ASSET-DCS-001,1.0.0,20262707,RUN-20260828-01a55fcf
MANIFEST-01880,REC-01880,PKG-01880,PROD-005,ASSET-OPC-001,1.0.0,20262708,RUN-20260828-01a55fcf
MANIFEST-01881,REC-01881,PKG-01881,PROD-001,ASSET-OPC-001,1.0.0,20262709,RUN-20260828-01a55fcf
MANIFEST-01882,REC-01882,PKG-01882,PROD-003,ASSET-PLC-001,1.0.0,20262710,RUN-20260828-01a55fcf
MANIFEST-01883,REC-01883,PKG-01883,PROD-003,ASSET-PLC-001,1.0.0,20262711,RUN-20260828-01a55fcf
MANIFEST-01884,REC-01884,PKG-01884,PROD-002,ASSET-OPC-001,1.0.0,20262712,RUN-20260828-01a55fcf
MANIFEST-01885,REC-01885,PKG-01885,PROD-003,ASSET-PLC-001,1.0.0,20262713,RUN-20260828-01a55fcf
MANIFEST-01886,REC-01886,PKG-01886,PROD-005,ASSET-SIS-001,1.0.0,20262714,RUN-20260828-01a55fcf
MANIFEST-01887,REC-01887,PKG-01887,PROD-004,ASSET-SIS-001,1.0.0,20262715,RUN-20260828-01a55fcf
MANIFEST-01888,REC-01888,PKG-01888,PROD-001,ASSET-OPC-001,1.0.0,20262716,RUN-20260828-01a55fcf
MANIFEST-01889,REC-01889,PKG-01889,PROD-002,ASSET-SIS-001,1.0.0,20262717,RUN-20260828-01a55fcf
MANIFEST-01890,REC-01890,PKG-01890,PROD-002,ASSET-PLC-001,1.0.0,20262718,RUN-20260828-01a55fcf
MANIFEST-01891,REC-01891,PKG-01891,PROD-005,ASSET-DCS-001,1.0.0,20262719,RUN-20260828-01a55fcf
MANIFEST-01892,REC-01892,PKG-01892,PROD-005,ASSET-DCS-001,1.0.0,20262720,RUN-20260828-01a55fcf
MANIFEST-01893,REC-01893,PKG-01893,PROD-005,ASSET-RTU-001,1.0.0,20262721,RUN-20260828-01a55fcf
MANIFEST-01894,REC-01894,PKG-01894,PROD-003,ASSET-SIS-001,1.0.0,20262722,RUN-20260828-01a55fcf
MANIFEST-01895,REC-01895,PKG-01895,PROD-004,ASSET-DCS-001,1.0.0,20262723,RUN-20260828-01a55fcf
MANIFEST-01896,REC-01896,PKG-01896,PROD-004,ASSET-RTU-001,1.0.0,20262724,RUN-20260828-01a55fcf
MANIFEST-01897,REC-01897,PKG-01897,PROD-001,ASSET-SIS-001,1.0.0,20262725,RUN-20260828-01a55fcf
MANIFEST-01898,REC-01898,PKG-01898,PROD-005,ASSET-RTU-001,1.0.0,20262726,RUN-20260828-01a55fcf
MANIFEST-01899,REC-01899,PKG-01899,PROD-002,ASSET-SIS-001,1.0.0,20262727,RUN-20260828-01a55fcf
MANIFEST-01900,REC-01900,PKG-01900,PROD-005,ASSET-SIS-001,1.0.0,20262728,RUN-20260828-01a55fcf
MANIFEST-01901,REC-01901,PKG-01901,PROD-005,ASSET-OPC-001,1.0.0,20262729,RUN-20260828-01a55fcf
MANIFEST-01902,REC-01902,PKG-01902,PROD-002,ASSET-SIS-001,1.0.0,20262730,RUN-20260828-01a55fcf
MANIFEST-01903,REC-01903,PKG-01903,PROD-003,ASSET-SIS-001,1.0.0,20262731,RUN-20260828-01a55fcf
MANIFEST-01904,REC-01904,PKG-01904,PROD-002,ASSET-PLC-001,1.0.0,20262732,RUN-20260828-01a55fcf
MANIFEST-01905,REC-01905,PKG-01905,PROD-001,ASSET-SIS-001,1.0.0,20262733,RUN-20260828-01a55fcf
MANIFEST-01906,REC-01906,PKG-01906,PROD-002,ASSET-SIS-001,1.0.0,20262734,RUN-20260828-01a55fcf
MANIFEST-01907,REC-01907,PKG-01907,PROD-001,ASSET-RTU-001,1.0.0,20262735,RUN-20260828-01a55fcf
MANIFEST-01908,REC-01908,PKG-01908,PROD-002,ASSET-DCS-001,1.0.0,20262736,RUN-20260828-01a55fcf
MANIFEST-01909,REC-01909,PKG-01909,PROD-004,ASSET-PLC-001,1.0.0,20262737,RUN-20260828-01a55fcf
MANIFEST-01910,REC-01910,PKG-01910,PROD-002,ASSET-OPC-001,1.0.0,20262738,RUN-20260828-01a55fcf
MANIFEST-01911,REC-01911,PKG-01911,PROD-001,ASSET-PLC-001,1.0.0,20262739,RUN-20260828-01a55fcf
MANIFEST-01912,REC-01912,PKG-01912,PROD-004,ASSET-DCS-001,1.0.0,20262740,RUN-20260828-01a55fcf
MANIFEST-01913,REC-01913,PKG-01913,PROD-005,ASSET-DCS-001,1.0.0,20262741,RUN-20260828-01a55fcf
MANIFEST-01914,REC-01914,PKG-01914,PROD-003,ASSET-PLC-001,1.0.0,20262742,RUN-20260828-01a55fcf
MANIFEST-01915,REC-01915,PKG-01915,PROD-003,ASSET-PLC-001,1.0.0,20262743,RUN-20260828-01a55fcf
MANIFEST-01916,REC-01916,PKG-01916,PROD-005,ASSET-RTU-001,1.0.0,20262744,RUN-20260828-01a55fcf
MANIFEST-01917,REC-01917,PKG-01917,PROD-004,ASSET-OPC-001,1.0.0,20262745,RUN-20260828-01a55fcf
MANIFEST-01918,REC-01918,PKG-01918,PROD-002,ASSET-PLC-001,1.0.0,20262746,RUN-20260828-01a55fcf
MANIFEST-01919,REC-01919,PKG-01919,PROD-001,ASSET-SIS-001,1.0.0,20262747,RUN-20260828-01a55fcf
MANIFEST-01920,REC-01920,PKG-01920,PROD-004,ASSET-PLC-001,1.0.0,20262748,RUN-20260828-01a55fcf
MANIFEST-01921,REC-01921,PKG-01921,PROD-005,ASSET-DCS-001,1.0.0,20262749,RUN-20260828-01a55fcf
MANIFEST-01922,REC-01922,PKG-01922,PROD-002,ASSET-RTU-001,1.0.0,20262750,RUN-20260828-01a55fcf
MANIFEST-01923,REC-01923,PKG-01923,PROD-005,ASSET-PLC-001,1.0.0,20262751,RUN-20260828-01a55fcf
MANIFEST-01924,REC-01924,PKG-01924,PROD-004,ASSET-PLC-001,1.0.0,20262752,RUN-20260828-01a55fcf
MANIFEST-01925,REC-01925,PKG-01925,PROD-001,ASSET-DCS-001,1.0.0,20262753,RUN-20260828-01a55fcf
MANIFEST-01926,REC-01926,PKG-01926,PROD-005,ASSET-PLC-001,1.0.0,20262754,RUN-20260828-01a55fcf
MANIFEST-01927,REC-01927,PKG-01927,PROD-001,ASSET-RTU-001,1.0.0,20262755,RUN-20260828-01a55fcf
MANIFEST-01928,REC-01928,PKG-01928,PROD-002,ASSET-DCS-001,1.0.0,20262756,RUN-20260828-01a55fcf
MANIFEST-01929,REC-01929,PKG-01929,PROD-003,ASSET-DCS-001,1.0.0,20262757,RUN-20260828-01a55fcf
MANIFEST-01930,REC-01930,PKG-01930,PROD-003,ASSET-PLC-001,1.0.0,20262758,RUN-20260828-01a55fcf
MANIFEST-01931,REC-01931,PKG-01931,PROD-003,ASSET-PLC-001,1.0.0,20262759,RUN-20260828-01a55fcf
MANIFEST-01932,REC-01932,PKG-01932,PROD-004,ASSET-PLC-001,1.0.0,20262760,RUN-20260828-01a55fcf
MANIFEST-01933,REC-01933,PKG-01933,PROD-002,ASSET-RTU-001,1.0.0,20262761,RUN-20260828-01a55fcf
MANIFEST-01934,REC-01934,PKG-01934,PROD-004,ASSET-RTU-001,1.0.0,20262762,RUN-20260828-01a55fcf
MANIFEST-01935,REC-01935,PKG-01935,PROD-005,ASSET-RTU-001,1.0.0,20262763,RUN-20260828-01a55fcf
MANIFEST-01936,REC-01936,PKG-01936,PROD-003,ASSET-PLC-001,1.0.0,20262764,RUN-20260828-01a55fcf
MANIFEST-01937,REC-01937,PKG-01937,PROD-003,ASSET-SIS-001,1.0.0,20262765,RUN-20260828-01a55fcf
MANIFEST-01938,REC-01938,PKG-01938,PROD-003,ASSET-DCS-001,1.0.0,20262766,RUN-20260828-01a55fcf
MANIFEST-01939,REC-01939,PKG-01939,PROD-004,ASSET-OPC-001,1.0.0,20262767,RUN-20260828-01a55fcf
MANIFEST-01940,REC-01940,PKG-01940,PROD-003,ASSET-RTU-001,1.0.0,20262768,RUN-20260828-01a55fcf
MANIFEST-01941,REC-01941,PKG-01941,PROD-002,ASSET-PLC-001,1.0.0,20262769,RUN-20260828-01a55fcf
MANIFEST-01942,REC-01942,PKG-01942,PROD-005,ASSET-SIS-001,1.0.0,20262770,RUN-20260828-01a55fcf
MANIFEST-01943,REC-01943,PKG-01943,PROD-003,ASSET-RTU-001,1.0.0,20262771,RUN-20260828-01a55fcf
MANIFEST-01944,REC-01944,PKG-01944,PROD-003,ASSET-OPC-001,1.0.0,20262772,RUN-20260828-01a55fcf
MANIFEST-01945,REC-01945,PKG-01945,PROD-003,ASSET-SIS-001,1.0.0,20262773,RUN-20260828-01a55fcf
MANIFEST-01946,REC-01946,PKG-01946,PROD-002,ASSET-SIS-001,1.0.0,20262774,RUN-20260828-01a55fcf
MANIFEST-01947,REC-01947,PKG-01947,PROD-005,ASSET-PLC-001,1.0.0,20262775,RUN-20260828-01a55fcf
MANIFEST-01948,REC-01948,PKG-01948,PROD-002,ASSET-SIS-001,1.0.0,20262776,RUN-20260828-01a55fcf
MANIFEST-01949,REC-01949,PKG-01949,PROD-001,ASSET-DCS-001,1.0.0,20262777,RUN-20260828-01a55fcf
MANIFEST-01950,REC-01950,PKG-01950,PROD-003,ASSET-PLC-001,1.0.0,20262778,RUN-20260828-01a55fcf
MANIFEST-01951,REC-01951,PKG-01951,PROD-002,ASSET-SIS-001,1.0.0,20262779,RUN-20260828-01a55fcf
MANIFEST-01952,REC-01952,PKG-01952,PROD-001,ASSET-RTU-001,1.0.0,20262780,RUN-20260828-01a55fcf
MANIFEST-01953,REC-01953,PKG-01953,PROD-005,ASSET-OPC-001,1.0.0,20262781,RUN-20260828-01a55fcf
MANIFEST-01954,REC-01954,PKG-01954,PROD-002,ASSET-OPC-001,1.0.0,20262782,RUN-20260828-01a55fcf
MANIFEST-01955,REC-01955,PKG-01955,PROD-001,ASSET-OPC-001,1.0.0,20262783,RUN-20260828-01a55fcf
MANIFEST-01956,REC-01956,PKG-01956,PROD-001,ASSET-DCS-001,1.0.0,20262784,RUN-20260828-01a55fcf
MANIFEST-01957,REC-01957,PKG-01957,PROD-005,ASSET-PLC-001,1.0.0,20262785,RUN-20260828-01a55fcf
MANIFEST-01958,REC-01958,PKG-01958,PROD-004,ASSET-RTU-001,1.0.0,20262786,RUN-20260828-01a55fcf
MANIFEST-01959,REC-01959,PKG-01959,PROD-003,ASSET-DCS-001,1.0.0,20262787,RUN-20260828-01a55fcf
MANIFEST-01960,REC-01960,PKG-01960,PROD-001,ASSET-DCS-001,1.0.0,20262788,RUN-20260828-01a55fcf
MANIFEST-01961,REC-01961,PKG-01961,PROD-002,ASSET-OPC-001,1.0.0,20262789,RUN-20260828-01a55fcf
MANIFEST-01962,REC-01962,PKG-01962,PROD-004,ASSET-DCS-001,1.0.0,20262790,RUN-20260828-01a55fcf
MANIFEST-01963,REC-01963,PKG-01963,PROD-001,ASSET-PLC-001,1.0.0,20262791,RUN-20260828-01a55fcf
MANIFEST-01964,REC-01964,PKG-01964,PROD-001,ASSET-PLC-001,1.0.0,20262792,RUN-20260828-01a55fcf
MANIFEST-01965,REC-01965,PKG-01965,PROD-001,ASSET-DCS-001,1.0.0,20262793,RUN-20260828-01a55fcf
MANIFEST-01966,REC-01966,PKG-01966,PROD-002,ASSET-PLC-001,1.0.0,20262794,RUN-20260828-01a55fcf
MANIFEST-01967,REC-01967,PKG-01967,PROD-002,ASSET-DCS-001,1.0.0,20262795,RUN-20260828-01a55fcf
MANIFEST-01968,REC-01968,PKG-01968,PROD-005,ASSET-PLC-001,1.0.0,20262796,RUN-20260828-01a55fcf
MANIFEST-01969,REC-01969,PKG-01969,PROD-002,ASSET-PLC-001,1.0.0,20262797,RUN-20260828-01a55fcf
MANIFEST-01970,REC-01970,PKG-01970,PROD-001,ASSET-PLC-001,1.0.0,20262798,RUN-20260828-01a55fcf
MANIFEST-01971,REC-01971,PKG-01971,PROD-005,ASSET-SIS-001,1.0.0,20262799,RUN-20260828-01a55fcf
MANIFEST-01972,REC-01972,PKG-01972,PROD-004,ASSET-PLC-001,1.0.0,20262800,RUN-20260828-01a55fcf
MANIFEST-01973,REC-01973,PKG-01973,PROD-003,ASSET-DCS-001,1.0.0,20262801,RUN-20260828-01a55fcf
MANIFEST-01974,REC-01974,PKG-01974,PROD-002,ASSET-DCS-001,1.0.0,20262802,RUN-20260828-01a55fcf
MANIFEST-01975,REC-01975,PKG-01975,PROD-004,ASSET-PLC-001,1.0.0,20262803,RUN-20260828-01a55fcf
MANIFEST-01976,REC-01976,PKG-01976,PROD-001,ASSET-OPC-001,1.0.0,20262804,RUN-20260828-01a55fcf
MANIFEST-01977,REC-01977,PKG-01977,PROD-001,ASSET-DCS-001,1.0.0,20262805,RUN-20260828-01a55fcf
MANIFEST-01978,REC-01978,PKG-01978,PROD-003,ASSET-SIS-001,1.0.0,20262806,RUN-20260828-01a55fcf
MANIFEST-01979,REC-01979,PKG-01979,PROD-001,ASSET-SIS-001,1.0.0,20262807,RUN-20260828-01a55fcf
MANIFEST-01980,REC-01980,PKG-01980,PROD-005,ASSET-OPC-001,1.0.0,20262808,RUN-20260828-01a55fcf
MANIFEST-01981,REC-01981,PKG-01981,PROD-001,ASSET-RTU-001,1.0.0,20262809,RUN-20260828-01a55fcf
MANIFEST-01982,REC-01982,PKG-01982,PROD-004,ASSET-PLC-001,1.0.0,20262810,RUN-20260828-01a55fcf
MANIFEST-01983,REC-01983,PKG-01983,PROD-005,ASSET-DCS-001,1.0.0,20262811,RUN-20260828-01a55fcf
MANIFEST-01984,REC-01984,PKG-01984,PROD-005,ASSET-OPC-001,1.0.0,20262812,RUN-20260828-01a55fcf
MANIFEST-01985,REC-01985,PKG-01985,PROD-005,ASSET-OPC-001,1.0.0,20262813,RUN-20260828-01a55fcf
MANIFEST-01986,REC-01986,PKG-01986,PROD-004,ASSET-OPC-001,1.0.0,20262814,RUN-20260828-01a55fcf
MANIFEST-01987,REC-01987,PKG-01987,PROD-002,ASSET-PLC-001,1.0.0,20262815,RUN-20260828-01a55fcf
MANIFEST-01988,REC-01988,PKG-01988,PROD-005,ASSET-OPC-001,1.0.0,20262816,RUN-20260828-01a55fcf
MANIFEST-01989,REC-01989,PKG-01989,PROD-002,ASSET-SIS-001,1.0.0,20262817,RUN-20260828-01a55fcf
MANIFEST-01990,REC-01990,PKG-01990,PROD-005,ASSET-RTU-001,1.0.0,20262818,RUN-20260828-01a55fcf
MANIFEST-01991,REC-01991,PKG-01991,PROD-005,ASSET-RTU-001,1.0.0,20262819,RUN-20260828-01a55fcf
MANIFEST-01992,REC-01992,PKG-01992,PROD-005,ASSET-PLC-001,1.0.0,20262820,RUN-20260828-01a55fcf
MANIFEST-01993,REC-01993,PKG-01993,PROD-001,ASSET-OPC-001,1.0.0,20262821,RUN-20260828-01a55fcf
MANIFEST-01994,REC-01994,PKG-01994,PROD-001,ASSET-DCS-001,1.0.0,20262822,RUN-20260828-01a55fcf
MANIFEST-01995,REC-01995,PKG-01995,PROD-002,ASSET-SIS-001,1.0.0,20262823,RUN-20260828-01a55fcf
MANIFEST-01996,REC-01996,PKG-01996,PROD-005,ASSET-DCS-001,1.0.0,20262824,RUN-20260828-01a55fcf
MANIFEST-01997,REC-01997,PKG-01997,PROD-005,ASSET-OPC-001,1.0.0,20262825,RUN-20260828-01a55fcf
MANIFEST-01998,REC-01998,PKG-01998,PROD-001,ASSET-SIS-001,1.0.0,20262826,RUN-20260828-01a55fcf
MANIFEST-01999,REC-01999,PKG-01999,PROD-005,ASSET-RTU-001,1.0.0,20262827,RUN-20260828-01a55fcf
MANIFEST-02000,REC-02000,PKG-02000,PROD-005,ASSET-SIS-001,1.0.0,20262828,RUN-20260828-01a55fcf
MANIFEST-02001,REC-02001,PKG-02001,PROD-001,ASSET-RTU-001,1.0.0,20262829,RUN-20260828-01a55fcf
MANIFEST-02002,REC-02002,PKG-02002,PROD-004,ASSET-PLC-001,1.0.0,20262830,RUN-20260828-01a55fcf
MANIFEST-02003,REC-02003,PKG-02003,PROD-004,ASSET-OPC-001,1.0.0,20262831,RUN-20260828-01a55fcf
MANIFEST-02004,REC-02004,PKG-02004,PROD-003,ASSET-OPC-001,1.0.0,20262832,RUN-20260828-01a55fcf
MANIFEST-02005,REC-02005,PKG-02005,PROD-004,ASSET-RTU-001,1.0.0,20262833,RUN-20260828-01a55fcf
MANIFEST-02006,REC-02006,PKG-02006,PROD-003,ASSET-OPC-001,1.0.0,20262834,RUN-20260828-01a55fcf
MANIFEST-02007,REC-02007,PKG-02007,PROD-001,ASSET-PLC-001,1.0.0,20262835,RUN-20260828-01a55fcf
MANIFEST-02008,REC-02008,PKG-02008,PROD-003,ASSET-RTU-001,1.0.0,20262836,RUN-20260828-01a55fcf
MANIFEST-02009,REC-02009,PKG-02009,PROD-002,ASSET-DCS-001,1.0.0,20262837,RUN-20260828-01a55fcf
MANIFEST-02010,REC-02010,PKG-02010,PROD-001,ASSET-RTU-001,1.0.0,20262838,RUN-20260828-01a55fcf
MANIFEST-02011,REC-02011,PKG-02011,PROD-004,ASSET-RTU-001,1.0.0,20262839,RUN-20260828-01a55fcf
MANIFEST-02012,REC-02012,PKG-02012,PROD-002,ASSET-RTU-001,1.0.0,20262840,RUN-20260828-01a55fcf
MANIFEST-02013,REC-02013,PKG-02013,PROD-001,ASSET-OPC-001,1.0.0,20262841,RUN-20260828-01a55fcf
MANIFEST-02014,REC-02014,PKG-02014,PROD-005,ASSET-SIS-001,1.0.0,20262842,RUN-20260828-01a55fcf
MANIFEST-02015,REC-02015,PKG-02015,PROD-004,ASSET-RTU-001,1.0.0,20262843,RUN-20260828-01a55fcf
MANIFEST-02016,REC-02016,PKG-02016,PROD-002,ASSET-SIS-001,1.0.0,20262844,RUN-20260828-01a55fcf
MANIFEST-02017,REC-02017,PKG-02017,PROD-003,ASSET-OPC-001,1.0.0,20262845,RUN-20260828-01a55fcf
MANIFEST-02018,REC-02018,PKG-02018,PROD-003,ASSET-SIS-001,1.0.0,20262846,RUN-20260828-01a55fcf
MANIFEST-02019,REC-02019,PKG-02019,PROD-001,ASSET-DCS-001,1.0.0,20262847,RUN-20260828-01a55fcf
MANIFEST-02020,REC-02020,PKG-02020,PROD-001,ASSET-PLC-001,1.0.0,20262848,RUN-20260828-01a55fcf
MANIFEST-02021,REC-02021,PKG-02021,PROD-004,ASSET-SIS-001,1.0.0,20262849,RUN-20260828-01a55fcf
MANIFEST-02022,REC-02022,PKG-02022,PROD-001,ASSET-RTU-001,1.0.0,20262850,RUN-20260828-01a55fcf
MANIFEST-02023,REC-02023,PKG-02023,PROD-002,ASSET-SIS-001,1.0.0,20262851,RUN-20260828-01a55fcf
MANIFEST-02024,REC-02024,PKG-02024,PROD-004,ASSET-PLC-001,1.0.0,20262852,RUN-20260828-01a55fcf
MANIFEST-02025,REC-02025,PKG-02025,PROD-003,ASSET-SIS-001,1.0.0,20262853,RUN-20260828-01a55fcf
MANIFEST-02026,REC-02026,PKG-02026,PROD-003,ASSET-SIS-001,1.0.0,20262854,RUN-20260828-01a55fcf
MANIFEST-02027,REC-02027,PKG-02027,PROD-001,ASSET-OPC-001,1.0.0,20262855,RUN-20260828-01a55fcf
MANIFEST-02028,REC-02028,PKG-02028,PROD-003,ASSET-PLC-001,1.0.0,20262856,RUN-20260828-01a55fcf
MANIFEST-02029,REC-02029,PKG-02029,PROD-001,ASSET-DCS-001,1.0.0,20262857,RUN-20260828-01a55fcf
MANIFEST-02030,REC-02030,PKG-02030,PROD-001,ASSET-SIS-001,1.0.0,20262858,RUN-20260828-01a55fcf
MANIFEST-02031,REC-02031,PKG-02031,PROD-002,ASSET-PLC-001,1.0.0,20262859,RUN-20260828-01a55fcf
MANIFEST-02032,REC-02032,PKG-02032,PROD-002,ASSET-SIS-001,1.0.0,20262860,RUN-20260828-01a55fcf
MANIFEST-02033,REC-02033,PKG-02033,PROD-003,ASSET-RTU-001,1.0.0,20262861,RUN-20260828-01a55fcf
MANIFEST-02034,REC-02034,PKG-02034,PROD-004,ASSET-OPC-001,1.0.0,20262862,RUN-20260828-01a55fcf
MANIFEST-02035,REC-02035,PKG-02035,PROD-003,ASSET-RTU-001,1.0.0,20262863,RUN-20260828-01a55fcf
MANIFEST-02036,REC-02036,PKG-02036,PROD-003,ASSET-PLC-001,1.0.0,20262864,RUN-20260828-01a55fcf
MANIFEST-02037,REC-02037,PKG-02037,PROD-002,ASSET-OPC-001,1.0.0,20262865,RUN-20260828-01a55fcf
MANIFEST-02038,REC-02038,PKG-02038,PROD-002,ASSET-RTU-001,1.0.0,20262866,RUN-20260828-01a55fcf
MANIFEST-02039,REC-02039,PKG-02039,PROD-003,ASSET-DCS-001,1.0.0,20262867,RUN-20260828-01a55fcf
MANIFEST-02040,REC-02040,PKG-02040,PROD-001,ASSET-DCS-001,1.0.0,20262868,RUN-20260828-01a55fcf
MANIFEST-02041,REC-02041,PKG-02041,PROD-003,ASSET-PLC-001,1.0.0,20262869,RUN-20260828-01a55fcf
MANIFEST-02042,REC-02042,PKG-02042,PROD-001,ASSET-DCS-001,1.0.0,20262870,RUN-20260828-01a55fcf
MANIFEST-02043,REC-02043,PKG-02043,PROD-005,ASSET-DCS-001,1.0.0,20262871,RUN-20260828-01a55fcf
MANIFEST-02044,REC-02044,PKG-02044,PROD-002,ASSET-DCS-001,1.0.0,20262872,RUN-20260828-01a55fcf
MANIFEST-02045,REC-02045,PKG-02045,PROD-001,ASSET-PLC-001,1.0.0,20262873,RUN-20260828-01a55fcf
MANIFEST-02046,REC-02046,PKG-02046,PROD-005,ASSET-DCS-001,1.0.0,20262874,RUN-20260828-01a55fcf
MANIFEST-02047,REC-02047,PKG-02047,PROD-004,ASSET-RTU-001,1.0.0,20262875,RUN-20260828-01a55fcf
MANIFEST-02048,REC-02048,PKG-02048,PROD-004,ASSET-PLC-001,1.0.0,20262876,RUN-20260828-01a55fcf
MANIFEST-02049,REC-02049,PKG-02049,PROD-004,ASSET-SIS-001,1.0.0,20262877,RUN-20260828-01a55fcf
MANIFEST-02050,REC-02050,PKG-02050,PROD-002,ASSET-PLC-001,1.0.0,20262878,RUN-20260828-01a55fcf
MANIFEST-02051,REC-02051,PKG-02051,PROD-005,ASSET-SIS-001,1.0.0,20262879,RUN-20260828-01a55fcf
MANIFEST-02052,REC-02052,PKG-02052,PROD-004,ASSET-RTU-001,1.0.0,20262880,RUN-20260828-01a55fcf
MANIFEST-02053,REC-02053,PKG-02053,PROD-002,ASSET-SIS-001,1.0.0,20262881,RUN-20260828-01a55fcf
MANIFEST-02054,REC-02054,PKG-02054,PROD-002,ASSET-SIS-001,1.0.0,20262882,RUN-20260828-01a55fcf
MANIFEST-02055,REC-02055,PKG-02055,PROD-001,ASSET-RTU-001,1.0.0,20262883,RUN-20260828-01a55fcf
MANIFEST-02056,REC-02056,PKG-02056,PROD-001,ASSET-RTU-001,1.0.0,20262884,RUN-20260828-01a55fcf
MANIFEST-02057,REC-02057,PKG-02057,PROD-005,ASSET-DCS-001,1.0.0,20262885,RUN-20260828-01a55fcf
MANIFEST-02058,REC-02058,PKG-02058,PROD-005,ASSET-PLC-001,1.0.0,20262886,RUN-20260828-01a55fcf
MANIFEST-02059,REC-02059,PKG-02059,PROD-001,ASSET-RTU-001,1.0.0,20262887,RUN-20260828-01a55fcf
MANIFEST-02060,REC-02060,PKG-02060,PROD-004,ASSET-OPC-001,1.0.0,20262888,RUN-20260828-01a55fcf
MANIFEST-02061,REC-02061,PKG-02061,PROD-001,ASSET-RTU-001,1.0.0,20262889,RUN-20260828-01a55fcf
MANIFEST-02062,REC-02062,PKG-02062,PROD-004,ASSET-RTU-001,1.0.0,20262890,RUN-20260828-01a55fcf
MANIFEST-02063,REC-02063,PKG-02063,PROD-001,ASSET-DCS-001,1.0.0,20262891,RUN-20260828-01a55fcf
MANIFEST-02064,REC-02064,PKG-02064,PROD-004,ASSET-PLC-001,1.0.0,20262892,RUN-20260828-01a55fcf
MANIFEST-02065,REC-02065,PKG-02065,PROD-003,ASSET-OPC-001,1.0.0,20262893,RUN-20260828-01a55fcf
MANIFEST-02066,REC-02066,PKG-02066,PROD-005,ASSET-DCS-001,1.0.0,20262894,RUN-20260828-01a55fcf
MANIFEST-02067,REC-02067,PKG-02067,PROD-003,ASSET-DCS-001,1.0.0,20262895,RUN-20260828-01a55fcf
MANIFEST-02068,REC-02068,PKG-02068,PROD-004,ASSET-RTU-001,1.0.0,20262896,RUN-20260828-01a55fcf
MANIFEST-02069,REC-02069,PKG-02069,PROD-002,ASSET-SIS-001,1.0.0,20262897,RUN-20260828-01a55fcf
MANIFEST-02070,REC-02070,PKG-02070,PROD-004,ASSET-DCS-001,1.0.0,20262898,RUN-20260828-01a55fcf
MANIFEST-02071,REC-02071,PKG-02071,PROD-003,ASSET-SIS-001,1.0.0,20262899,RUN-20260828-01a55fcf
MANIFEST-02072,REC-02072,PKG-02072,PROD-002,ASSET-OPC-001,1.0.0,20262900,RUN-20260828-01a55fcf
MANIFEST-02073,REC-02073,PKG-02073,PROD-003,ASSET-SIS-001,1.0.0,20262901,RUN-20260828-01a55fcf
MANIFEST-02074,REC-02074,PKG-02074,PROD-004,ASSET-DCS-001,1.0.0,20262902,RUN-20260828-01a55fcf
MANIFEST-02075,REC-02075,PKG-02075,PROD-004,ASSET-PLC-001,1.0.0,20262903,RUN-20260828-01a55fcf
MANIFEST-02076,REC-02076,PKG-02076,PROD-003,ASSET-RTU-001,1.0.0,20262904,RUN-20260828-01a55fcf
MANIFEST-02077,REC-02077,PKG-02077,PROD-001,ASSET-PLC-001,1.0.0,20262905,RUN-20260828-01a55fcf
MANIFEST-02078,REC-02078,PKG-02078,PROD-002,ASSET-OPC-001,1.0.0,20262906,RUN-20260828-01a55fcf
MANIFEST-02079,REC-02079,PKG-02079,PROD-005,ASSET-DCS-001,1.0.0,20262907,RUN-20260828-01a55fcf
MANIFEST-02080,REC-02080,PKG-02080,PROD-001,ASSET-PLC-001,1.0.0,20262908,RUN-20260828-01a55fcf
MANIFEST-02081,REC-02081,PKG-02081,PROD-002,ASSET-PLC-001,1.0.0,20262909,RUN-20260828-01a55fcf
MANIFEST-02082,REC-02082,PKG-02082,PROD-001,ASSET-OPC-001,1.0.0,20262910,RUN-20260828-01a55fcf
MANIFEST-02083,REC-02083,PKG-02083,PROD-004,ASSET-SIS-001,1.0.0,20262911,RUN-20260828-01a55fcf
MANIFEST-02084,REC-02084,PKG-02084,PROD-002,ASSET-DCS-001,1.0.0,20262912,RUN-20260828-01a55fcf
MANIFEST-02085,REC-02085,PKG-02085,PROD-001,ASSET-SIS-001,1.0.0,20262913,RUN-20260828-01a55fcf
MANIFEST-02086,REC-02086,PKG-02086,PROD-003,ASSET-DCS-001,1.0.0,20262914,RUN-20260828-01a55fcf
MANIFEST-02087,REC-02087,PKG-02087,PROD-003,ASSET-PLC-001,1.0.0,20262915,RUN-20260828-01a55fcf
MANIFEST-02088,REC-02088,PKG-02088,PROD-004,ASSET-DCS-001,1.0.0,20262916,RUN-20260828-01a55fcf
MANIFEST-02089,REC-02089,PKG-02089,PROD-003,ASSET-DCS-001,1.0.0,20262917,RUN-20260828-01a55fcf
MANIFEST-02090,REC-02090,PKG-02090,PROD-005,ASSET-PLC-001,1.0.0,20262918,RUN-20260828-01a55fcf
MANIFEST-02091,REC-02091,PKG-02091,PROD-005,ASSET-PLC-001,1.0.0,20262919,RUN-20260828-01a55fcf
MANIFEST-02092,REC-02092,PKG-02092,PROD-002,ASSET-RTU-001,1.0.0,20262920,RUN-20260828-01a55fcf
MANIFEST-02093,REC-02093,PKG-02093,PROD-004,ASSET-SIS-001,1.0.0,20262921,RUN-20260828-01a55fcf
MANIFEST-02094,REC-02094,PKG-02094,PROD-004,ASSET-SIS-001,1.0.0,20262922,RUN-20260828-01a55fcf
MANIFEST-02095,REC-02095,PKG-02095,PROD-005,ASSET-OPC-001,1.0.0,20262923,RUN-20260828-01a55fcf
MANIFEST-02096,REC-02096,PKG-02096,PROD-004,ASSET-SIS-001,1.0.0,20262924,RUN-20260828-01a55fcf
MANIFEST-02097,REC-02097,PKG-02097,PROD-002,ASSET-SIS-001,1.0.0,20262925,RUN-20260828-01a55fcf
MANIFEST-02098,REC-02098,PKG-02098,PROD-005,ASSET-DCS-001,1.0.0,20262926,RUN-20260828-01a55fcf
MANIFEST-02099,REC-02099,PKG-02099,PROD-001,ASSET-OPC-001,1.0.0,20262927,RUN-20260828-01a55fcf
MANIFEST-02100,REC-02100,PKG-02100,PROD-003,ASSET-PLC-001,1.0.0,20262928,RUN-20260828-01a55fcf
MANIFEST-02101,REC-02101,PKG-02101,PROD-002,ASSET-PLC-001,1.0.0,20262929,RUN-20260828-01a55fcf
MANIFEST-02102,REC-02102,PKG-02102,PROD-001,ASSET-OPC-001,1.0.0,20262930,RUN-20260828-01a55fcf
MANIFEST-02103,REC-02103,PKG-02103,PROD-004,ASSET-OPC-001,1.0.0,20262931,RUN-20260828-01a55fcf
MANIFEST-02104,REC-02104,PKG-02104,PROD-003,ASSET-PLC-001,1.0.0,20262932,RUN-20260828-01a55fcf
MANIFEST-02105,REC-02105,PKG-02105,PROD-002,ASSET-DCS-001,1.0.0,20262933,RUN-20260828-01a55fcf
MANIFEST-02106,REC-02106,PKG-02106,PROD-003,ASSET-OPC-001,1.0.0,20262934,RUN-20260828-01a55fcf
MANIFEST-02107,REC-02107,PKG-02107,PROD-005,ASSET-OPC-001,1.0.0,20262935,RUN-20260828-01a55fcf
MANIFEST-02108,REC-02108,PKG-02108,PROD-002,ASSET-OPC-001,1.0.0,20262936,RUN-20260828-01a55fcf
MANIFEST-02109,REC-02109,PKG-02109,PROD-005,ASSET-PLC-001,1.0.0,20262937,RUN-20260828-01a55fcf
MANIFEST-02110,REC-02110,PKG-02110,PROD-001,ASSET-SIS-001,1.0.0,20262938,RUN-20260828-01a55fcf
MANIFEST-02111,REC-02111,PKG-02111,PROD-004,ASSET-PLC-001,1.0.0,20262939,RUN-20260828-01a55fcf
MANIFEST-02112,REC-02112,PKG-02112,PROD-003,ASSET-PLC-001,1.0.0,20262940,RUN-20260828-01a55fcf
MANIFEST-02113,REC-02113,PKG-02113,PROD-004,ASSET-PLC-001,1.0.0,20262941,RUN-20260828-01a55fcf
MANIFEST-02114,REC-02114,PKG-02114,PROD-005,ASSET-PLC-001,1.0.0,20262942,RUN-20260828-01a55fcf
MANIFEST-02115,REC-02115,PKG-02115,PROD-004,ASSET-SIS-001,1.0.0,20262943,RUN-20260828-01a55fcf
MANIFEST-02116,REC-02116,PKG-02116,PROD-003,ASSET-SIS-001,1.0.0,20262944,RUN-20260828-01a55fcf
MANIFEST-02117,REC-02117,PKG-02117,PROD-003,ASSET-DCS-001,1.0.0,20262945,RUN-20260828-01a55fcf
MANIFEST-02118,REC-02118,PKG-02118,PROD-003,ASSET-RTU-001,1.0.0,20262946,RUN-20260828-01a55fcf
MANIFEST-02119,REC-02119,PKG-02119,PROD-001,ASSET-DCS-001,1.0.0,20262947,RUN-20260828-01a55fcf
MANIFEST-02120,REC-02120,PKG-02120,PROD-005,ASSET-SIS-001,1.0.0,20262948,RUN-20260828-01a55fcf
MANIFEST-02121,REC-02121,PKG-02121,PROD-005,ASSET-OPC-001,1.0.0,20262949,RUN-20260828-01a55fcf
MANIFEST-02122,REC-02122,PKG-02122,PROD-003,ASSET-PLC-001,1.0.0,20262950,RUN-20260828-01a55fcf
MANIFEST-02123,REC-02123,PKG-02123,PROD-001,ASSET-SIS-001,1.0.0,20262951,RUN-20260828-01a55fcf
MANIFEST-02124,REC-02124,PKG-02124,PROD-004,ASSET-SIS-001,1.0.0,20262952,RUN-20260828-01a55fcf
MANIFEST-02125,REC-02125,PKG-02125,PROD-004,ASSET-DCS-001,1.0.0,20262953,RUN-20260828-01a55fcf
MANIFEST-02126,REC-02126,PKG-02126,PROD-005,ASSET-RTU-001,1.0.0,20262954,RUN-20260828-01a55fcf
MANIFEST-02127,REC-02127,PKG-02127,PROD-001,ASSET-RTU-001,1.0.0,20262955,RUN-20260828-01a55fcf
MANIFEST-02128,REC-02128,PKG-02128,PROD-002,ASSET-PLC-001,1.0.0,20262956,RUN-20260828-01a55fcf
MANIFEST-02129,REC-02129,PKG-02129,PROD-001,ASSET-OPC-001,1.0.0,20262957,RUN-20260828-01a55fcf
MANIFEST-02130,REC-02130,PKG-02130,PROD-005,ASSET-PLC-001,1.0.0,20262958,RUN-20260828-01a55fcf
MANIFEST-02131,REC-02131,PKG-02131,PROD-005,ASSET-DCS-001,1.0.0,20262959,RUN-20260828-01a55fcf
MANIFEST-02132,REC-02132,PKG-02132,PROD-001,ASSET-PLC-001,1.0.0,20262960,RUN-20260828-01a55fcf
MANIFEST-02133,REC-02133,PKG-02133,PROD-001,ASSET-SIS-001,1.0.0,20262961,RUN-20260828-01a55fcf
MANIFEST-02134,REC-02134,PKG-02134,PROD-005,ASSET-PLC-001,1.0.0,20262962,RUN-20260828-01a55fcf
MANIFEST-02135,REC-02135,PKG-02135,PROD-003,ASSET-RTU-001,1.0.0,20262963,RUN-20260828-01a55fcf
MANIFEST-02136,REC-02136,PKG-02136,PROD-003,ASSET-OPC-001,1.0.0,20262964,RUN-20260828-01a55fcf
MANIFEST-02137,REC-02137,PKG-02137,PROD-003,ASSET-DCS-001,1.0.0,20262965,RUN-20260828-01a55fcf
MANIFEST-02138,REC-02138,PKG-02138,PROD-004,ASSET-OPC-001,1.0.0,20262966,RUN-20260828-01a55fcf
MANIFEST-02139,REC-02139,PKG-02139,PROD-003,ASSET-SIS-001,1.0.0,20262967,RUN-20260828-01a55fcf
MANIFEST-02140,REC-02140,PKG-02140,PROD-002,ASSET-OPC-001,1.0.0,20262968,RUN-20260828-01a55fcf
MANIFEST-02141,REC-02141,PKG-02141,PROD-002,ASSET-SIS-001,1.0.0,20262969,RUN-20260828-01a55fcf
MANIFEST-02142,REC-02142,PKG-02142,PROD-005,ASSET-SIS-001,1.0.0,20262970,RUN-20260828-01a55fcf
MANIFEST-02143,REC-02143,PKG-02143,PROD-003,ASSET-DCS-001,1.0.0,20262971,RUN-20260828-01a55fcf
MANIFEST-02144,REC-02144,PKG-02144,PROD-003,ASSET-PLC-001,1.0.0,20262972,RUN-20260828-01a55fcf
MANIFEST-02145,REC-02145,PKG-02145,PROD-001,ASSET-PLC-001,1.0.0,20262973,RUN-20260828-01a55fcf
MANIFEST-02146,REC-02146,PKG-02146,PROD-003,ASSET-PLC-001,1.0.0,20262974,RUN-20260828-01a55fcf
MANIFEST-02147,REC-02147,PKG-02147,PROD-001,ASSET-DCS-001,1.0.0,20262975,RUN-20260828-01a55fcf
MANIFEST-02148,REC-02148,PKG-02148,PROD-003,ASSET-OPC-001,1.0.0,20262976,RUN-20260828-01a55fcf
MANIFEST-02149,REC-02149,PKG-02149,PROD-005,ASSET-OPC-001,1.0.0,20262977,RUN-20260828-01a55fcf
MANIFEST-02150,REC-02150,PKG-02150,PROD-002,ASSET-RTU-001,1.0.0,20262978,RUN-20260828-01a55fcf
MANIFEST-02151,REC-02151,PKG-02151,PROD-003,ASSET-PLC-001,1.0.0,20262979,RUN-20260828-01a55fcf
MANIFEST-02152,REC-02152,PKG-02152,PROD-001,ASSET-PLC-001,1.0.0,20262980,RUN-20260828-01a55fcf
MANIFEST-02153,REC-02153,PKG-02153,PROD-005,ASSET-PLC-001,1.0.0,20262981,RUN-20260828-01a55fcf
MANIFEST-02154,REC-02154,PKG-02154,PROD-003,ASSET-PLC-001,1.0.0,20262982,RUN-20260828-01a55fcf
MANIFEST-02155,REC-02155,PKG-02155,PROD-001,ASSET-RTU-001,1.0.0,20262983,RUN-20260828-01a55fcf
MANIFEST-02156,REC-02156,PKG-02156,PROD-005,ASSET-OPC-001,1.0.0,20262984,RUN-20260828-01a55fcf
MANIFEST-02157,REC-02157,PKG-02157,PROD-002,ASSET-SIS-001,1.0.0,20262985,RUN-20260828-01a55fcf
MANIFEST-02158,REC-02158,PKG-02158,PROD-001,ASSET-DCS-001,1.0.0,20262986,RUN-20260828-01a55fcf
MANIFEST-02159,REC-02159,PKG-02159,PROD-001,ASSET-DCS-001,1.0.0,20262987,RUN-20260828-01a55fcf
MANIFEST-02160,REC-02160,PKG-02160,PROD-002,ASSET-PLC-001,1.0.0,20262988,RUN-20260828-01a55fcf
MANIFEST-02161,REC-02161,PKG-02161,PROD-002,ASSET-DCS-001,1.0.0,20262989,RUN-20260828-01a55fcf
MANIFEST-02162,REC-02162,PKG-02162,PROD-004,ASSET-SIS-001,1.0.0,20262990,RUN-20260828-01a55fcf
MANIFEST-02163,REC-02163,PKG-02163,PROD-003,ASSET-RTU-001,1.0.0,20262991,RUN-20260828-01a55fcf
MANIFEST-02164,REC-02164,PKG-02164,PROD-004,ASSET-OPC-001,1.0.0,20262992,RUN-20260828-01a55fcf
MANIFEST-02165,REC-02165,PKG-02165,PROD-001,ASSET-SIS-001,1.0.0,20262993,RUN-20260828-01a55fcf
MANIFEST-02166,REC-02166,PKG-02166,PROD-005,ASSET-PLC-001,1.0.0,20262994,RUN-20260828-01a55fcf
MANIFEST-02167,REC-02167,PKG-02167,PROD-003,ASSET-SIS-001,1.0.0,20262995,RUN-20260828-01a55fcf
MANIFEST-02168,REC-02168,PKG-02168,PROD-001,ASSET-OPC-001,1.0.0,20262996,RUN-20260828-01a55fcf
MANIFEST-02169,REC-02169,PKG-02169,PROD-001,ASSET-OPC-001,1.0.0,20262997,RUN-20260828-01a55fcf
MANIFEST-02170,REC-02170,PKG-02170,PROD-001,ASSET-SIS-001,1.0.0,20262998,RUN-20260828-01a55fcf
MANIFEST-02171,REC-02171,PKG-02171,PROD-004,ASSET-OPC-001,1.0.0,20262999,RUN-20260828-01a55fcf
MANIFEST-02172,REC-02172,PKG-02172,PROD-003,ASSET-RTU-001,1.0.0,20263000,RUN-20260828-01a55fcf
MANIFEST-02173,REC-02173,PKG-02173,PROD-002,ASSET-OPC-001,1.0.0,20263001,RUN-20260828-01a55fcf
MANIFEST-02174,REC-02174,PKG-02174,PROD-001,ASSET-PLC-001,1.0.0,20263002,RUN-20260828-01a55fcf
MANIFEST-02175,REC-02175,PKG-02175,PROD-001,ASSET-PLC-001,1.0.0,20263003,RUN-20260828-01a55fcf
MANIFEST-02176,REC-02176,PKG-02176,PROD-002,ASSET-DCS-001,1.0.0,20263004,RUN-20260828-01a55fcf
MANIFEST-02177,REC-02177,PKG-02177,PROD-005,ASSET-RTU-001,1.0.0,20263005,RUN-20260828-01a55fcf
MANIFEST-02178,REC-02178,PKG-02178,PROD-004,ASSET-SIS-001,1.0.0,20263006,RUN-20260828-01a55fcf
MANIFEST-02179,REC-02179,PKG-02179,PROD-002,ASSET-RTU-001,1.0.0,20263007,RUN-20260828-01a55fcf
MANIFEST-02180,REC-02180,PKG-02180,PROD-003,ASSET-DCS-001,1.0.0,20263008,RUN-20260828-01a55fcf
MANIFEST-02181,REC-02181,PKG-02181,PROD-004,ASSET-RTU-001,1.0.0,20263009,RUN-20260828-01a55fcf
MANIFEST-02182,REC-02182,PKG-02182,PROD-001,ASSET-RTU-001,1.0.0,20263010,RUN-20260828-01a55fcf
MANIFEST-02183,REC-02183,PKG-02183,PROD-002,ASSET-DCS-001,1.0.0,20263011,RUN-20260828-01a55fcf
MANIFEST-02184,REC-02184,PKG-02184,PROD-004,ASSET-PLC-001,1.0.0,20263012,RUN-20260828-01a55fcf
MANIFEST-02185,REC-02185,PKG-02185,PROD-001,ASSET-SIS-001,1.0.0,20263013,RUN-20260828-01a55fcf
MANIFEST-02186,REC-02186,PKG-02186,PROD-001,ASSET-RTU-001,1.0.0,20263014,RUN-20260828-01a55fcf
MANIFEST-02187,REC-02187,PKG-02187,PROD-004,ASSET-SIS-001,1.0.0,20263015,RUN-20260828-01a55fcf
MANIFEST-02188,REC-02188,PKG-02188,PROD-003,ASSET-SIS-001,1.0.0,20263016,RUN-20260828-01a55fcf
MANIFEST-02189,REC-02189,PKG-02189,PROD-005,ASSET-RTU-001,1.0.0,20263017,RUN-20260828-01a55fcf
MANIFEST-02190,REC-02190,PKG-02190,PROD-005,ASSET-RTU-001,1.0.0,20263018,RUN-20260828-01a55fcf
MANIFEST-02191,REC-02191,PKG-02191,PROD-004,ASSET-PLC-001,1.0.0,20263019,RUN-20260828-01a55fcf
MANIFEST-02192,REC-02192,PKG-02192,PROD-005,ASSET-RTU-001,1.0.0,20263020,RUN-20260828-01a55fcf
MANIFEST-02193,REC-02193,PKG-02193,PROD-001,ASSET-RTU-001,1.0.0,20263021,RUN-20260828-01a55fcf
MANIFEST-02194,REC-02194,PKG-02194,PROD-005,ASSET-SIS-001,1.0.0,20263022,RUN-20260828-01a55fcf
MANIFEST-02195,REC-02195,PKG-02195,PROD-002,ASSET-DCS-001,1.0.0,20263023,RUN-20260828-01a55fcf
MANIFEST-02196,REC-02196,PKG-02196,PROD-003,ASSET-DCS-001,1.0.0,20263024,RUN-20260828-01a55fcf
MANIFEST-02197,REC-02197,PKG-02197,PROD-003,ASSET-OPC-001,1.0.0,20263025,RUN-20260828-01a55fcf
MANIFEST-02198,REC-02198,PKG-02198,PROD-002,ASSET-DCS-001,1.0.0,20263026,RUN-20260828-01a55fcf
MANIFEST-02199,REC-02199,PKG-02199,PROD-005,ASSET-RTU-001,1.0.0,20263027,RUN-20260828-01a55fcf
MANIFEST-02200,REC-02200,PKG-02200,PROD-001,ASSET-PLC-001,1.0.0,20263028,RUN-20260828-01a55fcf
MANIFEST-02201,REC-02201,PKG-02201,PROD-004,ASSET-OPC-001,1.0.0,20263029,RUN-20260828-01a55fcf
MANIFEST-02202,REC-02202,PKG-02202,PROD-002,ASSET-PLC-001,1.0.0,20263030,RUN-20260828-01a55fcf
MANIFEST-02203,REC-02203,PKG-02203,PROD-004,ASSET-DCS-001,1.0.0,20263031,RUN-20260828-01a55fcf
MANIFEST-02204,REC-02204,PKG-02204,PROD-003,ASSET-SIS-001,1.0.0,20263032,RUN-20260828-01a55fcf
MANIFEST-02205,REC-02205,PKG-02205,PROD-001,ASSET-PLC-001,1.0.0,20263033,RUN-20260828-01a55fcf
MANIFEST-02206,REC-02206,PKG-02206,PROD-001,ASSET-SIS-001,1.0.0,20263034,RUN-20260828-01a55fcf
MANIFEST-02207,REC-02207,PKG-02207,PROD-001,ASSET-OPC-001,1.0.0,20263035,RUN-20260828-01a55fcf
MANIFEST-02208,REC-02208,PKG-02208,PROD-004,ASSET-PLC-001,1.0.0,20263036,RUN-20260828-01a55fcf
MANIFEST-02209,REC-02209,PKG-02209,PROD-004,ASSET-DCS-001,1.0.0,20263037,RUN-20260828-01a55fcf
MANIFEST-02210,REC-02210,PKG-02210,PROD-003,ASSET-OPC-001,1.0.0,20263038,RUN-20260828-01a55fcf
MANIFEST-02211,REC-02211,PKG-02211,PROD-004,ASSET-PLC-001,1.0.0,20263039,RUN-20260828-01a55fcf
MANIFEST-02212,REC-02212,PKG-02212,PROD-003,ASSET-OPC-001,1.0.0,20263040,RUN-20260828-01a55fcf
MANIFEST-02213,REC-02213,PKG-02213,PROD-005,ASSET-OPC-001,1.0.0,20263041,RUN-20260828-01a55fcf
MANIFEST-02214,REC-02214,PKG-02214,PROD-001,ASSET-RTU-001,1.0.0,20263042,RUN-20260828-01a55fcf
MANIFEST-02215,REC-02215,PKG-02215,PROD-003,ASSET-RTU-001,1.0.0,20263043,RUN-20260828-01a55fcf
MANIFEST-02216,REC-02216,PKG-02216,PROD-003,ASSET-DCS-001,1.0.0,20263044,RUN-20260828-01a55fcf
MANIFEST-02217,REC-02217,PKG-02217,PROD-005,ASSET-RTU-001,1.0.0,20263045,RUN-20260828-01a55fcf
MANIFEST-02218,REC-02218,PKG-02218,PROD-002,ASSET-DCS-001,1.0.0,20263046,RUN-20260828-01a55fcf
MANIFEST-02219,REC-02219,PKG-02219,PROD-002,ASSET-OPC-001,1.0.0,20263047,RUN-20260828-01a55fcf
MANIFEST-02220,REC-02220,PKG-02220,PROD-005,ASSET-OPC-001,1.0.0,20263048,RUN-20260828-01a55fcf
MANIFEST-02221,REC-02221,PKG-02221,PROD-005,ASSET-PLC-001,1.0.0,20263049,RUN-20260828-01a55fcf
MANIFEST-02222,REC-02222,PKG-02222,PROD-003,ASSET-SIS-001,1.0.0,20263050,RUN-20260828-01a55fcf
MANIFEST-02223,REC-02223,PKG-02223,PROD-004,ASSET-DCS-001,1.0.0,20263051,RUN-20260828-01a55fcf
MANIFEST-02224,REC-02224,PKG-02224,PROD-003,ASSET-OPC-001,1.0.0,20263052,RUN-20260828-01a55fcf
MANIFEST-02225,REC-02225,PKG-02225,PROD-005,ASSET-SIS-001,1.0.0,20263053,RUN-20260828-01a55fcf
MANIFEST-02226,REC-02226,PKG-02226,PROD-005,ASSET-DCS-001,1.0.0,20263054,RUN-20260828-01a55fcf
MANIFEST-02227,REC-02227,PKG-02227,PROD-004,ASSET-RTU-001,1.0.0,20263055,RUN-20260828-01a55fcf
MANIFEST-02228,REC-02228,PKG-02228,PROD-005,ASSET-PLC-001,1.0.0,20263056,RUN-20260828-01a55fcf
MANIFEST-02229,REC-02229,PKG-02229,PROD-004,ASSET-RTU-001,1.0.0,20263057,RUN-20260828-01a55fcf
MANIFEST-02230,REC-02230,PKG-02230,PROD-001,ASSET-RTU-001,1.0.0,20263058,RUN-20260828-01a55fcf
MANIFEST-02231,REC-02231,PKG-02231,PROD-005,ASSET-OPC-001,1.0.0,20263059,RUN-20260828-01a55fcf
MANIFEST-02232,REC-02232,PKG-02232,PROD-003,ASSET-DCS-001,1.0.0,20263060,RUN-20260828-01a55fcf
MANIFEST-02233,REC-02233,PKG-02233,PROD-002,ASSET-SIS-001,1.0.0,20263061,RUN-20260828-01a55fcf
MANIFEST-02234,REC-02234,PKG-02234,PROD-005,ASSET-PLC-001,1.0.0,20263062,RUN-20260828-01a55fcf
MANIFEST-02235,REC-02235,PKG-02235,PROD-005,ASSET-SIS-001,1.0.0,20263063,RUN-20260828-01a55fcf
MANIFEST-02236,REC-02236,PKG-02236,PROD-001,ASSET-OPC-001,1.0.0,20263064,RUN-20260828-01a55fcf
MANIFEST-02237,REC-02237,PKG-02237,PROD-005,ASSET-DCS-001,1.0.0,20263065,RUN-20260828-01a55fcf
MANIFEST-02238,REC-02238,PKG-02238,PROD-005,ASSET-OPC-001,1.0.0,20263066,RUN-20260828-01a55fcf
MANIFEST-02239,REC-02239,PKG-02239,PROD-004,ASSET-PLC-001,1.0.0,20263067,RUN-20260828-01a55fcf
MANIFEST-02240,REC-02240,PKG-02240,PROD-001,ASSET-RTU-001,1.0.0,20263068,RUN-20260828-01a55fcf
MANIFEST-02241,REC-02241,PKG-02241,PROD-001,ASSET-RTU-001,1.0.0,20263069,RUN-20260828-01a55fcf
MANIFEST-02242,REC-02242,PKG-02242,PROD-003,ASSET-PLC-001,1.0.0,20263070,RUN-20260828-01a55fcf
MANIFEST-02243,REC-02243,PKG-02243,PROD-004,ASSET-DCS-001,1.0.0,20263071,RUN-20260828-01a55fcf
MANIFEST-02244,REC-02244,PKG-02244,PROD-001,ASSET-SIS-001,1.0.0,20263072,RUN-20260828-01a55fcf
MANIFEST-02245,REC-02245,PKG-02245,PROD-004,ASSET-PLC-001,1.0.0,20263073,RUN-20260828-01a55fcf
MANIFEST-02246,REC-02246,PKG-02246,PROD-004,ASSET-PLC-001,1.0.0,20263074,RUN-20260828-01a55fcf
MANIFEST-02247,REC-02247,PKG-02247,PROD-002,ASSET-PLC-001,1.0.0,20263075,RUN-20260828-01a55fcf
MANIFEST-02248,REC-02248,PKG-02248,PROD-001,ASSET-PLC-001,1.0.0,20263076,RUN-20260828-01a55fcf
MANIFEST-02249,REC-02249,PKG-02249,PROD-001,ASSET-SIS-001,1.0.0,20263077,RUN-20260828-01a55fcf
MANIFEST-02250,REC-02250,PKG-02250,PROD-001,ASSET-PLC-001,1.0.0,20263078,RUN-20260828-01a55fcf
MANIFEST-02251,REC-02251,PKG-02251,PROD-003,ASSET-RTU-001,1.0.0,20263079,RUN-20260828-01a55fcf
MANIFEST-02252,REC-02252,PKG-02252,PROD-004,ASSET-SIS-001,1.0.0,20263080,RUN-20260828-01a55fcf
MANIFEST-02253,REC-02253,PKG-02253,PROD-003,ASSET-OPC-001,1.0.0,20263081,RUN-20260828-01a55fcf
MANIFEST-02254,REC-02254,PKG-02254,PROD-005,ASSET-DCS-001,1.0.0,20263082,RUN-20260828-01a55fcf
MANIFEST-02255,REC-02255,PKG-02255,PROD-002,ASSET-OPC-001,1.0.0,20263083,RUN-20260828-01a55fcf
MANIFEST-02256,REC-02256,PKG-02256,PROD-002,ASSET-OPC-001,1.0.0,20263084,RUN-20260828-01a55fcf
MANIFEST-02257,REC-02257,PKG-02257,PROD-003,ASSET-DCS-001,1.0.0,20263085,RUN-20260828-01a55fcf
MANIFEST-02258,REC-02258,PKG-02258,PROD-005,ASSET-SIS-001,1.0.0,20263086,RUN-20260828-01a55fcf
MANIFEST-02259,REC-02259,PKG-02259,PROD-005,ASSET-DCS-001,1.0.0,20263087,RUN-20260828-01a55fcf
MANIFEST-02260,REC-02260,PKG-02260,PROD-005,ASSET-OPC-001,1.0.0,20263088,RUN-20260828-01a55fcf
MANIFEST-02261,REC-02261,PKG-02261,PROD-005,ASSET-OPC-001,1.0.0,20263089,RUN-20260828-01a55fcf
MANIFEST-02262,REC-02262,PKG-02262,PROD-002,ASSET-SIS-001,1.0.0,20263090,RUN-20260828-01a55fcf
MANIFEST-02263,REC-02263,PKG-02263,PROD-003,ASSET-OPC-001,1.0.0,20263091,RUN-20260828-01a55fcf
MANIFEST-02264,REC-02264,PKG-02264,PROD-002,ASSET-DCS-001,1.0.0,20263092,RUN-20260828-01a55fcf
MANIFEST-02265,REC-02265,PKG-02265,PROD-003,ASSET-SIS-001,1.0.0,20263093,RUN-20260828-01a55fcf
MANIFEST-02266,REC-02266,PKG-02266,PROD-004,ASSET-PLC-001,1.0.0,20263094,RUN-20260828-01a55fcf
MANIFEST-02267,REC-02267,PKG-02267,PROD-003,ASSET-OPC-001,1.0.0,20263095,RUN-20260828-01a55fcf
MANIFEST-02268,REC-02268,PKG-02268,PROD-002,ASSET-DCS-001,1.0.0,20263096,RUN-20260828-01a55fcf
MANIFEST-02269,REC-02269,PKG-02269,PROD-001,ASSET-PLC-001,1.0.0,20263097,RUN-20260828-01a55fcf
MANIFEST-02270,REC-02270,PKG-02270,PROD-004,ASSET-OPC-001,1.0.0,20263098,RUN-20260828-01a55fcf
MANIFEST-02271,REC-02271,PKG-02271,PROD-005,ASSET-OPC-001,1.0.0,20263099,RUN-20260828-01a55fcf
MANIFEST-02272,REC-02272,PKG-02272,PROD-003,ASSET-SIS-001,1.0.0,20263100,RUN-20260828-01a55fcf
MANIFEST-02273,REC-02273,PKG-02273,PROD-001,ASSET-RTU-001,1.0.0,20263101,RUN-20260828-01a55fcf
MANIFEST-02274,REC-02274,PKG-02274,PROD-001,ASSET-PLC-001,1.0.0,20263102,RUN-20260828-01a55fcf
MANIFEST-02275,REC-02275,PKG-02275,PROD-002,ASSET-DCS-001,1.0.0,20263103,RUN-20260828-01a55fcf
MANIFEST-02276,REC-02276,PKG-02276,PROD-002,ASSET-OPC-001,1.0.0,20263104,RUN-20260828-01a55fcf
MANIFEST-02277,REC-02277,PKG-02277,PROD-003,ASSET-RTU-001,1.0.0,20263105,RUN-20260828-01a55fcf
MANIFEST-02278,REC-02278,PKG-02278,PROD-002,ASSET-RTU-001,1.0.0,20263106,RUN-20260828-01a55fcf
MANIFEST-02279,REC-02279,PKG-02279,PROD-005,ASSET-PLC-001,1.0.0,20263107,RUN-20260828-01a55fcf
MANIFEST-02280,REC-02280,PKG-02280,PROD-004,ASSET-SIS-001,1.0.0,20263108,RUN-20260828-01a55fcf
MANIFEST-02281,REC-02281,PKG-02281,PROD-001,ASSET-RTU-001,1.0.0,20263109,RUN-20260828-01a55fcf
MANIFEST-02282,REC-02282,PKG-02282,PROD-004,ASSET-DCS-001,1.0.0,20263110,RUN-20260828-01a55fcf
MANIFEST-02283,REC-02283,PKG-02283,PROD-002,ASSET-DCS-001,1.0.0,20263111,RUN-20260828-01a55fcf
MANIFEST-02284,REC-02284,PKG-02284,PROD-004,ASSET-DCS-001,1.0.0,20263112,RUN-20260828-01a55fcf
MANIFEST-02285,REC-02285,PKG-02285,PROD-001,ASSET-OPC-001,1.0.0,20263113,RUN-20260828-01a55fcf
MANIFEST-02286,REC-02286,PKG-02286,PROD-001,ASSET-OPC-001,1.0.0,20263114,RUN-20260828-01a55fcf
MANIFEST-02287,REC-02287,PKG-02287,PROD-004,ASSET-SIS-001,1.0.0,20263115,RUN-20260828-01a55fcf
MANIFEST-02288,REC-02288,PKG-02288,PROD-003,ASSET-DCS-001,1.0.0,20263116,RUN-20260828-01a55fcf
MANIFEST-02289,REC-02289,PKG-02289,PROD-004,ASSET-RTU-001,1.0.0,20263117,RUN-20260828-01a55fcf
MANIFEST-02290,REC-02290,PKG-02290,PROD-001,ASSET-SIS-001,1.0.0,20263118,RUN-20260828-01a55fcf
MANIFEST-02291,REC-02291,PKG-02291,PROD-001,ASSET-OPC-001,1.0.0,20263119,RUN-20260828-01a55fcf
MANIFEST-02292,REC-02292,PKG-02292,PROD-004,ASSET-RTU-001,1.0.0,20263120,RUN-20260828-01a55fcf
MANIFEST-02293,REC-02293,PKG-02293,PROD-001,ASSET-PLC-001,1.0.0,20263121,RUN-20260828-01a55fcf
MANIFEST-02294,REC-02294,PKG-02294,PROD-004,ASSET-RTU-001,1.0.0,20263122,RUN-20260828-01a55fcf
MANIFEST-02295,REC-02295,PKG-02295,PROD-003,ASSET-SIS-001,1.0.0,20263123,RUN-20260828-01a55fcf
MANIFEST-02296,REC-02296,PKG-02296,PROD-004,ASSET-OPC-001,1.0.0,20263124,RUN-20260828-01a55fcf
MANIFEST-02297,REC-02297,PKG-02297,PROD-004,ASSET-DCS-001,1.0.0,20263125,RUN-20260828-01a55fcf
MANIFEST-02298,REC-02298,PKG-02298,PROD-003,ASSET-OPC-001,1.0.0,20263126,RUN-20260828-01a55fcf
MANIFEST-02299,REC-02299,PKG-02299,PROD-004,ASSET-RTU-001,1.0.0,20263127,RUN-20260828-01a55fcf
MANIFEST-02300,REC-02300,PKG-02300,PROD-003,ASSET-RTU-001,1.0.0,20263128,RUN-20260828-01a55fcf
MANIFEST-02301,REC-02301,PKG-02301,PROD-002,ASSET-DCS-001,1.0.0,20263129,RUN-20260828-01a55fcf
MANIFEST-02302,REC-02302,PKG-02302,PROD-005,ASSET-SIS-001,1.0.0,20263130,RUN-20260828-01a55fcf
MANIFEST-02303,REC-02303,PKG-02303,PROD-002,ASSET-DCS-001,1.0.0,20263131,RUN-20260828-01a55fcf
MANIFEST-02304,REC-02304,PKG-02304,PROD-004,ASSET-RTU-001,1.0.0,20263132,RUN-20260828-01a55fcf
MANIFEST-02305,REC-02305,PKG-02305,PROD-002,ASSET-PLC-001,1.0.0,20263133,RUN-20260828-01a55fcf
MANIFEST-02306,REC-02306,PKG-02306,PROD-005,ASSET-DCS-001,1.0.0,20263134,RUN-20260828-01a55fcf
MANIFEST-02307,REC-02307,PKG-02307,PROD-001,ASSET-SIS-001,1.0.0,20263135,RUN-20260828-01a55fcf
MANIFEST-02308,REC-02308,PKG-02308,PROD-005,ASSET-OPC-001,1.0.0,20263136,RUN-20260828-01a55fcf
MANIFEST-02309,REC-02309,PKG-02309,PROD-003,ASSET-OPC-001,1.0.0,20263137,RUN-20260828-01a55fcf
MANIFEST-02310,REC-02310,PKG-02310,PROD-003,ASSET-SIS-001,1.0.0,20263138,RUN-20260828-01a55fcf
MANIFEST-02311,REC-02311,PKG-02311,PROD-004,ASSET-RTU-001,1.0.0,20263139,RUN-20260828-01a55fcf
MANIFEST-02312,REC-02312,PKG-02312,PROD-004,ASSET-PLC-001,1.0.0,20263140,RUN-20260828-01a55fcf
MANIFEST-02313,REC-02313,PKG-02313,PROD-005,ASSET-DCS-001,1.0.0,20263141,RUN-20260828-01a55fcf
MANIFEST-02314,REC-02314,PKG-02314,PROD-001,ASSET-OPC-001,1.0.0,20263142,RUN-20260828-01a55fcf
MANIFEST-02315,REC-02315,PKG-02315,PROD-001,ASSET-SIS-001,1.0.0,20263143,RUN-20260828-01a55fcf
MANIFEST-02316,REC-02316,PKG-02316,PROD-004,ASSET-DCS-001,1.0.0,20263144,RUN-20260828-01a55fcf
MANIFEST-02317,REC-02317,PKG-02317,PROD-001,ASSET-OPC-001,1.0.0,20263145,RUN-20260828-01a55fcf
MANIFEST-02318,REC-02318,PKG-02318,PROD-004,ASSET-DCS-001,1.0.0,20263146,RUN-20260828-01a55fcf
MANIFEST-02319,REC-02319,PKG-02319,PROD-004,ASSET-SIS-001,1.0.0,20263147,RUN-20260828-01a55fcf
MANIFEST-02320,REC-02320,PKG-02320,PROD-001,ASSET-RTU-001,1.0.0,20263148,RUN-20260828-01a55fcf
MANIFEST-02321,REC-02321,PKG-02321,PROD-004,ASSET-RTU-001,1.0.0,20263149,RUN-20260828-01a55fcf
MANIFEST-02322,REC-02322,PKG-02322,PROD-005,ASSET-PLC-001,1.0.0,20263150,RUN-20260828-01a55fcf
MANIFEST-02323,REC-02323,PKG-02323,PROD-002,ASSET-RTU-001,1.0.0,20263151,RUN-20260828-01a55fcf
MANIFEST-02324,REC-02324,PKG-02324,PROD-005,ASSET-RTU-001,1.0.0,20263152,RUN-20260828-01a55fcf
MANIFEST-02325,REC-02325,PKG-02325,PROD-005,ASSET-RTU-001,1.0.0,20263153,RUN-20260828-01a55fcf
MANIFEST-02326,REC-02326,PKG-02326,PROD-005,ASSET-PLC-001,1.0.0,20263154,RUN-20260828-01a55fcf
MANIFEST-02327,REC-02327,PKG-02327,PROD-003,ASSET-OPC-001,1.0.0,20263155,RUN-20260828-01a55fcf
MANIFEST-02328,REC-02328,PKG-02328,PROD-005,ASSET-RTU-001,1.0.0,20263156,RUN-20260828-01a55fcf
MANIFEST-02329,REC-02329,PKG-02329,PROD-003,ASSET-PLC-001,1.0.0,20263157,RUN-20260828-01a55fcf
MANIFEST-02330,REC-02330,PKG-02330,PROD-001,ASSET-DCS-001,1.0.0,20263158,RUN-20260828-01a55fcf
MANIFEST-02331,REC-02331,PKG-02331,PROD-001,ASSET-SIS-001,1.0.0,20263159,RUN-20260828-01a55fcf
MANIFEST-02332,REC-02332,PKG-02332,PROD-003,ASSET-RTU-001,1.0.0,20263160,RUN-20260828-01a55fcf
MANIFEST-02333,REC-02333,PKG-02333,PROD-003,ASSET-SIS-001,1.0.0,20263161,RUN-20260828-01a55fcf
MANIFEST-02334,REC-02334,PKG-02334,PROD-004,ASSET-RTU-001,1.0.0,20263162,RUN-20260828-01a55fcf
MANIFEST-02335,REC-02335,PKG-02335,PROD-004,ASSET-SIS-001,1.0.0,20263163,RUN-20260828-01a55fcf
MANIFEST-02336,REC-02336,PKG-02336,PROD-003,ASSET-OPC-001,1.0.0,20263164,RUN-20260828-01a55fcf
MANIFEST-02337,REC-02337,PKG-02337,PROD-004,ASSET-PLC-001,1.0.0,20263165,RUN-20260828-01a55fcf
MANIFEST-02338,REC-02338,PKG-02338,PROD-004,ASSET-RTU-001,1.0.0,20263166,RUN-20260828-01a55fcf
MANIFEST-02339,REC-02339,PKG-02339,PROD-002,ASSET-DCS-001,1.0.0,20263167,RUN-20260828-01a55fcf
MANIFEST-02340,REC-02340,PKG-02340,PROD-002,ASSET-DCS-001,1.0.0,20263168,RUN-20260828-01a55fcf
MANIFEST-02341,REC-02341,PKG-02341,PROD-003,ASSET-OPC-001,1.0.0,20263169,RUN-20260828-01a55fcf
MANIFEST-02342,REC-02342,PKG-02342,PROD-003,ASSET-SIS-001,1.0.0,20263170,RUN-20260828-01a55fcf
MANIFEST-02343,REC-02343,PKG-02343,PROD-002,ASSET-PLC-001,1.0.0,20263171,RUN-20260828-01a55fcf
MANIFEST-02344,REC-02344,PKG-02344,PROD-003,ASSET-SIS-001,1.0.0,20263172,RUN-20260828-01a55fcf
MANIFEST-02345,REC-02345,PKG-02345,PROD-002,ASSET-RTU-001,1.0.0,20263173,RUN-20260828-01a55fcf
MANIFEST-02346,REC-02346,PKG-02346,PROD-001,ASSET-OPC-001,1.0.0,20263174,RUN-20260828-01a55fcf
MANIFEST-02347,REC-02347,PKG-02347,PROD-001,ASSET-OPC-001,1.0.0,20263175,RUN-20260828-01a55fcf
MANIFEST-02348,REC-02348,PKG-02348,PROD-005,ASSET-DCS-001,1.0.0,20263176,RUN-20260828-01a55fcf
MANIFEST-02349,REC-02349,PKG-02349,PROD-001,ASSET-DCS-001,1.0.0,20263177,RUN-20260828-01a55fcf
MANIFEST-02350,REC-02350,PKG-02350,PROD-004,ASSET-DCS-001,1.0.0,20263178,RUN-20260828-01a55fcf
MANIFEST-02351,REC-02351,PKG-02351,PROD-003,ASSET-OPC-001,1.0.0,20263179,RUN-20260828-01a55fcf
MANIFEST-02352,REC-02352,PKG-02352,PROD-002,ASSET-PLC-001,1.0.0,20263180,RUN-20260828-01a55fcf
MANIFEST-02353,REC-02353,PKG-02353,PROD-003,ASSET-OPC-001,1.0.0,20263181,RUN-20260828-01a55fcf
MANIFEST-02354,REC-02354,PKG-02354,PROD-004,ASSET-DCS-001,1.0.0,20263182,RUN-20260828-01a55fcf
MANIFEST-02355,REC-02355,PKG-02355,PROD-005,ASSET-RTU-001,1.0.0,20263183,RUN-20260828-01a55fcf
MANIFEST-02356,REC-02356,PKG-02356,PROD-001,ASSET-DCS-001,1.0.0,20263184,RUN-20260828-01a55fcf
MANIFEST-02357,REC-02357,PKG-02357,PROD-002,ASSET-PLC-001,1.0.0,20263185,RUN-20260828-01a55fcf
MANIFEST-02358,REC-02358,PKG-02358,PROD-001,ASSET-OPC-001,1.0.0,20263186,RUN-20260828-01a55fcf
MANIFEST-02359,REC-02359,PKG-02359,PROD-004,ASSET-DCS-001,1.0.0,20263187,RUN-20260828-01a55fcf
MANIFEST-02360,REC-02360,PKG-02360,PROD-002,ASSET-DCS-001,1.0.0,20263188,RUN-20260828-01a55fcf
MANIFEST-02361,REC-02361,PKG-02361,PROD-005,ASSET-PLC-001,1.0.0,20263189,RUN-20260828-01a55fcf
MANIFEST-02362,REC-02362,PKG-02362,PROD-003,ASSET-DCS-001,1.0.0,20263190,RUN-20260828-01a55fcf
MANIFEST-02363,REC-02363,PKG-02363,PROD-005,ASSET-RTU-001,1.0.0,20263191,RUN-20260828-01a55fcf
MANIFEST-02364,REC-02364,PKG-02364,PROD-005,ASSET-RTU-001,1.0.0,20263192,RUN-20260828-01a55fcf
MANIFEST-02365,REC-02365,PKG-02365,PROD-004,ASSET-PLC-001,1.0.0,20263193,RUN-20260828-01a55fcf
MANIFEST-02366,REC-02366,PKG-02366,PROD-004,ASSET-OPC-001,1.0.0,20263194,RUN-20260828-01a55fcf
MANIFEST-02367,REC-02367,PKG-02367,PROD-003,ASSET-PLC-001,1.0.0,20263195,RUN-20260828-01a55fcf
MANIFEST-02368,REC-02368,PKG-02368,PROD-005,ASSET-PLC-001,1.0.0,20263196,RUN-20260828-01a55fcf
MANIFEST-02369,REC-02369,PKG-02369,PROD-005,ASSET-PLC-001,1.0.0,20263197,RUN-20260828-01a55fcf
MANIFEST-02370,REC-02370,PKG-02370,PROD-002,ASSET-PLC-001,1.0.0,20263198,RUN-20260828-01a55fcf
MANIFEST-02371,REC-02371,PKG-02371,PROD-003,ASSET-SIS-001,1.0.0,20263199,RUN-20260828-01a55fcf
MANIFEST-02372,REC-02372,PKG-02372,PROD-002,ASSET-OPC-001,1.0.0,20263200,RUN-20260828-01a55fcf
MANIFEST-02373,REC-02373,PKG-02373,PROD-002,ASSET-PLC-001,1.0.0,20263201,RUN-20260828-01a55fcf
MANIFEST-02374,REC-02374,PKG-02374,PROD-004,ASSET-PLC-001,1.0.0,20263202,RUN-20260828-01a55fcf
MANIFEST-02375,REC-02375,PKG-02375,PROD-001,ASSET-SIS-001,1.0.0,20263203,RUN-20260828-01a55fcf
MANIFEST-02376,REC-02376,PKG-02376,PROD-004,ASSET-OPC-001,1.0.0,20263204,RUN-20260828-01a55fcf
MANIFEST-02377,REC-02377,PKG-02377,PROD-002,ASSET-RTU-001,1.0.0,20263205,RUN-20260828-01a55fcf
MANIFEST-02378,REC-02378,PKG-02378,PROD-002,ASSET-DCS-001,1.0.0,20263206,RUN-20260828-01a55fcf
MANIFEST-02379,REC-02379,PKG-02379,PROD-001,ASSET-SIS-001,1.0.0,20263207,RUN-20260828-01a55fcf
MANIFEST-02380,REC-02380,PKG-02380,PROD-001,ASSET-OPC-001,1.0.0,20263208,RUN-20260828-01a55fcf
MANIFEST-02381,REC-02381,PKG-02381,PROD-003,ASSET-RTU-001,1.0.0,20263209,RUN-20260828-01a55fcf
MANIFEST-02382,REC-02382,PKG-02382,PROD-004,ASSET-PLC-001,1.0.0,20263210,RUN-20260828-01a55fcf
MANIFEST-02383,REC-02383,PKG-02383,PROD-005,ASSET-SIS-001,1.0.0,20263211,RUN-20260828-01a55fcf
MANIFEST-02384,REC-02384,PKG-02384,PROD-002,ASSET-RTU-001,1.0.0,20263212,RUN-20260828-01a55fcf
MANIFEST-02385,REC-02385,PKG-02385,PROD-003,ASSET-PLC-001,1.0.0,20263213,RUN-20260828-01a55fcf
MANIFEST-02386,REC-02386,PKG-02386,PROD-005,ASSET-PLC-001,1.0.0,20263214,RUN-20260828-01a55fcf
MANIFEST-02387,REC-02387,PKG-02387,PROD-002,ASSET-OPC-001,1.0.0,20263215,RUN-20260828-01a55fcf
MANIFEST-02388,REC-02388,PKG-02388,PROD-003,ASSET-DCS-001,1.0.0,20263216,RUN-20260828-01a55fcf
MANIFEST-02389,REC-02389,PKG-02389,PROD-005,ASSET-SIS-001,1.0.0,20263217,RUN-20260828-01a55fcf
MANIFEST-02390,REC-02390,PKG-02390,PROD-001,ASSET-DCS-001,1.0.0,20263218,RUN-20260828-01a55fcf
MANIFEST-02391,REC-02391,PKG-02391,PROD-005,ASSET-SIS-001,1.0.0,20263219,RUN-20260828-01a55fcf
MANIFEST-02392,REC-02392,PKG-02392,PROD-001,ASSET-OPC-001,1.0.0,20263220,RUN-20260828-01a55fcf
MANIFEST-02393,REC-02393,PKG-02393,PROD-003,ASSET-RTU-001,1.0.0,20263221,RUN-20260828-01a55fcf
MANIFEST-02394,REC-02394,PKG-02394,PROD-002,ASSET-RTU-001,1.0.0,20263222,RUN-20260828-01a55fcf
MANIFEST-02395,REC-02395,PKG-02395,PROD-005,ASSET-PLC-001,1.0.0,20263223,RUN-20260828-01a55fcf
MANIFEST-02396,REC-02396,PKG-02396,PROD-002,ASSET-PLC-001,1.0.0,20263224,RUN-20260828-01a55fcf
MANIFEST-02397,REC-02397,PKG-02397,PROD-004,ASSET-SIS-001,1.0.0,20263225,RUN-20260828-01a55fcf
MANIFEST-02398,REC-02398,PKG-02398,PROD-002,ASSET-PLC-001,1.0.0,20263226,RUN-20260828-01a55fcf
MANIFEST-02399,REC-02399,PKG-02399,PROD-001,ASSET-SIS-001,1.0.0,20263227,RUN-20260828-01a55fcf
MANIFEST-02400,REC-02400,PKG-02400,PROD-001,ASSET-SIS-001,1.0.0,20263228,RUN-20260828-01a55fcf
MANIFEST-02401,REC-02401,PKG-02401,PROD-005,ASSET-SIS-001,1.0.0,20263229,RUN-20260828-01a55fcf
MANIFEST-02402,REC-02402,PKG-02402,PROD-005,ASSET-DCS-001,1.0.0,20263230,RUN-20260828-01a55fcf
MANIFEST-02403,REC-02403,PKG-02403,PROD-004,ASSET-SIS-001,1.0.0,20263231,RUN-20260828-01a55fcf
MANIFEST-02404,REC-02404,PKG-02404,PROD-004,ASSET-OPC-001,1.0.0,20263232,RUN-20260828-01a55fcf
MANIFEST-02405,REC-02405,PKG-02405,PROD-004,ASSET-RTU-001,1.0.0,20263233,RUN-20260828-01a55fcf
MANIFEST-02406,REC-02406,PKG-02406,PROD-002,ASSET-OPC-001,1.0.0,20263234,RUN-20260828-01a55fcf
MANIFEST-02407,REC-02407,PKG-02407,PROD-005,ASSET-PLC-001,1.0.0,20263235,RUN-20260828-01a55fcf
MANIFEST-02408,REC-02408,PKG-02408,PROD-004,ASSET-RTU-001,1.0.0,20263236,RUN-20260828-01a55fcf
MANIFEST-02409,REC-02409,PKG-02409,PROD-003,ASSET-OPC-001,1.0.0,20263237,RUN-20260828-01a55fcf
MANIFEST-02410,REC-02410,PKG-02410,PROD-002,ASSET-SIS-001,1.0.0,20263238,RUN-20260828-01a55fcf
MANIFEST-02411,REC-02411,PKG-02411,PROD-003,ASSET-RTU-001,1.0.0,20263239,RUN-20260828-01a55fcf
MANIFEST-02412,REC-02412,PKG-02412,PROD-001,ASSET-SIS-001,1.0.0,20263240,RUN-20260828-01a55fcf
MANIFEST-02413,REC-02413,PKG-02413,PROD-003,ASSET-SIS-001,1.0.0,20263241,RUN-20260828-01a55fcf
MANIFEST-02414,REC-02414,PKG-02414,PROD-003,ASSET-PLC-001,1.0.0,20263242,RUN-20260828-01a55fcf
MANIFEST-02415,REC-02415,PKG-02415,PROD-005,ASSET-PLC-001,1.0.0,20263243,RUN-20260828-01a55fcf
MANIFEST-02416,REC-02416,PKG-02416,PROD-003,ASSET-RTU-001,1.0.0,20263244,RUN-20260828-01a55fcf
MANIFEST-02417,REC-02417,PKG-02417,PROD-001,ASSET-SIS-001,1.0.0,20263245,RUN-20260828-01a55fcf
MANIFEST-02418,REC-02418,PKG-02418,PROD-002,ASSET-PLC-001,1.0.0,20263246,RUN-20260828-01a55fcf
MANIFEST-02419,REC-02419,PKG-02419,PROD-003,ASSET-DCS-001,1.0.0,20263247,RUN-20260828-01a55fcf
MANIFEST-02420,REC-02420,PKG-02420,PROD-002,ASSET-DCS-001,1.0.0,20263248,RUN-20260828-01a55fcf
MANIFEST-02421,REC-02421,PKG-02421,PROD-001,ASSET-PLC-001,1.0.0,20263249,RUN-20260828-01a55fcf
MANIFEST-02422,REC-02422,PKG-02422,PROD-005,ASSET-SIS-001,1.0.0,20263250,RUN-20260828-01a55fcf
MANIFEST-02423,REC-02423,PKG-02423,PROD-002,ASSET-DCS-001,1.0.0,20263251,RUN-20260828-01a55fcf
MANIFEST-02424,REC-02424,PKG-02424,PROD-003,ASSET-OPC-001,1.0.0,20263252,RUN-20260828-01a55fcf
MANIFEST-02425,REC-02425,PKG-02425,PROD-004,ASSET-RTU-001,1.0.0,20263253,RUN-20260828-01a55fcf
MANIFEST-02426,REC-02426,PKG-02426,PROD-003,ASSET-OPC-001,1.0.0,20263254,RUN-20260828-01a55fcf
MANIFEST-02427,REC-02427,PKG-02427,PROD-005,ASSET-DCS-001,1.0.0,20263255,RUN-20260828-01a55fcf
MANIFEST-02428,REC-02428,PKG-02428,PROD-005,ASSET-PLC-001,1.0.0,20263256,RUN-20260828-01a55fcf
MANIFEST-02429,REC-02429,PKG-02429,PROD-004,ASSET-OPC-001,1.0.0,20263257,RUN-20260828-01a55fcf
MANIFEST-02430,REC-02430,PKG-02430,PROD-004,ASSET-SIS-001,1.0.0,20263258,RUN-20260828-01a55fcf
MANIFEST-02431,REC-02431,PKG-02431,PROD-002,ASSET-PLC-001,1.0.0,20263259,RUN-20260828-01a55fcf
MANIFEST-02432,REC-02432,PKG-02432,PROD-001,ASSET-RTU-001,1.0.0,20263260,RUN-20260828-01a55fcf
MANIFEST-02433,REC-02433,PKG-02433,PROD-001,ASSET-SIS-001,1.0.0,20263261,RUN-20260828-01a55fcf
MANIFEST-02434,REC-02434,PKG-02434,PROD-002,ASSET-RTU-001,1.0.0,20263262,RUN-20260828-01a55fcf
MANIFEST-02435,REC-02435,PKG-02435,PROD-004,ASSET-DCS-001,1.0.0,20263263,RUN-20260828-01a55fcf
MANIFEST-02436,REC-02436,PKG-02436,PROD-004,ASSET-DCS-001,1.0.0,20263264,RUN-20260828-01a55fcf
MANIFEST-02437,REC-02437,PKG-02437,PROD-001,ASSET-RTU-001,1.0.0,20263265,RUN-20260828-01a55fcf
MANIFEST-02438,REC-02438,PKG-02438,PROD-003,ASSET-OPC-001,1.0.0,20263266,RUN-20260828-01a55fcf
MANIFEST-02439,REC-02439,PKG-02439,PROD-005,ASSET-PLC-001,1.0.0,20263267,RUN-20260828-01a55fcf
MANIFEST-02440,REC-02440,PKG-02440,PROD-001,ASSET-SIS-001,1.0.0,20263268,RUN-20260828-01a55fcf
MANIFEST-02441,REC-02441,PKG-02441,PROD-005,ASSET-PLC-001,1.0.0,20263269,RUN-20260828-01a55fcf
MANIFEST-02442,REC-02442,PKG-02442,PROD-004,ASSET-RTU-001,1.0.0,20263270,RUN-20260828-01a55fcf
MANIFEST-02443,REC-02443,PKG-02443,PROD-004,ASSET-PLC-001,1.0.0,20263271,RUN-20260828-01a55fcf
MANIFEST-02444,REC-02444,PKG-02444,PROD-001,ASSET-DCS-001,1.0.0,20263272,RUN-20260828-01a55fcf
MANIFEST-02445,REC-02445,PKG-02445,PROD-001,ASSET-PLC-001,1.0.0,20263273,RUN-20260828-01a55fcf
MANIFEST-02446,REC-02446,PKG-02446,PROD-002,ASSET-DCS-001,1.0.0,20263274,RUN-20260828-01a55fcf
MANIFEST-02447,REC-02447,PKG-02447,PROD-003,ASSET-PLC-001,1.0.0,20263275,RUN-20260828-01a55fcf
MANIFEST-02448,REC-02448,PKG-02448,PROD-004,ASSET-DCS-001,1.0.0,20263276,RUN-20260828-01a55fcf
MANIFEST-02449,REC-02449,PKG-02449,PROD-002,ASSET-DCS-001,1.0.0,20263277,RUN-20260828-01a55fcf
MANIFEST-02450,REC-02450,PKG-02450,PROD-005,ASSET-PLC-001,1.0.0,20263278,RUN-20260828-01a55fcf
MANIFEST-02451,REC-02451,PKG-02451,PROD-004,ASSET-PLC-001,1.0.0,20263279,RUN-20260828-01a55fcf
MANIFEST-02452,REC-02452,PKG-02452,PROD-001,ASSET-SIS-001,1.0.0,20263280,RUN-20260828-01a55fcf
MANIFEST-02453,REC-02453,PKG-02453,PROD-003,ASSET-OPC-001,1.0.0,20263281,RUN-20260828-01a55fcf
MANIFEST-02454,REC-02454,PKG-02454,PROD-005,ASSET-PLC-001,1.0.0,20263282,RUN-20260828-01a55fcf
MANIFEST-02455,REC-02455,PKG-02455,PROD-002,ASSET-RTU-001,1.0.0,20263283,RUN-20260828-01a55fcf
MANIFEST-02456,REC-02456,PKG-02456,PROD-004,ASSET-OPC-001,1.0.0,20263284,RUN-20260828-01a55fcf
MANIFEST-02457,REC-02457,PKG-02457,PROD-005,ASSET-SIS-001,1.0.0,20263285,RUN-20260828-01a55fcf
MANIFEST-02458,REC-02458,PKG-02458,PROD-003,ASSET-OPC-001,1.0.0,20263286,RUN-20260828-01a55fcf
MANIFEST-02459,REC-02459,PKG-02459,PROD-005,ASSET-RTU-001,1.0.0,20263287,RUN-20260828-01a55fcf
MANIFEST-02460,REC-02460,PKG-02460,PROD-001,ASSET-PLC-001,1.0.0,20263288,RUN-20260828-01a55fcf
MANIFEST-02461,REC-02461,PKG-02461,PROD-002,ASSET-RTU-001,1.0.0,20263289,RUN-20260828-01a55fcf
MANIFEST-02462,REC-02462,PKG-02462,PROD-004,ASSET-DCS-001,1.0.0,20263290,RUN-20260828-01a55fcf
MANIFEST-02463,REC-02463,PKG-02463,PROD-004,ASSET-RTU-001,1.0.0,20263291,RUN-20260828-01a55fcf
MANIFEST-02464,REC-02464,PKG-02464,PROD-001,ASSET-PLC-001,1.0.0,20263292,RUN-20260828-01a55fcf
MANIFEST-02465,REC-02465,PKG-02465,PROD-005,ASSET-PLC-001,1.0.0,20263293,RUN-20260828-01a55fcf
MANIFEST-02466,REC-02466,PKG-02466,PROD-001,ASSET-SIS-001,1.0.0,20263294,RUN-20260828-01a55fcf
MANIFEST-02467,REC-02467,PKG-02467,PROD-005,ASSET-RTU-001,1.0.0,20263295,RUN-20260828-01a55fcf
MANIFEST-02468,REC-02468,PKG-02468,PROD-003,ASSET-SIS-001,1.0.0,20263296,RUN-20260828-01a55fcf
MANIFEST-02469,REC-02469,PKG-02469,PROD-003,ASSET-PLC-001,1.0.0,20263297,RUN-20260828-01a55fcf
MANIFEST-02470,REC-02470,PKG-02470,PROD-003,ASSET-SIS-001,1.0.0,20263298,RUN-20260828-01a55fcf
MANIFEST-02471,REC-02471,PKG-02471,PROD-002,ASSET-SIS-001,1.0.0,20263299,RUN-20260828-01a55fcf
MANIFEST-02472,REC-02472,PKG-02472,PROD-005,ASSET-OPC-001,1.0.0,20263300,RUN-20260828-01a55fcf
MANIFEST-02473,REC-02473,PKG-02473,PROD-001,ASSET-RTU-001,1.0.0,20263301,RUN-20260828-01a55fcf
MANIFEST-02474,REC-02474,PKG-02474,PROD-003,ASSET-SIS-001,1.0.0,20263302,RUN-20260828-01a55fcf
MANIFEST-02475,REC-02475,PKG-02475,PROD-004,ASSET-RTU-001,1.0.0,20263303,RUN-20260828-01a55fcf
MANIFEST-02476,REC-02476,PKG-02476,PROD-003,ASSET-PLC-001,1.0.0,20263304,RUN-20260828-01a55fcf
MANIFEST-02477,REC-02477,PKG-02477,PROD-005,ASSET-SIS-001,1.0.0,20263305,RUN-20260828-01a55fcf
MANIFEST-02478,REC-02478,PKG-02478,PROD-003,ASSET-OPC-001,1.0.0,20263306,RUN-20260828-01a55fcf
MANIFEST-02479,REC-02479,PKG-02479,PROD-001,ASSET-RTU-001,1.0.0,20263307,RUN-20260828-01a55fcf
MANIFEST-02480,REC-02480,PKG-02480,PROD-002,ASSET-RTU-001,1.0.0,20263308,RUN-20260828-01a55fcf
MANIFEST-02481,REC-02481,PKG-02481,PROD-002,ASSET-RTU-001,1.0.0,20263309,RUN-20260828-01a55fcf
MANIFEST-02482,REC-02482,PKG-02482,PROD-001,ASSET-DCS-001,1.0.0,20263310,RUN-20260828-01a55fcf
MANIFEST-02483,REC-02483,PKG-02483,PROD-002,ASSET-RTU-001,1.0.0,20263311,RUN-20260828-01a55fcf
MANIFEST-02484,REC-02484,PKG-02484,PROD-002,ASSET-PLC-001,1.0.0,20263312,RUN-20260828-01a55fcf
MANIFEST-02485,REC-02485,PKG-02485,PROD-003,ASSET-OPC-001,1.0.0,20263313,RUN-20260828-01a55fcf
MANIFEST-02486,REC-02486,PKG-02486,PROD-002,ASSET-OPC-001,1.0.0,20263314,RUN-20260828-01a55fcf
MANIFEST-02487,REC-02487,PKG-02487,PROD-004,ASSET-SIS-001,1.0.0,20263315,RUN-20260828-01a55fcf
MANIFEST-02488,REC-02488,PKG-02488,PROD-003,ASSET-DCS-001,1.0.0,20263316,RUN-20260828-01a55fcf
MANIFEST-02489,REC-02489,PKG-02489,PROD-001,ASSET-SIS-001,1.0.0,20263317,RUN-20260828-01a55fcf
MANIFEST-02490,REC-02490,PKG-02490,PROD-005,ASSET-RTU-001,1.0.0,20263318,RUN-20260828-01a55fcf
MANIFEST-02491,REC-02491,PKG-02491,PROD-002,ASSET-RTU-001,1.0.0,20263319,RUN-20260828-01a55fcf
MANIFEST-02492,REC-02492,PKG-02492,PROD-001,ASSET-SIS-001,1.0.0,20263320,RUN-20260828-01a55fcf
MANIFEST-02493,REC-02493,PKG-02493,PROD-001,ASSET-SIS-001,1.0.0,20263321,RUN-20260828-01a55fcf
MANIFEST-02494,REC-02494,PKG-02494,PROD-002,ASSET-DCS-001,1.0.0,20263322,RUN-20260828-01a55fcf
MANIFEST-02495,REC-02495,PKG-02495,PROD-002,ASSET-DCS-001,1.0.0,20263323,RUN-20260828-01a55fcf
MANIFEST-02496,REC-02496,PKG-02496,PROD-001,ASSET-RTU-001,1.0.0,20263324,RUN-20260828-01a55fcf
MANIFEST-02497,REC-02497,PKG-02497,PROD-001,ASSET-PLC-001,1.0.0,20263325,RUN-20260828-01a55fcf
MANIFEST-02498,REC-02498,PKG-02498,PROD-004,ASSET-OPC-001,1.0.0,20263326,RUN-20260828-01a55fcf
MANIFEST-02499,REC-02499,PKG-02499,PROD-001,ASSET-PLC-001,1.0.0,20263327,RUN-20260828-01a55fcf
MANIFEST-02500,REC-02500,PKG-02500,PROD-003,ASSET-SIS-001,1.0.0,20263328,RUN-20260828-01a55fcf
MANIFEST-02501,REC-02501,PKG-02501,PROD-004,ASSET-PLC-001,1.0.0,20263329,RUN-20260828-01a55fcf
MANIFEST-02502,REC-02502,PKG-02502,PROD-001,ASSET-SIS-001,1.0.0,20263330,RUN-20260828-01a55fcf
MANIFEST-02503,REC-02503,PKG-02503,PROD-003,ASSET-DCS-001,1.0.0,20263331,RUN-20260828-01a55fcf
MANIFEST-02504,REC-02504,PKG-02504,PROD-001,ASSET-SIS-001,1.0.0,20263332,RUN-20260828-01a55fcf
MANIFEST-02505,REC-02505,PKG-02505,PROD-003,ASSET-PLC-001,1.0.0,20263333,RUN-20260828-01a55fcf
MANIFEST-02506,REC-02506,PKG-02506,PROD-002,ASSET-RTU-001,1.0.0,20263334,RUN-20260828-01a55fcf
MANIFEST-02507,REC-02507,PKG-02507,PROD-003,ASSET-DCS-001,1.0.0,20263335,RUN-20260828-01a55fcf
MANIFEST-02508,REC-02508,PKG-02508,PROD-002,ASSET-SIS-001,1.0.0,20263336,RUN-20260828-01a55fcf
MANIFEST-02509,REC-02509,PKG-02509,PROD-001,ASSET-RTU-001,1.0.0,20263337,RUN-20260828-01a55fcf
MANIFEST-02510,REC-02510,PKG-02510,PROD-002,ASSET-DCS-001,1.0.0,20263338,RUN-20260828-01a55fcf
MANIFEST-02511,REC-02511,PKG-02511,PROD-004,ASSET-RTU-001,1.0.0,20263339,RUN-20260828-01a55fcf
MANIFEST-02512,REC-02512,PKG-02512,PROD-002,ASSET-SIS-001,1.0.0,20263340,RUN-20260828-01a55fcf
MANIFEST-02513,REC-02513,PKG-02513,PROD-004,ASSET-SIS-001,1.0.0,20263341,RUN-20260828-01a55fcf
MANIFEST-02514,REC-02514,PKG-02514,PROD-001,ASSET-SIS-001,1.0.0,20263342,RUN-20260828-01a55fcf
MANIFEST-02515,REC-02515,PKG-02515,PROD-001,ASSET-RTU-001,1.0.0,20263343,RUN-20260828-01a55fcf
MANIFEST-02516,REC-02516,PKG-02516,PROD-002,ASSET-SIS-001,1.0.0,20263344,RUN-20260828-01a55fcf
MANIFEST-02517,REC-02517,PKG-02517,PROD-003,ASSET-SIS-001,1.0.0,20263345,RUN-20260828-01a55fcf
MANIFEST-02518,REC-02518,PKG-02518,PROD-005,ASSET-RTU-001,1.0.0,20263346,RUN-20260828-01a55fcf
MANIFEST-02519,REC-02519,PKG-02519,PROD-003,ASSET-PLC-001,1.0.0,20263347,RUN-20260828-01a55fcf
MANIFEST-02520,REC-02520,PKG-02520,PROD-005,ASSET-SIS-001,1.0.0,20263348,RUN-20260828-01a55fcf
MANIFEST-02521,REC-02521,PKG-02521,PROD-001,ASSET-SIS-001,1.0.0,20263349,RUN-20260828-01a55fcf
MANIFEST-02522,REC-02522,PKG-02522,PROD-002,ASSET-OPC-001,1.0.0,20263350,RUN-20260828-01a55fcf
MANIFEST-02523,REC-02523,PKG-02523,PROD-002,ASSET-RTU-001,1.0.0,20263351,RUN-20260828-01a55fcf
MANIFEST-02524,REC-02524,PKG-02524,PROD-003,ASSET-RTU-001,1.0.0,20263352,RUN-20260828-01a55fcf
MANIFEST-02525,REC-02525,PKG-02525,PROD-003,ASSET-SIS-001,1.0.0,20263353,RUN-20260828-01a55fcf
MANIFEST-02526,REC-02526,PKG-02526,PROD-002,ASSET-OPC-001,1.0.0,20263354,RUN-20260828-01a55fcf
MANIFEST-02527,REC-02527,PKG-02527,PROD-004,ASSET-SIS-001,1.0.0,20263355,RUN-20260828-01a55fcf
MANIFEST-02528,REC-02528,PKG-02528,PROD-005,ASSET-SIS-001,1.0.0,20263356,RUN-20260828-01a55fcf
MANIFEST-02529,REC-02529,PKG-02529,PROD-003,ASSET-SIS-001,1.0.0,20263357,RUN-20260828-01a55fcf
MANIFEST-02530,REC-02530,PKG-02530,PROD-002,ASSET-PLC-001,1.0.0,20263358,RUN-20260828-01a55fcf
MANIFEST-02531,REC-02531,PKG-02531,PROD-004,ASSET-PLC-001,1.0.0,20263359,RUN-20260828-01a55fcf
MANIFEST-02532,REC-02532,PKG-02532,PROD-002,ASSET-PLC-001,1.0.0,20263360,RUN-20260828-01a55fcf
MANIFEST-02533,REC-02533,PKG-02533,PROD-003,ASSET-OPC-001,1.0.0,20263361,RUN-20260828-01a55fcf
MANIFEST-02534,REC-02534,PKG-02534,PROD-002,ASSET-DCS-001,1.0.0,20263362,RUN-20260828-01a55fcf
MANIFEST-02535,REC-02535,PKG-02535,PROD-003,ASSET-PLC-001,1.0.0,20263363,RUN-20260828-01a55fcf
MANIFEST-02536,REC-02536,PKG-02536,PROD-001,ASSET-PLC-001,1.0.0,20263364,RUN-20260828-01a55fcf
MANIFEST-02537,REC-02537,PKG-02537,PROD-002,ASSET-SIS-001,1.0.0,20263365,RUN-20260828-01a55fcf
MANIFEST-02538,REC-02538,PKG-02538,PROD-002,ASSET-DCS-001,1.0.0,20263366,RUN-20260828-01a55fcf
MANIFEST-02539,REC-02539,PKG-02539,PROD-004,ASSET-RTU-001,1.0.0,20263367,RUN-20260828-01a55fcf
MANIFEST-02540,REC-02540,PKG-02540,PROD-002,ASSET-RTU-001,1.0.0,20263368,RUN-20260828-01a55fcf
MANIFEST-02541,REC-02541,PKG-02541,PROD-003,ASSET-RTU-001,1.0.0,20263369,RUN-20260828-01a55fcf
MANIFEST-02542,REC-02542,PKG-02542,PROD-003,ASSET-SIS-001,1.0.0,20263370,RUN-20260828-01a55fcf
MANIFEST-02543,REC-02543,PKG-02543,PROD-004,ASSET-PLC-001,1.0.0,20263371,RUN-20260828-01a55fcf
MANIFEST-02544,REC-02544,PKG-02544,PROD-001,ASSET-RTU-001,1.0.0,20263372,RUN-20260828-01a55fcf
MANIFEST-02545,REC-02545,PKG-02545,PROD-001,ASSET-RTU-001,1.0.0,20263373,RUN-20260828-01a55fcf
MANIFEST-02546,REC-02546,PKG-02546,PROD-001,ASSET-PLC-001,1.0.0,20263374,RUN-20260828-01a55fcf
MANIFEST-02547,REC-02547,PKG-02547,PROD-005,ASSET-SIS-001,1.0.0,20263375,RUN-20260828-01a55fcf
MANIFEST-02548,REC-02548,PKG-02548,PROD-004,ASSET-OPC-001,1.0.0,20263376,RUN-20260828-01a55fcf
MANIFEST-02549,REC-02549,PKG-02549,PROD-004,ASSET-PLC-001,1.0.0,20263377,RUN-20260828-01a55fcf
MANIFEST-02550,REC-02550,PKG-02550,PROD-005,ASSET-DCS-001,1.0.0,20263378,RUN-20260828-01a55fcf
MANIFEST-02551,REC-02551,PKG-02551,PROD-003,ASSET-SIS-001,1.0.0,20263379,RUN-20260828-01a55fcf
MANIFEST-02552,REC-02552,PKG-02552,PROD-004,ASSET-RTU-001,1.0.0,20263380,RUN-20260828-01a55fcf
MANIFEST-02553,REC-02553,PKG-02553,PROD-004,ASSET-RTU-001,1.0.0,20263381,RUN-20260828-01a55fcf
MANIFEST-02554,REC-02554,PKG-02554,PROD-004,ASSET-DCS-001,1.0.0,20263382,RUN-20260828-01a55fcf
MANIFEST-02555,REC-02555,PKG-02555,PROD-003,ASSET-SIS-001,1.0.0,20263383,RUN-20260828-01a55fcf
MANIFEST-02556,REC-02556,PKG-02556,PROD-005,ASSET-RTU-001,1.0.0,20263384,RUN-20260828-01a55fcf
MANIFEST-02557,REC-02557,PKG-02557,PROD-002,ASSET-OPC-001,1.0.0,20263385,RUN-20260828-01a55fcf
MANIFEST-02558,REC-02558,PKG-02558,PROD-002,ASSET-SIS-001,1.0.0,20263386,RUN-20260828-01a55fcf
MANIFEST-02559,REC-02559,PKG-02559,PROD-005,ASSET-OPC-001,1.0.0,20263387,RUN-20260828-01a55fcf
MANIFEST-02560,REC-02560,PKG-02560,PROD-001,ASSET-RTU-001,1.0.0,20263388,RUN-20260828-01a55fcf
MANIFEST-02561,REC-02561,PKG-02561,PROD-001,ASSET-PLC-001,1.0.0,20263389,RUN-20260828-01a55fcf
MANIFEST-02562,REC-02562,PKG-02562,PROD-001,ASSET-SIS-001,1.0.0,20263390,RUN-20260828-01a55fcf
MANIFEST-02563,REC-02563,PKG-02563,PROD-005,ASSET-RTU-001,1.0.0,20263391,RUN-20260828-01a55fcf
MANIFEST-02564,REC-02564,PKG-02564,PROD-001,ASSET-OPC-001,1.0.0,20263392,RUN-20260828-01a55fcf
MANIFEST-02565,REC-02565,PKG-02565,PROD-001,ASSET-SIS-001,1.0.0,20263393,RUN-20260828-01a55fcf
MANIFEST-02566,REC-02566,PKG-02566,PROD-001,ASSET-SIS-001,1.0.0,20263394,RUN-20260828-01a55fcf
MANIFEST-02567,REC-02567,PKG-02567,PROD-002,ASSET-DCS-001,1.0.0,20263395,RUN-20260828-01a55fcf
MANIFEST-02568,REC-02568,PKG-02568,PROD-001,ASSET-RTU-001,1.0.0,20263396,RUN-20260828-01a55fcf
MANIFEST-02569,REC-02569,PKG-02569,PROD-002,ASSET-SIS-001,1.0.0,20263397,RUN-20260828-01a55fcf
MANIFEST-02570,REC-02570,PKG-02570,PROD-005,ASSET-DCS-001,1.0.0,20263398,RUN-20260828-01a55fcf
MANIFEST-02571,REC-02571,PKG-02571,PROD-005,ASSET-SIS-001,1.0.0,20263399,RUN-20260828-01a55fcf
MANIFEST-02572,REC-02572,PKG-02572,PROD-005,ASSET-PLC-001,1.0.0,20263400,RUN-20260828-01a55fcf
MANIFEST-02573,REC-02573,PKG-02573,PROD-002,ASSET-PLC-001,1.0.0,20263401,RUN-20260828-01a55fcf
MANIFEST-02574,REC-02574,PKG-02574,PROD-001,ASSET-RTU-001,1.0.0,20263402,RUN-20260828-01a55fcf
MANIFEST-02575,REC-02575,PKG-02575,PROD-004,ASSET-RTU-001,1.0.0,20263403,RUN-20260828-01a55fcf
MANIFEST-02576,REC-02576,PKG-02576,PROD-002,ASSET-OPC-001,1.0.0,20263404,RUN-20260828-01a55fcf
MANIFEST-02577,REC-02577,PKG-02577,PROD-003,ASSET-PLC-001,1.0.0,20263405,RUN-20260828-01a55fcf
MANIFEST-02578,REC-02578,PKG-02578,PROD-002,ASSET-OPC-001,1.0.0,20263406,RUN-20260828-01a55fcf
MANIFEST-02579,REC-02579,PKG-02579,PROD-005,ASSET-DCS-001,1.0.0,20263407,RUN-20260828-01a55fcf
MANIFEST-02580,REC-02580,PKG-02580,PROD-001,ASSET-RTU-001,1.0.0,20263408,RUN-20260828-01a55fcf
MANIFEST-02581,REC-02581,PKG-02581,PROD-001,ASSET-SIS-001,1.0.0,20263409,RUN-20260828-01a55fcf
MANIFEST-02582,REC-02582,PKG-02582,PROD-005,ASSET-SIS-001,1.0.0,20263410,RUN-20260828-01a55fcf
MANIFEST-02583,REC-02583,PKG-02583,PROD-004,ASSET-PLC-001,1.0.0,20263411,RUN-20260828-01a55fcf
MANIFEST-02584,REC-02584,PKG-02584,PROD-004,ASSET-OPC-001,1.0.0,20263412,RUN-20260828-01a55fcf
MANIFEST-02585,REC-02585,PKG-02585,PROD-001,ASSET-SIS-001,1.0.0,20263413,RUN-20260828-01a55fcf
MANIFEST-02586,REC-02586,PKG-02586,PROD-004,ASSET-SIS-001,1.0.0,20263414,RUN-20260828-01a55fcf
MANIFEST-02587,REC-02587,PKG-02587,PROD-003,ASSET-RTU-001,1.0.0,20263415,RUN-20260828-01a55fcf
MANIFEST-02588,REC-02588,PKG-02588,PROD-003,ASSET-SIS-001,1.0.0,20263416,RUN-20260828-01a55fcf
MANIFEST-02589,REC-02589,PKG-02589,PROD-003,ASSET-SIS-001,1.0.0,20263417,RUN-20260828-01a55fcf
MANIFEST-02590,REC-02590,PKG-02590,PROD-001,ASSET-SIS-001,1.0.0,20263418,RUN-20260828-01a55fcf
MANIFEST-02591,REC-02591,PKG-02591,PROD-003,ASSET-DCS-001,1.0.0,20263419,RUN-20260828-01a55fcf
MANIFEST-02592,REC-02592,PKG-02592,PROD-001,ASSET-OPC-001,1.0.0,20263420,RUN-20260828-01a55fcf
MANIFEST-02593,REC-02593,PKG-02593,PROD-004,ASSET-DCS-001,1.0.0,20263421,RUN-20260828-01a55fcf
MANIFEST-02594,REC-02594,PKG-02594,PROD-003,ASSET-DCS-001,1.0.0,20263422,RUN-20260828-01a55fcf
MANIFEST-02595,REC-02595,PKG-02595,PROD-001,ASSET-OPC-001,1.0.0,20263423,RUN-20260828-01a55fcf
MANIFEST-02596,REC-02596,PKG-02596,PROD-004,ASSET-PLC-001,1.0.0,20263424,RUN-20260828-01a55fcf
MANIFEST-02597,REC-02597,PKG-02597,PROD-005,ASSET-SIS-001,1.0.0,20263425,RUN-20260828-01a55fcf
MANIFEST-02598,REC-02598,PKG-02598,PROD-002,ASSET-PLC-001,1.0.0,20263426,RUN-20260828-01a55fcf
MANIFEST-02599,REC-02599,PKG-02599,PROD-001,ASSET-OPC-001,1.0.0,20263427,RUN-20260828-01a55fcf
MANIFEST-02600,REC-02600,PKG-02600,PROD-004,ASSET-DCS-001,1.0.0,20263428,RUN-20260828-01a55fcf
MANIFEST-02601,REC-02601,PKG-02601,PROD-002,ASSET-RTU-001,1.0.0,20263429,RUN-20260828-01a55fcf
MANIFEST-02602,REC-02602,PKG-02602,PROD-004,ASSET-OPC-001,1.0.0,20263430,RUN-20260828-01a55fcf
MANIFEST-02603,REC-02603,PKG-02603,PROD-004,ASSET-OPC-001,1.0.0,20263431,RUN-20260828-01a55fcf
MANIFEST-02604,REC-02604,PKG-02604,PROD-002,ASSET-RTU-001,1.0.0,20263432,RUN-20260828-01a55fcf
MANIFEST-02605,REC-02605,PKG-02605,PROD-005,ASSET-PLC-001,1.0.0,20263433,RUN-20260828-01a55fcf
MANIFEST-02606,REC-02606,PKG-02606,PROD-003,ASSET-SIS-001,1.0.0,20263434,RUN-20260828-01a55fcf
MANIFEST-02607,REC-02607,PKG-02607,PROD-005,ASSET-PLC-001,1.0.0,20263435,RUN-20260828-01a55fcf
MANIFEST-02608,REC-02608,PKG-02608,PROD-004,ASSET-RTU-001,1.0.0,20263436,RUN-20260828-01a55fcf
MANIFEST-02609,REC-02609,PKG-02609,PROD-004,ASSET-DCS-001,1.0.0,20263437,RUN-20260828-01a55fcf
MANIFEST-02610,REC-02610,PKG-02610,PROD-001,ASSET-PLC-001,1.0.0,20263438,RUN-20260828-01a55fcf
MANIFEST-02611,REC-02611,PKG-02611,PROD-003,ASSET-DCS-001,1.0.0,20263439,RUN-20260828-01a55fcf
MANIFEST-02612,REC-02612,PKG-02612,PROD-001,ASSET-RTU-001,1.0.0,20263440,RUN-20260828-01a55fcf
MANIFEST-02613,REC-02613,PKG-02613,PROD-005,ASSET-RTU-001,1.0.0,20263441,RUN-20260828-01a55fcf
MANIFEST-02614,REC-02614,PKG-02614,PROD-002,ASSET-PLC-001,1.0.0,20263442,RUN-20260828-01a55fcf
MANIFEST-02615,REC-02615,PKG-02615,PROD-005,ASSET-SIS-001,1.0.0,20263443,RUN-20260828-01a55fcf
MANIFEST-02616,REC-02616,PKG-02616,PROD-002,ASSET-RTU-001,1.0.0,20263444,RUN-20260828-01a55fcf
MANIFEST-02617,REC-02617,PKG-02617,PROD-002,ASSET-SIS-001,1.0.0,20263445,RUN-20260828-01a55fcf
MANIFEST-02618,REC-02618,PKG-02618,PROD-005,ASSET-PLC-001,1.0.0,20263446,RUN-20260828-01a55fcf
MANIFEST-02619,REC-02619,PKG-02619,PROD-001,ASSET-DCS-001,1.0.0,20263447,RUN-20260828-01a55fcf
MANIFEST-02620,REC-02620,PKG-02620,PROD-005,ASSET-DCS-001,1.0.0,20263448,RUN-20260828-01a55fcf
MANIFEST-02621,REC-02621,PKG-02621,PROD-005,ASSET-DCS-001,1.0.0,20263449,RUN-20260828-01a55fcf
MANIFEST-02622,REC-02622,PKG-02622,PROD-003,ASSET-SIS-001,1.0.0,20263450,RUN-20260828-01a55fcf
MANIFEST-02623,REC-02623,PKG-02623,PROD-002,ASSET-DCS-001,1.0.0,20263451,RUN-20260828-01a55fcf
MANIFEST-02624,REC-02624,PKG-02624,PROD-005,ASSET-SIS-001,1.0.0,20263452,RUN-20260828-01a55fcf
MANIFEST-02625,REC-02625,PKG-02625,PROD-002,ASSET-OPC-001,1.0.0,20263453,RUN-20260828-01a55fcf
MANIFEST-02626,REC-02626,PKG-02626,PROD-002,ASSET-PLC-001,1.0.0,20263454,RUN-20260828-01a55fcf
MANIFEST-02627,REC-02627,PKG-02627,PROD-004,ASSET-SIS-001,1.0.0,20263455,RUN-20260828-01a55fcf
MANIFEST-02628,REC-02628,PKG-02628,PROD-003,ASSET-RTU-001,1.0.0,20263456,RUN-20260828-01a55fcf
MANIFEST-02629,REC-02629,PKG-02629,PROD-004,ASSET-RTU-001,1.0.0,20263457,RUN-20260828-01a55fcf
MANIFEST-02630,REC-02630,PKG-02630,PROD-005,ASSET-OPC-001,1.0.0,20263458,RUN-20260828-01a55fcf
MANIFEST-02631,REC-02631,PKG-02631,PROD-003,ASSET-OPC-001,1.0.0,20263459,RUN-20260828-01a55fcf
MANIFEST-02632,REC-02632,PKG-02632,PROD-001,ASSET-DCS-001,1.0.0,20263460,RUN-20260828-01a55fcf
MANIFEST-02633,REC-02633,PKG-02633,PROD-001,ASSET-PLC-001,1.0.0,20263461,RUN-20260828-01a55fcf
MANIFEST-02634,REC-02634,PKG-02634,PROD-003,ASSET-DCS-001,1.0.0,20263462,RUN-20260828-01a55fcf
MANIFEST-02635,REC-02635,PKG-02635,PROD-004,ASSET-RTU-001,1.0.0,20263463,RUN-20260828-01a55fcf
MANIFEST-02636,REC-02636,PKG-02636,PROD-003,ASSET-OPC-001,1.0.0,20263464,RUN-20260828-01a55fcf
MANIFEST-02637,REC-02637,PKG-02637,PROD-001,ASSET-OPC-001,1.0.0,20263465,RUN-20260828-01a55fcf
MANIFEST-02638,REC-02638,PKG-02638,PROD-005,ASSET-RTU-001,1.0.0,20263466,RUN-20260828-01a55fcf
MANIFEST-02639,REC-02639,PKG-02639,PROD-002,ASSET-SIS-001,1.0.0,20263467,RUN-20260828-01a55fcf
MANIFEST-02640,REC-02640,PKG-02640,PROD-004,ASSET-PLC-001,1.0.0,20263468,RUN-20260828-01a55fcf
MANIFEST-02641,REC-02641,PKG-02641,PROD-002,ASSET-SIS-001,1.0.0,20263469,RUN-20260828-01a55fcf
MANIFEST-02642,REC-02642,PKG-02642,PROD-005,ASSET-OPC-001,1.0.0,20263470,RUN-20260828-01a55fcf
MANIFEST-02643,REC-02643,PKG-02643,PROD-005,ASSET-RTU-001,1.0.0,20263471,RUN-20260828-01a55fcf
MANIFEST-02644,REC-02644,PKG-02644,PROD-001,ASSET-DCS-001,1.0.0,20263472,RUN-20260828-01a55fcf
MANIFEST-02645,REC-02645,PKG-02645,PROD-005,ASSET-PLC-001,1.0.0,20263473,RUN-20260828-01a55fcf
MANIFEST-02646,REC-02646,PKG-02646,PROD-003,ASSET-RTU-001,1.0.0,20263474,RUN-20260828-01a55fcf
MANIFEST-02647,REC-02647,PKG-02647,PROD-002,ASSET-DCS-001,1.0.0,20263475,RUN-20260828-01a55fcf
MANIFEST-02648,REC-02648,PKG-02648,PROD-002,ASSET-SIS-001,1.0.0,20263476,RUN-20260828-01a55fcf
MANIFEST-02649,REC-02649,PKG-02649,PROD-005,ASSET-OPC-001,1.0.0,20263477,RUN-20260828-01a55fcf
MANIFEST-02650,REC-02650,PKG-02650,PROD-001,ASSET-PLC-001,1.0.0,20263478,RUN-20260828-01a55fcf
MANIFEST-02651,REC-02651,PKG-02651,PROD-002,ASSET-DCS-001,1.0.0,20263479,RUN-20260828-01a55fcf
MANIFEST-02652,REC-02652,PKG-02652,PROD-001,ASSET-SIS-001,1.0.0,20263480,RUN-20260828-01a55fcf
MANIFEST-02653,REC-02653,PKG-02653,PROD-003,ASSET-RTU-001,1.0.0,20263481,RUN-20260828-01a55fcf
MANIFEST-02654,REC-02654,PKG-02654,PROD-002,ASSET-DCS-001,1.0.0,20263482,RUN-20260828-01a55fcf
MANIFEST-02655,REC-02655,PKG-02655,PROD-005,ASSET-OPC-001,1.0.0,20263483,RUN-20260828-01a55fcf
MANIFEST-02656,REC-02656,PKG-02656,PROD-004,ASSET-RTU-001,1.0.0,20263484,RUN-20260828-01a55fcf
MANIFEST-02657,REC-02657,PKG-02657,PROD-005,ASSET-RTU-001,1.0.0,20263485,RUN-20260828-01a55fcf
MANIFEST-02658,REC-02658,PKG-02658,PROD-003,ASSET-OPC-001,1.0.0,20263486,RUN-20260828-01a55fcf
MANIFEST-02659,REC-02659,PKG-02659,PROD-004,ASSET-PLC-001,1.0.0,20263487,RUN-20260828-01a55fcf
MANIFEST-02660,REC-02660,PKG-02660,PROD-005,ASSET-OPC-001,1.0.0,20263488,RUN-20260828-01a55fcf
MANIFEST-02661,REC-02661,PKG-02661,PROD-002,ASSET-OPC-001,1.0.0,20263489,RUN-20260828-01a55fcf
MANIFEST-02662,REC-02662,PKG-02662,PROD-001,ASSET-SIS-001,1.0.0,20263490,RUN-20260828-01a55fcf
MANIFEST-02663,REC-02663,PKG-02663,PROD-002,ASSET-DCS-001,1.0.0,20263491,RUN-20260828-01a55fcf
MANIFEST-02664,REC-02664,PKG-02664,PROD-001,ASSET-SIS-001,1.0.0,20263492,RUN-20260828-01a55fcf
MANIFEST-02665,REC-02665,PKG-02665,PROD-005,ASSET-DCS-001,1.0.0,20263493,RUN-20260828-01a55fcf
MANIFEST-02666,REC-02666,PKG-02666,PROD-001,ASSET-DCS-001,1.0.0,20263494,RUN-20260828-01a55fcf
MANIFEST-02667,REC-02667,PKG-02667,PROD-003,ASSET-OPC-001,1.0.0,20263495,RUN-20260828-01a55fcf
MANIFEST-02668,REC-02668,PKG-02668,PROD-003,ASSET-SIS-001,1.0.0,20263496,RUN-20260828-01a55fcf
MANIFEST-02669,REC-02669,PKG-02669,PROD-005,ASSET-DCS-001,1.0.0,20263497,RUN-20260828-01a55fcf
MANIFEST-02670,REC-02670,PKG-02670,PROD-001,ASSET-PLC-001,1.0.0,20263498,RUN-20260828-01a55fcf
MANIFEST-02671,REC-02671,PKG-02671,PROD-003,ASSET-OPC-001,1.0.0,20263499,RUN-20260828-01a55fcf
MANIFEST-02672,REC-02672,PKG-02672,PROD-001,ASSET-DCS-001,1.0.0,20263500,RUN-20260828-01a55fcf
MANIFEST-02673,REC-02673,PKG-02673,PROD-005,ASSET-RTU-001,1.0.0,20263501,RUN-20260828-01a55fcf
MANIFEST-02674,REC-02674,PKG-02674,PROD-005,ASSET-RTU-001,1.0.0,20263502,RUN-20260828-01a55fcf
MANIFEST-02675,REC-02675,PKG-02675,PROD-005,ASSET-PLC-001,1.0.0,20263503,RUN-20260828-01a55fcf
MANIFEST-02676,REC-02676,PKG-02676,PROD-001,ASSET-DCS-001,1.0.0,20263504,RUN-20260828-01a55fcf
MANIFEST-02677,REC-02677,PKG-02677,PROD-002,ASSET-SIS-001,1.0.0,20263505,RUN-20260828-01a55fcf
MANIFEST-02678,REC-02678,PKG-02678,PROD-005,ASSET-DCS-001,1.0.0,20263506,RUN-20260828-01a55fcf
MANIFEST-02679,REC-02679,PKG-02679,PROD-005,ASSET-DCS-001,1.0.0,20263507,RUN-20260828-01a55fcf
MANIFEST-02680,REC-02680,PKG-02680,PROD-003,ASSET-SIS-001,1.0.0,20263508,RUN-20260828-01a55fcf
MANIFEST-02681,REC-02681,PKG-02681,PROD-002,ASSET-SIS-001,1.0.0,20263509,RUN-20260828-01a55fcf
MANIFEST-02682,REC-02682,PKG-02682,PROD-002,ASSET-SIS-001,1.0.0,20263510,RUN-20260828-01a55fcf
MANIFEST-02683,REC-02683,PKG-02683,PROD-001,ASSET-PLC-001,1.0.0,20263511,RUN-20260828-01a55fcf
MANIFEST-02684,REC-02684,PKG-02684,PROD-002,ASSET-SIS-001,1.0.0,20263512,RUN-20260828-01a55fcf
MANIFEST-02685,REC-02685,PKG-02685,PROD-002,ASSET-OPC-001,1.0.0,20263513,RUN-20260828-01a55fcf
MANIFEST-02686,REC-02686,PKG-02686,PROD-003,ASSET-OPC-001,1.0.0,20263514,RUN-20260828-01a55fcf
MANIFEST-02687,REC-02687,PKG-02687,PROD-003,ASSET-RTU-001,1.0.0,20263515,RUN-20260828-01a55fcf
MANIFEST-02688,REC-02688,PKG-02688,PROD-002,ASSET-OPC-001,1.0.0,20263516,RUN-20260828-01a55fcf
MANIFEST-02689,REC-02689,PKG-02689,PROD-004,ASSET-PLC-001,1.0.0,20263517,RUN-20260828-01a55fcf
MANIFEST-02690,REC-02690,PKG-02690,PROD-004,ASSET-DCS-001,1.0.0,20263518,RUN-20260828-01a55fcf
MANIFEST-02691,REC-02691,PKG-02691,PROD-005,ASSET-RTU-001,1.0.0,20263519,RUN-20260828-01a55fcf
MANIFEST-02692,REC-02692,PKG-02692,PROD-003,ASSET-OPC-001,1.0.0,20263520,RUN-20260828-01a55fcf
MANIFEST-02693,REC-02693,PKG-02693,PROD-005,ASSET-PLC-001,1.0.0,20263521,RUN-20260828-01a55fcf
MANIFEST-02694,REC-02694,PKG-02694,PROD-003,ASSET-OPC-001,1.0.0,20263522,RUN-20260828-01a55fcf
MANIFEST-02695,REC-02695,PKG-02695,PROD-005,ASSET-RTU-001,1.0.0,20263523,RUN-20260828-01a55fcf
MANIFEST-02696,REC-02696,PKG-02696,PROD-005,ASSET-DCS-001,1.0.0,20263524,RUN-20260828-01a55fcf
MANIFEST-02697,REC-02697,PKG-02697,PROD-003,ASSET-RTU-001,1.0.0,20263525,RUN-20260828-01a55fcf
MANIFEST-02698,REC-02698,PKG-02698,PROD-003,ASSET-PLC-001,1.0.0,20263526,RUN-20260828-01a55fcf
MANIFEST-02699,REC-02699,PKG-02699,PROD-002,ASSET-OPC-001,1.0.0,20263527,RUN-20260828-01a55fcf
MANIFEST-02700,REC-02700,PKG-02700,PROD-003,ASSET-DCS-001,1.0.0,20263528,RUN-20260828-01a55fcf
MANIFEST-02701,REC-02701,PKG-02701,PROD-005,ASSET-PLC-001,1.0.0,20263529,RUN-20260828-01a55fcf
MANIFEST-02702,REC-02702,PKG-02702,PROD-002,ASSET-SIS-001,1.0.0,20263530,RUN-20260828-01a55fcf
MANIFEST-02703,REC-02703,PKG-02703,PROD-002,ASSET-PLC-001,1.0.0,20263531,RUN-20260828-01a55fcf
MANIFEST-02704,REC-02704,PKG-02704,PROD-005,ASSET-DCS-001,1.0.0,20263532,RUN-20260828-01a55fcf
MANIFEST-02705,REC-02705,PKG-02705,PROD-002,ASSET-RTU-001,1.0.0,20263533,RUN-20260828-01a55fcf
MANIFEST-02706,REC-02706,PKG-02706,PROD-004,ASSET-OPC-001,1.0.0,20263534,RUN-20260828-01a55fcf
MANIFEST-02707,REC-02707,PKG-02707,PROD-005,ASSET-PLC-001,1.0.0,20263535,RUN-20260828-01a55fcf
MANIFEST-02708,REC-02708,PKG-02708,PROD-003,ASSET-PLC-001,1.0.0,20263536,RUN-20260828-01a55fcf
MANIFEST-02709,REC-02709,PKG-02709,PROD-004,ASSET-SIS-001,1.0.0,20263537,RUN-20260828-01a55fcf
MANIFEST-02710,REC-02710,PKG-02710,PROD-002,ASSET-DCS-001,1.0.0,20263538,RUN-20260828-01a55fcf
MANIFEST-02711,REC-02711,PKG-02711,PROD-002,ASSET-DCS-001,1.0.0,20263539,RUN-20260828-01a55fcf
MANIFEST-02712,REC-02712,PKG-02712,PROD-004,ASSET-OPC-001,1.0.0,20263540,RUN-20260828-01a55fcf
MANIFEST-02713,REC-02713,PKG-02713,PROD-001,ASSET-PLC-001,1.0.0,20263541,RUN-20260828-01a55fcf
MANIFEST-02714,REC-02714,PKG-02714,PROD-005,ASSET-PLC-001,1.0.0,20263542,RUN-20260828-01a55fcf
MANIFEST-02715,REC-02715,PKG-02715,PROD-002,ASSET-RTU-001,1.0.0,20263543,RUN-20260828-01a55fcf
MANIFEST-02716,REC-02716,PKG-02716,PROD-005,ASSET-PLC-001,1.0.0,20263544,RUN-20260828-01a55fcf
MANIFEST-02717,REC-02717,PKG-02717,PROD-005,ASSET-PLC-001,1.0.0,20263545,RUN-20260828-01a55fcf
MANIFEST-02718,REC-02718,PKG-02718,PROD-001,ASSET-OPC-001,1.0.0,20263546,RUN-20260828-01a55fcf
MANIFEST-02719,REC-02719,PKG-02719,PROD-001,ASSET-DCS-001,1.0.0,20263547,RUN-20260828-01a55fcf
MANIFEST-02720,REC-02720,PKG-02720,PROD-004,ASSET-PLC-001,1.0.0,20263548,RUN-20260828-01a55fcf
MANIFEST-02721,REC-02721,PKG-02721,PROD-002,ASSET-SIS-001,1.0.0,20263549,RUN-20260828-01a55fcf
MANIFEST-02722,REC-02722,PKG-02722,PROD-005,ASSET-PLC-001,1.0.0,20263550,RUN-20260828-01a55fcf
MANIFEST-02723,REC-02723,PKG-02723,PROD-002,ASSET-DCS-001,1.0.0,20263551,RUN-20260828-01a55fcf
MANIFEST-02724,REC-02724,PKG-02724,PROD-002,ASSET-DCS-001,1.0.0,20263552,RUN-20260828-01a55fcf
MANIFEST-02725,REC-02725,PKG-02725,PROD-003,ASSET-DCS-001,1.0.0,20263553,RUN-20260828-01a55fcf
MANIFEST-02726,REC-02726,PKG-02726,PROD-001,ASSET-RTU-001,1.0.0,20263554,RUN-20260828-01a55fcf
MANIFEST-02727,REC-02727,PKG-02727,PROD-005,ASSET-DCS-001,1.0.0,20263555,RUN-20260828-01a55fcf
MANIFEST-02728,REC-02728,PKG-02728,PROD-004,ASSET-RTU-001,1.0.0,20263556,RUN-20260828-01a55fcf
MANIFEST-02729,REC-02729,PKG-02729,PROD-002,ASSET-SIS-001,1.0.0,20263557,RUN-20260828-01a55fcf
MANIFEST-02730,REC-02730,PKG-02730,PROD-001,ASSET-RTU-001,1.0.0,20263558,RUN-20260828-01a55fcf
MANIFEST-02731,REC-02731,PKG-02731,PROD-005,ASSET-OPC-001,1.0.0,20263559,RUN-20260828-01a55fcf
MANIFEST-02732,REC-02732,PKG-02732,PROD-005,ASSET-RTU-001,1.0.0,20263560,RUN-20260828-01a55fcf
MANIFEST-02733,REC-02733,PKG-02733,PROD-005,ASSET-PLC-001,1.0.0,20263561,RUN-20260828-01a55fcf
MANIFEST-02734,REC-02734,PKG-02734,PROD-004,ASSET-DCS-001,1.0.0,20263562,RUN-20260828-01a55fcf
MANIFEST-02735,REC-02735,PKG-02735,PROD-003,ASSET-PLC-001,1.0.0,20263563,RUN-20260828-01a55fcf
MANIFEST-02736,REC-02736,PKG-02736,PROD-005,ASSET-OPC-001,1.0.0,20263564,RUN-20260828-01a55fcf
MANIFEST-02737,REC-02737,PKG-02737,PROD-001,ASSET-PLC-001,1.0.0,20263565,RUN-20260828-01a55fcf
MANIFEST-02738,REC-02738,PKG-02738,PROD-001,ASSET-PLC-001,1.0.0,20263566,RUN-20260828-01a55fcf
MANIFEST-02739,REC-02739,PKG-02739,PROD-005,ASSET-PLC-001,1.0.0,20263567,RUN-20260828-01a55fcf
MANIFEST-02740,REC-02740,PKG-02740,PROD-003,ASSET-SIS-001,1.0.0,20263568,RUN-20260828-01a55fcf
MANIFEST-02741,REC-02741,PKG-02741,PROD-002,ASSET-OPC-001,1.0.0,20263569,RUN-20260828-01a55fcf
MANIFEST-02742,REC-02742,PKG-02742,PROD-001,ASSET-OPC-001,1.0.0,20263570,RUN-20260828-01a55fcf
MANIFEST-02743,REC-02743,PKG-02743,PROD-001,ASSET-DCS-001,1.0.0,20263571,RUN-20260828-01a55fcf
MANIFEST-02744,REC-02744,PKG-02744,PROD-005,ASSET-PLC-001,1.0.0,20263572,RUN-20260828-01a55fcf
MANIFEST-02745,REC-02745,PKG-02745,PROD-003,ASSET-OPC-001,1.0.0,20263573,RUN-20260828-01a55fcf
MANIFEST-02746,REC-02746,PKG-02746,PROD-002,ASSET-PLC-001,1.0.0,20263574,RUN-20260828-01a55fcf
MANIFEST-02747,REC-02747,PKG-02747,PROD-001,ASSET-PLC-001,1.0.0,20263575,RUN-20260828-01a55fcf
MANIFEST-02748,REC-02748,PKG-02748,PROD-002,ASSET-PLC-001,1.0.0,20263576,RUN-20260828-01a55fcf
MANIFEST-02749,REC-02749,PKG-02749,PROD-005,ASSET-RTU-001,1.0.0,20263577,RUN-20260828-01a55fcf
MANIFEST-02750,REC-02750,PKG-02750,PROD-003,ASSET-RTU-001,1.0.0,20263578,RUN-20260828-01a55fcf
MANIFEST-02751,REC-02751,PKG-02751,PROD-005,ASSET-PLC-001,1.0.0,20263579,RUN-20260828-01a55fcf
MANIFEST-02752,REC-02752,PKG-02752,PROD-002,ASSET-DCS-001,1.0.0,20263580,RUN-20260828-01a55fcf
MANIFEST-02753,REC-02753,PKG-02753,PROD-004,ASSET-OPC-001,1.0.0,20263581,RUN-20260828-01a55fcf
MANIFEST-02754,REC-02754,PKG-02754,PROD-002,ASSET-SIS-001,1.0.0,20263582,RUN-20260828-01a55fcf
MANIFEST-02755,REC-02755,PKG-02755,PROD-005,ASSET-PLC-001,1.0.0,20263583,RUN-20260828-01a55fcf
MANIFEST-02756,REC-02756,PKG-02756,PROD-003,ASSET-OPC-001,1.0.0,20263584,RUN-20260828-01a55fcf
MANIFEST-02757,REC-02757,PKG-02757,PROD-002,ASSET-OPC-001,1.0.0,20263585,RUN-20260828-01a55fcf
MANIFEST-02758,REC-02758,PKG-02758,PROD-005,ASSET-PLC-001,1.0.0,20263586,RUN-20260828-01a55fcf
MANIFEST-02759,REC-02759,PKG-02759,PROD-004,ASSET-PLC-001,1.0.0,20263587,RUN-20260828-01a55fcf
MANIFEST-02760,REC-02760,PKG-02760,PROD-001,ASSET-DCS-001,1.0.0,20263588,RUN-20260828-01a55fcf
MANIFEST-02761,REC-02761,PKG-02761,PROD-001,ASSET-SIS-001,1.0.0,20263589,RUN-20260828-01a55fcf
MANIFEST-02762,REC-02762,PKG-02762,PROD-001,ASSET-PLC-001,1.0.0,20263590,RUN-20260828-01a55fcf
MANIFEST-02763,REC-02763,PKG-02763,PROD-005,ASSET-OPC-001,1.0.0,20263591,RUN-20260828-01a55fcf
MANIFEST-02764,REC-02764,PKG-02764,PROD-005,ASSET-PLC-001,1.0.0,20263592,RUN-20260828-01a55fcf
MANIFEST-02765,REC-02765,PKG-02765,PROD-002,ASSET-SIS-001,1.0.0,20263593,RUN-20260828-01a55fcf
MANIFEST-02766,REC-02766,PKG-02766,PROD-003,ASSET-DCS-001,1.0.0,20263594,RUN-20260828-01a55fcf
MANIFEST-02767,REC-02767,PKG-02767,PROD-004,ASSET-SIS-001,1.0.0,20263595,RUN-20260828-01a55fcf
MANIFEST-02768,REC-02768,PKG-02768,PROD-003,ASSET-RTU-001,1.0.0,20263596,RUN-20260828-01a55fcf
MANIFEST-02769,REC-02769,PKG-02769,PROD-005,ASSET-OPC-001,1.0.0,20263597,RUN-20260828-01a55fcf
MANIFEST-02770,REC-02770,PKG-02770,PROD-002,ASSET-SIS-001,1.0.0,20263598,RUN-20260828-01a55fcf
MANIFEST-02771,REC-02771,PKG-02771,PROD-001,ASSET-SIS-001,1.0.0,20263599,RUN-20260828-01a55fcf
MANIFEST-02772,REC-02772,PKG-02772,PROD-002,ASSET-SIS-001,1.0.0,20263600,RUN-20260828-01a55fcf
MANIFEST-02773,REC-02773,PKG-02773,PROD-005,ASSET-RTU-001,1.0.0,20263601,RUN-20260828-01a55fcf
MANIFEST-02774,REC-02774,PKG-02774,PROD-002,ASSET-OPC-001,1.0.0,20263602,RUN-20260828-01a55fcf
MANIFEST-02775,REC-02775,PKG-02775,PROD-005,ASSET-SIS-001,1.0.0,20263603,RUN-20260828-01a55fcf
MANIFEST-02776,REC-02776,PKG-02776,PROD-001,ASSET-RTU-001,1.0.0,20263604,RUN-20260828-01a55fcf
MANIFEST-02777,REC-02777,PKG-02777,PROD-001,ASSET-RTU-001,1.0.0,20263605,RUN-20260828-01a55fcf
MANIFEST-02778,REC-02778,PKG-02778,PROD-005,ASSET-PLC-001,1.0.0,20263606,RUN-20260828-01a55fcf
MANIFEST-02779,REC-02779,PKG-02779,PROD-001,ASSET-SIS-001,1.0.0,20263607,RUN-20260828-01a55fcf
MANIFEST-02780,REC-02780,PKG-02780,PROD-004,ASSET-SIS-001,1.0.0,20263608,RUN-20260828-01a55fcf
MANIFEST-02781,REC-02781,PKG-02781,PROD-001,ASSET-DCS-001,1.0.0,20263609,RUN-20260828-01a55fcf
MANIFEST-02782,REC-02782,PKG-02782,PROD-001,ASSET-DCS-001,1.0.0,20263610,RUN-20260828-01a55fcf
MANIFEST-02783,REC-02783,PKG-02783,PROD-004,ASSET-PLC-001,1.0.0,20263611,RUN-20260828-01a55fcf
MANIFEST-02784,REC-02784,PKG-02784,PROD-002,ASSET-PLC-001,1.0.0,20263612,RUN-20260828-01a55fcf
MANIFEST-02785,REC-02785,PKG-02785,PROD-002,ASSET-PLC-001,1.0.0,20263613,RUN-20260828-01a55fcf
MANIFEST-02786,REC-02786,PKG-02786,PROD-004,ASSET-RTU-001,1.0.0,20263614,RUN-20260828-01a55fcf
MANIFEST-02787,REC-02787,PKG-02787,PROD-005,ASSET-OPC-001,1.0.0,20263615,RUN-20260828-01a55fcf
MANIFEST-02788,REC-02788,PKG-02788,PROD-003,ASSET-RTU-001,1.0.0,20263616,RUN-20260828-01a55fcf
MANIFEST-02789,REC-02789,PKG-02789,PROD-002,ASSET-OPC-001,1.0.0,20263617,RUN-20260828-01a55fcf
MANIFEST-02790,REC-02790,PKG-02790,PROD-004,ASSET-PLC-001,1.0.0,20263618,RUN-20260828-01a55fcf
MANIFEST-02791,REC-02791,PKG-02791,PROD-002,ASSET-SIS-001,1.0.0,20263619,RUN-20260828-01a55fcf
MANIFEST-02792,REC-02792,PKG-02792,PROD-002,ASSET-RTU-001,1.0.0,20263620,RUN-20260828-01a55fcf
MANIFEST-02793,REC-02793,PKG-02793,PROD-005,ASSET-RTU-001,1.0.0,20263621,RUN-20260828-01a55fcf
MANIFEST-02794,REC-02794,PKG-02794,PROD-004,ASSET-DCS-001,1.0.0,20263622,RUN-20260828-01a55fcf
MANIFEST-02795,REC-02795,PKG-02795,PROD-003,ASSET-DCS-001,1.0.0,20263623,RUN-20260828-01a55fcf
MANIFEST-02796,REC-02796,PKG-02796,PROD-005,ASSET-SIS-001,1.0.0,20263624,RUN-20260828-01a55fcf
MANIFEST-02797,REC-02797,PKG-02797,PROD-001,ASSET-DCS-001,1.0.0,20263625,RUN-20260828-01a55fcf
MANIFEST-02798,REC-02798,PKG-02798,PROD-001,ASSET-SIS-001,1.0.0,20263626,RUN-20260828-01a55fcf
MANIFEST-02799,REC-02799,PKG-02799,PROD-001,ASSET-PLC-001,1.0.0,20263627,RUN-20260828-01a55fcf
MANIFEST-02800,REC-02800,PKG-02800,PROD-005,ASSET-PLC-001,1.0.0,20263628,RUN-20260828-01a55fcf
MANIFEST-02801,REC-02801,PKG-02801,PROD-001,ASSET-DCS-001,1.0.0,20263629,RUN-20260828-01a55fcf
MANIFEST-02802,REC-02802,PKG-02802,PROD-005,ASSET-PLC-001,1.0.0,20263630,RUN-20260828-01a55fcf
MANIFEST-02803,REC-02803,PKG-02803,PROD-001,ASSET-SIS-001,1.0.0,20263631,RUN-20260828-01a55fcf
MANIFEST-02804,REC-02804,PKG-02804,PROD-003,ASSET-PLC-001,1.0.0,20263632,RUN-20260828-01a55fcf
MANIFEST-02805,REC-02805,PKG-02805,PROD-003,ASSET-OPC-001,1.0.0,20263633,RUN-20260828-01a55fcf
MANIFEST-02806,REC-02806,PKG-02806,PROD-005,ASSET-OPC-001,1.0.0,20263634,RUN-20260828-01a55fcf
MANIFEST-02807,REC-02807,PKG-02807,PROD-002,ASSET-DCS-001,1.0.0,20263635,RUN-20260828-01a55fcf
MANIFEST-02808,REC-02808,PKG-02808,PROD-004,ASSET-RTU-001,1.0.0,20263636,RUN-20260828-01a55fcf
MANIFEST-02809,REC-02809,PKG-02809,PROD-001,ASSET-SIS-001,1.0.0,20263637,RUN-20260828-01a55fcf
MANIFEST-02810,REC-02810,PKG-02810,PROD-004,ASSET-RTU-001,1.0.0,20263638,RUN-20260828-01a55fcf
MANIFEST-02811,REC-02811,PKG-02811,PROD-002,ASSET-OPC-001,1.0.0,20263639,RUN-20260828-01a55fcf
MANIFEST-02812,REC-02812,PKG-02812,PROD-001,ASSET-OPC-001,1.0.0,20263640,RUN-20260828-01a55fcf
MANIFEST-02813,REC-02813,PKG-02813,PROD-001,ASSET-DCS-001,1.0.0,20263641,RUN-20260828-01a55fcf
MANIFEST-02814,REC-02814,PKG-02814,PROD-004,ASSET-RTU-001,1.0.0,20263642,RUN-20260828-01a55fcf
MANIFEST-02815,REC-02815,PKG-02815,PROD-001,ASSET-PLC-001,1.0.0,20263643,RUN-20260828-01a55fcf
MANIFEST-02816,REC-02816,PKG-02816,PROD-001,ASSET-PLC-001,1.0.0,20263644,RUN-20260828-01a55fcf
MANIFEST-02817,REC-02817,PKG-02817,PROD-002,ASSET-SIS-001,1.0.0,20263645,RUN-20260828-01a55fcf
MANIFEST-02818,REC-02818,PKG-02818,PROD-001,ASSET-RTU-001,1.0.0,20263646,RUN-20260828-01a55fcf
MANIFEST-02819,REC-02819,PKG-02819,PROD-001,ASSET-PLC-001,1.0.0,20263647,RUN-20260828-01a55fcf
MANIFEST-02820,REC-02820,PKG-02820,PROD-005,ASSET-SIS-001,1.0.0,20263648,RUN-20260828-01a55fcf
MANIFEST-02821,REC-02821,PKG-02821,PROD-004,ASSET-PLC-001,1.0.0,20263649,RUN-20260828-01a55fcf
MANIFEST-02822,REC-02822,PKG-02822,PROD-002,ASSET-SIS-001,1.0.0,20263650,RUN-20260828-01a55fcf
MANIFEST-02823,REC-02823,PKG-02823,PROD-003,ASSET-PLC-001,1.0.0,20263651,RUN-20260828-01a55fcf
MANIFEST-02824,REC-02824,PKG-02824,PROD-002,ASSET-DCS-001,1.0.0,20263652,RUN-20260828-01a55fcf
MANIFEST-02825,REC-02825,PKG-02825,PROD-003,ASSET-OPC-001,1.0.0,20263653,RUN-20260828-01a55fcf
MANIFEST-02826,REC-02826,PKG-02826,PROD-003,ASSET-PLC-001,1.0.0,20263654,RUN-20260828-01a55fcf
MANIFEST-02827,REC-02827,PKG-02827,PROD-002,ASSET-RTU-001,1.0.0,20263655,RUN-20260828-01a55fcf
MANIFEST-02828,REC-02828,PKG-02828,PROD-004,ASSET-DCS-001,1.0.0,20263656,RUN-20260828-01a55fcf
MANIFEST-02829,REC-02829,PKG-02829,PROD-001,ASSET-SIS-001,1.0.0,20263657,RUN-20260828-01a55fcf
MANIFEST-02830,REC-02830,PKG-02830,PROD-003,ASSET-DCS-001,1.0.0,20263658,RUN-20260828-01a55fcf
MANIFEST-02831,REC-02831,PKG-02831,PROD-004,ASSET-RTU-001,1.0.0,20263659,RUN-20260828-01a55fcf
MANIFEST-02832,REC-02832,PKG-02832,PROD-004,ASSET-DCS-001,1.0.0,20263660,RUN-20260828-01a55fcf
MANIFEST-02833,REC-02833,PKG-02833,PROD-001,ASSET-SIS-001,1.0.0,20263661,RUN-20260828-01a55fcf
MANIFEST-02834,REC-02834,PKG-02834,PROD-002,ASSET-SIS-001,1.0.0,20263662,RUN-20260828-01a55fcf
MANIFEST-02835,REC-02835,PKG-02835,PROD-005,ASSET-RTU-001,1.0.0,20263663,RUN-20260828-01a55fcf
MANIFEST-02836,REC-02836,PKG-02836,PROD-005,ASSET-DCS-001,1.0.0,20263664,RUN-20260828-01a55fcf
MANIFEST-02837,REC-02837,PKG-02837,PROD-002,ASSET-OPC-001,1.0.0,20263665,RUN-20260828-01a55fcf
MANIFEST-02838,REC-02838,PKG-02838,PROD-004,ASSET-RTU-001,1.0.0,20263666,RUN-20260828-01a55fcf
MANIFEST-02839,REC-02839,PKG-02839,PROD-005,ASSET-OPC-001,1.0.0,20263667,RUN-20260828-01a55fcf
MANIFEST-02840,REC-02840,PKG-02840,PROD-004,ASSET-DCS-001,1.0.0,20263668,RUN-20260828-01a55fcf
MANIFEST-02841,REC-02841,PKG-02841,PROD-005,ASSET-SIS-001,1.0.0,20263669,RUN-20260828-01a55fcf
MANIFEST-02842,REC-02842,PKG-02842,PROD-004,ASSET-SIS-001,1.0.0,20263670,RUN-20260828-01a55fcf
MANIFEST-02843,REC-02843,PKG-02843,PROD-005,ASSET-SIS-001,1.0.0,20263671,RUN-20260828-01a55fcf
MANIFEST-02844,REC-02844,PKG-02844,PROD-004,ASSET-DCS-001,1.0.0,20263672,RUN-20260828-01a55fcf
MANIFEST-02845,REC-02845,PKG-02845,PROD-005,ASSET-OPC-001,1.0.0,20263673,RUN-20260828-01a55fcf
MANIFEST-02846,REC-02846,PKG-02846,PROD-004,ASSET-DCS-001,1.0.0,20263674,RUN-20260828-01a55fcf
MANIFEST-02847,REC-02847,PKG-02847,PROD-003,ASSET-DCS-001,1.0.0,20263675,RUN-20260828-01a55fcf
MANIFEST-02848,REC-02848,PKG-02848,PROD-001,ASSET-DCS-001,1.0.0,20263676,RUN-20260828-01a55fcf
MANIFEST-02849,REC-02849,PKG-02849,PROD-004,ASSET-PLC-001,1.0.0,20263677,RUN-20260828-01a55fcf
MANIFEST-02850,REC-02850,PKG-02850,PROD-003,ASSET-OPC-001,1.0.0,20263678,RUN-20260828-01a55fcf
MANIFEST-02851,REC-02851,PKG-02851,PROD-001,ASSET-DCS-001,1.0.0,20263679,RUN-20260828-01a55fcf
MANIFEST-02852,REC-02852,PKG-02852,PROD-003,ASSET-PLC-001,1.0.0,20263680,RUN-20260828-01a55fcf
MANIFEST-02853,REC-02853,PKG-02853,PROD-001,ASSET-OPC-001,1.0.0,20263681,RUN-20260828-01a55fcf
MANIFEST-02854,REC-02854,PKG-02854,PROD-005,ASSET-PLC-001,1.0.0,20263682,RUN-20260828-01a55fcf
MANIFEST-02855,REC-02855,PKG-02855,PROD-005,ASSET-SIS-001,1.0.0,20263683,RUN-20260828-01a55fcf
MANIFEST-02856,REC-02856,PKG-02856,PROD-001,ASSET-RTU-001,1.0.0,20263684,RUN-20260828-01a55fcf
MANIFEST-02857,REC-02857,PKG-02857,PROD-001,ASSET-SIS-001,1.0.0,20263685,RUN-20260828-01a55fcf
MANIFEST-02858,REC-02858,PKG-02858,PROD-002,ASSET-SIS-001,1.0.0,20263686,RUN-20260828-01a55fcf
MANIFEST-02859,REC-02859,PKG-02859,PROD-002,ASSET-DCS-001,1.0.0,20263687,RUN-20260828-01a55fcf
MANIFEST-02860,REC-02860,PKG-02860,PROD-001,ASSET-DCS-001,1.0.0,20263688,RUN-20260828-01a55fcf
MANIFEST-02861,REC-02861,PKG-02861,PROD-003,ASSET-SIS-001,1.0.0,20263689,RUN-20260828-01a55fcf
MANIFEST-02862,REC-02862,PKG-02862,PROD-003,ASSET-DCS-001,1.0.0,20263690,RUN-20260828-01a55fcf
MANIFEST-02863,REC-02863,PKG-02863,PROD-003,ASSET-RTU-001,1.0.0,20263691,RUN-20260828-01a55fcf
MANIFEST-02864,REC-02864,PKG-02864,PROD-005,ASSET-PLC-001,1.0.0,20263692,RUN-20260828-01a55fcf
MANIFEST-02865,REC-02865,PKG-02865,PROD-002,ASSET-OPC-001,1.0.0,20263693,RUN-20260828-01a55fcf
MANIFEST-02866,REC-02866,PKG-02866,PROD-003,ASSET-OPC-001,1.0.0,20263694,RUN-20260828-01a55fcf
MANIFEST-02867,REC-02867,PKG-02867,PROD-003,ASSET-SIS-001,1.0.0,20263695,RUN-20260828-01a55fcf
MANIFEST-02868,REC-02868,PKG-02868,PROD-003,ASSET-RTU-001,1.0.0,20263696,RUN-20260828-01a55fcf
MANIFEST-02869,REC-02869,PKG-02869,PROD-004,ASSET-OPC-001,1.0.0,20263697,RUN-20260828-01a55fcf
MANIFEST-02870,REC-02870,PKG-02870,PROD-002,ASSET-RTU-001,1.0.0,20263698,RUN-20260828-01a55fcf
MANIFEST-02871,REC-02871,PKG-02871,PROD-004,ASSET-DCS-001,1.0.0,20263699,RUN-20260828-01a55fcf
MANIFEST-02872,REC-02872,PKG-02872,PROD-003,ASSET-OPC-001,1.0.0,20263700,RUN-20260828-01a55fcf
MANIFEST-02873,REC-02873,PKG-02873,PROD-003,ASSET-SIS-001,1.0.0,20263701,RUN-20260828-01a55fcf
MANIFEST-02874,REC-02874,PKG-02874,PROD-001,ASSET-RTU-001,1.0.0,20263702,RUN-20260828-01a55fcf
MANIFEST-02875,REC-02875,PKG-02875,PROD-001,ASSET-DCS-001,1.0.0,20263703,RUN-20260828-01a55fcf
MANIFEST-02876,REC-02876,PKG-02876,PROD-002,ASSET-PLC-001,1.0.0,20263704,RUN-20260828-01a55fcf
MANIFEST-02877,REC-02877,PKG-02877,PROD-005,ASSET-RTU-001,1.0.0,20263705,RUN-20260828-01a55fcf
MANIFEST-02878,REC-02878,PKG-02878,PROD-001,ASSET-OPC-001,1.0.0,20263706,RUN-20260828-01a55fcf
MANIFEST-02879,REC-02879,PKG-02879,PROD-005,ASSET-DCS-001,1.0.0,20263707,RUN-20260828-01a55fcf
MANIFEST-02880,REC-02880,PKG-02880,PROD-002,ASSET-DCS-001,1.0.0,20263708,RUN-20260828-01a55fcf
MANIFEST-02881,REC-02881,PKG-02881,PROD-005,ASSET-OPC-001,1.0.0,20263709,RUN-20260828-01a55fcf
MANIFEST-02882,REC-02882,PKG-02882,PROD-004,ASSET-SIS-001,1.0.0,20263710,RUN-20260828-01a55fcf
MANIFEST-02883,REC-02883,PKG-02883,PROD-003,ASSET-SIS-001,1.0.0,20263711,RUN-20260828-01a55fcf
MANIFEST-02884,REC-02884,PKG-02884,PROD-005,ASSET-RTU-001,1.0.0,20263712,RUN-20260828-01a55fcf
MANIFEST-02885,REC-02885,PKG-02885,PROD-004,ASSET-RTU-001,1.0.0,20263713,RUN-20260828-01a55fcf
MANIFEST-02886,REC-02886,PKG-02886,PROD-001,ASSET-PLC-001,1.0.0,20263714,RUN-20260828-01a55fcf
MANIFEST-02887,REC-02887,PKG-02887,PROD-003,ASSET-DCS-001,1.0.0,20263715,RUN-20260828-01a55fcf
MANIFEST-02888,REC-02888,PKG-02888,PROD-001,ASSET-PLC-001,1.0.0,20263716,RUN-20260828-01a55fcf
MANIFEST-02889,REC-02889,PKG-02889,PROD-003,ASSET-SIS-001,1.0.0,20263717,RUN-20260828-01a55fcf
MANIFEST-02890,REC-02890,PKG-02890,PROD-001,ASSET-DCS-001,1.0.0,20263718,RUN-20260828-01a55fcf
MANIFEST-02891,REC-02891,PKG-02891,PROD-004,ASSET-PLC-001,1.0.0,20263719,RUN-20260828-01a55fcf
MANIFEST-02892,REC-02892,PKG-02892,PROD-003,ASSET-PLC-001,1.0.0,20263720,RUN-20260828-01a55fcf
MANIFEST-02893,REC-02893,PKG-02893,PROD-003,ASSET-DCS-001,1.0.0,20263721,RUN-20260828-01a55fcf
MANIFEST-02894,REC-02894,PKG-02894,PROD-005,ASSET-PLC-001,1.0.0,20263722,RUN-20260828-01a55fcf
MANIFEST-02895,REC-02895,PKG-02895,PROD-004,ASSET-PLC-001,1.0.0,20263723,RUN-20260828-01a55fcf
MANIFEST-02896,REC-02896,PKG-02896,PROD-002,ASSET-RTU-001,1.0.0,20263724,RUN-20260828-01a55fcf
MANIFEST-02897,REC-02897,PKG-02897,PROD-001,ASSET-SIS-001,1.0.0,20263725,RUN-20260828-01a55fcf
MANIFEST-02898,REC-02898,PKG-02898,PROD-002,ASSET-DCS-001,1.0.0,20263726,RUN-20260828-01a55fcf
MANIFEST-02899,REC-02899,PKG-02899,PROD-001,ASSET-DCS-001,1.0.0,20263727,RUN-20260828-01a55fcf
MANIFEST-02900,REC-02900,PKG-02900,PROD-003,ASSET-SIS-001,1.0.0,20263728,RUN-20260828-01a55fcf
MANIFEST-02901,REC-02901,PKG-02901,PROD-003,ASSET-PLC-001,1.0.0,20263729,RUN-20260828-01a55fcf
MANIFEST-02902,REC-02902,PKG-02902,PROD-001,ASSET-OPC-001,1.0.0,20263730,RUN-20260828-01a55fcf
MANIFEST-02903,REC-02903,PKG-02903,PROD-005,ASSET-SIS-001,1.0.0,20263731,RUN-20260828-01a55fcf
MANIFEST-02904,REC-02904,PKG-02904,PROD-002,ASSET-OPC-001,1.0.0,20263732,RUN-20260828-01a55fcf
MANIFEST-02905,REC-02905,PKG-02905,PROD-002,ASSET-OPC-001,1.0.0,20263733,RUN-20260828-01a55fcf
MANIFEST-02906,REC-02906,PKG-02906,PROD-001,ASSET-DCS-001,1.0.0,20263734,RUN-20260828-01a55fcf
MANIFEST-02907,REC-02907,PKG-02907,PROD-004,ASSET-DCS-001,1.0.0,20263735,RUN-20260828-01a55fcf
MANIFEST-02908,REC-02908,PKG-02908,PROD-005,ASSET-DCS-001,1.0.0,20263736,RUN-20260828-01a55fcf
MANIFEST-02909,REC-02909,PKG-02909,PROD-004,ASSET-RTU-001,1.0.0,20263737,RUN-20260828-01a55fcf
MANIFEST-02910,REC-02910,PKG-02910,PROD-002,ASSET-DCS-001,1.0.0,20263738,RUN-20260828-01a55fcf
MANIFEST-02911,REC-02911,PKG-02911,PROD-002,ASSET-PLC-001,1.0.0,20263739,RUN-20260828-01a55fcf
MANIFEST-02912,REC-02912,PKG-02912,PROD-001,ASSET-SIS-001,1.0.0,20263740,RUN-20260828-01a55fcf
MANIFEST-02913,REC-02913,PKG-02913,PROD-003,ASSET-RTU-001,1.0.0,20263741,RUN-20260828-01a55fcf
MANIFEST-02914,REC-02914,PKG-02914,PROD-003,ASSET-SIS-001,1.0.0,20263742,RUN-20260828-01a55fcf
MANIFEST-02915,REC-02915,PKG-02915,PROD-004,ASSET-SIS-001,1.0.0,20263743,RUN-20260828-01a55fcf
MANIFEST-02916,REC-02916,PKG-02916,PROD-002,ASSET-RTU-001,1.0.0,20263744,RUN-20260828-01a55fcf
MANIFEST-02917,REC-02917,PKG-02917,PROD-005,ASSET-OPC-001,1.0.0,20263745,RUN-20260828-01a55fcf
MANIFEST-02918,REC-02918,PKG-02918,PROD-001,ASSET-SIS-001,1.0.0,20263746,RUN-20260828-01a55fcf
MANIFEST-02919,REC-02919,PKG-02919,PROD-005,ASSET-SIS-001,1.0.0,20263747,RUN-20260828-01a55fcf
MANIFEST-02920,REC-02920,PKG-02920,PROD-001,ASSET-DCS-001,1.0.0,20263748,RUN-20260828-01a55fcf
MANIFEST-02921,REC-02921,PKG-02921,PROD-002,ASSET-SIS-001,1.0.0,20263749,RUN-20260828-01a55fcf
MANIFEST-02922,REC-02922,PKG-02922,PROD-001,ASSET-DCS-001,1.0.0,20263750,RUN-20260828-01a55fcf
MANIFEST-02923,REC-02923,PKG-02923,PROD-005,ASSET-RTU-001,1.0.0,20263751,RUN-20260828-01a55fcf
MANIFEST-02924,REC-02924,PKG-02924,PROD-002,ASSET-RTU-001,1.0.0,20263752,RUN-20260828-01a55fcf
MANIFEST-02925,REC-02925,PKG-02925,PROD-003,ASSET-SIS-001,1.0.0,20263753,RUN-20260828-01a55fcf
MANIFEST-02926,REC-02926,PKG-02926,PROD-005,ASSET-PLC-001,1.0.0,20263754,RUN-20260828-01a55fcf
MANIFEST-02927,REC-02927,PKG-02927,PROD-004,ASSET-SIS-001,1.0.0,20263755,RUN-20260828-01a55fcf
MANIFEST-02928,REC-02928,PKG-02928,PROD-001,ASSET-SIS-001,1.0.0,20263756,RUN-20260828-01a55fcf
MANIFEST-02929,REC-02929,PKG-02929,PROD-003,ASSET-OPC-001,1.0.0,20263757,RUN-20260828-01a55fcf
MANIFEST-02930,REC-02930,PKG-02930,PROD-005,ASSET-PLC-001,1.0.0,20263758,RUN-20260828-01a55fcf
MANIFEST-02931,REC-02931,PKG-02931,PROD-003,ASSET-PLC-001,1.0.0,20263759,RUN-20260828-01a55fcf
MANIFEST-02932,REC-02932,PKG-02932,PROD-002,ASSET-PLC-001,1.0.0,20263760,RUN-20260828-01a55fcf
MANIFEST-02933,REC-02933,PKG-02933,PROD-002,ASSET-OPC-001,1.0.0,20263761,RUN-20260828-01a55fcf
MANIFEST-02934,REC-02934,PKG-02934,PROD-005,ASSET-DCS-001,1.0.0,20263762,RUN-20260828-01a55fcf
MANIFEST-02935,REC-02935,PKG-02935,PROD-005,ASSET-DCS-001,1.0.0,20263763,RUN-20260828-01a55fcf
MANIFEST-02936,REC-02936,PKG-02936,PROD-003,ASSET-DCS-001,1.0.0,20263764,RUN-20260828-01a55fcf
MANIFEST-02937,REC-02937,PKG-02937,PROD-001,ASSET-PLC-001,1.0.0,20263765,RUN-20260828-01a55fcf
MANIFEST-02938,REC-02938,PKG-02938,PROD-003,ASSET-RTU-001,1.0.0,20263766,RUN-20260828-01a55fcf
MANIFEST-02939,REC-02939,PKG-02939,PROD-001,ASSET-SIS-001,1.0.0,20263767,RUN-20260828-01a55fcf
MANIFEST-02940,REC-02940,PKG-02940,PROD-004,ASSET-SIS-001,1.0.0,20263768,RUN-20260828-01a55fcf
MANIFEST-02941,REC-02941,PKG-02941,PROD-005,ASSET-PLC-001,1.0.0,20263769,RUN-20260828-01a55fcf
MANIFEST-02942,REC-02942,PKG-02942,PROD-003,ASSET-DCS-001,1.0.0,20263770,RUN-20260828-01a55fcf
MANIFEST-02943,REC-02943,PKG-02943,PROD-005,ASSET-OPC-001,1.0.0,20263771,RUN-20260828-01a55fcf
MANIFEST-02944,REC-02944,PKG-02944,PROD-004,ASSET-RTU-001,1.0.0,20263772,RUN-20260828-01a55fcf
MANIFEST-02945,REC-02945,PKG-02945,PROD-003,ASSET-SIS-001,1.0.0,20263773,RUN-20260828-01a55fcf
MANIFEST-02946,REC-02946,PKG-02946,PROD-005,ASSET-OPC-001,1.0.0,20263774,RUN-20260828-01a55fcf
MANIFEST-02947,REC-02947,PKG-02947,PROD-004,ASSET-SIS-001,1.0.0,20263775,RUN-20260828-01a55fcf
MANIFEST-02948,REC-02948,PKG-02948,PROD-003,ASSET-RTU-001,1.0.0,20263776,RUN-20260828-01a55fcf
MANIFEST-02949,REC-02949,PKG-02949,PROD-002,ASSET-SIS-001,1.0.0,20263777,RUN-20260828-01a55fcf
MANIFEST-02950,REC-02950,PKG-02950,PROD-002,ASSET-OPC-001,1.0.0,20263778,RUN-20260828-01a55fcf
MANIFEST-02951,REC-02951,PKG-02951,PROD-005,ASSET-OPC-001,1.0.0,20263779,RUN-20260828-01a55fcf
MANIFEST-02952,REC-02952,PKG-02952,PROD-004,ASSET-SIS-001,1.0.0,20263780,RUN-20260828-01a55fcf
MANIFEST-02953,REC-02953,PKG-02953,PROD-002,ASSET-OPC-001,1.0.0,20263781,RUN-20260828-01a55fcf
MANIFEST-02954,REC-02954,PKG-02954,PROD-005,ASSET-OPC-001,1.0.0,20263782,RUN-20260828-01a55fcf
MANIFEST-02955,REC-02955,PKG-02955,PROD-001,ASSET-PLC-001,1.0.0,20263783,RUN-20260828-01a55fcf
MANIFEST-02956,REC-02956,PKG-02956,PROD-001,ASSET-RTU-001,1.0.0,20263784,RUN-20260828-01a55fcf
MANIFEST-02957,REC-02957,PKG-02957,PROD-003,ASSET-SIS-001,1.0.0,20263785,RUN-20260828-01a55fcf
MANIFEST-02958,REC-02958,PKG-02958,PROD-004,ASSET-OPC-001,1.0.0,20263786,RUN-20260828-01a55fcf
MANIFEST-02959,REC-02959,PKG-02959,PROD-004,ASSET-DCS-001,1.0.0,20263787,RUN-20260828-01a55fcf
MANIFEST-02960,REC-02960,PKG-02960,PROD-004,ASSET-DCS-001,1.0.0,20263788,RUN-20260828-01a55fcf
MANIFEST-02961,REC-02961,PKG-02961,PROD-005,ASSET-DCS-001,1.0.0,20263789,RUN-20260828-01a55fcf
MANIFEST-02962,REC-02962,PKG-02962,PROD-001,ASSET-RTU-001,1.0.0,20263790,RUN-20260828-01a55fcf
MANIFEST-02963,REC-02963,PKG-02963,PROD-002,ASSET-SIS-001,1.0.0,20263791,RUN-20260828-01a55fcf
MANIFEST-02964,REC-02964,PKG-02964,PROD-002,ASSET-RTU-001,1.0.0,20263792,RUN-20260828-01a55fcf
MANIFEST-02965,REC-02965,PKG-02965,PROD-002,ASSET-RTU-001,1.0.0,20263793,RUN-20260828-01a55fcf
MANIFEST-02966,REC-02966,PKG-02966,PROD-002,ASSET-PLC-001,1.0.0,20263794,RUN-20260828-01a55fcf
MANIFEST-02967,REC-02967,PKG-02967,PROD-003,ASSET-SIS-001,1.0.0,20263795,RUN-20260828-01a55fcf
MANIFEST-02968,REC-02968,PKG-02968,PROD-003,ASSET-DCS-001,1.0.0,20263796,RUN-20260828-01a55fcf
MANIFEST-02969,REC-02969,PKG-02969,PROD-003,ASSET-DCS-001,1.0.0,20263797,RUN-20260828-01a55fcf
MANIFEST-02970,REC-02970,PKG-02970,PROD-002,ASSET-RTU-001,1.0.0,20263798,RUN-20260828-01a55fcf
MANIFEST-02971,REC-02971,PKG-02971,PROD-003,ASSET-OPC-001,1.0.0,20263799,RUN-20260828-01a55fcf
MANIFEST-02972,REC-02972,PKG-02972,PROD-005,ASSET-OPC-001,1.0.0,20263800,RUN-20260828-01a55fcf
MANIFEST-02973,REC-02973,PKG-02973,PROD-004,ASSET-PLC-001,1.0.0,20263801,RUN-20260828-01a55fcf
MANIFEST-02974,REC-02974,PKG-02974,PROD-002,ASSET-DCS-001,1.0.0,20263802,RUN-20260828-01a55fcf
MANIFEST-02975,REC-02975,PKG-02975,PROD-003,ASSET-SIS-001,1.0.0,20263803,RUN-20260828-01a55fcf
MANIFEST-02976,REC-02976,PKG-02976,PROD-001,ASSET-SIS-001,1.0.0,20263804,RUN-20260828-01a55fcf
MANIFEST-02977,REC-02977,PKG-02977,PROD-004,ASSET-PLC-001,1.0.0,20263805,RUN-20260828-01a55fcf
MANIFEST-02978,REC-02978,PKG-02978,PROD-001,ASSET-RTU-001,1.0.0,20263806,RUN-20260828-01a55fcf
MANIFEST-02979,REC-02979,PKG-02979,PROD-004,ASSET-OPC-001,1.0.0,20263807,RUN-20260828-01a55fcf
MANIFEST-02980,REC-02980,PKG-02980,PROD-004,ASSET-PLC-001,1.0.0,20263808,RUN-20260828-01a55fcf
MANIFEST-02981,REC-02981,PKG-02981,PROD-002,ASSET-DCS-001,1.0.0,20263809,RUN-20260828-01a55fcf
MANIFEST-02982,REC-02982,PKG-02982,PROD-003,ASSET-RTU-001,1.0.0,20263810,RUN-20260828-01a55fcf
MANIFEST-02983,REC-02983,PKG-02983,PROD-002,ASSET-PLC-001,1.0.0,20263811,RUN-20260828-01a55fcf
MANIFEST-02984,REC-02984,PKG-02984,PROD-003,ASSET-RTU-001,1.0.0,20263812,RUN-20260828-01a55fcf
MANIFEST-02985,REC-02985,PKG-02985,PROD-004,ASSET-SIS-001,1.0.0,20263813,RUN-20260828-01a55fcf
MANIFEST-02986,REC-02986,PKG-02986,PROD-005,ASSET-DCS-001,1.0.0,20263814,RUN-20260828-01a55fcf
MANIFEST-02987,REC-02987,PKG-02987,PROD-003,ASSET-RTU-001,1.0.0,20263815,RUN-20260828-01a55fcf
MANIFEST-02988,REC-02988,PKG-02988,PROD-003,ASSET-DCS-001,1.0.0,20263816,RUN-20260828-01a55fcf
MANIFEST-02989,REC-02989,PKG-02989,PROD-001,ASSET-DCS-001,1.0.0,20263817,RUN-20260828-01a55fcf
MANIFEST-02990,REC-02990,PKG-02990,PROD-001,ASSET-OPC-001,1.0.0,20263818,RUN-20260828-01a55fcf
MANIFEST-02991,REC-02991,PKG-02991,PROD-004,ASSET-DCS-001,1.0.0,20263819,RUN-20260828-01a55fcf
MANIFEST-02992,REC-02992,PKG-02992,PROD-005,ASSET-RTU-001,1.0.0,20263820,RUN-20260828-01a55fcf
MANIFEST-02993,REC-02993,PKG-02993,PROD-005,ASSET-OPC-001,1.0.0,20263821,RUN-20260828-01a55fcf
MANIFEST-02994,REC-02994,PKG-02994,PROD-002,ASSET-OPC-001,1.0.0,20263822,RUN-20260828-01a55fcf
MANIFEST-02995,REC-02995,PKG-02995,PROD-004,ASSET-DCS-001,1.0.0,20263823,RUN-20260828-01a55fcf
MANIFEST-02996,REC-02996,PKG-02996,PROD-003,ASSET-SIS-001,1.0.0,20263824,RUN-20260828-01a55fcf
MANIFEST-02997,REC-02997,PKG-02997,PROD-004,ASSET-DCS-001,1.0.0,20263825,RUN-20260828-01a55fcf
MANIFEST-02998,REC-02998,PKG-02998,PROD-002,ASSET-RTU-001,1.0.0,20263826,RUN-20260828-01a55fcf
MANIFEST-02999,REC-02999,PKG-02999,PROD-005,ASSET-OPC-001,1.0.0,20263827,RUN-20260828-01a55fcf
MANIFEST-03000,REC-03000,PKG-03000,PROD-003,ASSET-DCS-001,1.0.0,20263828,RUN-20260828-01a55fcf
MANIFEST-03001,REC-03001,PKG-03001,PROD-005,ASSET-RTU-001,1.0.0,20263829,RUN-20260828-01a55fcf
MANIFEST-03002,REC-03002,PKG-03002,PROD-005,ASSET-DCS-001,1.0.0,20263830,RUN-20260828-01a55fcf
MANIFEST-03003,REC-03003,PKG-03003,PROD-003,ASSET-RTU-001,1.0.0,20263831,RUN-20260828-01a55fcf
MANIFEST-03004,REC-03004,PKG-03004,PROD-002,ASSET-DCS-001,1.0.0,20263832,RUN-20260828-01a55fcf
MANIFEST-03005,REC-03005,PKG-03005,PROD-002,ASSET-DCS-001,1.0.0,20263833,RUN-20260828-01a55fcf
MANIFEST-03006,REC-03006,PKG-03006,PROD-004,ASSET-RTU-001,1.0.0,20263834,RUN-20260828-01a55fcf
MANIFEST-03007,REC-03007,PKG-03007,PROD-004,ASSET-DCS-001,1.0.0,20263835,RUN-20260828-01a55fcf
MANIFEST-03008,REC-03008,PKG-03008,PROD-001,ASSET-OPC-001,1.0.0,20263836,RUN-20260828-01a55fcf
MANIFEST-03009,REC-03009,PKG-03009,PROD-005,ASSET-PLC-001,1.0.0,20263837,RUN-20260828-01a55fcf
MANIFEST-03010,REC-03010,PKG-03010,PROD-004,ASSET-PLC-001,1.0.0,20263838,RUN-20260828-01a55fcf
MANIFEST-03011,REC-03011,PKG-03011,PROD-001,ASSET-SIS-001,1.0.0,20263839,RUN-20260828-01a55fcf
MANIFEST-03012,REC-03012,PKG-03012,PROD-004,ASSET-SIS-001,1.0.0,20263840,RUN-20260828-01a55fcf
MANIFEST-03013,REC-03013,PKG-03013,PROD-003,ASSET-PLC-001,1.0.0,20263841,RUN-20260828-01a55fcf
MANIFEST-03014,REC-03014,PKG-03014,PROD-005,ASSET-PLC-001,1.0.0,20263842,RUN-20260828-01a55fcf
MANIFEST-03015,REC-03015,PKG-03015,PROD-003,ASSET-DCS-001,1.0.0,20263843,RUN-20260828-01a55fcf
MANIFEST-03016,REC-03016,PKG-03016,PROD-005,ASSET-RTU-001,1.0.0,20263844,RUN-20260828-01a55fcf
MANIFEST-03017,REC-03017,PKG-03017,PROD-004,ASSET-OPC-001,1.0.0,20263845,RUN-20260828-01a55fcf
MANIFEST-03018,REC-03018,PKG-03018,PROD-005,ASSET-RTU-001,1.0.0,20263846,RUN-20260828-01a55fcf
MANIFEST-03019,REC-03019,PKG-03019,PROD-005,ASSET-SIS-001,1.0.0,20263847,RUN-20260828-01a55fcf
MANIFEST-03020,REC-03020,PKG-03020,PROD-001,ASSET-DCS-001,1.0.0,20263848,RUN-20260828-01a55fcf
MANIFEST-03021,REC-03021,PKG-03021,PROD-005,ASSET-OPC-001,1.0.0,20263849,RUN-20260828-01a55fcf
MANIFEST-03022,REC-03022,PKG-03022,PROD-001,ASSET-OPC-001,1.0.0,20263850,RUN-20260828-01a55fcf
MANIFEST-03023,REC-03023,PKG-03023,PROD-004,ASSET-SIS-001,1.0.0,20263851,RUN-20260828-01a55fcf
MANIFEST-03024,REC-03024,PKG-03024,PROD-001,ASSET-DCS-001,1.0.0,20263852,RUN-20260828-01a55fcf
MANIFEST-03025,REC-03025,PKG-03025,PROD-002,ASSET-DCS-001,1.0.0,20263853,RUN-20260828-01a55fcf
MANIFEST-03026,REC-03026,PKG-03026,PROD-003,ASSET-OPC-001,1.0.0,20263854,RUN-20260828-01a55fcf
MANIFEST-03027,REC-03027,PKG-03027,PROD-002,ASSET-PLC-001,1.0.0,20263855,RUN-20260828-01a55fcf
MANIFEST-03028,REC-03028,PKG-03028,PROD-005,ASSET-OPC-001,1.0.0,20263856,RUN-20260828-01a55fcf
MANIFEST-03029,REC-03029,PKG-03029,PROD-004,ASSET-RTU-001,1.0.0,20263857,RUN-20260828-01a55fcf
MANIFEST-03030,REC-03030,PKG-03030,PROD-005,ASSET-DCS-001,1.0.0,20263858,RUN-20260828-01a55fcf
MANIFEST-03031,REC-03031,PKG-03031,PROD-001,ASSET-RTU-001,1.0.0,20263859,RUN-20260828-01a55fcf
MANIFEST-03032,REC-03032,PKG-03032,PROD-005,ASSET-DCS-001,1.0.0,20263860,RUN-20260828-01a55fcf
MANIFEST-03033,REC-03033,PKG-03033,PROD-002,ASSET-DCS-001,1.0.0,20263861,RUN-20260828-01a55fcf
MANIFEST-03034,REC-03034,PKG-03034,PROD-005,ASSET-PLC-001,1.0.0,20263862,RUN-20260828-01a55fcf
MANIFEST-03035,REC-03035,PKG-03035,PROD-002,ASSET-OPC-001,1.0.0,20263863,RUN-20260828-01a55fcf
MANIFEST-03036,REC-03036,PKG-03036,PROD-001,ASSET-OPC-001,1.0.0,20263864,RUN-20260828-01a55fcf
MANIFEST-03037,REC-03037,PKG-03037,PROD-001,ASSET-DCS-001,1.0.0,20263865,RUN-20260828-01a55fcf
MANIFEST-03038,REC-03038,PKG-03038,PROD-005,ASSET-RTU-001,1.0.0,20263866,RUN-20260828-01a55fcf
MANIFEST-03039,REC-03039,PKG-03039,PROD-002,ASSET-RTU-001,1.0.0,20263867,RUN-20260828-01a55fcf
MANIFEST-03040,REC-03040,PKG-03040,PROD-002,ASSET-OPC-001,1.0.0,20263868,RUN-20260828-01a55fcf
MANIFEST-03041,REC-03041,PKG-03041,PROD-002,ASSET-RTU-001,1.0.0,20263869,RUN-20260828-01a55fcf
MANIFEST-03042,REC-03042,PKG-03042,PROD-005,ASSET-DCS-001,1.0.0,20263870,RUN-20260828-01a55fcf
MANIFEST-03043,REC-03043,PKG-03043,PROD-005,ASSET-RTU-001,1.0.0,20263871,RUN-20260828-01a55fcf
MANIFEST-03044,REC-03044,PKG-03044,PROD-001,ASSET-DCS-001,1.0.0,20263872,RUN-20260828-01a55fcf
MANIFEST-03045,REC-03045,PKG-03045,PROD-002,ASSET-DCS-001,1.0.0,20263873,RUN-20260828-01a55fcf
MANIFEST-03046,REC-03046,PKG-03046,PROD-004,ASSET-PLC-001,1.0.0,20263874,RUN-20260828-01a55fcf
MANIFEST-03047,REC-03047,PKG-03047,PROD-004,ASSET-PLC-001,1.0.0,20263875,RUN-20260828-01a55fcf
MANIFEST-03048,REC-03048,PKG-03048,PROD-001,ASSET-PLC-001,1.0.0,20263876,RUN-20260828-01a55fcf
MANIFEST-03049,REC-03049,PKG-03049,PROD-001,ASSET-SIS-001,1.0.0,20263877,RUN-20260828-01a55fcf
MANIFEST-03050,REC-03050,PKG-03050,PROD-001,ASSET-DCS-001,1.0.0,20263878,RUN-20260828-01a55fcf
MANIFEST-03051,REC-03051,PKG-03051,PROD-002,ASSET-RTU-001,1.0.0,20263879,RUN-20260828-01a55fcf
MANIFEST-03052,REC-03052,PKG-03052,PROD-002,ASSET-DCS-001,1.0.0,20263880,RUN-20260828-01a55fcf
MANIFEST-03053,REC-03053,PKG-03053,PROD-003,ASSET-OPC-001,1.0.0,20263881,RUN-20260828-01a55fcf
MANIFEST-03054,REC-03054,PKG-03054,PROD-005,ASSET-SIS-001,1.0.0,20263882,RUN-20260828-01a55fcf
MANIFEST-03055,REC-03055,PKG-03055,PROD-003,ASSET-RTU-001,1.0.0,20263883,RUN-20260828-01a55fcf
MANIFEST-03056,REC-03056,PKG-03056,PROD-004,ASSET-PLC-001,1.0.0,20263884,RUN-20260828-01a55fcf
MANIFEST-03057,REC-03057,PKG-03057,PROD-004,ASSET-DCS-001,1.0.0,20263885,RUN-20260828-01a55fcf
MANIFEST-03058,REC-03058,PKG-03058,PROD-004,ASSET-PLC-001,1.0.0,20263886,RUN-20260828-01a55fcf
MANIFEST-03059,REC-03059,PKG-03059,PROD-002,ASSET-PLC-001,1.0.0,20263887,RUN-20260828-01a55fcf
MANIFEST-03060,REC-03060,PKG-03060,PROD-004,ASSET-SIS-001,1.0.0,20263888,RUN-20260828-01a55fcf
MANIFEST-03061,REC-03061,PKG-03061,PROD-005,ASSET-OPC-001,1.0.0,20263889,RUN-20260828-01a55fcf
MANIFEST-03062,REC-03062,PKG-03062,PROD-005,ASSET-OPC-001,1.0.0,20263890,RUN-20260828-01a55fcf
MANIFEST-03063,REC-03063,PKG-03063,PROD-005,ASSET-PLC-001,1.0.0,20263891,RUN-20260828-01a55fcf
MANIFEST-03064,REC-03064,PKG-03064,PROD-001,ASSET-SIS-001,1.0.0,20263892,RUN-20260828-01a55fcf
MANIFEST-03065,REC-03065,PKG-03065,PROD-003,ASSET-OPC-001,1.0.0,20263893,RUN-20260828-01a55fcf
MANIFEST-03066,REC-03066,PKG-03066,PROD-003,ASSET-RTU-001,1.0.0,20263894,RUN-20260828-01a55fcf
MANIFEST-03067,REC-03067,PKG-03067,PROD-005,ASSET-RTU-001,1.0.0,20263895,RUN-20260828-01a55fcf
MANIFEST-03068,REC-03068,PKG-03068,PROD-004,ASSET-OPC-001,1.0.0,20263896,RUN-20260828-01a55fcf
MANIFEST-03069,REC-03069,PKG-03069,PROD-004,ASSET-PLC-001,1.0.0,20263897,RUN-20260828-01a55fcf
MANIFEST-03070,REC-03070,PKG-03070,PROD-003,ASSET-DCS-001,1.0.0,20263898,RUN-20260828-01a55fcf
MANIFEST-03071,REC-03071,PKG-03071,PROD-004,ASSET-RTU-001,1.0.0,20263899,RUN-20260828-01a55fcf
MANIFEST-03072,REC-03072,PKG-03072,PROD-005,ASSET-SIS-001,1.0.0,20263900,RUN-20260828-01a55fcf
MANIFEST-03073,REC-03073,PKG-03073,PROD-001,ASSET-RTU-001,1.0.0,20263901,RUN-20260828-01a55fcf
MANIFEST-03074,REC-03074,PKG-03074,PROD-005,ASSET-DCS-001,1.0.0,20263902,RUN-20260828-01a55fcf
MANIFEST-03075,REC-03075,PKG-03075,PROD-004,ASSET-PLC-001,1.0.0,20263903,RUN-20260828-01a55fcf
MANIFEST-03076,REC-03076,PKG-03076,PROD-004,ASSET-RTU-001,1.0.0,20263904,RUN-20260828-01a55fcf
MANIFEST-03077,REC-03077,PKG-03077,PROD-003,ASSET-DCS-001,1.0.0,20263905,RUN-20260828-01a55fcf
MANIFEST-03078,REC-03078,PKG-03078,PROD-002,ASSET-SIS-001,1.0.0,20263906,RUN-20260828-01a55fcf
MANIFEST-03079,REC-03079,PKG-03079,PROD-001,ASSET-RTU-001,1.0.0,20263907,RUN-20260828-01a55fcf
MANIFEST-03080,REC-03080,PKG-03080,PROD-005,ASSET-PLC-001,1.0.0,20263908,RUN-20260828-01a55fcf
MANIFEST-03081,REC-03081,PKG-03081,PROD-003,ASSET-SIS-001,1.0.0,20263909,RUN-20260828-01a55fcf
MANIFEST-03082,REC-03082,PKG-03082,PROD-003,ASSET-OPC-001,1.0.0,20263910,RUN-20260828-01a55fcf
MANIFEST-03083,REC-03083,PKG-03083,PROD-001,ASSET-OPC-001,1.0.0,20263911,RUN-20260828-01a55fcf
MANIFEST-03084,REC-03084,PKG-03084,PROD-004,ASSET-OPC-001,1.0.0,20263912,RUN-20260828-01a55fcf
MANIFEST-03085,REC-03085,PKG-03085,PROD-002,ASSET-OPC-001,1.0.0,20263913,RUN-20260828-01a55fcf
MANIFEST-03086,REC-03086,PKG-03086,PROD-005,ASSET-OPC-001,1.0.0,20263914,RUN-20260828-01a55fcf
MANIFEST-03087,REC-03087,PKG-03087,PROD-002,ASSET-PLC-001,1.0.0,20263915,RUN-20260828-01a55fcf
MANIFEST-03088,REC-03088,PKG-03088,PROD-003,ASSET-SIS-001,1.0.0,20263916,RUN-20260828-01a55fcf
MANIFEST-03089,REC-03089,PKG-03089,PROD-004,ASSET-OPC-001,1.0.0,20263917,RUN-20260828-01a55fcf
MANIFEST-03090,REC-03090,PKG-03090,PROD-003,ASSET-DCS-001,1.0.0,20263918,RUN-20260828-01a55fcf
MANIFEST-03091,REC-03091,PKG-03091,PROD-002,ASSET-PLC-001,1.0.0,20263919,RUN-20260828-01a55fcf
MANIFEST-03092,REC-03092,PKG-03092,PROD-002,ASSET-PLC-001,1.0.0,20263920,RUN-20260828-01a55fcf
MANIFEST-03093,REC-03093,PKG-03093,PROD-003,ASSET-PLC-001,1.0.0,20263921,RUN-20260828-01a55fcf
MANIFEST-03094,REC-03094,PKG-03094,PROD-002,ASSET-PLC-001,1.0.0,20263922,RUN-20260828-01a55fcf
MANIFEST-03095,REC-03095,PKG-03095,PROD-005,ASSET-SIS-001,1.0.0,20263923,RUN-20260828-01a55fcf
MANIFEST-03096,REC-03096,PKG-03096,PROD-002,ASSET-SIS-001,1.0.0,20263924,RUN-20260828-01a55fcf
MANIFEST-03097,REC-03097,PKG-03097,PROD-001,ASSET-RTU-001,1.0.0,20263925,RUN-20260828-01a55fcf
MANIFEST-03098,REC-03098,PKG-03098,PROD-001,ASSET-DCS-001,1.0.0,20263926,RUN-20260828-01a55fcf
MANIFEST-03099,REC-03099,PKG-03099,PROD-005,ASSET-OPC-001,1.0.0,20263927,RUN-20260828-01a55fcf
MANIFEST-03100,REC-03100,PKG-03100,PROD-004,ASSET-RTU-001,1.0.0,20263928,RUN-20260828-01a55fcf
MANIFEST-03101,REC-03101,PKG-03101,PROD-001,ASSET-PLC-001,1.0.0,20263929,RUN-20260828-01a55fcf
MANIFEST-03102,REC-03102,PKG-03102,PROD-004,ASSET-PLC-001,1.0.0,20263930,RUN-20260828-01a55fcf
MANIFEST-03103,REC-03103,PKG-03103,PROD-002,ASSET-PLC-001,1.0.0,20263931,RUN-20260828-01a55fcf
MANIFEST-03104,REC-03104,PKG-03104,PROD-001,ASSET-RTU-001,1.0.0,20263932,RUN-20260828-01a55fcf
MANIFEST-03105,REC-03105,PKG-03105,PROD-003,ASSET-RTU-001,1.0.0,20263933,RUN-20260828-01a55fcf
MANIFEST-03106,REC-03106,PKG-03106,PROD-001,ASSET-SIS-001,1.0.0,20263934,RUN-20260828-01a55fcf
MANIFEST-03107,REC-03107,PKG-03107,PROD-004,ASSET-DCS-001,1.0.0,20263935,RUN-20260828-01a55fcf
MANIFEST-03108,REC-03108,PKG-03108,PROD-003,ASSET-DCS-001,1.0.0,20263936,RUN-20260828-01a55fcf
MANIFEST-03109,REC-03109,PKG-03109,PROD-001,ASSET-RTU-001,1.0.0,20263937,RUN-20260828-01a55fcf
MANIFEST-03110,REC-03110,PKG-03110,PROD-003,ASSET-SIS-001,1.0.0,20263938,RUN-20260828-01a55fcf
MANIFEST-03111,REC-03111,PKG-03111,PROD-005,ASSET-PLC-001,1.0.0,20263939,RUN-20260828-01a55fcf
MANIFEST-03112,REC-03112,PKG-03112,PROD-002,ASSET-SIS-001,1.0.0,20263940,RUN-20260828-01a55fcf
MANIFEST-03113,REC-03113,PKG-03113,PROD-002,ASSET-DCS-001,1.0.0,20263941,RUN-20260828-01a55fcf
MANIFEST-03114,REC-03114,PKG-03114,PROD-002,ASSET-RTU-001,1.0.0,20263942,RUN-20260828-01a55fcf
MANIFEST-03115,REC-03115,PKG-03115,PROD-005,ASSET-DCS-001,1.0.0,20263943,RUN-20260828-01a55fcf
MANIFEST-03116,REC-03116,PKG-03116,PROD-004,ASSET-OPC-001,1.0.0,20263944,RUN-20260828-01a55fcf
MANIFEST-03117,REC-03117,PKG-03117,PROD-005,ASSET-DCS-001,1.0.0,20263945,RUN-20260828-01a55fcf
MANIFEST-03118,REC-03118,PKG-03118,PROD-005,ASSET-DCS-001,1.0.0,20263946,RUN-20260828-01a55fcf
MANIFEST-03119,REC-03119,PKG-03119,PROD-002,ASSET-RTU-001,1.0.0,20263947,RUN-20260828-01a55fcf
MANIFEST-03120,REC-03120,PKG-03120,PROD-003,ASSET-DCS-001,1.0.0,20263948,RUN-20260828-01a55fcf
MANIFEST-03121,REC-03121,PKG-03121,PROD-001,ASSET-RTU-001,1.0.0,20263949,RUN-20260828-01a55fcf
MANIFEST-03122,REC-03122,PKG-03122,PROD-004,ASSET-PLC-001,1.0.0,20263950,RUN-20260828-01a55fcf
MANIFEST-03123,REC-03123,PKG-03123,PROD-003,ASSET-DCS-001,1.0.0,20263951,RUN-20260828-01a55fcf
MANIFEST-03124,REC-03124,PKG-03124,PROD-005,ASSET-DCS-001,1.0.0,20263952,RUN-20260828-01a55fcf
MANIFEST-03125,REC-03125,PKG-03125,PROD-004,ASSET-OPC-001,1.0.0,20263953,RUN-20260828-01a55fcf
MANIFEST-03126,REC-03126,PKG-03126,PROD-002,ASSET-OPC-001,1.0.0,20263954,RUN-20260828-01a55fcf
MANIFEST-03127,REC-03127,PKG-03127,PROD-004,ASSET-RTU-001,1.0.0,20263955,RUN-20260828-01a55fcf
MANIFEST-03128,REC-03128,PKG-03128,PROD-005,ASSET-DCS-001,1.0.0,20263956,RUN-20260828-01a55fcf
MANIFEST-03129,REC-03129,PKG-03129,PROD-005,ASSET-RTU-001,1.0.0,20263957,RUN-20260828-01a55fcf
MANIFEST-03130,REC-03130,PKG-03130,PROD-001,ASSET-OPC-001,1.0.0,20263958,RUN-20260828-01a55fcf
MANIFEST-03131,REC-03131,PKG-03131,PROD-005,ASSET-RTU-001,1.0.0,20263959,RUN-20260828-01a55fcf
MANIFEST-03132,REC-03132,PKG-03132,PROD-002,ASSET-OPC-001,1.0.0,20263960,RUN-20260828-01a55fcf
MANIFEST-03133,REC-03133,PKG-03133,PROD-005,ASSET-DCS-001,1.0.0,20263961,RUN-20260828-01a55fcf
MANIFEST-03134,REC-03134,PKG-03134,PROD-001,ASSET-PLC-001,1.0.0,20263962,RUN-20260828-01a55fcf
MANIFEST-03135,REC-03135,PKG-03135,PROD-004,ASSET-OPC-001,1.0.0,20263963,RUN-20260828-01a55fcf
MANIFEST-03136,REC-03136,PKG-03136,PROD-001,ASSET-SIS-001,1.0.0,20263964,RUN-20260828-01a55fcf
MANIFEST-03137,REC-03137,PKG-03137,PROD-002,ASSET-SIS-001,1.0.0,20263965,RUN-20260828-01a55fcf
MANIFEST-03138,REC-03138,PKG-03138,PROD-004,ASSET-OPC-001,1.0.0,20263966,RUN-20260828-01a55fcf
MANIFEST-03139,REC-03139,PKG-03139,PROD-003,ASSET-OPC-001,1.0.0,20263967,RUN-20260828-01a55fcf
MANIFEST-03140,REC-03140,PKG-03140,PROD-004,ASSET-OPC-001,1.0.0,20263968,RUN-20260828-01a55fcf
MANIFEST-03141,REC-03141,PKG-03141,PROD-004,ASSET-PLC-001,1.0.0,20263969,RUN-20260828-01a55fcf
MANIFEST-03142,REC-03142,PKG-03142,PROD-004,ASSET-PLC-001,1.0.0,20263970,RUN-20260828-01a55fcf
MANIFEST-03143,REC-03143,PKG-03143,PROD-004,ASSET-OPC-001,1.0.0,20263971,RUN-20260828-01a55fcf
MANIFEST-03144,REC-03144,PKG-03144,PROD-005,ASSET-OPC-001,1.0.0,20263972,RUN-20260828-01a55fcf
MANIFEST-03145,REC-03145,PKG-03145,PROD-003,ASSET-RTU-001,1.0.0,20263973,RUN-20260828-01a55fcf
MANIFEST-03146,REC-03146,PKG-03146,PROD-003,ASSET-DCS-001,1.0.0,20263974,RUN-20260828-01a55fcf
MANIFEST-03147,REC-03147,PKG-03147,PROD-001,ASSET-PLC-001,1.0.0,20263975,RUN-20260828-01a55fcf
MANIFEST-03148,REC-03148,PKG-03148,PROD-004,ASSET-OPC-001,1.0.0,20263976,RUN-20260828-01a55fcf
MANIFEST-03149,REC-03149,PKG-03149,PROD-002,ASSET-SIS-001,1.0.0,20263977,RUN-20260828-01a55fcf
MANIFEST-03150,REC-03150,PKG-03150,PROD-001,ASSET-DCS-001,1.0.0,20263978,RUN-20260828-01a55fcf
MANIFEST-03151,REC-03151,PKG-03151,PROD-003,ASSET-SIS-001,1.0.0,20263979,RUN-20260828-01a55fcf
MANIFEST-03152,REC-03152,PKG-03152,PROD-005,ASSET-OPC-001,1.0.0,20263980,RUN-20260828-01a55fcf
MANIFEST-03153,REC-03153,PKG-03153,PROD-004,ASSET-PLC-001,1.0.0,20263981,RUN-20260828-01a55fcf
MANIFEST-03154,REC-03154,PKG-03154,PROD-004,ASSET-SIS-001,1.0.0,20263982,RUN-20260828-01a55fcf
MANIFEST-03155,REC-03155,PKG-03155,PROD-003,ASSET-SIS-001,1.0.0,20263983,RUN-20260828-01a55fcf
MANIFEST-03156,REC-03156,PKG-03156,PROD-004,ASSET-DCS-001,1.0.0,20263984,RUN-20260828-01a55fcf
MANIFEST-03157,REC-03157,PKG-03157,PROD-002,ASSET-OPC-001,1.0.0,20263985,RUN-20260828-01a55fcf
MANIFEST-03158,REC-03158,PKG-03158,PROD-004,ASSET-RTU-001,1.0.0,20263986,RUN-20260828-01a55fcf
MANIFEST-03159,REC-03159,PKG-03159,PROD-003,ASSET-PLC-001,1.0.0,20263987,RUN-20260828-01a55fcf
MANIFEST-03160,REC-03160,PKG-03160,PROD-005,ASSET-RTU-001,1.0.0,20263988,RUN-20260828-01a55fcf
MANIFEST-03161,REC-03161,PKG-03161,PROD-003,ASSET-OPC-001,1.0.0,20263989,RUN-20260828-01a55fcf
MANIFEST-03162,REC-03162,PKG-03162,PROD-003,ASSET-OPC-001,1.0.0,20263990,RUN-20260828-01a55fcf
MANIFEST-03163,REC-03163,PKG-03163,PROD-003,ASSET-OPC-001,1.0.0,20263991,RUN-20260828-01a55fcf
MANIFEST-03164,REC-03164,PKG-03164,PROD-005,ASSET-RTU-001,1.0.0,20263992,RUN-20260828-01a55fcf
MANIFEST-03165,REC-03165,PKG-03165,PROD-002,ASSET-DCS-001,1.0.0,20263993,RUN-20260828-01a55fcf
MANIFEST-03166,REC-03166,PKG-03166,PROD-001,ASSET-DCS-001,1.0.0,20263994,RUN-20260828-01a55fcf
MANIFEST-03167,REC-03167,PKG-03167,PROD-002,ASSET-RTU-001,1.0.0,20263995,RUN-20260828-01a55fcf
MANIFEST-03168,REC-03168,PKG-03168,PROD-003,ASSET-PLC-001,1.0.0,20263996,RUN-20260828-01a55fcf
MANIFEST-03169,REC-03169,PKG-03169,PROD-003,ASSET-SIS-001,1.0.0,20263997,RUN-20260828-01a55fcf
MANIFEST-03170,REC-03170,PKG-03170,PROD-005,ASSET-SIS-001,1.0.0,20263998,RUN-20260828-01a55fcf
MANIFEST-03171,REC-03171,PKG-03171,PROD-001,ASSET-DCS-001,1.0.0,20263999,RUN-20260828-01a55fcf
MANIFEST-03172,REC-03172,PKG-03172,PROD-001,ASSET-OPC-001,1.0.0,20264000,RUN-20260828-01a55fcf
MANIFEST-03173,REC-03173,PKG-03173,PROD-002,ASSET-RTU-001,1.0.0,20264001,RUN-20260828-01a55fcf
MANIFEST-03174,REC-03174,PKG-03174,PROD-001,ASSET-PLC-001,1.0.0,20264002,RUN-20260828-01a55fcf
MANIFEST-03175,REC-03175,PKG-03175,PROD-004,ASSET-OPC-001,1.0.0,20264003,RUN-20260828-01a55fcf
MANIFEST-03176,REC-03176,PKG-03176,PROD-002,ASSET-SIS-001,1.0.0,20264004,RUN-20260828-01a55fcf
MANIFEST-03177,REC-03177,PKG-03177,PROD-005,ASSET-DCS-001,1.0.0,20264005,RUN-20260828-01a55fcf
MANIFEST-03178,REC-03178,PKG-03178,PROD-004,ASSET-RTU-001,1.0.0,20264006,RUN-20260828-01a55fcf
MANIFEST-03179,REC-03179,PKG-03179,PROD-005,ASSET-DCS-001,1.0.0,20264007,RUN-20260828-01a55fcf
MANIFEST-03180,REC-03180,PKG-03180,PROD-005,ASSET-DCS-001,1.0.0,20264008,RUN-20260828-01a55fcf
MANIFEST-03181,REC-03181,PKG-03181,PROD-005,ASSET-SIS-001,1.0.0,20264009,RUN-20260828-01a55fcf
MANIFEST-03182,REC-03182,PKG-03182,PROD-001,ASSET-DCS-001,1.0.0,20264010,RUN-20260828-01a55fcf
MANIFEST-03183,REC-03183,PKG-03183,PROD-004,ASSET-DCS-001,1.0.0,20264011,RUN-20260828-01a55fcf
MANIFEST-03184,REC-03184,PKG-03184,PROD-001,ASSET-SIS-001,1.0.0,20264012,RUN-20260828-01a55fcf
MANIFEST-03185,REC-03185,PKG-03185,PROD-004,ASSET-RTU-001,1.0.0,20264013,RUN-20260828-01a55fcf
MANIFEST-03186,REC-03186,PKG-03186,PROD-001,ASSET-PLC-001,1.0.0,20264014,RUN-20260828-01a55fcf
MANIFEST-03187,REC-03187,PKG-03187,PROD-004,ASSET-OPC-001,1.0.0,20264015,RUN-20260828-01a55fcf
MANIFEST-03188,REC-03188,PKG-03188,PROD-004,ASSET-RTU-001,1.0.0,20264016,RUN-20260828-01a55fcf
MANIFEST-03189,REC-03189,PKG-03189,PROD-004,ASSET-OPC-001,1.0.0,20264017,RUN-20260828-01a55fcf
MANIFEST-03190,REC-03190,PKG-03190,PROD-002,ASSET-DCS-001,1.0.0,20264018,RUN-20260828-01a55fcf
MANIFEST-03191,REC-03191,PKG-03191,PROD-003,ASSET-SIS-001,1.0.0,20264019,RUN-20260828-01a55fcf
MANIFEST-03192,REC-03192,PKG-03192,PROD-003,ASSET-SIS-001,1.0.0,20264020,RUN-20260828-01a55fcf
MANIFEST-03193,REC-03193,PKG-03193,PROD-004,ASSET-OPC-001,1.0.0,20264021,RUN-20260828-01a55fcf
MANIFEST-03194,REC-03194,PKG-03194,PROD-002,ASSET-OPC-001,1.0.0,20264022,RUN-20260828-01a55fcf
MANIFEST-03195,REC-03195,PKG-03195,PROD-004,ASSET-OPC-001,1.0.0,20264023,RUN-20260828-01a55fcf
MANIFEST-03196,REC-03196,PKG-03196,PROD-002,ASSET-OPC-001,1.0.0,20264024,RUN-20260828-01a55fcf
MANIFEST-03197,REC-03197,PKG-03197,PROD-002,ASSET-SIS-001,1.0.0,20264025,RUN-20260828-01a55fcf
MANIFEST-03198,REC-03198,PKG-03198,PROD-001,ASSET-SIS-001,1.0.0,20264026,RUN-20260828-01a55fcf
MANIFEST-03199,REC-03199,PKG-03199,PROD-002,ASSET-OPC-001,1.0.0,20264027,RUN-20260828-01a55fcf
MANIFEST-03200,REC-03200,PKG-03200,PROD-005,ASSET-DCS-001,1.0.0,20264028,RUN-20260828-01a55fcf
MANIFEST-03201,REC-03201,PKG-03201,PROD-002,ASSET-OPC-001,1.0.0,20264029,RUN-20260828-01a55fcf
MANIFEST-03202,REC-03202,PKG-03202,PROD-003,ASSET-OPC-001,1.0.0,20264030,RUN-20260828-01a55fcf
MANIFEST-03203,REC-03203,PKG-03203,PROD-001,ASSET-OPC-001,1.0.0,20264031,RUN-20260828-01a55fcf
MANIFEST-03204,REC-03204,PKG-03204,PROD-004,ASSET-PLC-001,1.0.0,20264032,RUN-20260828-01a55fcf
MANIFEST-03205,REC-03205,PKG-03205,PROD-001,ASSET-RTU-001,1.0.0,20264033,RUN-20260828-01a55fcf
MANIFEST-03206,REC-03206,PKG-03206,PROD-003,ASSET-SIS-001,1.0.0,20264034,RUN-20260828-01a55fcf
MANIFEST-03207,REC-03207,PKG-03207,PROD-003,ASSET-OPC-001,1.0.0,20264035,RUN-20260828-01a55fcf
MANIFEST-03208,REC-03208,PKG-03208,PROD-003,ASSET-OPC-001,1.0.0,20264036,RUN-20260828-01a55fcf
MANIFEST-03209,REC-03209,PKG-03209,PROD-001,ASSET-PLC-001,1.0.0,20264037,RUN-20260828-01a55fcf
MANIFEST-03210,REC-03210,PKG-03210,PROD-003,ASSET-RTU-001,1.0.0,20264038,RUN-20260828-01a55fcf
MANIFEST-03211,REC-03211,PKG-03211,PROD-002,ASSET-PLC-001,1.0.0,20264039,RUN-20260828-01a55fcf
MANIFEST-03212,REC-03212,PKG-03212,PROD-001,ASSET-PLC-001,1.0.0,20264040,RUN-20260828-01a55fcf
MANIFEST-03213,REC-03213,PKG-03213,PROD-002,ASSET-RTU-001,1.0.0,20264041,RUN-20260828-01a55fcf
MANIFEST-03214,REC-03214,PKG-03214,PROD-002,ASSET-OPC-001,1.0.0,20264042,RUN-20260828-01a55fcf
MANIFEST-03215,REC-03215,PKG-03215,PROD-003,ASSET-PLC-001,1.0.0,20264043,RUN-20260828-01a55fcf
MANIFEST-03216,REC-03216,PKG-03216,PROD-005,ASSET-OPC-001,1.0.0,20264044,RUN-20260828-01a55fcf
MANIFEST-03217,REC-03217,PKG-03217,PROD-001,ASSET-RTU-001,1.0.0,20264045,RUN-20260828-01a55fcf
MANIFEST-03218,REC-03218,PKG-03218,PROD-001,ASSET-OPC-001,1.0.0,20264046,RUN-20260828-01a55fcf
MANIFEST-03219,REC-03219,PKG-03219,PROD-004,ASSET-SIS-001,1.0.0,20264047,RUN-20260828-01a55fcf
MANIFEST-03220,REC-03220,PKG-03220,PROD-003,ASSET-SIS-001,1.0.0,20264048,RUN-20260828-01a55fcf
MANIFEST-03221,REC-03221,PKG-03221,PROD-004,ASSET-PLC-001,1.0.0,20264049,RUN-20260828-01a55fcf
MANIFEST-03222,REC-03222,PKG-03222,PROD-004,ASSET-OPC-001,1.0.0,20264050,RUN-20260828-01a55fcf
MANIFEST-03223,REC-03223,PKG-03223,PROD-005,ASSET-PLC-001,1.0.0,20264051,RUN-20260828-01a55fcf
MANIFEST-03224,REC-03224,PKG-03224,PROD-003,ASSET-SIS-001,1.0.0,20264052,RUN-20260828-01a55fcf
MANIFEST-03225,REC-03225,PKG-03225,PROD-003,ASSET-DCS-001,1.0.0,20264053,RUN-20260828-01a55fcf
MANIFEST-03226,REC-03226,PKG-03226,PROD-003,ASSET-DCS-001,1.0.0,20264054,RUN-20260828-01a55fcf
MANIFEST-03227,REC-03227,PKG-03227,PROD-003,ASSET-DCS-001,1.0.0,20264055,RUN-20260828-01a55fcf
MANIFEST-03228,REC-03228,PKG-03228,PROD-002,ASSET-PLC-001,1.0.0,20264056,RUN-20260828-01a55fcf
MANIFEST-03229,REC-03229,PKG-03229,PROD-002,ASSET-DCS-001,1.0.0,20264057,RUN-20260828-01a55fcf
MANIFEST-03230,REC-03230,PKG-03230,PROD-002,ASSET-DCS-001,1.0.0,20264058,RUN-20260828-01a55fcf
MANIFEST-03231,REC-03231,PKG-03231,PROD-003,ASSET-RTU-001,1.0.0,20264059,RUN-20260828-01a55fcf
MANIFEST-03232,REC-03232,PKG-03232,PROD-004,ASSET-DCS-001,1.0.0,20264060,RUN-20260828-01a55fcf
MANIFEST-03233,REC-03233,PKG-03233,PROD-004,ASSET-DCS-001,1.0.0,20264061,RUN-20260828-01a55fcf
MANIFEST-03234,REC-03234,PKG-03234,PROD-001,ASSET-DCS-001,1.0.0,20264062,RUN-20260828-01a55fcf
MANIFEST-03235,REC-03235,PKG-03235,PROD-001,ASSET-RTU-001,1.0.0,20264063,RUN-20260828-01a55fcf
MANIFEST-03236,REC-03236,PKG-03236,PROD-005,ASSET-OPC-001,1.0.0,20264064,RUN-20260828-01a55fcf
MANIFEST-03237,REC-03237,PKG-03237,PROD-002,ASSET-SIS-001,1.0.0,20264065,RUN-20260828-01a55fcf
MANIFEST-03238,REC-03238,PKG-03238,PROD-002,ASSET-OPC-001,1.0.0,20264066,RUN-20260828-01a55fcf
MANIFEST-03239,REC-03239,PKG-03239,PROD-002,ASSET-SIS-001,1.0.0,20264067,RUN-20260828-01a55fcf
MANIFEST-03240,REC-03240,PKG-03240,PROD-004,ASSET-DCS-001,1.0.0,20264068,RUN-20260828-01a55fcf
MANIFEST-03241,REC-03241,PKG-03241,PROD-004,ASSET-OPC-001,1.0.0,20264069,RUN-20260828-01a55fcf
MANIFEST-03242,REC-03242,PKG-03242,PROD-002,ASSET-SIS-001,1.0.0,20264070,RUN-20260828-01a55fcf
MANIFEST-03243,REC-03243,PKG-03243,PROD-004,ASSET-OPC-001,1.0.0,20264071,RUN-20260828-01a55fcf
MANIFEST-03244,REC-03244,PKG-03244,PROD-003,ASSET-SIS-001,1.0.0,20264072,RUN-20260828-01a55fcf
MANIFEST-03245,REC-03245,PKG-03245,PROD-004,ASSET-SIS-001,1.0.0,20264073,RUN-20260828-01a55fcf
MANIFEST-03246,REC-03246,PKG-03246,PROD-002,ASSET-DCS-001,1.0.0,20264074,RUN-20260828-01a55fcf
MANIFEST-03247,REC-03247,PKG-03247,PROD-005,ASSET-SIS-001,1.0.0,20264075,RUN-20260828-01a55fcf
MANIFEST-03248,REC-03248,PKG-03248,PROD-004,ASSET-RTU-001,1.0.0,20264076,RUN-20260828-01a55fcf
MANIFEST-03249,REC-03249,PKG-03249,PROD-005,ASSET-DCS-001,1.0.0,20264077,RUN-20260828-01a55fcf
MANIFEST-03250,REC-03250,PKG-03250,PROD-003,ASSET-DCS-001,1.0.0,20264078,RUN-20260828-01a55fcf
MANIFEST-03251,REC-03251,PKG-03251,PROD-001,ASSET-OPC-001,1.0.0,20264079,RUN-20260828-01a55fcf
MANIFEST-03252,REC-03252,PKG-03252,PROD-003,ASSET-PLC-001,1.0.0,20264080,RUN-20260828-01a55fcf
MANIFEST-03253,REC-03253,PKG-03253,PROD-002,ASSET-DCS-001,1.0.0,20264081,RUN-20260828-01a55fcf
MANIFEST-03254,REC-03254,PKG-03254,PROD-002,ASSET-PLC-001,1.0.0,20264082,RUN-20260828-01a55fcf
MANIFEST-03255,REC-03255,PKG-03255,PROD-002,ASSET-OPC-001,1.0.0,20264083,RUN-20260828-01a55fcf
MANIFEST-03256,REC-03256,PKG-03256,PROD-003,ASSET-PLC-001,1.0.0,20264084,RUN-20260828-01a55fcf
MANIFEST-03257,REC-03257,PKG-03257,PROD-003,ASSET-RTU-001,1.0.0,20264085,RUN-20260828-01a55fcf
MANIFEST-03258,REC-03258,PKG-03258,PROD-003,ASSET-SIS-001,1.0.0,20264086,RUN-20260828-01a55fcf
MANIFEST-03259,REC-03259,PKG-03259,PROD-005,ASSET-SIS-001,1.0.0,20264087,RUN-20260828-01a55fcf
MANIFEST-03260,REC-03260,PKG-03260,PROD-001,ASSET-PLC-001,1.0.0,20264088,RUN-20260828-01a55fcf
MANIFEST-03261,REC-03261,PKG-03261,PROD-004,ASSET-OPC-001,1.0.0,20264089,RUN-20260828-01a55fcf
MANIFEST-03262,REC-03262,PKG-03262,PROD-003,ASSET-OPC-001,1.0.0,20264090,RUN-20260828-01a55fcf
MANIFEST-03263,REC-03263,PKG-03263,PROD-003,ASSET-PLC-001,1.0.0,20264091,RUN-20260828-01a55fcf
MANIFEST-03264,REC-03264,PKG-03264,PROD-002,ASSET-PLC-001,1.0.0,20264092,RUN-20260828-01a55fcf
MANIFEST-03265,REC-03265,PKG-03265,PROD-003,ASSET-SIS-001,1.0.0,20264093,RUN-20260828-01a55fcf
MANIFEST-03266,REC-03266,PKG-03266,PROD-003,ASSET-DCS-001,1.0.0,20264094,RUN-20260828-01a55fcf
MANIFEST-03267,REC-03267,PKG-03267,PROD-003,ASSET-PLC-001,1.0.0,20264095,RUN-20260828-01a55fcf
MANIFEST-03268,REC-03268,PKG-03268,PROD-005,ASSET-DCS-001,1.0.0,20264096,RUN-20260828-01a55fcf
MANIFEST-03269,REC-03269,PKG-03269,PROD-001,ASSET-OPC-001,1.0.0,20264097,RUN-20260828-01a55fcf
MANIFEST-03270,REC-03270,PKG-03270,PROD-001,ASSET-DCS-001,1.0.0,20264098,RUN-20260828-01a55fcf
MANIFEST-03271,REC-03271,PKG-03271,PROD-003,ASSET-RTU-001,1.0.0,20264099,RUN-20260828-01a55fcf
MANIFEST-03272,REC-03272,PKG-03272,PROD-004,ASSET-OPC-001,1.0.0,20264100,RUN-20260828-01a55fcf
MANIFEST-03273,REC-03273,PKG-03273,PROD-003,ASSET-DCS-001,1.0.0,20264101,RUN-20260828-01a55fcf
MANIFEST-03274,REC-03274,PKG-03274,PROD-004,ASSET-SIS-001,1.0.0,20264102,RUN-20260828-01a55fcf
MANIFEST-03275,REC-03275,PKG-03275,PROD-004,ASSET-SIS-001,1.0.0,20264103,RUN-20260828-01a55fcf
MANIFEST-03276,REC-03276,PKG-03276,PROD-001,ASSET-PLC-001,1.0.0,20264104,RUN-20260828-01a55fcf
MANIFEST-03277,REC-03277,PKG-03277,PROD-001,ASSET-PLC-001,1.0.0,20264105,RUN-20260828-01a55fcf
MANIFEST-03278,REC-03278,PKG-03278,PROD-002,ASSET-RTU-001,1.0.0,20264106,RUN-20260828-01a55fcf
MANIFEST-03279,REC-03279,PKG-03279,PROD-004,ASSET-OPC-001,1.0.0,20264107,RUN-20260828-01a55fcf
MANIFEST-03280,REC-03280,PKG-03280,PROD-002,ASSET-SIS-001,1.0.0,20264108,RUN-20260828-01a55fcf
MANIFEST-03281,REC-03281,PKG-03281,PROD-003,ASSET-RTU-001,1.0.0,20264109,RUN-20260828-01a55fcf
MANIFEST-03282,REC-03282,PKG-03282,PROD-003,ASSET-DCS-001,1.0.0,20264110,RUN-20260828-01a55fcf
MANIFEST-03283,REC-03283,PKG-03283,PROD-003,ASSET-DCS-001,1.0.0,20264111,RUN-20260828-01a55fcf
MANIFEST-03284,REC-03284,PKG-03284,PROD-001,ASSET-DCS-001,1.0.0,20264112,RUN-20260828-01a55fcf
MANIFEST-03285,REC-03285,PKG-03285,PROD-004,ASSET-DCS-001,1.0.0,20264113,RUN-20260828-01a55fcf
MANIFEST-03286,REC-03286,PKG-03286,PROD-003,ASSET-OPC-001,1.0.0,20264114,RUN-20260828-01a55fcf
MANIFEST-03287,REC-03287,PKG-03287,PROD-005,ASSET-RTU-001,1.0.0,20264115,RUN-20260828-01a55fcf
MANIFEST-03288,REC-03288,PKG-03288,PROD-001,ASSET-PLC-001,1.0.0,20264116,RUN-20260828-01a55fcf
MANIFEST-03289,REC-03289,PKG-03289,PROD-001,ASSET-SIS-001,1.0.0,20264117,RUN-20260828-01a55fcf
MANIFEST-03290,REC-03290,PKG-03290,PROD-004,ASSET-DCS-001,1.0.0,20264118,RUN-20260828-01a55fcf
MANIFEST-03291,REC-03291,PKG-03291,PROD-004,ASSET-RTU-001,1.0.0,20264119,RUN-20260828-01a55fcf
MANIFEST-03292,REC-03292,PKG-03292,PROD-001,ASSET-OPC-001,1.0.0,20264120,RUN-20260828-01a55fcf
MANIFEST-03293,REC-03293,PKG-03293,PROD-003,ASSET-DCS-001,1.0.0,20264121,RUN-20260828-01a55fcf
MANIFEST-03294,REC-03294,PKG-03294,PROD-003,ASSET-SIS-001,1.0.0,20264122,RUN-20260828-01a55fcf
MANIFEST-03295,REC-03295,PKG-03295,PROD-001,ASSET-OPC-001,1.0.0,20264123,RUN-20260828-01a55fcf
MANIFEST-03296,REC-03296,PKG-03296,PROD-005,ASSET-RTU-001,1.0.0,20264124,RUN-20260828-01a55fcf
MANIFEST-03297,REC-03297,PKG-03297,PROD-002,ASSET-OPC-001,1.0.0,20264125,RUN-20260828-01a55fcf
MANIFEST-03298,REC-03298,PKG-03298,PROD-001,ASSET-DCS-001,1.0.0,20264126,RUN-20260828-01a55fcf
MANIFEST-03299,REC-03299,PKG-03299,PROD-005,ASSET-OPC-001,1.0.0,20264127,RUN-20260828-01a55fcf
MANIFEST-03300,REC-03300,PKG-03300,PROD-004,ASSET-RTU-001,1.0.0,20264128,RUN-20260828-01a55fcf
MANIFEST-03301,REC-03301,PKG-03301,PROD-004,ASSET-PLC-001,1.0.0,20264129,RUN-20260828-01a55fcf
MANIFEST-03302,REC-03302,PKG-03302,PROD-001,ASSET-PLC-001,1.0.0,20264130,RUN-20260828-01a55fcf
MANIFEST-03303,REC-03303,PKG-03303,PROD-004,ASSET-SIS-001,1.0.0,20264131,RUN-20260828-01a55fcf
MANIFEST-03304,REC-03304,PKG-03304,PROD-002,ASSET-OPC-001,1.0.0,20264132,RUN-20260828-01a55fcf
MANIFEST-03305,REC-03305,PKG-03305,PROD-003,ASSET-RTU-001,1.0.0,20264133,RUN-20260828-01a55fcf
MANIFEST-03306,REC-03306,PKG-03306,PROD-001,ASSET-RTU-001,1.0.0,20264134,RUN-20260828-01a55fcf
MANIFEST-03307,REC-03307,PKG-03307,PROD-005,ASSET-SIS-001,1.0.0,20264135,RUN-20260828-01a55fcf
MANIFEST-03308,REC-03308,PKG-03308,PROD-005,ASSET-SIS-001,1.0.0,20264136,RUN-20260828-01a55fcf
MANIFEST-03309,REC-03309,PKG-03309,PROD-005,ASSET-PLC-001,1.0.0,20264137,RUN-20260828-01a55fcf
MANIFEST-03310,REC-03310,PKG-03310,PROD-001,ASSET-PLC-001,1.0.0,20264138,RUN-20260828-01a55fcf
MANIFEST-03311,REC-03311,PKG-03311,PROD-005,ASSET-DCS-001,1.0.0,20264139,RUN-20260828-01a55fcf
MANIFEST-03312,REC-03312,PKG-03312,PROD-004,ASSET-OPC-001,1.0.0,20264140,RUN-20260828-01a55fcf
MANIFEST-03313,REC-03313,PKG-03313,PROD-002,ASSET-RTU-001,1.0.0,20264141,RUN-20260828-01a55fcf
MANIFEST-03314,REC-03314,PKG-03314,PROD-003,ASSET-SIS-001,1.0.0,20264142,RUN-20260828-01a55fcf
MANIFEST-03315,REC-03315,PKG-03315,PROD-002,ASSET-OPC-001,1.0.0,20264143,RUN-20260828-01a55fcf
MANIFEST-03316,REC-03316,PKG-03316,PROD-005,ASSET-PLC-001,1.0.0,20264144,RUN-20260828-01a55fcf
MANIFEST-03317,REC-03317,PKG-03317,PROD-003,ASSET-DCS-001,1.0.0,20264145,RUN-20260828-01a55fcf
MANIFEST-03318,REC-03318,PKG-03318,PROD-004,ASSET-SIS-001,1.0.0,20264146,RUN-20260828-01a55fcf
MANIFEST-03319,REC-03319,PKG-03319,PROD-004,ASSET-PLC-001,1.0.0,20264147,RUN-20260828-01a55fcf
MANIFEST-03320,REC-03320,PKG-03320,PROD-004,ASSET-SIS-001,1.0.0,20264148,RUN-20260828-01a55fcf
MANIFEST-03321,REC-03321,PKG-03321,PROD-002,ASSET-DCS-001,1.0.0,20264149,RUN-20260828-01a55fcf
MANIFEST-03322,REC-03322,PKG-03322,PROD-003,ASSET-PLC-001,1.0.0,20264150,RUN-20260828-01a55fcf
MANIFEST-03323,REC-03323,PKG-03323,PROD-003,ASSET-PLC-001,1.0.0,20264151,RUN-20260828-01a55fcf
MANIFEST-03324,REC-03324,PKG-03324,PROD-003,ASSET-RTU-001,1.0.0,20264152,RUN-20260828-01a55fcf
MANIFEST-03325,REC-03325,PKG-03325,PROD-001,ASSET-OPC-001,1.0.0,20264153,RUN-20260828-01a55fcf
MANIFEST-03326,REC-03326,PKG-03326,PROD-004,ASSET-OPC-001,1.0.0,20264154,RUN-20260828-01a55fcf
MANIFEST-03327,REC-03327,PKG-03327,PROD-001,ASSET-RTU-001,1.0.0,20264155,RUN-20260828-01a55fcf
MANIFEST-03328,REC-03328,PKG-03328,PROD-005,ASSET-SIS-001,1.0.0,20264156,RUN-20260828-01a55fcf
MANIFEST-03329,REC-03329,PKG-03329,PROD-005,ASSET-PLC-001,1.0.0,20264157,RUN-20260828-01a55fcf
MANIFEST-03330,REC-03330,PKG-03330,PROD-004,ASSET-RTU-001,1.0.0,20264158,RUN-20260828-01a55fcf
MANIFEST-03331,REC-03331,PKG-03331,PROD-002,ASSET-RTU-001,1.0.0,20264159,RUN-20260828-01a55fcf
MANIFEST-03332,REC-03332,PKG-03332,PROD-004,ASSET-RTU-001,1.0.0,20264160,RUN-20260828-01a55fcf
MANIFEST-03333,REC-03333,PKG-03333,PROD-004,ASSET-OPC-001,1.0.0,20264161,RUN-20260828-01a55fcf
MANIFEST-03334,REC-03334,PKG-03334,PROD-002,ASSET-PLC-001,1.0.0,20264162,RUN-20260828-01a55fcf
MANIFEST-03335,REC-03335,PKG-03335,PROD-001,ASSET-PLC-001,1.0.0,20264163,RUN-20260828-01a55fcf
MANIFEST-03336,REC-03336,PKG-03336,PROD-002,ASSET-RTU-001,1.0.0,20264164,RUN-20260828-01a55fcf
MANIFEST-03337,REC-03337,PKG-03337,PROD-004,ASSET-OPC-001,1.0.0,20264165,RUN-20260828-01a55fcf
MANIFEST-03338,REC-03338,PKG-03338,PROD-001,ASSET-RTU-001,1.0.0,20264166,RUN-20260828-01a55fcf
MANIFEST-03339,REC-03339,PKG-03339,PROD-005,ASSET-OPC-001,1.0.0,20264167,RUN-20260828-01a55fcf
MANIFEST-03340,REC-03340,PKG-03340,PROD-004,ASSET-RTU-001,1.0.0,20264168,RUN-20260828-01a55fcf
MANIFEST-03341,REC-03341,PKG-03341,PROD-004,ASSET-RTU-001,1.0.0,20264169,RUN-20260828-01a55fcf
MANIFEST-03342,REC-03342,PKG-03342,PROD-003,ASSET-RTU-001,1.0.0,20264170,RUN-20260828-01a55fcf
MANIFEST-03343,REC-03343,PKG-03343,PROD-004,ASSET-RTU-001,1.0.0,20264171,RUN-20260828-01a55fcf
MANIFEST-03344,REC-03344,PKG-03344,PROD-003,ASSET-OPC-001,1.0.0,20264172,RUN-20260828-01a55fcf
MANIFEST-03345,REC-03345,PKG-03345,PROD-005,ASSET-RTU-001,1.0.0,20264173,RUN-20260828-01a55fcf
MANIFEST-03346,REC-03346,PKG-03346,PROD-004,ASSET-SIS-001,1.0.0,20264174,RUN-20260828-01a55fcf
MANIFEST-03347,REC-03347,PKG-03347,PROD-001,ASSET-PLC-001,1.0.0,20264175,RUN-20260828-01a55fcf
MANIFEST-03348,REC-03348,PKG-03348,PROD-003,ASSET-OPC-001,1.0.0,20264176,RUN-20260828-01a55fcf
MANIFEST-03349,REC-03349,PKG-03349,PROD-001,ASSET-DCS-001,1.0.0,20264177,RUN-20260828-01a55fcf
MANIFEST-03350,REC-03350,PKG-03350,PROD-003,ASSET-RTU-001,1.0.0,20264178,RUN-20260828-01a55fcf
MANIFEST-03351,REC-03351,PKG-03351,PROD-003,ASSET-SIS-001,1.0.0,20264179,RUN-20260828-01a55fcf
MANIFEST-03352,REC-03352,PKG-03352,PROD-005,ASSET-DCS-001,1.0.0,20264180,RUN-20260828-01a55fcf
MANIFEST-03353,REC-03353,PKG-03353,PROD-001,ASSET-OPC-001,1.0.0,20264181,RUN-20260828-01a55fcf
MANIFEST-03354,REC-03354,PKG-03354,PROD-002,ASSET-RTU-001,1.0.0,20264182,RUN-20260828-01a55fcf
MANIFEST-03355,REC-03355,PKG-03355,PROD-002,ASSET-DCS-001,1.0.0,20264183,RUN-20260828-01a55fcf
MANIFEST-03356,REC-03356,PKG-03356,PROD-004,ASSET-DCS-001,1.0.0,20264184,RUN-20260828-01a55fcf
MANIFEST-03357,REC-03357,PKG-03357,PROD-003,ASSET-SIS-001,1.0.0,20264185,RUN-20260828-01a55fcf
MANIFEST-03358,REC-03358,PKG-03358,PROD-003,ASSET-DCS-001,1.0.0,20264186,RUN-20260828-01a55fcf
MANIFEST-03359,REC-03359,PKG-03359,PROD-003,ASSET-OPC-001,1.0.0,20264187,RUN-20260828-01a55fcf
MANIFEST-03360,REC-03360,PKG-03360,PROD-003,ASSET-RTU-001,1.0.0,20264188,RUN-20260828-01a55fcf
MANIFEST-03361,REC-03361,PKG-03361,PROD-003,ASSET-OPC-001,1.0.0,20264189,RUN-20260828-01a55fcf
MANIFEST-03362,REC-03362,PKG-03362,PROD-003,ASSET-OPC-001,1.0.0,20264190,RUN-20260828-01a55fcf
MANIFEST-03363,REC-03363,PKG-03363,PROD-005,ASSET-PLC-001,1.0.0,20264191,RUN-20260828-01a55fcf
MANIFEST-03364,REC-03364,PKG-03364,PROD-002,ASSET-RTU-001,1.0.0,20264192,RUN-20260828-01a55fcf
MANIFEST-03365,REC-03365,PKG-03365,PROD-004,ASSET-RTU-001,1.0.0,20264193,RUN-20260828-01a55fcf
MANIFEST-03366,REC-03366,PKG-03366,PROD-005,ASSET-OPC-001,1.0.0,20264194,RUN-20260828-01a55fcf
MANIFEST-03367,REC-03367,PKG-03367,PROD-001,ASSET-DCS-001,1.0.0,20264195,RUN-20260828-01a55fcf
MANIFEST-03368,REC-03368,PKG-03368,PROD-002,ASSET-DCS-001,1.0.0,20264196,RUN-20260828-01a55fcf
MANIFEST-03369,REC-03369,PKG-03369,PROD-005,ASSET-RTU-001,1.0.0,20264197,RUN-20260828-01a55fcf
MANIFEST-03370,REC-03370,PKG-03370,PROD-002,ASSET-OPC-001,1.0.0,20264198,RUN-20260828-01a55fcf
MANIFEST-03371,REC-03371,PKG-03371,PROD-004,ASSET-RTU-001,1.0.0,20264199,RUN-20260828-01a55fcf
MANIFEST-03372,REC-03372,PKG-03372,PROD-003,ASSET-PLC-001,1.0.0,20264200,RUN-20260828-01a55fcf
MANIFEST-03373,REC-03373,PKG-03373,PROD-005,ASSET-DCS-001,1.0.0,20264201,RUN-20260828-01a55fcf
MANIFEST-03374,REC-03374,PKG-03374,PROD-003,ASSET-RTU-001,1.0.0,20264202,RUN-20260828-01a55fcf
MANIFEST-03375,REC-03375,PKG-03375,PROD-002,ASSET-OPC-001,1.0.0,20264203,RUN-20260828-01a55fcf
MANIFEST-03376,REC-03376,PKG-03376,PROD-001,ASSET-SIS-001,1.0.0,20264204,RUN-20260828-01a55fcf
MANIFEST-03377,REC-03377,PKG-03377,PROD-005,ASSET-SIS-001,1.0.0,20264205,RUN-20260828-01a55fcf
MANIFEST-03378,REC-03378,PKG-03378,PROD-004,ASSET-DCS-001,1.0.0,20264206,RUN-20260828-01a55fcf
MANIFEST-03379,REC-03379,PKG-03379,PROD-002,ASSET-RTU-001,1.0.0,20264207,RUN-20260828-01a55fcf
MANIFEST-03380,REC-03380,PKG-03380,PROD-005,ASSET-DCS-001,1.0.0,20264208,RUN-20260828-01a55fcf
MANIFEST-03381,REC-03381,PKG-03381,PROD-003,ASSET-DCS-001,1.0.0,20264209,RUN-20260828-01a55fcf
MANIFEST-03382,REC-03382,PKG-03382,PROD-004,ASSET-PLC-001,1.0.0,20264210,RUN-20260828-01a55fcf
MANIFEST-03383,REC-03383,PKG-03383,PROD-002,ASSET-PLC-001,1.0.0,20264211,RUN-20260828-01a55fcf
MANIFEST-03384,REC-03384,PKG-03384,PROD-002,ASSET-OPC-001,1.0.0,20264212,RUN-20260828-01a55fcf
MANIFEST-03385,REC-03385,PKG-03385,PROD-005,ASSET-OPC-001,1.0.0,20264213,RUN-20260828-01a55fcf
MANIFEST-03386,REC-03386,PKG-03386,PROD-002,ASSET-PLC-001,1.0.0,20264214,RUN-20260828-01a55fcf
MANIFEST-03387,REC-03387,PKG-03387,PROD-004,ASSET-RTU-001,1.0.0,20264215,RUN-20260828-01a55fcf
MANIFEST-03388,REC-03388,PKG-03388,PROD-002,ASSET-PLC-001,1.0.0,20264216,RUN-20260828-01a55fcf
MANIFEST-03389,REC-03389,PKG-03389,PROD-003,ASSET-RTU-001,1.0.0,20264217,RUN-20260828-01a55fcf
MANIFEST-03390,REC-03390,PKG-03390,PROD-004,ASSET-DCS-001,1.0.0,20264218,RUN-20260828-01a55fcf
MANIFEST-03391,REC-03391,PKG-03391,PROD-003,ASSET-SIS-001,1.0.0,20264219,RUN-20260828-01a55fcf
MANIFEST-03392,REC-03392,PKG-03392,PROD-005,ASSET-PLC-001,1.0.0,20264220,RUN-20260828-01a55fcf
MANIFEST-03393,REC-03393,PKG-03393,PROD-003,ASSET-OPC-001,1.0.0,20264221,RUN-20260828-01a55fcf
MANIFEST-03394,REC-03394,PKG-03394,PROD-004,ASSET-RTU-001,1.0.0,20264222,RUN-20260828-01a55fcf
MANIFEST-03395,REC-03395,PKG-03395,PROD-002,ASSET-OPC-001,1.0.0,20264223,RUN-20260828-01a55fcf
MANIFEST-03396,REC-03396,PKG-03396,PROD-005,ASSET-PLC-001,1.0.0,20264224,RUN-20260828-01a55fcf
MANIFEST-03397,REC-03397,PKG-03397,PROD-001,ASSET-PLC-001,1.0.0,20264225,RUN-20260828-01a55fcf
MANIFEST-03398,REC-03398,PKG-03398,PROD-001,ASSET-OPC-001,1.0.0,20264226,RUN-20260828-01a55fcf
MANIFEST-03399,REC-03399,PKG-03399,PROD-002,ASSET-DCS-001,1.0.0,20264227,RUN-20260828-01a55fcf
MANIFEST-03400,REC-03400,PKG-03400,PROD-004,ASSET-OPC-001,1.0.0,20264228,RUN-20260828-01a55fcf
MANIFEST-03401,REC-03401,PKG-03401,PROD-001,ASSET-DCS-001,1.0.0,20264229,RUN-20260828-01a55fcf
MANIFEST-03402,REC-03402,PKG-03402,PROD-003,ASSET-PLC-001,1.0.0,20264230,RUN-20260828-01a55fcf
MANIFEST-03403,REC-03403,PKG-03403,PROD-003,ASSET-RTU-001,1.0.0,20264231,RUN-20260828-01a55fcf
MANIFEST-03404,REC-03404,PKG-03404,PROD-004,ASSET-PLC-001,1.0.0,20264232,RUN-20260828-01a55fcf
MANIFEST-03405,REC-03405,PKG-03405,PROD-002,ASSET-OPC-001,1.0.0,20264233,RUN-20260828-01a55fcf
MANIFEST-03406,REC-03406,PKG-03406,PROD-003,ASSET-DCS-001,1.0.0,20264234,RUN-20260828-01a55fcf
MANIFEST-03407,REC-03407,PKG-03407,PROD-003,ASSET-OPC-001,1.0.0,20264235,RUN-20260828-01a55fcf
MANIFEST-03408,REC-03408,PKG-03408,PROD-005,ASSET-DCS-001,1.0.0,20264236,RUN-20260828-01a55fcf
MANIFEST-03409,REC-03409,PKG-03409,PROD-003,ASSET-PLC-001,1.0.0,20264237,RUN-20260828-01a55fcf
MANIFEST-03410,REC-03410,PKG-03410,PROD-004,ASSET-DCS-001,1.0.0,20264238,RUN-20260828-01a55fcf
MANIFEST-03411,REC-03411,PKG-03411,PROD-001,ASSET-PLC-001,1.0.0,20264239,RUN-20260828-01a55fcf
MANIFEST-03412,REC-03412,PKG-03412,PROD-004,ASSET-DCS-001,1.0.0,20264240,RUN-20260828-01a55fcf
MANIFEST-03413,REC-03413,PKG-03413,PROD-001,ASSET-PLC-001,1.0.0,20264241,RUN-20260828-01a55fcf
MANIFEST-03414,REC-03414,PKG-03414,PROD-002,ASSET-PLC-001,1.0.0,20264242,RUN-20260828-01a55fcf
MANIFEST-03415,REC-03415,PKG-03415,PROD-002,ASSET-PLC-001,1.0.0,20264243,RUN-20260828-01a55fcf
MANIFEST-03416,REC-03416,PKG-03416,PROD-002,ASSET-RTU-001,1.0.0,20264244,RUN-20260828-01a55fcf
MANIFEST-03417,REC-03417,PKG-03417,PROD-002,ASSET-DCS-001,1.0.0,20264245,RUN-20260828-01a55fcf
MANIFEST-03418,REC-03418,PKG-03418,PROD-004,ASSET-RTU-001,1.0.0,20264246,RUN-20260828-01a55fcf
MANIFEST-03419,REC-03419,PKG-03419,PROD-002,ASSET-PLC-001,1.0.0,20264247,RUN-20260828-01a55fcf
MANIFEST-03420,REC-03420,PKG-03420,PROD-001,ASSET-RTU-001,1.0.0,20264248,RUN-20260828-01a55fcf
MANIFEST-03421,REC-03421,PKG-03421,PROD-002,ASSET-SIS-001,1.0.0,20264249,RUN-20260828-01a55fcf
MANIFEST-03422,REC-03422,PKG-03422,PROD-002,ASSET-RTU-001,1.0.0,20264250,RUN-20260828-01a55fcf
MANIFEST-03423,REC-03423,PKG-03423,PROD-001,ASSET-OPC-001,1.0.0,20264251,RUN-20260828-01a55fcf
MANIFEST-03424,REC-03424,PKG-03424,PROD-003,ASSET-PLC-001,1.0.0,20264252,RUN-20260828-01a55fcf
MANIFEST-03425,REC-03425,PKG-03425,PROD-005,ASSET-DCS-001,1.0.0,20264253,RUN-20260828-01a55fcf
MANIFEST-03426,REC-03426,PKG-03426,PROD-001,ASSET-PLC-001,1.0.0,20264254,RUN-20260828-01a55fcf
MANIFEST-03427,REC-03427,PKG-03427,PROD-005,ASSET-RTU-001,1.0.0,20264255,RUN-20260828-01a55fcf
MANIFEST-03428,REC-03428,PKG-03428,PROD-002,ASSET-SIS-001,1.0.0,20264256,RUN-20260828-01a55fcf
MANIFEST-03429,REC-03429,PKG-03429,PROD-004,ASSET-PLC-001,1.0.0,20264257,RUN-20260828-01a55fcf
MANIFEST-03430,REC-03430,PKG-03430,PROD-005,ASSET-SIS-001,1.0.0,20264258,RUN-20260828-01a55fcf
MANIFEST-03431,REC-03431,PKG-03431,PROD-004,ASSET-DCS-001,1.0.0,20264259,RUN-20260828-01a55fcf
MANIFEST-03432,REC-03432,PKG-03432,PROD-003,ASSET-RTU-001,1.0.0,20264260,RUN-20260828-01a55fcf
MANIFEST-03433,REC-03433,PKG-03433,PROD-005,ASSET-OPC-001,1.0.0,20264261,RUN-20260828-01a55fcf
MANIFEST-03434,REC-03434,PKG-03434,PROD-005,ASSET-OPC-001,1.0.0,20264262,RUN-20260828-01a55fcf
MANIFEST-03435,REC-03435,PKG-03435,PROD-005,ASSET-DCS-001,1.0.0,20264263,RUN-20260828-01a55fcf
MANIFEST-03436,REC-03436,PKG-03436,PROD-005,ASSET-SIS-001,1.0.0,20264264,RUN-20260828-01a55fcf
MANIFEST-03437,REC-03437,PKG-03437,PROD-003,ASSET-SIS-001,1.0.0,20264265,RUN-20260828-01a55fcf
MANIFEST-03438,REC-03438,PKG-03438,PROD-005,ASSET-DCS-001,1.0.0,20264266,RUN-20260828-01a55fcf
MANIFEST-03439,REC-03439,PKG-03439,PROD-001,ASSET-DCS-001,1.0.0,20264267,RUN-20260828-01a55fcf
MANIFEST-03440,REC-03440,PKG-03440,PROD-001,ASSET-PLC-001,1.0.0,20264268,RUN-20260828-01a55fcf
MANIFEST-03441,REC-03441,PKG-03441,PROD-003,ASSET-OPC-001,1.0.0,20264269,RUN-20260828-01a55fcf
MANIFEST-03442,REC-03442,PKG-03442,PROD-004,ASSET-OPC-001,1.0.0,20264270,RUN-20260828-01a55fcf
MANIFEST-03443,REC-03443,PKG-03443,PROD-004,ASSET-DCS-001,1.0.0,20264271,RUN-20260828-01a55fcf
MANIFEST-03444,REC-03444,PKG-03444,PROD-005,ASSET-OPC-001,1.0.0,20264272,RUN-20260828-01a55fcf
MANIFEST-03445,REC-03445,PKG-03445,PROD-002,ASSET-RTU-001,1.0.0,20264273,RUN-20260828-01a55fcf
MANIFEST-03446,REC-03446,PKG-03446,PROD-002,ASSET-SIS-001,1.0.0,20264274,RUN-20260828-01a55fcf
MANIFEST-03447,REC-03447,PKG-03447,PROD-004,ASSET-DCS-001,1.0.0,20264275,RUN-20260828-01a55fcf
MANIFEST-03448,REC-03448,PKG-03448,PROD-005,ASSET-SIS-001,1.0.0,20264276,RUN-20260828-01a55fcf
MANIFEST-03449,REC-03449,PKG-03449,PROD-004,ASSET-PLC-001,1.0.0,20264277,RUN-20260828-01a55fcf
MANIFEST-03450,REC-03450,PKG-03450,PROD-001,ASSET-OPC-001,1.0.0,20264278,RUN-20260828-01a55fcf
MANIFEST-03451,REC-03451,PKG-03451,PROD-003,ASSET-PLC-001,1.0.0,20264279,RUN-20260828-01a55fcf
MANIFEST-03452,REC-03452,PKG-03452,PROD-003,ASSET-RTU-001,1.0.0,20264280,RUN-20260828-01a55fcf
MANIFEST-03453,REC-03453,PKG-03453,PROD-002,ASSET-SIS-001,1.0.0,20264281,RUN-20260828-01a55fcf
MANIFEST-03454,REC-03454,PKG-03454,PROD-002,ASSET-DCS-001,1.0.0,20264282,RUN-20260828-01a55fcf
MANIFEST-03455,REC-03455,PKG-03455,PROD-001,ASSET-OPC-001,1.0.0,20264283,RUN-20260828-01a55fcf
MANIFEST-03456,REC-03456,PKG-03456,PROD-002,ASSET-PLC-001,1.0.0,20264284,RUN-20260828-01a55fcf
MANIFEST-03457,REC-03457,PKG-03457,PROD-005,ASSET-RTU-001,1.0.0,20264285,RUN-20260828-01a55fcf
MANIFEST-03458,REC-03458,PKG-03458,PROD-004,ASSET-PLC-001,1.0.0,20264286,RUN-20260828-01a55fcf
MANIFEST-03459,REC-03459,PKG-03459,PROD-003,ASSET-PLC-001,1.0.0,20264287,RUN-20260828-01a55fcf
MANIFEST-03460,REC-03460,PKG-03460,PROD-005,ASSET-RTU-001,1.0.0,20264288,RUN-20260828-01a55fcf
MANIFEST-03461,REC-03461,PKG-03461,PROD-005,ASSET-DCS-001,1.0.0,20264289,RUN-20260828-01a55fcf
MANIFEST-03462,REC-03462,PKG-03462,PROD-002,ASSET-SIS-001,1.0.0,20264290,RUN-20260828-01a55fcf
MANIFEST-03463,REC-03463,PKG-03463,PROD-003,ASSET-SIS-001,1.0.0,20264291,RUN-20260828-01a55fcf
MANIFEST-03464,REC-03464,PKG-03464,PROD-005,ASSET-PLC-001,1.0.0,20264292,RUN-20260828-01a55fcf
MANIFEST-03465,REC-03465,PKG-03465,PROD-002,ASSET-SIS-001,1.0.0,20264293,RUN-20260828-01a55fcf
MANIFEST-03466,REC-03466,PKG-03466,PROD-005,ASSET-OPC-001,1.0.0,20264294,RUN-20260828-01a55fcf
MANIFEST-03467,REC-03467,PKG-03467,PROD-004,ASSET-RTU-001,1.0.0,20264295,RUN-20260828-01a55fcf
MANIFEST-03468,REC-03468,PKG-03468,PROD-005,ASSET-DCS-001,1.0.0,20264296,RUN-20260828-01a55fcf
MANIFEST-03469,REC-03469,PKG-03469,PROD-005,ASSET-OPC-001,1.0.0,20264297,RUN-20260828-01a55fcf
MANIFEST-03470,REC-03470,PKG-03470,PROD-001,ASSET-SIS-001,1.0.0,20264298,RUN-20260828-01a55fcf
MANIFEST-03471,REC-03471,PKG-03471,PROD-003,ASSET-OPC-001,1.0.0,20264299,RUN-20260828-01a55fcf
MANIFEST-03472,REC-03472,PKG-03472,PROD-003,ASSET-PLC-001,1.0.0,20264300,RUN-20260828-01a55fcf
MANIFEST-03473,REC-03473,PKG-03473,PROD-004,ASSET-RTU-001,1.0.0,20264301,RUN-20260828-01a55fcf
MANIFEST-03474,REC-03474,PKG-03474,PROD-002,ASSET-RTU-001,1.0.0,20264302,RUN-20260828-01a55fcf
MANIFEST-03475,REC-03475,PKG-03475,PROD-003,ASSET-OPC-001,1.0.0,20264303,RUN-20260828-01a55fcf
MANIFEST-03476,REC-03476,PKG-03476,PROD-005,ASSET-PLC-001,1.0.0,20264304,RUN-20260828-01a55fcf
MANIFEST-03477,REC-03477,PKG-03477,PROD-004,ASSET-SIS-001,1.0.0,20264305,RUN-20260828-01a55fcf
MANIFEST-03478,REC-03478,PKG-03478,PROD-005,ASSET-RTU-001,1.0.0,20264306,RUN-20260828-01a55fcf
MANIFEST-03479,REC-03479,PKG-03479,PROD-004,ASSET-OPC-001,1.0.0,20264307,RUN-20260828-01a55fcf
MANIFEST-03480,REC-03480,PKG-03480,PROD-003,ASSET-PLC-001,1.0.0,20264308,RUN-20260828-01a55fcf
MANIFEST-03481,REC-03481,PKG-03481,PROD-004,ASSET-RTU-001,1.0.0,20264309,RUN-20260828-01a55fcf
MANIFEST-03482,REC-03482,PKG-03482,PROD-002,ASSET-DCS-001,1.0.0,20264310,RUN-20260828-01a55fcf
MANIFEST-03483,REC-03483,PKG-03483,PROD-003,ASSET-PLC-001,1.0.0,20264311,RUN-20260828-01a55fcf
MANIFEST-03484,REC-03484,PKG-03484,PROD-003,ASSET-PLC-001,1.0.0,20264312,RUN-20260828-01a55fcf
MANIFEST-03485,REC-03485,PKG-03485,PROD-002,ASSET-RTU-001,1.0.0,20264313,RUN-20260828-01a55fcf
MANIFEST-03486,REC-03486,PKG-03486,PROD-001,ASSET-RTU-001,1.0.0,20264314,RUN-20260828-01a55fcf
MANIFEST-03487,REC-03487,PKG-03487,PROD-001,ASSET-RTU-001,1.0.0,20264315,RUN-20260828-01a55fcf
MANIFEST-03488,REC-03488,PKG-03488,PROD-005,ASSET-PLC-001,1.0.0,20264316,RUN-20260828-01a55fcf
MANIFEST-03489,REC-03489,PKG-03489,PROD-002,ASSET-SIS-001,1.0.0,20264317,RUN-20260828-01a55fcf
MANIFEST-03490,REC-03490,PKG-03490,PROD-003,ASSET-SIS-001,1.0.0,20264318,RUN-20260828-01a55fcf
MANIFEST-03491,REC-03491,PKG-03491,PROD-001,ASSET-OPC-001,1.0.0,20264319,RUN-20260828-01a55fcf
MANIFEST-03492,REC-03492,PKG-03492,PROD-004,ASSET-PLC-001,1.0.0,20264320,RUN-20260828-01a55fcf
MANIFEST-03493,REC-03493,PKG-03493,PROD-002,ASSET-SIS-001,1.0.0,20264321,RUN-20260828-01a55fcf
MANIFEST-03494,REC-03494,PKG-03494,PROD-003,ASSET-PLC-001,1.0.0,20264322,RUN-20260828-01a55fcf
MANIFEST-03495,REC-03495,PKG-03495,PROD-001,ASSET-RTU-001,1.0.0,20264323,RUN-20260828-01a55fcf
MANIFEST-03496,REC-03496,PKG-03496,PROD-005,ASSET-SIS-001,1.0.0,20264324,RUN-20260828-01a55fcf
MANIFEST-03497,REC-03497,PKG-03497,PROD-003,ASSET-OPC-001,1.0.0,20264325,RUN-20260828-01a55fcf
MANIFEST-03498,REC-03498,PKG-03498,PROD-003,ASSET-SIS-001,1.0.0,20264326,RUN-20260828-01a55fcf
MANIFEST-03499,REC-03499,PKG-03499,PROD-001,ASSET-SIS-001,1.0.0,20264327,RUN-20260828-01a55fcf
MANIFEST-03500,REC-03500,PKG-03500,PROD-003,ASSET-DCS-001,1.0.0,20264328,RUN-20260828-01a55fcf
MANIFEST-03501,REC-03501,PKG-03501,PROD-001,ASSET-PLC-001,1.0.0,20264329,RUN-20260828-01a55fcf
MANIFEST-03502,REC-03502,PKG-03502,PROD-005,ASSET-PLC-001,1.0.0,20264330,RUN-20260828-01a55fcf
MANIFEST-03503,REC-03503,PKG-03503,PROD-001,ASSET-PLC-001,1.0.0,20264331,RUN-20260828-01a55fcf
MANIFEST-03504,REC-03504,PKG-03504,PROD-003,ASSET-OPC-001,1.0.0,20264332,RUN-20260828-01a55fcf
MANIFEST-03505,REC-03505,PKG-03505,PROD-003,ASSET-RTU-001,1.0.0,20264333,RUN-20260828-01a55fcf
MANIFEST-03506,REC-03506,PKG-03506,PROD-005,ASSET-SIS-001,1.0.0,20264334,RUN-20260828-01a55fcf
MANIFEST-03507,REC-03507,PKG-03507,PROD-002,ASSET-OPC-001,1.0.0,20264335,RUN-20260828-01a55fcf
MANIFEST-03508,REC-03508,PKG-03508,PROD-001,ASSET-RTU-001,1.0.0,20264336,RUN-20260828-01a55fcf
MANIFEST-03509,REC-03509,PKG-03509,PROD-003,ASSET-RTU-001,1.0.0,20264337,RUN-20260828-01a55fcf
MANIFEST-03510,REC-03510,PKG-03510,PROD-005,ASSET-PLC-001,1.0.0,20264338,RUN-20260828-01a55fcf
MANIFEST-03511,REC-03511,PKG-03511,PROD-003,ASSET-SIS-001,1.0.0,20264339,RUN-20260828-01a55fcf
MANIFEST-03512,REC-03512,PKG-03512,PROD-001,ASSET-DCS-001,1.0.0,20264340,RUN-20260828-01a55fcf
MANIFEST-03513,REC-03513,PKG-03513,PROD-002,ASSET-RTU-001,1.0.0,20264341,RUN-20260828-01a55fcf
MANIFEST-03514,REC-03514,PKG-03514,PROD-003,ASSET-PLC-001,1.0.0,20264342,RUN-20260828-01a55fcf
MANIFEST-03515,REC-03515,PKG-03515,PROD-002,ASSET-SIS-001,1.0.0,20264343,RUN-20260828-01a55fcf
MANIFEST-03516,REC-03516,PKG-03516,PROD-001,ASSET-OPC-001,1.0.0,20264344,RUN-20260828-01a55fcf
MANIFEST-03517,REC-03517,PKG-03517,PROD-005,ASSET-RTU-001,1.0.0,20264345,RUN-20260828-01a55fcf
MANIFEST-03518,REC-03518,PKG-03518,PROD-002,ASSET-DCS-001,1.0.0,20264346,RUN-20260828-01a55fcf
MANIFEST-03519,REC-03519,PKG-03519,PROD-005,ASSET-DCS-001,1.0.0,20264347,RUN-20260828-01a55fcf
MANIFEST-03520,REC-03520,PKG-03520,PROD-005,ASSET-DCS-001,1.0.0,20264348,RUN-20260828-01a55fcf
MANIFEST-03521,REC-03521,PKG-03521,PROD-004,ASSET-RTU-001,1.0.0,20264349,RUN-20260828-01a55fcf
MANIFEST-03522,REC-03522,PKG-03522,PROD-002,ASSET-PLC-001,1.0.0,20264350,RUN-20260828-01a55fcf
MANIFEST-03523,REC-03523,PKG-03523,PROD-003,ASSET-DCS-001,1.0.0,20264351,RUN-20260828-01a55fcf
MANIFEST-03524,REC-03524,PKG-03524,PROD-003,ASSET-DCS-001,1.0.0,20264352,RUN-20260828-01a55fcf
MANIFEST-03525,REC-03525,PKG-03525,PROD-002,ASSET-OPC-001,1.0.0,20264353,RUN-20260828-01a55fcf
MANIFEST-03526,REC-03526,PKG-03526,PROD-002,ASSET-PLC-001,1.0.0,20264354,RUN-20260828-01a55fcf
MANIFEST-03527,REC-03527,PKG-03527,PROD-004,ASSET-SIS-001,1.0.0,20264355,RUN-20260828-01a55fcf
MANIFEST-03528,REC-03528,PKG-03528,PROD-001,ASSET-RTU-001,1.0.0,20264356,RUN-20260828-01a55fcf
MANIFEST-03529,REC-03529,PKG-03529,PROD-001,ASSET-OPC-001,1.0.0,20264357,RUN-20260828-01a55fcf
MANIFEST-03530,REC-03530,PKG-03530,PROD-004,ASSET-DCS-001,1.0.0,20264358,RUN-20260828-01a55fcf
MANIFEST-03531,REC-03531,PKG-03531,PROD-002,ASSET-DCS-001,1.0.0,20264359,RUN-20260828-01a55fcf
MANIFEST-03532,REC-03532,PKG-03532,PROD-005,ASSET-PLC-001,1.0.0,20264360,RUN-20260828-01a55fcf
MANIFEST-03533,REC-03533,PKG-03533,PROD-002,ASSET-OPC-001,1.0.0,20264361,RUN-20260828-01a55fcf
MANIFEST-03534,REC-03534,PKG-03534,PROD-004,ASSET-PLC-001,1.0.0,20264362,RUN-20260828-01a55fcf
MANIFEST-03535,REC-03535,PKG-03535,PROD-004,ASSET-OPC-001,1.0.0,20264363,RUN-20260828-01a55fcf
MANIFEST-03536,REC-03536,PKG-03536,PROD-002,ASSET-OPC-001,1.0.0,20264364,RUN-20260828-01a55fcf
MANIFEST-03537,REC-03537,PKG-03537,PROD-003,ASSET-SIS-001,1.0.0,20264365,RUN-20260828-01a55fcf
MANIFEST-03538,REC-03538,PKG-03538,PROD-003,ASSET-OPC-001,1.0.0,20264366,RUN-20260828-01a55fcf
MANIFEST-03539,REC-03539,PKG-03539,PROD-002,ASSET-RTU-001,1.0.0,20264367,RUN-20260828-01a55fcf
MANIFEST-03540,REC-03540,PKG-03540,PROD-001,ASSET-DCS-001,1.0.0,20264368,RUN-20260828-01a55fcf
MANIFEST-03541,REC-03541,PKG-03541,PROD-002,ASSET-OPC-001,1.0.0,20264369,RUN-20260828-01a55fcf
MANIFEST-03542,REC-03542,PKG-03542,PROD-001,ASSET-PLC-001,1.0.0,20264370,RUN-20260828-01a55fcf
MANIFEST-03543,REC-03543,PKG-03543,PROD-005,ASSET-SIS-001,1.0.0,20264371,RUN-20260828-01a55fcf
MANIFEST-03544,REC-03544,PKG-03544,PROD-001,ASSET-OPC-001,1.0.0,20264372,RUN-20260828-01a55fcf
MANIFEST-03545,REC-03545,PKG-03545,PROD-001,ASSET-OPC-001,1.0.0,20264373,RUN-20260828-01a55fcf
MANIFEST-03546,REC-03546,PKG-03546,PROD-001,ASSET-PLC-001,1.0.0,20264374,RUN-20260828-01a55fcf
MANIFEST-03547,REC-03547,PKG-03547,PROD-004,ASSET-OPC-001,1.0.0,20264375,RUN-20260828-01a55fcf
MANIFEST-03548,REC-03548,PKG-03548,PROD-004,ASSET-RTU-001,1.0.0,20264376,RUN-20260828-01a55fcf
MANIFEST-03549,REC-03549,PKG-03549,PROD-001,ASSET-DCS-001,1.0.0,20264377,RUN-20260828-01a55fcf
MANIFEST-03550,REC-03550,PKG-03550,PROD-005,ASSET-SIS-001,1.0.0,20264378,RUN-20260828-01a55fcf
MANIFEST-03551,REC-03551,PKG-03551,PROD-004,ASSET-PLC-001,1.0.0,20264379,RUN-20260828-01a55fcf
MANIFEST-03552,REC-03552,PKG-03552,PROD-001,ASSET-SIS-001,1.0.0,20264380,RUN-20260828-01a55fcf
MANIFEST-03553,REC-03553,PKG-03553,PROD-005,ASSET-OPC-001,1.0.0,20264381,RUN-20260828-01a55fcf
MANIFEST-03554,REC-03554,PKG-03554,PROD-001,ASSET-SIS-001,1.0.0,20264382,RUN-20260828-01a55fcf
MANIFEST-03555,REC-03555,PKG-03555,PROD-005,ASSET-OPC-001,1.0.0,20264383,RUN-20260828-01a55fcf
MANIFEST-03556,REC-03556,PKG-03556,PROD-001,ASSET-RTU-001,1.0.0,20264384,RUN-20260828-01a55fcf
MANIFEST-03557,REC-03557,PKG-03557,PROD-002,ASSET-PLC-001,1.0.0,20264385,RUN-20260828-01a55fcf
MANIFEST-03558,REC-03558,PKG-03558,PROD-005,ASSET-SIS-001,1.0.0,20264386,RUN-20260828-01a55fcf
MANIFEST-03559,REC-03559,PKG-03559,PROD-003,ASSET-RTU-001,1.0.0,20264387,RUN-20260828-01a55fcf
MANIFEST-03560,REC-03560,PKG-03560,PROD-003,ASSET-OPC-001,1.0.0,20264388,RUN-20260828-01a55fcf
MANIFEST-03561,REC-03561,PKG-03561,PROD-005,ASSET-DCS-001,1.0.0,20264389,RUN-20260828-01a55fcf
MANIFEST-03562,REC-03562,PKG-03562,PROD-003,ASSET-PLC-001,1.0.0,20264390,RUN-20260828-01a55fcf
MANIFEST-03563,REC-03563,PKG-03563,PROD-001,ASSET-RTU-001,1.0.0,20264391,RUN-20260828-01a55fcf
MANIFEST-03564,REC-03564,PKG-03564,PROD-001,ASSET-DCS-001,1.0.0,20264392,RUN-20260828-01a55fcf
MANIFEST-03565,REC-03565,PKG-03565,PROD-003,ASSET-DCS-001,1.0.0,20264393,RUN-20260828-01a55fcf
MANIFEST-03566,REC-03566,PKG-03566,PROD-003,ASSET-DCS-001,1.0.0,20264394,RUN-20260828-01a55fcf
MANIFEST-03567,REC-03567,PKG-03567,PROD-004,ASSET-PLC-001,1.0.0,20264395,RUN-20260828-01a55fcf
MANIFEST-03568,REC-03568,PKG-03568,PROD-002,ASSET-RTU-001,1.0.0,20264396,RUN-20260828-01a55fcf
MANIFEST-03569,REC-03569,PKG-03569,PROD-005,ASSET-OPC-001,1.0.0,20264397,RUN-20260828-01a55fcf
MANIFEST-03570,REC-03570,PKG-03570,PROD-004,ASSET-DCS-001,1.0.0,20264398,RUN-20260828-01a55fcf
MANIFEST-03571,REC-03571,PKG-03571,PROD-003,ASSET-SIS-001,1.0.0,20264399,RUN-20260828-01a55fcf
MANIFEST-03572,REC-03572,PKG-03572,PROD-001,ASSET-SIS-001,1.0.0,20264400,RUN-20260828-01a55fcf
MANIFEST-03573,REC-03573,PKG-03573,PROD-005,ASSET-SIS-001,1.0.0,20264401,RUN-20260828-01a55fcf
MANIFEST-03574,REC-03574,PKG-03574,PROD-001,ASSET-DCS-001,1.0.0,20264402,RUN-20260828-01a55fcf
MANIFEST-03575,REC-03575,PKG-03575,PROD-003,ASSET-RTU-001,1.0.0,20264403,RUN-20260828-01a55fcf
MANIFEST-03576,REC-03576,PKG-03576,PROD-001,ASSET-SIS-001,1.0.0,20264404,RUN-20260828-01a55fcf
MANIFEST-03577,REC-03577,PKG-03577,PROD-002,ASSET-SIS-001,1.0.0,20264405,RUN-20260828-01a55fcf
MANIFEST-03578,REC-03578,PKG-03578,PROD-004,ASSET-RTU-001,1.0.0,20264406,RUN-20260828-01a55fcf
MANIFEST-03579,REC-03579,PKG-03579,PROD-005,ASSET-DCS-001,1.0.0,20264407,RUN-20260828-01a55fcf
MANIFEST-03580,REC-03580,PKG-03580,PROD-005,ASSET-RTU-001,1.0.0,20264408,RUN-20260828-01a55fcf
MANIFEST-03581,REC-03581,PKG-03581,PROD-001,ASSET-PLC-001,1.0.0,20264409,RUN-20260828-01a55fcf
MANIFEST-03582,REC-03582,PKG-03582,PROD-005,ASSET-PLC-001,1.0.0,20264410,RUN-20260828-01a55fcf
MANIFEST-03583,REC-03583,PKG-03583,PROD-002,ASSET-PLC-001,1.0.0,20264411,RUN-20260828-01a55fcf
MANIFEST-03584,REC-03584,PKG-03584,PROD-005,ASSET-SIS-001,1.0.0,20264412,RUN-20260828-01a55fcf
MANIFEST-03585,REC-03585,PKG-03585,PROD-003,ASSET-DCS-001,1.0.0,20264413,RUN-20260828-01a55fcf
MANIFEST-03586,REC-03586,PKG-03586,PROD-002,ASSET-RTU-001,1.0.0,20264414,RUN-20260828-01a55fcf
MANIFEST-03587,REC-03587,PKG-03587,PROD-004,ASSET-RTU-001,1.0.0,20264415,RUN-20260828-01a55fcf
MANIFEST-03588,REC-03588,PKG-03588,PROD-001,ASSET-PLC-001,1.0.0,20264416,RUN-20260828-01a55fcf
MANIFEST-03589,REC-03589,PKG-03589,PROD-003,ASSET-PLC-001,1.0.0,20264417,RUN-20260828-01a55fcf
MANIFEST-03590,REC-03590,PKG-03590,PROD-001,ASSET-DCS-001,1.0.0,20264418,RUN-20260828-01a55fcf
MANIFEST-03591,REC-03591,PKG-03591,PROD-004,ASSET-OPC-001,1.0.0,20264419,RUN-20260828-01a55fcf
MANIFEST-03592,REC-03592,PKG-03592,PROD-003,ASSET-SIS-001,1.0.0,20264420,RUN-20260828-01a55fcf
MANIFEST-03593,REC-03593,PKG-03593,PROD-002,ASSET-PLC-001,1.0.0,20264421,RUN-20260828-01a55fcf
MANIFEST-03594,REC-03594,PKG-03594,PROD-005,ASSET-DCS-001,1.0.0,20264422,RUN-20260828-01a55fcf
MANIFEST-03595,REC-03595,PKG-03595,PROD-001,ASSET-RTU-001,1.0.0,20264423,RUN-20260828-01a55fcf
MANIFEST-03596,REC-03596,PKG-03596,PROD-002,ASSET-PLC-001,1.0.0,20264424,RUN-20260828-01a55fcf
MANIFEST-03597,REC-03597,PKG-03597,PROD-004,ASSET-SIS-001,1.0.0,20264425,RUN-20260828-01a55fcf
MANIFEST-03598,REC-03598,PKG-03598,PROD-005,ASSET-DCS-001,1.0.0,20264426,RUN-20260828-01a55fcf
MANIFEST-03599,REC-03599,PKG-03599,PROD-004,ASSET-RTU-001,1.0.0,20264427,RUN-20260828-01a55fcf
MANIFEST-03600,REC-03600,PKG-03600,PROD-004,ASSET-DCS-001,1.0.0,20264428,RUN-20260828-01a55fcf
MANIFEST-03601,REC-03601,PKG-03601,PROD-001,ASSET-SIS-001,1.0.0,20264429,RUN-20260828-01a55fcf
MANIFEST-03602,REC-03602,PKG-03602,PROD-005,ASSET-DCS-001,1.0.0,20264430,RUN-20260828-01a55fcf
MANIFEST-03603,REC-03603,PKG-03603,PROD-004,ASSET-DCS-001,1.0.0,20264431,RUN-20260828-01a55fcf
MANIFEST-03604,REC-03604,PKG-03604,PROD-004,ASSET-RTU-001,1.0.0,20264432,RUN-20260828-01a55fcf
MANIFEST-03605,REC-03605,PKG-03605,PROD-005,ASSET-OPC-001,1.0.0,20264433,RUN-20260828-01a55fcf
MANIFEST-03606,REC-03606,PKG-03606,PROD-001,ASSET-SIS-001,1.0.0,20264434,RUN-20260828-01a55fcf
MANIFEST-03607,REC-03607,PKG-03607,PROD-003,ASSET-SIS-001,1.0.0,20264435,RUN-20260828-01a55fcf
MANIFEST-03608,REC-03608,PKG-03608,PROD-003,ASSET-DCS-001,1.0.0,20264436,RUN-20260828-01a55fcf
MANIFEST-03609,REC-03609,PKG-03609,PROD-003,ASSET-PLC-001,1.0.0,20264437,RUN-20260828-01a55fcf
MANIFEST-03610,REC-03610,PKG-03610,PROD-003,ASSET-SIS-001,1.0.0,20264438,RUN-20260828-01a55fcf
MANIFEST-03611,REC-03611,PKG-03611,PROD-005,ASSET-RTU-001,1.0.0,20264439,RUN-20260828-01a55fcf
MANIFEST-03612,REC-03612,PKG-03612,PROD-004,ASSET-PLC-001,1.0.0,20264440,RUN-20260828-01a55fcf
MANIFEST-03613,REC-03613,PKG-03613,PROD-001,ASSET-RTU-001,1.0.0,20264441,RUN-20260828-01a55fcf
MANIFEST-03614,REC-03614,PKG-03614,PROD-005,ASSET-RTU-001,1.0.0,20264442,RUN-20260828-01a55fcf
MANIFEST-03615,REC-03615,PKG-03615,PROD-005,ASSET-DCS-001,1.0.0,20264443,RUN-20260828-01a55fcf
MANIFEST-03616,REC-03616,PKG-03616,PROD-003,ASSET-OPC-001,1.0.0,20264444,RUN-20260828-01a55fcf
MANIFEST-03617,REC-03617,PKG-03617,PROD-001,ASSET-OPC-001,1.0.0,20264445,RUN-20260828-01a55fcf
MANIFEST-03618,REC-03618,PKG-03618,PROD-003,ASSET-RTU-001,1.0.0,20264446,RUN-20260828-01a55fcf
MANIFEST-03619,REC-03619,PKG-03619,PROD-002,ASSET-PLC-001,1.0.0,20264447,RUN-20260828-01a55fcf
MANIFEST-03620,REC-03620,PKG-03620,PROD-005,ASSET-OPC-001,1.0.0,20264448,RUN-20260828-01a55fcf
MANIFEST-03621,REC-03621,PKG-03621,PROD-004,ASSET-RTU-001,1.0.0,20264449,RUN-20260828-01a55fcf
MANIFEST-03622,REC-03622,PKG-03622,PROD-004,ASSET-OPC-001,1.0.0,20264450,RUN-20260828-01a55fcf
MANIFEST-03623,REC-03623,PKG-03623,PROD-003,ASSET-OPC-001,1.0.0,20264451,RUN-20260828-01a55fcf
MANIFEST-03624,REC-03624,PKG-03624,PROD-001,ASSET-OPC-001,1.0.0,20264452,RUN-20260828-01a55fcf
MANIFEST-03625,REC-03625,PKG-03625,PROD-005,ASSET-PLC-001,1.0.0,20264453,RUN-20260828-01a55fcf
MANIFEST-03626,REC-03626,PKG-03626,PROD-001,ASSET-PLC-001,1.0.0,20264454,RUN-20260828-01a55fcf
MANIFEST-03627,REC-03627,PKG-03627,PROD-005,ASSET-PLC-001,1.0.0,20264455,RUN-20260828-01a55fcf
MANIFEST-03628,REC-03628,PKG-03628,PROD-004,ASSET-OPC-001,1.0.0,20264456,RUN-20260828-01a55fcf
MANIFEST-03629,REC-03629,PKG-03629,PROD-005,ASSET-RTU-001,1.0.0,20264457,RUN-20260828-01a55fcf
MANIFEST-03630,REC-03630,PKG-03630,PROD-001,ASSET-DCS-001,1.0.0,20264458,RUN-20260828-01a55fcf
MANIFEST-03631,REC-03631,PKG-03631,PROD-001,ASSET-SIS-001,1.0.0,20264459,RUN-20260828-01a55fcf
MANIFEST-03632,REC-03632,PKG-03632,PROD-003,ASSET-SIS-001,1.0.0,20264460,RUN-20260828-01a55fcf
MANIFEST-03633,REC-03633,PKG-03633,PROD-002,ASSET-RTU-001,1.0.0,20264461,RUN-20260828-01a55fcf
MANIFEST-03634,REC-03634,PKG-03634,PROD-002,ASSET-PLC-001,1.0.0,20264462,RUN-20260828-01a55fcf
MANIFEST-03635,REC-03635,PKG-03635,PROD-003,ASSET-OPC-001,1.0.0,20264463,RUN-20260828-01a55fcf
MANIFEST-03636,REC-03636,PKG-03636,PROD-004,ASSET-RTU-001,1.0.0,20264464,RUN-20260828-01a55fcf
MANIFEST-03637,REC-03637,PKG-03637,PROD-004,ASSET-SIS-001,1.0.0,20264465,RUN-20260828-01a55fcf
MANIFEST-03638,REC-03638,PKG-03638,PROD-005,ASSET-DCS-001,1.0.0,20264466,RUN-20260828-01a55fcf
MANIFEST-03639,REC-03639,PKG-03639,PROD-001,ASSET-RTU-001,1.0.0,20264467,RUN-20260828-01a55fcf
MANIFEST-03640,REC-03640,PKG-03640,PROD-002,ASSET-RTU-001,1.0.0,20264468,RUN-20260828-01a55fcf
MANIFEST-03641,REC-03641,PKG-03641,PROD-002,ASSET-DCS-001,1.0.0,20264469,RUN-20260828-01a55fcf
MANIFEST-03642,REC-03642,PKG-03642,PROD-004,ASSET-DCS-001,1.0.0,20264470,RUN-20260828-01a55fcf
MANIFEST-03643,REC-03643,PKG-03643,PROD-001,ASSET-RTU-001,1.0.0,20264471,RUN-20260828-01a55fcf
MANIFEST-03644,REC-03644,PKG-03644,PROD-003,ASSET-DCS-001,1.0.0,20264472,RUN-20260828-01a55fcf
MANIFEST-03645,REC-03645,PKG-03645,PROD-002,ASSET-OPC-001,1.0.0,20264473,RUN-20260828-01a55fcf
MANIFEST-03646,REC-03646,PKG-03646,PROD-002,ASSET-DCS-001,1.0.0,20264474,RUN-20260828-01a55fcf
MANIFEST-03647,REC-03647,PKG-03647,PROD-005,ASSET-DCS-001,1.0.0,20264475,RUN-20260828-01a55fcf
MANIFEST-03648,REC-03648,PKG-03648,PROD-002,ASSET-PLC-001,1.0.0,20264476,RUN-20260828-01a55fcf
MANIFEST-03649,REC-03649,PKG-03649,PROD-005,ASSET-RTU-001,1.0.0,20264477,RUN-20260828-01a55fcf
MANIFEST-03650,REC-03650,PKG-03650,PROD-001,ASSET-RTU-001,1.0.0,20264478,RUN-20260828-01a55fcf
MANIFEST-03651,REC-03651,PKG-03651,PROD-004,ASSET-PLC-001,1.0.0,20264479,RUN-20260828-01a55fcf
MANIFEST-03652,REC-03652,PKG-03652,PROD-004,ASSET-PLC-001,1.0.0,20264480,RUN-20260828-01a55fcf
MANIFEST-03653,REC-03653,PKG-03653,PROD-005,ASSET-PLC-001,1.0.0,20264481,RUN-20260828-01a55fcf
MANIFEST-03654,REC-03654,PKG-03654,PROD-001,ASSET-DCS-001,1.0.0,20264482,RUN-20260828-01a55fcf
MANIFEST-03655,REC-03655,PKG-03655,PROD-003,ASSET-OPC-001,1.0.0,20264483,RUN-20260828-01a55fcf
MANIFEST-03656,REC-03656,PKG-03656,PROD-004,ASSET-SIS-001,1.0.0,20264484,RUN-20260828-01a55fcf
MANIFEST-03657,REC-03657,PKG-03657,PROD-003,ASSET-RTU-001,1.0.0,20264485,RUN-20260828-01a55fcf
MANIFEST-03658,REC-03658,PKG-03658,PROD-003,ASSET-OPC-001,1.0.0,20264486,RUN-20260828-01a55fcf
MANIFEST-03659,REC-03659,PKG-03659,PROD-002,ASSET-RTU-001,1.0.0,20264487,RUN-20260828-01a55fcf
MANIFEST-03660,REC-03660,PKG-03660,PROD-005,ASSET-RTU-001,1.0.0,20264488,RUN-20260828-01a55fcf
MANIFEST-03661,REC-03661,PKG-03661,PROD-004,ASSET-OPC-001,1.0.0,20264489,RUN-20260828-01a55fcf
MANIFEST-03662,REC-03662,PKG-03662,PROD-002,ASSET-PLC-001,1.0.0,20264490,RUN-20260828-01a55fcf
MANIFEST-03663,REC-03663,PKG-03663,PROD-003,ASSET-DCS-001,1.0.0,20264491,RUN-20260828-01a55fcf
MANIFEST-03664,REC-03664,PKG-03664,PROD-004,ASSET-RTU-001,1.0.0,20264492,RUN-20260828-01a55fcf
MANIFEST-03665,REC-03665,PKG-03665,PROD-005,ASSET-OPC-001,1.0.0,20264493,RUN-20260828-01a55fcf
MANIFEST-03666,REC-03666,PKG-03666,PROD-005,ASSET-SIS-001,1.0.0,20264494,RUN-20260828-01a55fcf
MANIFEST-03667,REC-03667,PKG-03667,PROD-005,ASSET-RTU-001,1.0.0,20264495,RUN-20260828-01a55fcf
MANIFEST-03668,REC-03668,PKG-03668,PROD-003,ASSET-PLC-001,1.0.0,20264496,RUN-20260828-01a55fcf
MANIFEST-03669,REC-03669,PKG-03669,PROD-004,ASSET-DCS-001,1.0.0,20264497,RUN-20260828-01a55fcf
MANIFEST-03670,REC-03670,PKG-03670,PROD-003,ASSET-SIS-001,1.0.0,20264498,RUN-20260828-01a55fcf
MANIFEST-03671,REC-03671,PKG-03671,PROD-002,ASSET-OPC-001,1.0.0,20264499,RUN-20260828-01a55fcf
MANIFEST-03672,REC-03672,PKG-03672,PROD-002,ASSET-OPC-001,1.0.0,20264500,RUN-20260828-01a55fcf
MANIFEST-03673,REC-03673,PKG-03673,PROD-004,ASSET-DCS-001,1.0.0,20264501,RUN-20260828-01a55fcf
MANIFEST-03674,REC-03674,PKG-03674,PROD-004,ASSET-RTU-001,1.0.0,20264502,RUN-20260828-01a55fcf
MANIFEST-03675,REC-03675,PKG-03675,PROD-001,ASSET-DCS-001,1.0.0,20264503,RUN-20260828-01a55fcf
MANIFEST-03676,REC-03676,PKG-03676,PROD-001,ASSET-PLC-001,1.0.0,20264504,RUN-20260828-01a55fcf
MANIFEST-03677,REC-03677,PKG-03677,PROD-001,ASSET-PLC-001,1.0.0,20264505,RUN-20260828-01a55fcf
MANIFEST-03678,REC-03678,PKG-03678,PROD-003,ASSET-DCS-001,1.0.0,20264506,RUN-20260828-01a55fcf
MANIFEST-03679,REC-03679,PKG-03679,PROD-003,ASSET-OPC-001,1.0.0,20264507,RUN-20260828-01a55fcf
MANIFEST-03680,REC-03680,PKG-03680,PROD-001,ASSET-SIS-001,1.0.0,20264508,RUN-20260828-01a55fcf
MANIFEST-03681,REC-03681,PKG-03681,PROD-005,ASSET-RTU-001,1.0.0,20264509,RUN-20260828-01a55fcf
MANIFEST-03682,REC-03682,PKG-03682,PROD-004,ASSET-PLC-001,1.0.0,20264510,RUN-20260828-01a55fcf
MANIFEST-03683,REC-03683,PKG-03683,PROD-003,ASSET-RTU-001,1.0.0,20264511,RUN-20260828-01a55fcf
MANIFEST-03684,REC-03684,PKG-03684,PROD-004,ASSET-RTU-001,1.0.0,20264512,RUN-20260828-01a55fcf
MANIFEST-03685,REC-03685,PKG-03685,PROD-002,ASSET-SIS-001,1.0.0,20264513,RUN-20260828-01a55fcf
MANIFEST-03686,REC-03686,PKG-03686,PROD-001,ASSET-RTU-001,1.0.0,20264514,RUN-20260828-01a55fcf
MANIFEST-03687,REC-03687,PKG-03687,PROD-002,ASSET-PLC-001,1.0.0,20264515,RUN-20260828-01a55fcf
MANIFEST-03688,REC-03688,PKG-03688,PROD-003,ASSET-DCS-001,1.0.0,20264516,RUN-20260828-01a55fcf
MANIFEST-03689,REC-03689,PKG-03689,PROD-005,ASSET-DCS-001,1.0.0,20264517,RUN-20260828-01a55fcf
MANIFEST-03690,REC-03690,PKG-03690,PROD-003,ASSET-RTU-001,1.0.0,20264518,RUN-20260828-01a55fcf
MANIFEST-03691,REC-03691,PKG-03691,PROD-002,ASSET-PLC-001,1.0.0,20264519,RUN-20260828-01a55fcf
MANIFEST-03692,REC-03692,PKG-03692,PROD-002,ASSET-PLC-001,1.0.0,20264520,RUN-20260828-01a55fcf
MANIFEST-03693,REC-03693,PKG-03693,PROD-002,ASSET-SIS-001,1.0.0,20264521,RUN-20260828-01a55fcf
MANIFEST-03694,REC-03694,PKG-03694,PROD-002,ASSET-SIS-001,1.0.0,20264522,RUN-20260828-01a55fcf
MANIFEST-03695,REC-03695,PKG-03695,PROD-004,ASSET-RTU-001,1.0.0,20264523,RUN-20260828-01a55fcf
MANIFEST-03696,REC-03696,PKG-03696,PROD-003,ASSET-OPC-001,1.0.0,20264524,RUN-20260828-01a55fcf
MANIFEST-03697,REC-03697,PKG-03697,PROD-005,ASSET-OPC-001,1.0.0,20264525,RUN-20260828-01a55fcf
MANIFEST-03698,REC-03698,PKG-03698,PROD-001,ASSET-DCS-001,1.0.0,20264526,RUN-20260828-01a55fcf
MANIFEST-03699,REC-03699,PKG-03699,PROD-004,ASSET-SIS-001,1.0.0,20264527,RUN-20260828-01a55fcf
MANIFEST-03700,REC-03700,PKG-03700,PROD-002,ASSET-SIS-001,1.0.0,20264528,RUN-20260828-01a55fcf
MANIFEST-03701,REC-03701,PKG-03701,PROD-001,ASSET-DCS-001,1.0.0,20264529,RUN-20260828-01a55fcf
MANIFEST-03702,REC-03702,PKG-03702,PROD-005,ASSET-OPC-001,1.0.0,20264530,RUN-20260828-01a55fcf
MANIFEST-03703,REC-03703,PKG-03703,PROD-004,ASSET-DCS-001,1.0.0,20264531,RUN-20260828-01a55fcf
MANIFEST-03704,REC-03704,PKG-03704,PROD-003,ASSET-PLC-001,1.0.0,20264532,RUN-20260828-01a55fcf
MANIFEST-03705,REC-03705,PKG-03705,PROD-002,ASSET-SIS-001,1.0.0,20264533,RUN-20260828-01a55fcf
MANIFEST-03706,REC-03706,PKG-03706,PROD-005,ASSET-OPC-001,1.0.0,20264534,RUN-20260828-01a55fcf
MANIFEST-03707,REC-03707,PKG-03707,PROD-003,ASSET-SIS-001,1.0.0,20264535,RUN-20260828-01a55fcf
MANIFEST-03708,REC-03708,PKG-03708,PROD-001,ASSET-SIS-001,1.0.0,20264536,RUN-20260828-01a55fcf
MANIFEST-03709,REC-03709,PKG-03709,PROD-003,ASSET-RTU-001,1.0.0,20264537,RUN-20260828-01a55fcf
MANIFEST-03710,REC-03710,PKG-03710,PROD-004,ASSET-RTU-001,1.0.0,20264538,RUN-20260828-01a55fcf
MANIFEST-03711,REC-03711,PKG-03711,PROD-004,ASSET-PLC-001,1.0.0,20264539,RUN-20260828-01a55fcf
MANIFEST-03712,REC-03712,PKG-03712,PROD-002,ASSET-RTU-001,1.0.0,20264540,RUN-20260828-01a55fcf
MANIFEST-03713,REC-03713,PKG-03713,PROD-001,ASSET-PLC-001,1.0.0,20264541,RUN-20260828-01a55fcf
MANIFEST-03714,REC-03714,PKG-03714,PROD-003,ASSET-PLC-001,1.0.0,20264542,RUN-20260828-01a55fcf
MANIFEST-03715,REC-03715,PKG-03715,PROD-005,ASSET-DCS-001,1.0.0,20264543,RUN-20260828-01a55fcf
MANIFEST-03716,REC-03716,PKG-03716,PROD-004,ASSET-PLC-001,1.0.0,20264544,RUN-20260828-01a55fcf
MANIFEST-03717,REC-03717,PKG-03717,PROD-001,ASSET-DCS-001,1.0.0,20264545,RUN-20260828-01a55fcf
MANIFEST-03718,REC-03718,PKG-03718,PROD-003,ASSET-DCS-001,1.0.0,20264546,RUN-20260828-01a55fcf
MANIFEST-03719,REC-03719,PKG-03719,PROD-004,ASSET-PLC-001,1.0.0,20264547,RUN-20260828-01a55fcf
MANIFEST-03720,REC-03720,PKG-03720,PROD-003,ASSET-DCS-001,1.0.0,20264548,RUN-20260828-01a55fcf
MANIFEST-03721,REC-03721,PKG-03721,PROD-001,ASSET-RTU-001,1.0.0,20264549,RUN-20260828-01a55fcf
MANIFEST-03722,REC-03722,PKG-03722,PROD-001,ASSET-PLC-001,1.0.0,20264550,RUN-20260828-01a55fcf
MANIFEST-03723,REC-03723,PKG-03723,PROD-003,ASSET-PLC-001,1.0.0,20264551,RUN-20260828-01a55fcf
MANIFEST-03724,REC-03724,PKG-03724,PROD-004,ASSET-DCS-001,1.0.0,20264552,RUN-20260828-01a55fcf
MANIFEST-03725,REC-03725,PKG-03725,PROD-005,ASSET-PLC-001,1.0.0,20264553,RUN-20260828-01a55fcf
MANIFEST-03726,REC-03726,PKG-03726,PROD-005,ASSET-RTU-001,1.0.0,20264554,RUN-20260828-01a55fcf
MANIFEST-03727,REC-03727,PKG-03727,PROD-001,ASSET-RTU-001,1.0.0,20264555,RUN-20260828-01a55fcf
MANIFEST-03728,REC-03728,PKG-03728,PROD-002,ASSET-OPC-001,1.0.0,20264556,RUN-20260828-01a55fcf
MANIFEST-03729,REC-03729,PKG-03729,PROD-005,ASSET-OPC-001,1.0.0,20264557,RUN-20260828-01a55fcf
MANIFEST-03730,REC-03730,PKG-03730,PROD-003,ASSET-DCS-001,1.0.0,20264558,RUN-20260828-01a55fcf
MANIFEST-03731,REC-03731,PKG-03731,PROD-001,ASSET-OPC-001,1.0.0,20264559,RUN-20260828-01a55fcf
MANIFEST-03732,REC-03732,PKG-03732,PROD-002,ASSET-DCS-001,1.0.0,20264560,RUN-20260828-01a55fcf
MANIFEST-03733,REC-03733,PKG-03733,PROD-005,ASSET-SIS-001,1.0.0,20264561,RUN-20260828-01a55fcf
MANIFEST-03734,REC-03734,PKG-03734,PROD-002,ASSET-RTU-001,1.0.0,20264562,RUN-20260828-01a55fcf
MANIFEST-03735,REC-03735,PKG-03735,PROD-005,ASSET-RTU-001,1.0.0,20264563,RUN-20260828-01a55fcf
MANIFEST-03736,REC-03736,PKG-03736,PROD-004,ASSET-PLC-001,1.0.0,20264564,RUN-20260828-01a55fcf
MANIFEST-03737,REC-03737,PKG-03737,PROD-003,ASSET-PLC-001,1.0.0,20264565,RUN-20260828-01a55fcf
MANIFEST-03738,REC-03738,PKG-03738,PROD-001,ASSET-PLC-001,1.0.0,20264566,RUN-20260828-01a55fcf
MANIFEST-03739,REC-03739,PKG-03739,PROD-001,ASSET-SIS-001,1.0.0,20264567,RUN-20260828-01a55fcf
MANIFEST-03740,REC-03740,PKG-03740,PROD-002,ASSET-DCS-001,1.0.0,20264568,RUN-20260828-01a55fcf
MANIFEST-03741,REC-03741,PKG-03741,PROD-003,ASSET-OPC-001,1.0.0,20264569,RUN-20260828-01a55fcf
MANIFEST-03742,REC-03742,PKG-03742,PROD-001,ASSET-RTU-001,1.0.0,20264570,RUN-20260828-01a55fcf
MANIFEST-03743,REC-03743,PKG-03743,PROD-001,ASSET-SIS-001,1.0.0,20264571,RUN-20260828-01a55fcf
MANIFEST-03744,REC-03744,PKG-03744,PROD-001,ASSET-OPC-001,1.0.0,20264572,RUN-20260828-01a55fcf
MANIFEST-03745,REC-03745,PKG-03745,PROD-004,ASSET-DCS-001,1.0.0,20264573,RUN-20260828-01a55fcf
MANIFEST-03746,REC-03746,PKG-03746,PROD-004,ASSET-OPC-001,1.0.0,20264574,RUN-20260828-01a55fcf
MANIFEST-03747,REC-03747,PKG-03747,PROD-004,ASSET-DCS-001,1.0.0,20264575,RUN-20260828-01a55fcf
MANIFEST-03748,REC-03748,PKG-03748,PROD-003,ASSET-DCS-001,1.0.0,20264576,RUN-20260828-01a55fcf
MANIFEST-03749,REC-03749,PKG-03749,PROD-001,ASSET-RTU-001,1.0.0,20264577,RUN-20260828-01a55fcf
MANIFEST-03750,REC-03750,PKG-03750,PROD-002,ASSET-PLC-001,1.0.0,20264578,RUN-20260828-01a55fcf
MANIFEST-03751,REC-03751,PKG-03751,PROD-001,ASSET-RTU-001,1.0.0,20264579,RUN-20260828-01a55fcf
MANIFEST-03752,REC-03752,PKG-03752,PROD-002,ASSET-DCS-001,1.0.0,20264580,RUN-20260828-01a55fcf
MANIFEST-03753,REC-03753,PKG-03753,PROD-003,ASSET-DCS-001,1.0.0,20264581,RUN-20260828-01a55fcf
MANIFEST-03754,REC-03754,PKG-03754,PROD-004,ASSET-RTU-001,1.0.0,20264582,RUN-20260828-01a55fcf
MANIFEST-03755,REC-03755,PKG-03755,PROD-004,ASSET-PLC-001,1.0.0,20264583,RUN-20260828-01a55fcf
MANIFEST-03756,REC-03756,PKG-03756,PROD-001,ASSET-SIS-001,1.0.0,20264584,RUN-20260828-01a55fcf
MANIFEST-03757,REC-03757,PKG-03757,PROD-005,ASSET-RTU-001,1.0.0,20264585,RUN-20260828-01a55fcf
MANIFEST-03758,REC-03758,PKG-03758,PROD-002,ASSET-DCS-001,1.0.0,20264586,RUN-20260828-01a55fcf
MANIFEST-03759,REC-03759,PKG-03759,PROD-002,ASSET-PLC-001,1.0.0,20264587,RUN-20260828-01a55fcf
MANIFEST-03760,REC-03760,PKG-03760,PROD-002,ASSET-PLC-001,1.0.0,20264588,RUN-20260828-01a55fcf
MANIFEST-03761,REC-03761,PKG-03761,PROD-001,ASSET-RTU-001,1.0.0,20264589,RUN-20260828-01a55fcf
MANIFEST-03762,REC-03762,PKG-03762,PROD-005,ASSET-OPC-001,1.0.0,20264590,RUN-20260828-01a55fcf
MANIFEST-03763,REC-03763,PKG-03763,PROD-001,ASSET-PLC-001,1.0.0,20264591,RUN-20260828-01a55fcf
MANIFEST-03764,REC-03764,PKG-03764,PROD-001,ASSET-SIS-001,1.0.0,20264592,RUN-20260828-01a55fcf
MANIFEST-03765,REC-03765,PKG-03765,PROD-003,ASSET-DCS-001,1.0.0,20264593,RUN-20260828-01a55fcf
MANIFEST-03766,REC-03766,PKG-03766,PROD-005,ASSET-SIS-001,1.0.0,20264594,RUN-20260828-01a55fcf
MANIFEST-03767,REC-03767,PKG-03767,PROD-004,ASSET-PLC-001,1.0.0,20264595,RUN-20260828-01a55fcf
MANIFEST-03768,REC-03768,PKG-03768,PROD-003,ASSET-PLC-001,1.0.0,20264596,RUN-20260828-01a55fcf
MANIFEST-03769,REC-03769,PKG-03769,PROD-001,ASSET-PLC-001,1.0.0,20264597,RUN-20260828-01a55fcf
MANIFEST-03770,REC-03770,PKG-03770,PROD-005,ASSET-PLC-001,1.0.0,20264598,RUN-20260828-01a55fcf
MANIFEST-03771,REC-03771,PKG-03771,PROD-001,ASSET-PLC-001,1.0.0,20264599,RUN-20260828-01a55fcf
MANIFEST-03772,REC-03772,PKG-03772,PROD-002,ASSET-OPC-001,1.0.0,20264600,RUN-20260828-01a55fcf
MANIFEST-03773,REC-03773,PKG-03773,PROD-002,ASSET-SIS-001,1.0.0,20264601,RUN-20260828-01a55fcf
MANIFEST-03774,REC-03774,PKG-03774,PROD-002,ASSET-PLC-001,1.0.0,20264602,RUN-20260828-01a55fcf
MANIFEST-03775,REC-03775,PKG-03775,PROD-005,ASSET-SIS-001,1.0.0,20264603,RUN-20260828-01a55fcf
MANIFEST-03776,REC-03776,PKG-03776,PROD-001,ASSET-OPC-001,1.0.0,20264604,RUN-20260828-01a55fcf
MANIFEST-03777,REC-03777,PKG-03777,PROD-004,ASSET-RTU-001,1.0.0,20264605,RUN-20260828-01a55fcf
MANIFEST-03778,REC-03778,PKG-03778,PROD-005,ASSET-DCS-001,1.0.0,20264606,RUN-20260828-01a55fcf
MANIFEST-03779,REC-03779,PKG-03779,PROD-003,ASSET-OPC-001,1.0.0,20264607,RUN-20260828-01a55fcf
MANIFEST-03780,REC-03780,PKG-03780,PROD-001,ASSET-RTU-001,1.0.0,20264608,RUN-20260828-01a55fcf
MANIFEST-03781,REC-03781,PKG-03781,PROD-001,ASSET-PLC-001,1.0.0,20264609,RUN-20260828-01a55fcf
MANIFEST-03782,REC-03782,PKG-03782,PROD-004,ASSET-OPC-001,1.0.0,20264610,RUN-20260828-01a55fcf
MANIFEST-03783,REC-03783,PKG-03783,PROD-001,ASSET-RTU-001,1.0.0,20264611,RUN-20260828-01a55fcf
MANIFEST-03784,REC-03784,PKG-03784,PROD-003,ASSET-OPC-001,1.0.0,20264612,RUN-20260828-01a55fcf
MANIFEST-03785,REC-03785,PKG-03785,PROD-005,ASSET-OPC-001,1.0.0,20264613,RUN-20260828-01a55fcf
MANIFEST-03786,REC-03786,PKG-03786,PROD-005,ASSET-RTU-001,1.0.0,20264614,RUN-20260828-01a55fcf
MANIFEST-03787,REC-03787,PKG-03787,PROD-003,ASSET-OPC-001,1.0.0,20264615,RUN-20260828-01a55fcf
MANIFEST-03788,REC-03788,PKG-03788,PROD-003,ASSET-RTU-001,1.0.0,20264616,RUN-20260828-01a55fcf
MANIFEST-03789,REC-03789,PKG-03789,PROD-001,ASSET-SIS-001,1.0.0,20264617,RUN-20260828-01a55fcf
MANIFEST-03790,REC-03790,PKG-03790,PROD-004,ASSET-PLC-001,1.0.0,20264618,RUN-20260828-01a55fcf
MANIFEST-03791,REC-03791,PKG-03791,PROD-003,ASSET-OPC-001,1.0.0,20264619,RUN-20260828-01a55fcf
MANIFEST-03792,REC-03792,PKG-03792,PROD-002,ASSET-SIS-001,1.0.0,20264620,RUN-20260828-01a55fcf
MANIFEST-03793,REC-03793,PKG-03793,PROD-004,ASSET-SIS-001,1.0.0,20264621,RUN-20260828-01a55fcf
MANIFEST-03794,REC-03794,PKG-03794,PROD-002,ASSET-OPC-001,1.0.0,20264622,RUN-20260828-01a55fcf
MANIFEST-03795,REC-03795,PKG-03795,PROD-001,ASSET-PLC-001,1.0.0,20264623,RUN-20260828-01a55fcf
MANIFEST-03796,REC-03796,PKG-03796,PROD-003,ASSET-RTU-001,1.0.0,20264624,RUN-20260828-01a55fcf
MANIFEST-03797,REC-03797,PKG-03797,PROD-003,ASSET-DCS-001,1.0.0,20264625,RUN-20260828-01a55fcf
MANIFEST-03798,REC-03798,PKG-03798,PROD-002,ASSET-PLC-001,1.0.0,20264626,RUN-20260828-01a55fcf
MANIFEST-03799,REC-03799,PKG-03799,PROD-005,ASSET-DCS-001,1.0.0,20264627,RUN-20260828-01a55fcf
MANIFEST-03800,REC-03800,PKG-03800,PROD-005,ASSET-SIS-001,1.0.0,20264628,RUN-20260828-01a55fcf
MANIFEST-03801,REC-03801,PKG-03801,PROD-002,ASSET-DCS-001,1.0.0,20264629,RUN-20260828-01a55fcf
MANIFEST-03802,REC-03802,PKG-03802,PROD-001,ASSET-SIS-001,1.0.0,20264630,RUN-20260828-01a55fcf
MANIFEST-03803,REC-03803,PKG-03803,PROD-002,ASSET-PLC-001,1.0.0,20264631,RUN-20260828-01a55fcf
MANIFEST-03804,REC-03804,PKG-03804,PROD-002,ASSET-OPC-001,1.0.0,20264632,RUN-20260828-01a55fcf
MANIFEST-03805,REC-03805,PKG-03805,PROD-005,ASSET-PLC-001,1.0.0,20264633,RUN-20260828-01a55fcf
MANIFEST-03806,REC-03806,PKG-03806,PROD-001,ASSET-SIS-001,1.0.0,20264634,RUN-20260828-01a55fcf
MANIFEST-03807,REC-03807,PKG-03807,PROD-004,ASSET-OPC-001,1.0.0,20264635,RUN-20260828-01a55fcf
MANIFEST-03808,REC-03808,PKG-03808,PROD-003,ASSET-RTU-001,1.0.0,20264636,RUN-20260828-01a55fcf
MANIFEST-03809,REC-03809,PKG-03809,PROD-004,ASSET-DCS-001,1.0.0,20264637,RUN-20260828-01a55fcf
MANIFEST-03810,REC-03810,PKG-03810,PROD-005,ASSET-DCS-001,1.0.0,20264638,RUN-20260828-01a55fcf
MANIFEST-03811,REC-03811,PKG-03811,PROD-002,ASSET-RTU-001,1.0.0,20264639,RUN-20260828-01a55fcf
MANIFEST-03812,REC-03812,PKG-03812,PROD-002,ASSET-SIS-001,1.0.0,20264640,RUN-20260828-01a55fcf
MANIFEST-03813,REC-03813,PKG-03813,PROD-005,ASSET-SIS-001,1.0.0,20264641,RUN-20260828-01a55fcf
MANIFEST-03814,REC-03814,PKG-03814,PROD-001,ASSET-RTU-001,1.0.0,20264642,RUN-20260828-01a55fcf
MANIFEST-03815,REC-03815,PKG-03815,PROD-003,ASSET-PLC-001,1.0.0,20264643,RUN-20260828-01a55fcf
MANIFEST-03816,REC-03816,PKG-03816,PROD-004,ASSET-DCS-001,1.0.0,20264644,RUN-20260828-01a55fcf
MANIFEST-03817,REC-03817,PKG-03817,PROD-004,ASSET-DCS-001,1.0.0,20264645,RUN-20260828-01a55fcf
MANIFEST-03818,REC-03818,PKG-03818,PROD-002,ASSET-OPC-001,1.0.0,20264646,RUN-20260828-01a55fcf
MANIFEST-03819,REC-03819,PKG-03819,PROD-002,ASSET-RTU-001,1.0.0,20264647,RUN-20260828-01a55fcf
MANIFEST-03820,REC-03820,PKG-03820,PROD-001,ASSET-SIS-001,1.0.0,20264648,RUN-20260828-01a55fcf
MANIFEST-03821,REC-03821,PKG-03821,PROD-001,ASSET-RTU-001,1.0.0,20264649,RUN-20260828-01a55fcf
MANIFEST-03822,REC-03822,PKG-03822,PROD-005,ASSET-SIS-001,1.0.0,20264650,RUN-20260828-01a55fcf
MANIFEST-03823,REC-03823,PKG-03823,PROD-001,ASSET-SIS-001,1.0.0,20264651,RUN-20260828-01a55fcf
MANIFEST-03824,REC-03824,PKG-03824,PROD-003,ASSET-OPC-001,1.0.0,20264652,RUN-20260828-01a55fcf
MANIFEST-03825,REC-03825,PKG-03825,PROD-003,ASSET-SIS-001,1.0.0,20264653,RUN-20260828-01a55fcf
MANIFEST-03826,REC-03826,PKG-03826,PROD-002,ASSET-OPC-001,1.0.0,20264654,RUN-20260828-01a55fcf
MANIFEST-03827,REC-03827,PKG-03827,PROD-005,ASSET-PLC-001,1.0.0,20264655,RUN-20260828-01a55fcf
MANIFEST-03828,REC-03828,PKG-03828,PROD-003,ASSET-RTU-001,1.0.0,20264656,RUN-20260828-01a55fcf
MANIFEST-03829,REC-03829,PKG-03829,PROD-002,ASSET-OPC-001,1.0.0,20264657,RUN-20260828-01a55fcf
MANIFEST-03830,REC-03830,PKG-03830,PROD-002,ASSET-SIS-001,1.0.0,20264658,RUN-20260828-01a55fcf
MANIFEST-03831,REC-03831,PKG-03831,PROD-002,ASSET-SIS-001,1.0.0,20264659,RUN-20260828-01a55fcf
MANIFEST-03832,REC-03832,PKG-03832,PROD-001,ASSET-OPC-001,1.0.0,20264660,RUN-20260828-01a55fcf
MANIFEST-03833,REC-03833,PKG-03833,PROD-005,ASSET-PLC-001,1.0.0,20264661,RUN-20260828-01a55fcf
MANIFEST-03834,REC-03834,PKG-03834,PROD-003,ASSET-OPC-001,1.0.0,20264662,RUN-20260828-01a55fcf
MANIFEST-03835,REC-03835,PKG-03835,PROD-001,ASSET-RTU-001,1.0.0,20264663,RUN-20260828-01a55fcf
MANIFEST-03836,REC-03836,PKG-03836,PROD-004,ASSET-PLC-001,1.0.0,20264664,RUN-20260828-01a55fcf
MANIFEST-03837,REC-03837,PKG-03837,PROD-002,ASSET-SIS-001,1.0.0,20264665,RUN-20260828-01a55fcf
MANIFEST-03838,REC-03838,PKG-03838,PROD-004,ASSET-PLC-001,1.0.0,20264666,RUN-20260828-01a55fcf
MANIFEST-03839,REC-03839,PKG-03839,PROD-001,ASSET-DCS-001,1.0.0,20264667,RUN-20260828-01a55fcf
MANIFEST-03840,REC-03840,PKG-03840,PROD-005,ASSET-SIS-001,1.0.0,20264668,RUN-20260828-01a55fcf
MANIFEST-03841,REC-03841,PKG-03841,PROD-004,ASSET-RTU-001,1.0.0,20264669,RUN-20260828-01a55fcf
MANIFEST-03842,REC-03842,PKG-03842,PROD-002,ASSET-SIS-001,1.0.0,20264670,RUN-20260828-01a55fcf
MANIFEST-03843,REC-03843,PKG-03843,PROD-003,ASSET-OPC-001,1.0.0,20264671,RUN-20260828-01a55fcf
MANIFEST-03844,REC-03844,PKG-03844,PROD-003,ASSET-SIS-001,1.0.0,20264672,RUN-20260828-01a55fcf
MANIFEST-03845,REC-03845,PKG-03845,PROD-001,ASSET-DCS-001,1.0.0,20264673,RUN-20260828-01a55fcf
MANIFEST-03846,REC-03846,PKG-03846,PROD-003,ASSET-PLC-001,1.0.0,20264674,RUN-20260828-01a55fcf
MANIFEST-03847,REC-03847,PKG-03847,PROD-001,ASSET-RTU-001,1.0.0,20264675,RUN-20260828-01a55fcf
MANIFEST-03848,REC-03848,PKG-03848,PROD-005,ASSET-OPC-001,1.0.0,20264676,RUN-20260828-01a55fcf
MANIFEST-03849,REC-03849,PKG-03849,PROD-004,ASSET-SIS-001,1.0.0,20264677,RUN-20260828-01a55fcf
MANIFEST-03850,REC-03850,PKG-03850,PROD-001,ASSET-OPC-001,1.0.0,20264678,RUN-20260828-01a55fcf
MANIFEST-03851,REC-03851,PKG-03851,PROD-001,ASSET-RTU-001,1.0.0,20264679,RUN-20260828-01a55fcf
MANIFEST-03852,REC-03852,PKG-03852,PROD-003,ASSET-PLC-001,1.0.0,20264680,RUN-20260828-01a55fcf
MANIFEST-03853,REC-03853,PKG-03853,PROD-003,ASSET-DCS-001,1.0.0,20264681,RUN-20260828-01a55fcf
MANIFEST-03854,REC-03854,PKG-03854,PROD-002,ASSET-SIS-001,1.0.0,20264682,RUN-20260828-01a55fcf
MANIFEST-03855,REC-03855,PKG-03855,PROD-003,ASSET-DCS-001,1.0.0,20264683,RUN-20260828-01a55fcf
MANIFEST-03856,REC-03856,PKG-03856,PROD-005,ASSET-SIS-001,1.0.0,20264684,RUN-20260828-01a55fcf
MANIFEST-03857,REC-03857,PKG-03857,PROD-005,ASSET-SIS-001,1.0.0,20264685,RUN-20260828-01a55fcf
MANIFEST-03858,REC-03858,PKG-03858,PROD-002,ASSET-DCS-001,1.0.0,20264686,RUN-20260828-01a55fcf
MANIFEST-03859,REC-03859,PKG-03859,PROD-001,ASSET-PLC-001,1.0.0,20264687,RUN-20260828-01a55fcf
MANIFEST-03860,REC-03860,PKG-03860,PROD-004,ASSET-OPC-001,1.0.0,20264688,RUN-20260828-01a55fcf
MANIFEST-03861,REC-03861,PKG-03861,PROD-002,ASSET-PLC-001,1.0.0,20264689,RUN-20260828-01a55fcf
MANIFEST-03862,REC-03862,PKG-03862,PROD-004,ASSET-RTU-001,1.0.0,20264690,RUN-20260828-01a55fcf
MANIFEST-03863,REC-03863,PKG-03863,PROD-001,ASSET-OPC-001,1.0.0,20264691,RUN-20260828-01a55fcf
MANIFEST-03864,REC-03864,PKG-03864,PROD-005,ASSET-PLC-001,1.0.0,20264692,RUN-20260828-01a55fcf
MANIFEST-03865,REC-03865,PKG-03865,PROD-005,ASSET-PLC-001,1.0.0,20264693,RUN-20260828-01a55fcf
MANIFEST-03866,REC-03866,PKG-03866,PROD-004,ASSET-OPC-001,1.0.0,20264694,RUN-20260828-01a55fcf
MANIFEST-03867,REC-03867,PKG-03867,PROD-002,ASSET-RTU-001,1.0.0,20264695,RUN-20260828-01a55fcf
MANIFEST-03868,REC-03868,PKG-03868,PROD-004,ASSET-PLC-001,1.0.0,20264696,RUN-20260828-01a55fcf
MANIFEST-03869,REC-03869,PKG-03869,PROD-002,ASSET-SIS-001,1.0.0,20264697,RUN-20260828-01a55fcf
MANIFEST-03870,REC-03870,PKG-03870,PROD-002,ASSET-OPC-001,1.0.0,20264698,RUN-20260828-01a55fcf
MANIFEST-03871,REC-03871,PKG-03871,PROD-001,ASSET-SIS-001,1.0.0,20264699,RUN-20260828-01a55fcf
MANIFEST-03872,REC-03872,PKG-03872,PROD-001,ASSET-SIS-001,1.0.0,20264700,RUN-20260828-01a55fcf
MANIFEST-03873,REC-03873,PKG-03873,PROD-003,ASSET-DCS-001,1.0.0,20264701,RUN-20260828-01a55fcf
MANIFEST-03874,REC-03874,PKG-03874,PROD-001,ASSET-OPC-001,1.0.0,20264702,RUN-20260828-01a55fcf
MANIFEST-03875,REC-03875,PKG-03875,PROD-002,ASSET-DCS-001,1.0.0,20264703,RUN-20260828-01a55fcf
MANIFEST-03876,REC-03876,PKG-03876,PROD-003,ASSET-OPC-001,1.0.0,20264704,RUN-20260828-01a55fcf
MANIFEST-03877,REC-03877,PKG-03877,PROD-005,ASSET-DCS-001,1.0.0,20264705,RUN-20260828-01a55fcf
MANIFEST-03878,REC-03878,PKG-03878,PROD-005,ASSET-SIS-001,1.0.0,20264706,RUN-20260828-01a55fcf
MANIFEST-03879,REC-03879,PKG-03879,PROD-002,ASSET-PLC-001,1.0.0,20264707,RUN-20260828-01a55fcf
MANIFEST-03880,REC-03880,PKG-03880,PROD-002,ASSET-DCS-001,1.0.0,20264708,RUN-20260828-01a55fcf
MANIFEST-03881,REC-03881,PKG-03881,PROD-004,ASSET-DCS-001,1.0.0,20264709,RUN-20260828-01a55fcf
MANIFEST-03882,REC-03882,PKG-03882,PROD-003,ASSET-RTU-001,1.0.0,20264710,RUN-20260828-01a55fcf
MANIFEST-03883,REC-03883,PKG-03883,PROD-003,ASSET-OPC-001,1.0.0,20264711,RUN-20260828-01a55fcf
MANIFEST-03884,REC-03884,PKG-03884,PROD-005,ASSET-SIS-001,1.0.0,20264712,RUN-20260828-01a55fcf
MANIFEST-03885,REC-03885,PKG-03885,PROD-001,ASSET-SIS-001,1.0.0,20264713,RUN-20260828-01a55fcf
MANIFEST-03886,REC-03886,PKG-03886,PROD-001,ASSET-PLC-001,1.0.0,20264714,RUN-20260828-01a55fcf
MANIFEST-03887,REC-03887,PKG-03887,PROD-003,ASSET-SIS-001,1.0.0,20264715,RUN-20260828-01a55fcf
MANIFEST-03888,REC-03888,PKG-03888,PROD-004,ASSET-SIS-001,1.0.0,20264716,RUN-20260828-01a55fcf
MANIFEST-03889,REC-03889,PKG-03889,PROD-002,ASSET-OPC-001,1.0.0,20264717,RUN-20260828-01a55fcf
MANIFEST-03890,REC-03890,PKG-03890,PROD-004,ASSET-OPC-001,1.0.0,20264718,RUN-20260828-01a55fcf
MANIFEST-03891,REC-03891,PKG-03891,PROD-004,ASSET-OPC-001,1.0.0,20264719,RUN-20260828-01a55fcf
MANIFEST-03892,REC-03892,PKG-03892,PROD-002,ASSET-SIS-001,1.0.0,20264720,RUN-20260828-01a55fcf
MANIFEST-03893,REC-03893,PKG-03893,PROD-003,ASSET-PLC-001,1.0.0,20264721,RUN-20260828-01a55fcf
MANIFEST-03894,REC-03894,PKG-03894,PROD-004,ASSET-SIS-001,1.0.0,20264722,RUN-20260828-01a55fcf
MANIFEST-03895,REC-03895,PKG-03895,PROD-003,ASSET-RTU-001,1.0.0,20264723,RUN-20260828-01a55fcf
MANIFEST-03896,REC-03896,PKG-03896,PROD-004,ASSET-PLC-001,1.0.0,20264724,RUN-20260828-01a55fcf
MANIFEST-03897,REC-03897,PKG-03897,PROD-005,ASSET-OPC-001,1.0.0,20264725,RUN-20260828-01a55fcf
MANIFEST-03898,REC-03898,PKG-03898,PROD-004,ASSET-DCS-001,1.0.0,20264726,RUN-20260828-01a55fcf
MANIFEST-03899,REC-03899,PKG-03899,PROD-001,ASSET-PLC-001,1.0.0,20264727,RUN-20260828-01a55fcf
MANIFEST-03900,REC-03900,PKG-03900,PROD-005,ASSET-SIS-001,1.0.0,20264728,RUN-20260828-01a55fcf
MANIFEST-03901,REC-03901,PKG-03901,PROD-001,ASSET-SIS-001,1.0.0,20264729,RUN-20260828-01a55fcf
MANIFEST-03902,REC-03902,PKG-03902,PROD-001,ASSET-OPC-001,1.0.0,20264730,RUN-20260828-01a55fcf
MANIFEST-03903,REC-03903,PKG-03903,PROD-005,ASSET-RTU-001,1.0.0,20264731,RUN-20260828-01a55fcf
MANIFEST-03904,REC-03904,PKG-03904,PROD-003,ASSET-PLC-001,1.0.0,20264732,RUN-20260828-01a55fcf
MANIFEST-03905,REC-03905,PKG-03905,PROD-005,ASSET-OPC-001,1.0.0,20264733,RUN-20260828-01a55fcf
MANIFEST-03906,REC-03906,PKG-03906,PROD-002,ASSET-RTU-001,1.0.0,20264734,RUN-20260828-01a55fcf
MANIFEST-03907,REC-03907,PKG-03907,PROD-002,ASSET-DCS-001,1.0.0,20264735,RUN-20260828-01a55fcf
MANIFEST-03908,REC-03908,PKG-03908,PROD-002,ASSET-OPC-001,1.0.0,20264736,RUN-20260828-01a55fcf
MANIFEST-03909,REC-03909,PKG-03909,PROD-004,ASSET-OPC-001,1.0.0,20264737,RUN-20260828-01a55fcf
MANIFEST-03910,REC-03910,PKG-03910,PROD-003,ASSET-PLC-001,1.0.0,20264738,RUN-20260828-01a55fcf
MANIFEST-03911,REC-03911,PKG-03911,PROD-005,ASSET-SIS-001,1.0.0,20264739,RUN-20260828-01a55fcf
MANIFEST-03912,REC-03912,PKG-03912,PROD-001,ASSET-RTU-001,1.0.0,20264740,RUN-20260828-01a55fcf
MANIFEST-03913,REC-03913,PKG-03913,PROD-002,ASSET-OPC-001,1.0.0,20264741,RUN-20260828-01a55fcf
MANIFEST-03914,REC-03914,PKG-03914,PROD-005,ASSET-PLC-001,1.0.0,20264742,RUN-20260828-01a55fcf
MANIFEST-03915,REC-03915,PKG-03915,PROD-001,ASSET-SIS-001,1.0.0,20264743,RUN-20260828-01a55fcf
MANIFEST-03916,REC-03916,PKG-03916,PROD-005,ASSET-RTU-001,1.0.0,20264744,RUN-20260828-01a55fcf
MANIFEST-03917,REC-03917,PKG-03917,PROD-001,ASSET-DCS-001,1.0.0,20264745,RUN-20260828-01a55fcf
MANIFEST-03918,REC-03918,PKG-03918,PROD-003,ASSET-PLC-001,1.0.0,20264746,RUN-20260828-01a55fcf
MANIFEST-03919,REC-03919,PKG-03919,PROD-004,ASSET-PLC-001,1.0.0,20264747,RUN-20260828-01a55fcf
MANIFEST-03920,REC-03920,PKG-03920,PROD-004,ASSET-PLC-001,1.0.0,20264748,RUN-20260828-01a55fcf
MANIFEST-03921,REC-03921,PKG-03921,PROD-004,ASSET-DCS-001,1.0.0,20264749,RUN-20260828-01a55fcf
MANIFEST-03922,REC-03922,PKG-03922,PROD-002,ASSET-PLC-001,1.0.0,20264750,RUN-20260828-01a55fcf
MANIFEST-03923,REC-03923,PKG-03923,PROD-004,ASSET-PLC-001,1.0.0,20264751,RUN-20260828-01a55fcf
MANIFEST-03924,REC-03924,PKG-03924,PROD-003,ASSET-OPC-001,1.0.0,20264752,RUN-20260828-01a55fcf
MANIFEST-03925,REC-03925,PKG-03925,PROD-004,ASSET-SIS-001,1.0.0,20264753,RUN-20260828-01a55fcf
MANIFEST-03926,REC-03926,PKG-03926,PROD-002,ASSET-PLC-001,1.0.0,20264754,RUN-20260828-01a55fcf
MANIFEST-03927,REC-03927,PKG-03927,PROD-004,ASSET-SIS-001,1.0.0,20264755,RUN-20260828-01a55fcf
MANIFEST-03928,REC-03928,PKG-03928,PROD-004,ASSET-OPC-001,1.0.0,20264756,RUN-20260828-01a55fcf
MANIFEST-03929,REC-03929,PKG-03929,PROD-002,ASSET-RTU-001,1.0.0,20264757,RUN-20260828-01a55fcf
MANIFEST-03930,REC-03930,PKG-03930,PROD-003,ASSET-RTU-001,1.0.0,20264758,RUN-20260828-01a55fcf
MANIFEST-03931,REC-03931,PKG-03931,PROD-003,ASSET-DCS-001,1.0.0,20264759,RUN-20260828-01a55fcf
MANIFEST-03932,REC-03932,PKG-03932,PROD-001,ASSET-DCS-001,1.0.0,20264760,RUN-20260828-01a55fcf
MANIFEST-03933,REC-03933,PKG-03933,PROD-005,ASSET-RTU-001,1.0.0,20264761,RUN-20260828-01a55fcf
MANIFEST-03934,REC-03934,PKG-03934,PROD-003,ASSET-DCS-001,1.0.0,20264762,RUN-20260828-01a55fcf
MANIFEST-03935,REC-03935,PKG-03935,PROD-001,ASSET-PLC-001,1.0.0,20264763,RUN-20260828-01a55fcf
MANIFEST-03936,REC-03936,PKG-03936,PROD-002,ASSET-PLC-001,1.0.0,20264764,RUN-20260828-01a55fcf
MANIFEST-03937,REC-03937,PKG-03937,PROD-005,ASSET-OPC-001,1.0.0,20264765,RUN-20260828-01a55fcf
MANIFEST-03938,REC-03938,PKG-03938,PROD-001,ASSET-SIS-001,1.0.0,20264766,RUN-20260828-01a55fcf
MANIFEST-03939,REC-03939,PKG-03939,PROD-005,ASSET-DCS-001,1.0.0,20264767,RUN-20260828-01a55fcf
MANIFEST-03940,REC-03940,PKG-03940,PROD-005,ASSET-SIS-001,1.0.0,20264768,RUN-20260828-01a55fcf
MANIFEST-03941,REC-03941,PKG-03941,PROD-004,ASSET-PLC-001,1.0.0,20264769,RUN-20260828-01a55fcf
MANIFEST-03942,REC-03942,PKG-03942,PROD-004,ASSET-OPC-001,1.0.0,20264770,RUN-20260828-01a55fcf
MANIFEST-03943,REC-03943,PKG-03943,PROD-004,ASSET-OPC-001,1.0.0,20264771,RUN-20260828-01a55fcf
MANIFEST-03944,REC-03944,PKG-03944,PROD-004,ASSET-PLC-001,1.0.0,20264772,RUN-20260828-01a55fcf
MANIFEST-03945,REC-03945,PKG-03945,PROD-002,ASSET-PLC-001,1.0.0,20264773,RUN-20260828-01a55fcf
MANIFEST-03946,REC-03946,PKG-03946,PROD-003,ASSET-DCS-001,1.0.0,20264774,RUN-20260828-01a55fcf
MANIFEST-03947,REC-03947,PKG-03947,PROD-002,ASSET-DCS-001,1.0.0,20264775,RUN-20260828-01a55fcf
MANIFEST-03948,REC-03948,PKG-03948,PROD-003,ASSET-OPC-001,1.0.0,20264776,RUN-20260828-01a55fcf
MANIFEST-03949,REC-03949,PKG-03949,PROD-004,ASSET-SIS-001,1.0.0,20264777,RUN-20260828-01a55fcf
MANIFEST-03950,REC-03950,PKG-03950,PROD-001,ASSET-DCS-001,1.0.0,20264778,RUN-20260828-01a55fcf
MANIFEST-03951,REC-03951,PKG-03951,PROD-002,ASSET-PLC-001,1.0.0,20264779,RUN-20260828-01a55fcf
MANIFEST-03952,REC-03952,PKG-03952,PROD-001,ASSET-SIS-001,1.0.0,20264780,RUN-20260828-01a55fcf
MANIFEST-03953,REC-03953,PKG-03953,PROD-002,ASSET-OPC-001,1.0.0,20264781,RUN-20260828-01a55fcf
MANIFEST-03954,REC-03954,PKG-03954,PROD-003,ASSET-DCS-001,1.0.0,20264782,RUN-20260828-01a55fcf
MANIFEST-03955,REC-03955,PKG-03955,PROD-001,ASSET-RTU-001,1.0.0,20264783,RUN-20260828-01a55fcf
MANIFEST-03956,REC-03956,PKG-03956,PROD-005,ASSET-OPC-001,1.0.0,20264784,RUN-20260828-01a55fcf
MANIFEST-03957,REC-03957,PKG-03957,PROD-003,ASSET-OPC-001,1.0.0,20264785,RUN-20260828-01a55fcf
MANIFEST-03958,REC-03958,PKG-03958,PROD-004,ASSET-SIS-001,1.0.0,20264786,RUN-20260828-01a55fcf
MANIFEST-03959,REC-03959,PKG-03959,PROD-003,ASSET-RTU-001,1.0.0,20264787,RUN-20260828-01a55fcf
MANIFEST-03960,REC-03960,PKG-03960,PROD-005,ASSET-OPC-001,1.0.0,20264788,RUN-20260828-01a55fcf
MANIFEST-03961,REC-03961,PKG-03961,PROD-001,ASSET-PLC-001,1.0.0,20264789,RUN-20260828-01a55fcf
MANIFEST-03962,REC-03962,PKG-03962,PROD-003,ASSET-PLC-001,1.0.0,20264790,RUN-20260828-01a55fcf
MANIFEST-03963,REC-03963,PKG-03963,PROD-001,ASSET-PLC-001,1.0.0,20264791,RUN-20260828-01a55fcf
MANIFEST-03964,REC-03964,PKG-03964,PROD-005,ASSET-RTU-001,1.0.0,20264792,RUN-20260828-01a55fcf
MANIFEST-03965,REC-03965,PKG-03965,PROD-002,ASSET-DCS-001,1.0.0,20264793,RUN-20260828-01a55fcf
MANIFEST-03966,REC-03966,PKG-03966,PROD-005,ASSET-PLC-001,1.0.0,20264794,RUN-20260828-01a55fcf
MANIFEST-03967,REC-03967,PKG-03967,PROD-002,ASSET-PLC-001,1.0.0,20264795,RUN-20260828-01a55fcf
MANIFEST-03968,REC-03968,PKG-03968,PROD-002,ASSET-PLC-001,1.0.0,20264796,RUN-20260828-01a55fcf
MANIFEST-03969,REC-03969,PKG-03969,PROD-003,ASSET-OPC-001,1.0.0,20264797,RUN-20260828-01a55fcf
MANIFEST-03970,REC-03970,PKG-03970,PROD-001,ASSET-SIS-001,1.0.0,20264798,RUN-20260828-01a55fcf
MANIFEST-03971,REC-03971,PKG-03971,PROD-005,ASSET-OPC-001,1.0.0,20264799,RUN-20260828-01a55fcf
MANIFEST-03972,REC-03972,PKG-03972,PROD-001,ASSET-RTU-001,1.0.0,20264800,RUN-20260828-01a55fcf
MANIFEST-03973,REC-03973,PKG-03973,PROD-002,ASSET-OPC-001,1.0.0,20264801,RUN-20260828-01a55fcf
MANIFEST-03974,REC-03974,PKG-03974,PROD-004,ASSET-DCS-001,1.0.0,20264802,RUN-20260828-01a55fcf
MANIFEST-03975,REC-03975,PKG-03975,PROD-004,ASSET-OPC-001,1.0.0,20264803,RUN-20260828-01a55fcf
MANIFEST-03976,REC-03976,PKG-03976,PROD-001,ASSET-RTU-001,1.0.0,20264804,RUN-20260828-01a55fcf
MANIFEST-03977,REC-03977,PKG-03977,PROD-001,ASSET-OPC-001,1.0.0,20264805,RUN-20260828-01a55fcf
MANIFEST-03978,REC-03978,PKG-03978,PROD-001,ASSET-PLC-001,1.0.0,20264806,RUN-20260828-01a55fcf
MANIFEST-03979,REC-03979,PKG-03979,PROD-001,ASSET-PLC-001,1.0.0,20264807,RUN-20260828-01a55fcf
MANIFEST-03980,REC-03980,PKG-03980,PROD-001,ASSET-DCS-001,1.0.0,20264808,RUN-20260828-01a55fcf
MANIFEST-03981,REC-03981,PKG-03981,PROD-004,ASSET-OPC-001,1.0.0,20264809,RUN-20260828-01a55fcf
MANIFEST-03982,REC-03982,PKG-03982,PROD-003,ASSET-SIS-001,1.0.0,20264810,RUN-20260828-01a55fcf
MANIFEST-03983,REC-03983,PKG-03983,PROD-004,ASSET-DCS-001,1.0.0,20264811,RUN-20260828-01a55fcf
MANIFEST-03984,REC-03984,PKG-03984,PROD-002,ASSET-DCS-001,1.0.0,20264812,RUN-20260828-01a55fcf
MANIFEST-03985,REC-03985,PKG-03985,PROD-002,ASSET-DCS-001,1.0.0,20264813,RUN-20260828-01a55fcf
MANIFEST-03986,REC-03986,PKG-03986,PROD-003,ASSET-SIS-001,1.0.0,20264814,RUN-20260828-01a55fcf
MANIFEST-03987,REC-03987,PKG-03987,PROD-004,ASSET-SIS-001,1.0.0,20264815,RUN-20260828-01a55fcf
MANIFEST-03988,REC-03988,PKG-03988,PROD-001,ASSET-SIS-001,1.0.0,20264816,RUN-20260828-01a55fcf
MANIFEST-03989,REC-03989,PKG-03989,PROD-001,ASSET-RTU-001,1.0.0,20264817,RUN-20260828-01a55fcf
MANIFEST-03990,REC-03990,PKG-03990,PROD-004,ASSET-DCS-001,1.0.0,20264818,RUN-20260828-01a55fcf
MANIFEST-03991,REC-03991,PKG-03991,PROD-004,ASSET-PLC-001,1.0.0,20264819,RUN-20260828-01a55fcf
MANIFEST-03992,REC-03992,PKG-03992,PROD-005,ASSET-OPC-001,1.0.0,20264820,RUN-20260828-01a55fcf
MANIFEST-03993,REC-03993,PKG-03993,PROD-004,ASSET-RTU-001,1.0.0,20264821,RUN-20260828-01a55fcf
MANIFEST-03994,REC-03994,PKG-03994,PROD-001,ASSET-RTU-001,1.0.0,20264822,RUN-20260828-01a55fcf
MANIFEST-03995,REC-03995,PKG-03995,PROD-005,ASSET-SIS-001,1.0.0,20264823,RUN-20260828-01a55fcf
MANIFEST-03996,REC-03996,PKG-03996,PROD-003,ASSET-OPC-001,1.0.0,20264824,RUN-20260828-01a55fcf
MANIFEST-03997,REC-03997,PKG-03997,PROD-001,ASSET-PLC-001,1.0.0,20264825,RUN-20260828-01a55fcf
MANIFEST-03998,REC-03998,PKG-03998,PROD-003,ASSET-SIS-001,1.0.0,20264826,RUN-20260828-01a55fcf
MANIFEST-03999,REC-03999,PKG-03999,PROD-004,ASSET-SIS-001,1.0.0,20264827,RUN-20260828-01a55fcf
MANIFEST-04000,REC-04000,PKG-04000,PROD-005,ASSET-DCS-001,1.0.0,20264828,RUN-20260828-01a55fcf
MANIFEST-04001,REC-04001,PKG-04001,PROD-005,ASSET-PLC-001,1.0.0,20264829,RUN-20260828-01a55fcf
MANIFEST-04002,REC-04002,PKG-04002,PROD-002,ASSET-SIS-001,1.0.0,20264830,RUN-20260828-01a55fcf
MANIFEST-04003,REC-04003,PKG-04003,PROD-002,ASSET-DCS-001,1.0.0,20264831,RUN-20260828-01a55fcf
MANIFEST-04004,REC-04004,PKG-04004,PROD-002,ASSET-DCS-001,1.0.0,20264832,RUN-20260828-01a55fcf
MANIFEST-04005,REC-04005,PKG-04005,PROD-001,ASSET-SIS-001,1.0.0,20264833,RUN-20260828-01a55fcf
MANIFEST-04006,REC-04006,PKG-04006,PROD-003,ASSET-RTU-001,1.0.0,20264834,RUN-20260828-01a55fcf
MANIFEST-04007,REC-04007,PKG-04007,PROD-003,ASSET-PLC-001,1.0.0,20264835,RUN-20260828-01a55fcf
MANIFEST-04008,REC-04008,PKG-04008,PROD-001,ASSET-RTU-001,1.0.0,20264836,RUN-20260828-01a55fcf
MANIFEST-04009,REC-04009,PKG-04009,PROD-005,ASSET-SIS-001,1.0.0,20264837,RUN-20260828-01a55fcf
MANIFEST-04010,REC-04010,PKG-04010,PROD-005,ASSET-OPC-001,1.0.0,20264838,RUN-20260828-01a55fcf
MANIFEST-04011,REC-04011,PKG-04011,PROD-005,ASSET-SIS-001,1.0.0,20264839,RUN-20260828-01a55fcf
MANIFEST-04012,REC-04012,PKG-04012,PROD-005,ASSET-PLC-001,1.0.0,20264840,RUN-20260828-01a55fcf
MANIFEST-04013,REC-04013,PKG-04013,PROD-005,ASSET-RTU-001,1.0.0,20264841,RUN-20260828-01a55fcf
MANIFEST-04014,REC-04014,PKG-04014,PROD-005,ASSET-OPC-001,1.0.0,20264842,RUN-20260828-01a55fcf
MANIFEST-04015,REC-04015,PKG-04015,PROD-004,ASSET-RTU-001,1.0.0,20264843,RUN-20260828-01a55fcf
MANIFEST-04016,REC-04016,PKG-04016,PROD-002,ASSET-PLC-001,1.0.0,20264844,RUN-20260828-01a55fcf
MANIFEST-04017,REC-04017,PKG-04017,PROD-003,ASSET-RTU-001,1.0.0,20264845,RUN-20260828-01a55fcf
MANIFEST-04018,REC-04018,PKG-04018,PROD-004,ASSET-RTU-001,1.0.0,20264846,RUN-20260828-01a55fcf
MANIFEST-04019,REC-04019,PKG-04019,PROD-002,ASSET-SIS-001,1.0.0,20264847,RUN-20260828-01a55fcf
MANIFEST-04020,REC-04020,PKG-04020,PROD-001,ASSET-PLC-001,1.0.0,20264848,RUN-20260828-01a55fcf
MANIFEST-04021,REC-04021,PKG-04021,PROD-004,ASSET-OPC-001,1.0.0,20264849,RUN-20260828-01a55fcf
MANIFEST-04022,REC-04022,PKG-04022,PROD-002,ASSET-RTU-001,1.0.0,20264850,RUN-20260828-01a55fcf
MANIFEST-04023,REC-04023,PKG-04023,PROD-002,ASSET-PLC-001,1.0.0,20264851,RUN-20260828-01a55fcf
MANIFEST-04024,REC-04024,PKG-04024,PROD-005,ASSET-RTU-001,1.0.0,20264852,RUN-20260828-01a55fcf
MANIFEST-04025,REC-04025,PKG-04025,PROD-002,ASSET-SIS-001,1.0.0,20264853,RUN-20260828-01a55fcf
MANIFEST-04026,REC-04026,PKG-04026,PROD-005,ASSET-RTU-001,1.0.0,20264854,RUN-20260828-01a55fcf
MANIFEST-04027,REC-04027,PKG-04027,PROD-005,ASSET-DCS-001,1.0.0,20264855,RUN-20260828-01a55fcf
MANIFEST-04028,REC-04028,PKG-04028,PROD-004,ASSET-OPC-001,1.0.0,20264856,RUN-20260828-01a55fcf
MANIFEST-04029,REC-04029,PKG-04029,PROD-001,ASSET-SIS-001,1.0.0,20264857,RUN-20260828-01a55fcf
MANIFEST-04030,REC-04030,PKG-04030,PROD-004,ASSET-OPC-001,1.0.0,20264858,RUN-20260828-01a55fcf
MANIFEST-04031,REC-04031,PKG-04031,PROD-005,ASSET-OPC-001,1.0.0,20264859,RUN-20260828-01a55fcf
MANIFEST-04032,REC-04032,PKG-04032,PROD-001,ASSET-DCS-001,1.0.0,20264860,RUN-20260828-01a55fcf
MANIFEST-04033,REC-04033,PKG-04033,PROD-004,ASSET-RTU-001,1.0.0,20264861,RUN-20260828-01a55fcf
MANIFEST-04034,REC-04034,PKG-04034,PROD-004,ASSET-DCS-001,1.0.0,20264862,RUN-20260828-01a55fcf
MANIFEST-04035,REC-04035,PKG-04035,PROD-003,ASSET-DCS-001,1.0.0,20264863,RUN-20260828-01a55fcf
MANIFEST-04036,REC-04036,PKG-04036,PROD-002,ASSET-DCS-001,1.0.0,20264864,RUN-20260828-01a55fcf
MANIFEST-04037,REC-04037,PKG-04037,PROD-003,ASSET-RTU-001,1.0.0,20264865,RUN-20260828-01a55fcf
MANIFEST-04038,REC-04038,PKG-04038,PROD-003,ASSET-PLC-001,1.0.0,20264866,RUN-20260828-01a55fcf
MANIFEST-04039,REC-04039,PKG-04039,PROD-003,ASSET-DCS-001,1.0.0,20264867,RUN-20260828-01a55fcf
MANIFEST-04040,REC-04040,PKG-04040,PROD-001,ASSET-OPC-001,1.0.0,20264868,RUN-20260828-01a55fcf
MANIFEST-04041,REC-04041,PKG-04041,PROD-002,ASSET-DCS-001,1.0.0,20264869,RUN-20260828-01a55fcf
MANIFEST-04042,REC-04042,PKG-04042,PROD-005,ASSET-OPC-001,1.0.0,20264870,RUN-20260828-01a55fcf
MANIFEST-04043,REC-04043,PKG-04043,PROD-002,ASSET-PLC-001,1.0.0,20264871,RUN-20260828-01a55fcf
MANIFEST-04044,REC-04044,PKG-04044,PROD-004,ASSET-DCS-001,1.0.0,20264872,RUN-20260828-01a55fcf
MANIFEST-04045,REC-04045,PKG-04045,PROD-002,ASSET-DCS-001,1.0.0,20264873,RUN-20260828-01a55fcf
MANIFEST-04046,REC-04046,PKG-04046,PROD-004,ASSET-PLC-001,1.0.0,20264874,RUN-20260828-01a55fcf
MANIFEST-04047,REC-04047,PKG-04047,PROD-002,ASSET-PLC-001,1.0.0,20264875,RUN-20260828-01a55fcf
MANIFEST-04048,REC-04048,PKG-04048,PROD-001,ASSET-PLC-001,1.0.0,20264876,RUN-20260828-01a55fcf
MANIFEST-04049,REC-04049,PKG-04049,PROD-003,ASSET-OPC-001,1.0.0,20264877,RUN-20260828-01a55fcf
MANIFEST-04050,REC-04050,PKG-04050,PROD-003,ASSET-RTU-001,1.0.0,20264878,RUN-20260828-01a55fcf
MANIFEST-04051,REC-04051,PKG-04051,PROD-003,ASSET-DCS-001,1.0.0,20264879,RUN-20260828-01a55fcf
MANIFEST-04052,REC-04052,PKG-04052,PROD-005,ASSET-OPC-001,1.0.0,20264880,RUN-20260828-01a55fcf
MANIFEST-04053,REC-04053,PKG-04053,PROD-004,ASSET-DCS-001,1.0.0,20264881,RUN-20260828-01a55fcf
MANIFEST-04054,REC-04054,PKG-04054,PROD-001,ASSET-SIS-001,1.0.0,20264882,RUN-20260828-01a55fcf
MANIFEST-04055,REC-04055,PKG-04055,PROD-001,ASSET-DCS-001,1.0.0,20264883,RUN-20260828-01a55fcf
MANIFEST-04056,REC-04056,PKG-04056,PROD-002,ASSET-SIS-001,1.0.0,20264884,RUN-20260828-01a55fcf
MANIFEST-04057,REC-04057,PKG-04057,PROD-002,ASSET-OPC-001,1.0.0,20264885,RUN-20260828-01a55fcf
MANIFEST-04058,REC-04058,PKG-04058,PROD-001,ASSET-SIS-001,1.0.0,20264886,RUN-20260828-01a55fcf
MANIFEST-04059,REC-04059,PKG-04059,PROD-003,ASSET-PLC-001,1.0.0,20264887,RUN-20260828-01a55fcf
MANIFEST-04060,REC-04060,PKG-04060,PROD-004,ASSET-SIS-001,1.0.0,20264888,RUN-20260828-01a55fcf
MANIFEST-04061,REC-04061,PKG-04061,PROD-001,ASSET-RTU-001,1.0.0,20264889,RUN-20260828-01a55fcf
MANIFEST-04062,REC-04062,PKG-04062,PROD-001,ASSET-PLC-001,1.0.0,20264890,RUN-20260828-01a55fcf
MANIFEST-04063,REC-04063,PKG-04063,PROD-003,ASSET-PLC-001,1.0.0,20264891,RUN-20260828-01a55fcf
MANIFEST-04064,REC-04064,PKG-04064,PROD-005,ASSET-PLC-001,1.0.0,20264892,RUN-20260828-01a55fcf
MANIFEST-04065,REC-04065,PKG-04065,PROD-002,ASSET-PLC-001,1.0.0,20264893,RUN-20260828-01a55fcf
MANIFEST-04066,REC-04066,PKG-04066,PROD-001,ASSET-OPC-001,1.0.0,20264894,RUN-20260828-01a55fcf
MANIFEST-04067,REC-04067,PKG-04067,PROD-005,ASSET-SIS-001,1.0.0,20264895,RUN-20260828-01a55fcf
MANIFEST-04068,REC-04068,PKG-04068,PROD-005,ASSET-RTU-001,1.0.0,20264896,RUN-20260828-01a55fcf
MANIFEST-04069,REC-04069,PKG-04069,PROD-002,ASSET-DCS-001,1.0.0,20264897,RUN-20260828-01a55fcf
MANIFEST-04070,REC-04070,PKG-04070,PROD-004,ASSET-OPC-001,1.0.0,20264898,RUN-20260828-01a55fcf
MANIFEST-04071,REC-04071,PKG-04071,PROD-005,ASSET-SIS-001,1.0.0,20264899,RUN-20260828-01a55fcf
MANIFEST-04072,REC-04072,PKG-04072,PROD-004,ASSET-OPC-001,1.0.0,20264900,RUN-20260828-01a55fcf
MANIFEST-04073,REC-04073,PKG-04073,PROD-001,ASSET-SIS-001,1.0.0,20264901,RUN-20260828-01a55fcf
MANIFEST-04074,REC-04074,PKG-04074,PROD-003,ASSET-DCS-001,1.0.0,20264902,RUN-20260828-01a55fcf
MANIFEST-04075,REC-04075,PKG-04075,PROD-004,ASSET-SIS-001,1.0.0,20264903,RUN-20260828-01a55fcf
MANIFEST-04076,REC-04076,PKG-04076,PROD-001,ASSET-OPC-001,1.0.0,20264904,RUN-20260828-01a55fcf
MANIFEST-04077,REC-04077,PKG-04077,PROD-002,ASSET-DCS-001,1.0.0,20264905,RUN-20260828-01a55fcf
MANIFEST-04078,REC-04078,PKG-04078,PROD-002,ASSET-RTU-001,1.0.0,20264906,RUN-20260828-01a55fcf
MANIFEST-04079,REC-04079,PKG-04079,PROD-001,ASSET-RTU-001,1.0.0,20264907,RUN-20260828-01a55fcf
MANIFEST-04080,REC-04080,PKG-04080,PROD-002,ASSET-OPC-001,1.0.0,20264908,RUN-20260828-01a55fcf
MANIFEST-04081,REC-04081,PKG-04081,PROD-001,ASSET-OPC-001,1.0.0,20264909,RUN-20260828-01a55fcf
MANIFEST-04082,REC-04082,PKG-04082,PROD-001,ASSET-DCS-001,1.0.0,20264910,RUN-20260828-01a55fcf
MANIFEST-04083,REC-04083,PKG-04083,PROD-002,ASSET-DCS-001,1.0.0,20264911,RUN-20260828-01a55fcf
MANIFEST-04084,REC-04084,PKG-04084,PROD-003,ASSET-DCS-001,1.0.0,20264912,RUN-20260828-01a55fcf
MANIFEST-04085,REC-04085,PKG-04085,PROD-005,ASSET-OPC-001,1.0.0,20264913,RUN-20260828-01a55fcf
MANIFEST-04086,REC-04086,PKG-04086,PROD-004,ASSET-PLC-001,1.0.0,20264914,RUN-20260828-01a55fcf
MANIFEST-04087,REC-04087,PKG-04087,PROD-004,ASSET-PLC-001,1.0.0,20264915,RUN-20260828-01a55fcf
MANIFEST-04088,REC-04088,PKG-04088,PROD-004,ASSET-OPC-001,1.0.0,20264916,RUN-20260828-01a55fcf
MANIFEST-04089,REC-04089,PKG-04089,PROD-002,ASSET-DCS-001,1.0.0,20264917,RUN-20260828-01a55fcf
MANIFEST-04090,REC-04090,PKG-04090,PROD-001,ASSET-OPC-001,1.0.0,20264918,RUN-20260828-01a55fcf
MANIFEST-04091,REC-04091,PKG-04091,PROD-002,ASSET-PLC-001,1.0.0,20264919,RUN-20260828-01a55fcf
MANIFEST-04092,REC-04092,PKG-04092,PROD-002,ASSET-PLC-001,1.0.0,20264920,RUN-20260828-01a55fcf
MANIFEST-04093,REC-04093,PKG-04093,PROD-003,ASSET-PLC-001,1.0.0,20264921,RUN-20260828-01a55fcf
MANIFEST-04094,REC-04094,PKG-04094,PROD-002,ASSET-RTU-001,1.0.0,20264922,RUN-20260828-01a55fcf
MANIFEST-04095,REC-04095,PKG-04095,PROD-005,ASSET-DCS-001,1.0.0,20264923,RUN-20260828-01a55fcf
MANIFEST-04096,REC-04096,PKG-04096,PROD-005,ASSET-RTU-001,1.0.0,20264924,RUN-20260828-01a55fcf
MANIFEST-04097,REC-04097,PKG-04097,PROD-003,ASSET-PLC-001,1.0.0,20264925,RUN-20260828-01a55fcf
MANIFEST-04098,REC-04098,PKG-04098,PROD-002,ASSET-DCS-001,1.0.0,20264926,RUN-20260828-01a55fcf
MANIFEST-04099,REC-04099,PKG-04099,PROD-005,ASSET-SIS-001,1.0.0,20264927,RUN-20260828-01a55fcf
MANIFEST-04100,REC-04100,PKG-04100,PROD-004,ASSET-DCS-001,1.0.0,20264928,RUN-20260828-01a55fcf
MANIFEST-04101,REC-04101,PKG-04101,PROD-003,ASSET-RTU-001,1.0.0,20264929,RUN-20260828-01a55fcf
MANIFEST-04102,REC-04102,PKG-04102,PROD-002,ASSET-PLC-001,1.0.0,20264930,RUN-20260828-01a55fcf
MANIFEST-04103,REC-04103,PKG-04103,PROD-005,ASSET-DCS-001,1.0.0,20264931,RUN-20260828-01a55fcf
MANIFEST-04104,REC-04104,PKG-04104,PROD-003,ASSET-SIS-001,1.0.0,20264932,RUN-20260828-01a55fcf
MANIFEST-04105,REC-04105,PKG-04105,PROD-004,ASSET-OPC-001,1.0.0,20264933,RUN-20260828-01a55fcf
MANIFEST-04106,REC-04106,PKG-04106,PROD-002,ASSET-SIS-001,1.0.0,20264934,RUN-20260828-01a55fcf
MANIFEST-04107,REC-04107,PKG-04107,PROD-001,ASSET-RTU-001,1.0.0,20264935,RUN-20260828-01a55fcf
MANIFEST-04108,REC-04108,PKG-04108,PROD-005,ASSET-PLC-001,1.0.0,20264936,RUN-20260828-01a55fcf
MANIFEST-04109,REC-04109,PKG-04109,PROD-002,ASSET-RTU-001,1.0.0,20264937,RUN-20260828-01a55fcf
MANIFEST-04110,REC-04110,PKG-04110,PROD-003,ASSET-DCS-001,1.0.0,20264938,RUN-20260828-01a55fcf
MANIFEST-04111,REC-04111,PKG-04111,PROD-002,ASSET-OPC-001,1.0.0,20264939,RUN-20260828-01a55fcf
MANIFEST-04112,REC-04112,PKG-04112,PROD-003,ASSET-SIS-001,1.0.0,20264940,RUN-20260828-01a55fcf
MANIFEST-04113,REC-04113,PKG-04113,PROD-005,ASSET-SIS-001,1.0.0,20264941,RUN-20260828-01a55fcf
MANIFEST-04114,REC-04114,PKG-04114,PROD-005,ASSET-OPC-001,1.0.0,20264942,RUN-20260828-01a55fcf
MANIFEST-04115,REC-04115,PKG-04115,PROD-004,ASSET-OPC-001,1.0.0,20264943,RUN-20260828-01a55fcf
MANIFEST-04116,REC-04116,PKG-04116,PROD-003,ASSET-OPC-001,1.0.0,20264944,RUN-20260828-01a55fcf
MANIFEST-04117,REC-04117,PKG-04117,PROD-003,ASSET-RTU-001,1.0.0,20264945,RUN-20260828-01a55fcf
MANIFEST-04118,REC-04118,PKG-04118,PROD-004,ASSET-OPC-001,1.0.0,20264946,RUN-20260828-01a55fcf
MANIFEST-04119,REC-04119,PKG-04119,PROD-003,ASSET-DCS-001,1.0.0,20264947,RUN-20260828-01a55fcf
MANIFEST-04120,REC-04120,PKG-04120,PROD-003,ASSET-RTU-001,1.0.0,20264948,RUN-20260828-01a55fcf
MANIFEST-04121,REC-04121,PKG-04121,PROD-001,ASSET-SIS-001,1.0.0,20264949,RUN-20260828-01a55fcf
MANIFEST-04122,REC-04122,PKG-04122,PROD-003,ASSET-OPC-001,1.0.0,20264950,RUN-20260828-01a55fcf
MANIFEST-04123,REC-04123,PKG-04123,PROD-005,ASSET-PLC-001,1.0.0,20264951,RUN-20260828-01a55fcf
MANIFEST-04124,REC-04124,PKG-04124,PROD-001,ASSET-RTU-001,1.0.0,20264952,RUN-20260828-01a55fcf
MANIFEST-04125,REC-04125,PKG-04125,PROD-003,ASSET-PLC-001,1.0.0,20264953,RUN-20260828-01a55fcf
MANIFEST-04126,REC-04126,PKG-04126,PROD-001,ASSET-RTU-001,1.0.0,20264954,RUN-20260828-01a55fcf
MANIFEST-04127,REC-04127,PKG-04127,PROD-001,ASSET-OPC-001,1.0.0,20264955,RUN-20260828-01a55fcf
MANIFEST-04128,REC-04128,PKG-04128,PROD-002,ASSET-RTU-001,1.0.0,20264956,RUN-20260828-01a55fcf
MANIFEST-04129,REC-04129,PKG-04129,PROD-003,ASSET-DCS-001,1.0.0,20264957,RUN-20260828-01a55fcf
MANIFEST-04130,REC-04130,PKG-04130,PROD-003,ASSET-SIS-001,1.0.0,20264958,RUN-20260828-01a55fcf
MANIFEST-04131,REC-04131,PKG-04131,PROD-005,ASSET-SIS-001,1.0.0,20264959,RUN-20260828-01a55fcf
MANIFEST-04132,REC-04132,PKG-04132,PROD-005,ASSET-SIS-001,1.0.0,20264960,RUN-20260828-01a55fcf
MANIFEST-04133,REC-04133,PKG-04133,PROD-002,ASSET-RTU-001,1.0.0,20264961,RUN-20260828-01a55fcf
MANIFEST-04134,REC-04134,PKG-04134,PROD-005,ASSET-PLC-001,1.0.0,20264962,RUN-20260828-01a55fcf
MANIFEST-04135,REC-04135,PKG-04135,PROD-004,ASSET-PLC-001,1.0.0,20264963,RUN-20260828-01a55fcf
MANIFEST-04136,REC-04136,PKG-04136,PROD-004,ASSET-OPC-001,1.0.0,20264964,RUN-20260828-01a55fcf
MANIFEST-04137,REC-04137,PKG-04137,PROD-005,ASSET-OPC-001,1.0.0,20264965,RUN-20260828-01a55fcf
MANIFEST-04138,REC-04138,PKG-04138,PROD-005,ASSET-SIS-001,1.0.0,20264966,RUN-20260828-01a55fcf
MANIFEST-04139,REC-04139,PKG-04139,PROD-001,ASSET-DCS-001,1.0.0,20264967,RUN-20260828-01a55fcf
MANIFEST-04140,REC-04140,PKG-04140,PROD-005,ASSET-RTU-001,1.0.0,20264968,RUN-20260828-01a55fcf
MANIFEST-04141,REC-04141,PKG-04141,PROD-002,ASSET-RTU-001,1.0.0,20264969,RUN-20260828-01a55fcf
MANIFEST-04142,REC-04142,PKG-04142,PROD-002,ASSET-PLC-001,1.0.0,20264970,RUN-20260828-01a55fcf
MANIFEST-04143,REC-04143,PKG-04143,PROD-002,ASSET-PLC-001,1.0.0,20264971,RUN-20260828-01a55fcf
MANIFEST-04144,REC-04144,PKG-04144,PROD-004,ASSET-PLC-001,1.0.0,20264972,RUN-20260828-01a55fcf
MANIFEST-04145,REC-04145,PKG-04145,PROD-004,ASSET-SIS-001,1.0.0,20264973,RUN-20260828-01a55fcf
MANIFEST-04146,REC-04146,PKG-04146,PROD-004,ASSET-PLC-001,1.0.0,20264974,RUN-20260828-01a55fcf
MANIFEST-04147,REC-04147,PKG-04147,PROD-005,ASSET-DCS-001,1.0.0,20264975,RUN-20260828-01a55fcf
MANIFEST-04148,REC-04148,PKG-04148,PROD-004,ASSET-RTU-001,1.0.0,20264976,RUN-20260828-01a55fcf
MANIFEST-04149,REC-04149,PKG-04149,PROD-001,ASSET-DCS-001,1.0.0,20264977,RUN-20260828-01a55fcf
MANIFEST-04150,REC-04150,PKG-04150,PROD-001,ASSET-SIS-001,1.0.0,20264978,RUN-20260828-01a55fcf
MANIFEST-04151,REC-04151,PKG-04151,PROD-005,ASSET-PLC-001,1.0.0,20264979,RUN-20260828-01a55fcf
MANIFEST-04152,REC-04152,PKG-04152,PROD-001,ASSET-DCS-001,1.0.0,20264980,RUN-20260828-01a55fcf
MANIFEST-04153,REC-04153,PKG-04153,PROD-002,ASSET-SIS-001,1.0.0,20264981,RUN-20260828-01a55fcf
MANIFEST-04154,REC-04154,PKG-04154,PROD-002,ASSET-RTU-001,1.0.0,20264982,RUN-20260828-01a55fcf
MANIFEST-04155,REC-04155,PKG-04155,PROD-001,ASSET-PLC-001,1.0.0,20264983,RUN-20260828-01a55fcf
MANIFEST-04156,REC-04156,PKG-04156,PROD-003,ASSET-PLC-001,1.0.0,20264984,RUN-20260828-01a55fcf
MANIFEST-04157,REC-04157,PKG-04157,PROD-002,ASSET-PLC-001,1.0.0,20264985,RUN-20260828-01a55fcf
MANIFEST-04158,REC-04158,PKG-04158,PROD-002,ASSET-DCS-001,1.0.0,20264986,RUN-20260828-01a55fcf
MANIFEST-04159,REC-04159,PKG-04159,PROD-003,ASSET-DCS-001,1.0.0,20264987,RUN-20260828-01a55fcf
MANIFEST-04160,REC-04160,PKG-04160,PROD-003,ASSET-RTU-001,1.0.0,20264988,RUN-20260828-01a55fcf
MANIFEST-04161,REC-04161,PKG-04161,PROD-004,ASSET-PLC-001,1.0.0,20264989,RUN-20260828-01a55fcf
MANIFEST-04162,REC-04162,PKG-04162,PROD-003,ASSET-DCS-001,1.0.0,20264990,RUN-20260828-01a55fcf
MANIFEST-04163,REC-04163,PKG-04163,PROD-005,ASSET-RTU-001,1.0.0,20264991,RUN-20260828-01a55fcf
MANIFEST-04164,REC-04164,PKG-04164,PROD-003,ASSET-DCS-001,1.0.0,20264992,RUN-20260828-01a55fcf
MANIFEST-04165,REC-04165,PKG-04165,PROD-003,ASSET-RTU-001,1.0.0,20264993,RUN-20260828-01a55fcf
MANIFEST-04166,REC-04166,PKG-04166,PROD-003,ASSET-RTU-001,1.0.0,20264994,RUN-20260828-01a55fcf
MANIFEST-04167,REC-04167,PKG-04167,PROD-002,ASSET-SIS-001,1.0.0,20264995,RUN-20260828-01a55fcf
MANIFEST-04168,REC-04168,PKG-04168,PROD-004,ASSET-DCS-001,1.0.0,20264996,RUN-20260828-01a55fcf
MANIFEST-04169,REC-04169,PKG-04169,PROD-003,ASSET-OPC-001,1.0.0,20264997,RUN-20260828-01a55fcf
MANIFEST-04170,REC-04170,PKG-04170,PROD-001,ASSET-SIS-001,1.0.0,20264998,RUN-20260828-01a55fcf
MANIFEST-04171,REC-04171,PKG-04171,PROD-002,ASSET-PLC-001,1.0.0,20264999,RUN-20260828-01a55fcf
MANIFEST-04172,REC-04172,PKG-04172,PROD-002,ASSET-DCS-001,1.0.0,20265000,RUN-20260828-01a55fcf
MANIFEST-04173,REC-04173,PKG-04173,PROD-002,ASSET-PLC-001,1.0.0,20265001,RUN-20260828-01a55fcf
MANIFEST-04174,REC-04174,PKG-04174,PROD-005,ASSET-RTU-001,1.0.0,20265002,RUN-20260828-01a55fcf
MANIFEST-04175,REC-04175,PKG-04175,PROD-003,ASSET-OPC-001,1.0.0,20265003,RUN-20260828-01a55fcf
MANIFEST-04176,REC-04176,PKG-04176,PROD-004,ASSET-RTU-001,1.0.0,20265004,RUN-20260828-01a55fcf
MANIFEST-04177,REC-04177,PKG-04177,PROD-002,ASSET-RTU-001,1.0.0,20265005,RUN-20260828-01a55fcf
MANIFEST-04178,REC-04178,PKG-04178,PROD-005,ASSET-RTU-001,1.0.0,20265006,RUN-20260828-01a55fcf
MANIFEST-04179,REC-04179,PKG-04179,PROD-005,ASSET-OPC-001,1.0.0,20265007,RUN-20260828-01a55fcf
MANIFEST-04180,REC-04180,PKG-04180,PROD-002,ASSET-RTU-001,1.0.0,20265008,RUN-20260828-01a55fcf
MANIFEST-04181,REC-04181,PKG-04181,PROD-004,ASSET-DCS-001,1.0.0,20265009,RUN-20260828-01a55fcf
MANIFEST-04182,REC-04182,PKG-04182,PROD-003,ASSET-OPC-001,1.0.0,20265010,RUN-20260828-01a55fcf
MANIFEST-04183,REC-04183,PKG-04183,PROD-003,ASSET-OPC-001,1.0.0,20265011,RUN-20260828-01a55fcf
MANIFEST-04184,REC-04184,PKG-04184,PROD-005,ASSET-DCS-001,1.0.0,20265012,RUN-20260828-01a55fcf
MANIFEST-04185,REC-04185,PKG-04185,PROD-001,ASSET-DCS-001,1.0.0,20265013,RUN-20260828-01a55fcf
MANIFEST-04186,REC-04186,PKG-04186,PROD-001,ASSET-RTU-001,1.0.0,20265014,RUN-20260828-01a55fcf
MANIFEST-04187,REC-04187,PKG-04187,PROD-005,ASSET-PLC-001,1.0.0,20265015,RUN-20260828-01a55fcf
MANIFEST-04188,REC-04188,PKG-04188,PROD-003,ASSET-DCS-001,1.0.0,20265016,RUN-20260828-01a55fcf
MANIFEST-04189,REC-04189,PKG-04189,PROD-003,ASSET-DCS-001,1.0.0,20265017,RUN-20260828-01a55fcf
MANIFEST-04190,REC-04190,PKG-04190,PROD-005,ASSET-PLC-001,1.0.0,20265018,RUN-20260828-01a55fcf
MANIFEST-04191,REC-04191,PKG-04191,PROD-002,ASSET-SIS-001,1.0.0,20265019,RUN-20260828-01a55fcf
MANIFEST-04192,REC-04192,PKG-04192,PROD-001,ASSET-SIS-001,1.0.0,20265020,RUN-20260828-01a55fcf
MANIFEST-04193,REC-04193,PKG-04193,PROD-003,ASSET-RTU-001,1.0.0,20265021,RUN-20260828-01a55fcf
MANIFEST-04194,REC-04194,PKG-04194,PROD-002,ASSET-DCS-001,1.0.0,20265022,RUN-20260828-01a55fcf
MANIFEST-04195,REC-04195,PKG-04195,PROD-001,ASSET-OPC-001,1.0.0,20265023,RUN-20260828-01a55fcf
MANIFEST-04196,REC-04196,PKG-04196,PROD-003,ASSET-SIS-001,1.0.0,20265024,RUN-20260828-01a55fcf
MANIFEST-04197,REC-04197,PKG-04197,PROD-001,ASSET-RTU-001,1.0.0,20265025,RUN-20260828-01a55fcf
MANIFEST-04198,REC-04198,PKG-04198,PROD-001,ASSET-OPC-001,1.0.0,20265026,RUN-20260828-01a55fcf
MANIFEST-04199,REC-04199,PKG-04199,PROD-005,ASSET-PLC-001,1.0.0,20265027,RUN-20260828-01a55fcf
MANIFEST-04200,REC-04200,PKG-04200,PROD-005,ASSET-PLC-001,1.0.0,20265028,RUN-20260828-01a55fcf
MANIFEST-04201,REC-04201,PKG-04201,PROD-004,ASSET-RTU-001,1.0.0,20265029,RUN-20260828-01a55fcf
MANIFEST-04202,REC-04202,PKG-04202,PROD-002,ASSET-RTU-001,1.0.0,20265030,RUN-20260828-01a55fcf
MANIFEST-04203,REC-04203,PKG-04203,PROD-005,ASSET-OPC-001,1.0.0,20265031,RUN-20260828-01a55fcf
MANIFEST-04204,REC-04204,PKG-04204,PROD-001,ASSET-PLC-001,1.0.0,20265032,RUN-20260828-01a55fcf
MANIFEST-04205,REC-04205,PKG-04205,PROD-005,ASSET-SIS-001,1.0.0,20265033,RUN-20260828-01a55fcf
MANIFEST-04206,REC-04206,PKG-04206,PROD-002,ASSET-RTU-001,1.0.0,20265034,RUN-20260828-01a55fcf
MANIFEST-04207,REC-04207,PKG-04207,PROD-005,ASSET-RTU-001,1.0.0,20265035,RUN-20260828-01a55fcf
MANIFEST-04208,REC-04208,PKG-04208,PROD-003,ASSET-SIS-001,1.0.0,20265036,RUN-20260828-01a55fcf
MANIFEST-04209,REC-04209,PKG-04209,PROD-004,ASSET-PLC-001,1.0.0,20265037,RUN-20260828-01a55fcf
MANIFEST-04210,REC-04210,PKG-04210,PROD-005,ASSET-SIS-001,1.0.0,20265038,RUN-20260828-01a55fcf
MANIFEST-04211,REC-04211,PKG-04211,PROD-005,ASSET-SIS-001,1.0.0,20265039,RUN-20260828-01a55fcf
MANIFEST-04212,REC-04212,PKG-04212,PROD-005,ASSET-DCS-001,1.0.0,20265040,RUN-20260828-01a55fcf
MANIFEST-04213,REC-04213,PKG-04213,PROD-003,ASSET-PLC-001,1.0.0,20265041,RUN-20260828-01a55fcf
MANIFEST-04214,REC-04214,PKG-04214,PROD-002,ASSET-PLC-001,1.0.0,20265042,RUN-20260828-01a55fcf
MANIFEST-04215,REC-04215,PKG-04215,PROD-004,ASSET-PLC-001,1.0.0,20265043,RUN-20260828-01a55fcf
MANIFEST-04216,REC-04216,PKG-04216,PROD-003,ASSET-OPC-001,1.0.0,20265044,RUN-20260828-01a55fcf
MANIFEST-04217,REC-04217,PKG-04217,PROD-001,ASSET-SIS-001,1.0.0,20265045,RUN-20260828-01a55fcf
MANIFEST-04218,REC-04218,PKG-04218,PROD-003,ASSET-PLC-001,1.0.0,20265046,RUN-20260828-01a55fcf
MANIFEST-04219,REC-04219,PKG-04219,PROD-002,ASSET-OPC-001,1.0.0,20265047,RUN-20260828-01a55fcf
MANIFEST-04220,REC-04220,PKG-04220,PROD-005,ASSET-SIS-001,1.0.0,20265048,RUN-20260828-01a55fcf
MANIFEST-04221,REC-04221,PKG-04221,PROD-005,ASSET-OPC-001,1.0.0,20265049,RUN-20260828-01a55fcf
MANIFEST-04222,REC-04222,PKG-04222,PROD-001,ASSET-PLC-001,1.0.0,20265050,RUN-20260828-01a55fcf
MANIFEST-04223,REC-04223,PKG-04223,PROD-005,ASSET-RTU-001,1.0.0,20265051,RUN-20260828-01a55fcf
MANIFEST-04224,REC-04224,PKG-04224,PROD-005,ASSET-DCS-001,1.0.0,20265052,RUN-20260828-01a55fcf
MANIFEST-04225,REC-04225,PKG-04225,PROD-005,ASSET-RTU-001,1.0.0,20265053,RUN-20260828-01a55fcf
MANIFEST-04226,REC-04226,PKG-04226,PROD-002,ASSET-SIS-001,1.0.0,20265054,RUN-20260828-01a55fcf
MANIFEST-04227,REC-04227,PKG-04227,PROD-002,ASSET-RTU-001,1.0.0,20265055,RUN-20260828-01a55fcf
MANIFEST-04228,REC-04228,PKG-04228,PROD-003,ASSET-RTU-001,1.0.0,20265056,RUN-20260828-01a55fcf
MANIFEST-04229,REC-04229,PKG-04229,PROD-004,ASSET-PLC-001,1.0.0,20265057,RUN-20260828-01a55fcf
MANIFEST-04230,REC-04230,PKG-04230,PROD-002,ASSET-RTU-001,1.0.0,20265058,RUN-20260828-01a55fcf
MANIFEST-04231,REC-04231,PKG-04231,PROD-004,ASSET-OPC-001,1.0.0,20265059,RUN-20260828-01a55fcf
MANIFEST-04232,REC-04232,PKG-04232,PROD-001,ASSET-DCS-001,1.0.0,20265060,RUN-20260828-01a55fcf
MANIFEST-04233,REC-04233,PKG-04233,PROD-002,ASSET-RTU-001,1.0.0,20265061,RUN-20260828-01a55fcf
MANIFEST-04234,REC-04234,PKG-04234,PROD-003,ASSET-SIS-001,1.0.0,20265062,RUN-20260828-01a55fcf
MANIFEST-04235,REC-04235,PKG-04235,PROD-003,ASSET-PLC-001,1.0.0,20265063,RUN-20260828-01a55fcf
MANIFEST-04236,REC-04236,PKG-04236,PROD-002,ASSET-SIS-001,1.0.0,20265064,RUN-20260828-01a55fcf
MANIFEST-04237,REC-04237,PKG-04237,PROD-001,ASSET-PLC-001,1.0.0,20265065,RUN-20260828-01a55fcf
MANIFEST-04238,REC-04238,PKG-04238,PROD-001,ASSET-DCS-001,1.0.0,20265066,RUN-20260828-01a55fcf
MANIFEST-04239,REC-04239,PKG-04239,PROD-005,ASSET-RTU-001,1.0.0,20265067,RUN-20260828-01a55fcf
MANIFEST-04240,REC-04240,PKG-04240,PROD-005,ASSET-DCS-001,1.0.0,20265068,RUN-20260828-01a55fcf
MANIFEST-04241,REC-04241,PKG-04241,PROD-001,ASSET-PLC-001,1.0.0,20265069,RUN-20260828-01a55fcf
MANIFEST-04242,REC-04242,PKG-04242,PROD-005,ASSET-OPC-001,1.0.0,20265070,RUN-20260828-01a55fcf
MANIFEST-04243,REC-04243,PKG-04243,PROD-002,ASSET-DCS-001,1.0.0,20265071,RUN-20260828-01a55fcf
MANIFEST-04244,REC-04244,PKG-04244,PROD-003,ASSET-DCS-001,1.0.0,20265072,RUN-20260828-01a55fcf
MANIFEST-04245,REC-04245,PKG-04245,PROD-005,ASSET-OPC-001,1.0.0,20265073,RUN-20260828-01a55fcf
MANIFEST-04246,REC-04246,PKG-04246,PROD-005,ASSET-SIS-001,1.0.0,20265074,RUN-20260828-01a55fcf
MANIFEST-04247,REC-04247,PKG-04247,PROD-003,ASSET-OPC-001,1.0.0,20265075,RUN-20260828-01a55fcf
MANIFEST-04248,REC-04248,PKG-04248,PROD-005,ASSET-RTU-001,1.0.0,20265076,RUN-20260828-01a55fcf
MANIFEST-04249,REC-04249,PKG-04249,PROD-001,ASSET-DCS-001,1.0.0,20265077,RUN-20260828-01a55fcf
MANIFEST-04250,REC-04250,PKG-04250,PROD-003,ASSET-RTU-001,1.0.0,20265078,RUN-20260828-01a55fcf
MANIFEST-04251,REC-04251,PKG-04251,PROD-004,ASSET-DCS-001,1.0.0,20265079,RUN-20260828-01a55fcf
MANIFEST-04252,REC-04252,PKG-04252,PROD-003,ASSET-PLC-001,1.0.0,20265080,RUN-20260828-01a55fcf
MANIFEST-04253,REC-04253,PKG-04253,PROD-004,ASSET-SIS-001,1.0.0,20265081,RUN-20260828-01a55fcf
MANIFEST-04254,REC-04254,PKG-04254,PROD-003,ASSET-DCS-001,1.0.0,20265082,RUN-20260828-01a55fcf
MANIFEST-04255,REC-04255,PKG-04255,PROD-004,ASSET-PLC-001,1.0.0,20265083,RUN-20260828-01a55fcf
MANIFEST-04256,REC-04256,PKG-04256,PROD-003,ASSET-OPC-001,1.0.0,20265084,RUN-20260828-01a55fcf
MANIFEST-04257,REC-04257,PKG-04257,PROD-004,ASSET-OPC-001,1.0.0,20265085,RUN-20260828-01a55fcf
MANIFEST-04258,REC-04258,PKG-04258,PROD-003,ASSET-PLC-001,1.0.0,20265086,RUN-20260828-01a55fcf
MANIFEST-04259,REC-04259,PKG-04259,PROD-003,ASSET-RTU-001,1.0.0,20265087,RUN-20260828-01a55fcf
MANIFEST-04260,REC-04260,PKG-04260,PROD-002,ASSET-SIS-001,1.0.0,20265088,RUN-20260828-01a55fcf
MANIFEST-04261,REC-04261,PKG-04261,PROD-005,ASSET-PLC-001,1.0.0,20265089,RUN-20260828-01a55fcf
MANIFEST-04262,REC-04262,PKG-04262,PROD-003,ASSET-SIS-001,1.0.0,20265090,RUN-20260828-01a55fcf
MANIFEST-04263,REC-04263,PKG-04263,PROD-004,ASSET-SIS-001,1.0.0,20265091,RUN-20260828-01a55fcf
MANIFEST-04264,REC-04264,PKG-04264,PROD-003,ASSET-RTU-001,1.0.0,20265092,RUN-20260828-01a55fcf
MANIFEST-04265,REC-04265,PKG-04265,PROD-004,ASSET-SIS-001,1.0.0,20265093,RUN-20260828-01a55fcf
MANIFEST-04266,REC-04266,PKG-04266,PROD-003,ASSET-SIS-001,1.0.0,20265094,RUN-20260828-01a55fcf
MANIFEST-04267,REC-04267,PKG-04267,PROD-001,ASSET-PLC-001,1.0.0,20265095,RUN-20260828-01a55fcf
MANIFEST-04268,REC-04268,PKG-04268,PROD-001,ASSET-RTU-001,1.0.0,20265096,RUN-20260828-01a55fcf
MANIFEST-04269,REC-04269,PKG-04269,PROD-005,ASSET-DCS-001,1.0.0,20265097,RUN-20260828-01a55fcf
MANIFEST-04270,REC-04270,PKG-04270,PROD-004,ASSET-RTU-001,1.0.0,20265098,RUN-20260828-01a55fcf
MANIFEST-04271,REC-04271,PKG-04271,PROD-003,ASSET-PLC-001,1.0.0,20265099,RUN-20260828-01a55fcf
MANIFEST-04272,REC-04272,PKG-04272,PROD-002,ASSET-SIS-001,1.0.0,20265100,RUN-20260828-01a55fcf
MANIFEST-04273,REC-04273,PKG-04273,PROD-005,ASSET-SIS-001,1.0.0,20265101,RUN-20260828-01a55fcf
MANIFEST-04274,REC-04274,PKG-04274,PROD-005,ASSET-RTU-001,1.0.0,20265102,RUN-20260828-01a55fcf
MANIFEST-04275,REC-04275,PKG-04275,PROD-004,ASSET-RTU-001,1.0.0,20265103,RUN-20260828-01a55fcf
MANIFEST-04276,REC-04276,PKG-04276,PROD-001,ASSET-RTU-001,1.0.0,20265104,RUN-20260828-01a55fcf
MANIFEST-04277,REC-04277,PKG-04277,PROD-005,ASSET-PLC-001,1.0.0,20265105,RUN-20260828-01a55fcf
MANIFEST-04278,REC-04278,PKG-04278,PROD-002,ASSET-RTU-001,1.0.0,20265106,RUN-20260828-01a55fcf
MANIFEST-04279,REC-04279,PKG-04279,PROD-005,ASSET-SIS-001,1.0.0,20265107,RUN-20260828-01a55fcf
MANIFEST-04280,REC-04280,PKG-04280,PROD-003,ASSET-SIS-001,1.0.0,20265108,RUN-20260828-01a55fcf
MANIFEST-04281,REC-04281,PKG-04281,PROD-004,ASSET-SIS-001,1.0.0,20265109,RUN-20260828-01a55fcf
MANIFEST-04282,REC-04282,PKG-04282,PROD-004,ASSET-SIS-001,1.0.0,20265110,RUN-20260828-01a55fcf
MANIFEST-04283,REC-04283,PKG-04283,PROD-001,ASSET-RTU-001,1.0.0,20265111,RUN-20260828-01a55fcf
MANIFEST-04284,REC-04284,PKG-04284,PROD-001,ASSET-PLC-001,1.0.0,20265112,RUN-20260828-01a55fcf
MANIFEST-04285,REC-04285,PKG-04285,PROD-002,ASSET-OPC-001,1.0.0,20265113,RUN-20260828-01a55fcf
MANIFEST-04286,REC-04286,PKG-04286,PROD-005,ASSET-RTU-001,1.0.0,20265114,RUN-20260828-01a55fcf
MANIFEST-04287,REC-04287,PKG-04287,PROD-004,ASSET-RTU-001,1.0.0,20265115,RUN-20260828-01a55fcf
MANIFEST-04288,REC-04288,PKG-04288,PROD-004,ASSET-DCS-001,1.0.0,20265116,RUN-20260828-01a55fcf
MANIFEST-04289,REC-04289,PKG-04289,PROD-002,ASSET-SIS-001,1.0.0,20265117,RUN-20260828-01a55fcf
MANIFEST-04290,REC-04290,PKG-04290,PROD-004,ASSET-DCS-001,1.0.0,20265118,RUN-20260828-01a55fcf
MANIFEST-04291,REC-04291,PKG-04291,PROD-001,ASSET-DCS-001,1.0.0,20265119,RUN-20260828-01a55fcf
MANIFEST-04292,REC-04292,PKG-04292,PROD-005,ASSET-SIS-001,1.0.0,20265120,RUN-20260828-01a55fcf
MANIFEST-04293,REC-04293,PKG-04293,PROD-005,ASSET-OPC-001,1.0.0,20265121,RUN-20260828-01a55fcf
MANIFEST-04294,REC-04294,PKG-04294,PROD-003,ASSET-RTU-001,1.0.0,20265122,RUN-20260828-01a55fcf
MANIFEST-04295,REC-04295,PKG-04295,PROD-005,ASSET-PLC-001,1.0.0,20265123,RUN-20260828-01a55fcf
MANIFEST-04296,REC-04296,PKG-04296,PROD-001,ASSET-SIS-001,1.0.0,20265124,RUN-20260828-01a55fcf
MANIFEST-04297,REC-04297,PKG-04297,PROD-002,ASSET-OPC-001,1.0.0,20265125,RUN-20260828-01a55fcf
MANIFEST-04298,REC-04298,PKG-04298,PROD-003,ASSET-RTU-001,1.0.0,20265126,RUN-20260828-01a55fcf
MANIFEST-04299,REC-04299,PKG-04299,PROD-005,ASSET-PLC-001,1.0.0,20265127,RUN-20260828-01a55fcf
MANIFEST-04300,REC-04300,PKG-04300,PROD-004,ASSET-SIS-001,1.0.0,20265128,RUN-20260828-01a55fcf
MANIFEST-04301,REC-04301,PKG-04301,PROD-004,ASSET-PLC-001,1.0.0,20265129,RUN-20260828-01a55fcf
MANIFEST-04302,REC-04302,PKG-04302,PROD-005,ASSET-OPC-001,1.0.0,20265130,RUN-20260828-01a55fcf
MANIFEST-04303,REC-04303,PKG-04303,PROD-001,ASSET-PLC-001,1.0.0,20265131,RUN-20260828-01a55fcf
MANIFEST-04304,REC-04304,PKG-04304,PROD-005,ASSET-SIS-001,1.0.0,20265132,RUN-20260828-01a55fcf
MANIFEST-04305,REC-04305,PKG-04305,PROD-002,ASSET-PLC-001,1.0.0,20265133,RUN-20260828-01a55fcf
MANIFEST-04306,REC-04306,PKG-04306,PROD-001,ASSET-OPC-001,1.0.0,20265134,RUN-20260828-01a55fcf
MANIFEST-04307,REC-04307,PKG-04307,PROD-003,ASSET-SIS-001,1.0.0,20265135,RUN-20260828-01a55fcf
MANIFEST-04308,REC-04308,PKG-04308,PROD-005,ASSET-DCS-001,1.0.0,20265136,RUN-20260828-01a55fcf
MANIFEST-04309,REC-04309,PKG-04309,PROD-002,ASSET-PLC-001,1.0.0,20265137,RUN-20260828-01a55fcf
MANIFEST-04310,REC-04310,PKG-04310,PROD-003,ASSET-SIS-001,1.0.0,20265138,RUN-20260828-01a55fcf
MANIFEST-04311,REC-04311,PKG-04311,PROD-002,ASSET-RTU-001,1.0.0,20265139,RUN-20260828-01a55fcf
MANIFEST-04312,REC-04312,PKG-04312,PROD-002,ASSET-PLC-001,1.0.0,20265140,RUN-20260828-01a55fcf
MANIFEST-04313,REC-04313,PKG-04313,PROD-002,ASSET-PLC-001,1.0.0,20265141,RUN-20260828-01a55fcf
MANIFEST-04314,REC-04314,PKG-04314,PROD-005,ASSET-OPC-001,1.0.0,20265142,RUN-20260828-01a55fcf
MANIFEST-04315,REC-04315,PKG-04315,PROD-004,ASSET-SIS-001,1.0.0,20265143,RUN-20260828-01a55fcf
MANIFEST-04316,REC-04316,PKG-04316,PROD-002,ASSET-PLC-001,1.0.0,20265144,RUN-20260828-01a55fcf
MANIFEST-04317,REC-04317,PKG-04317,PROD-002,ASSET-RTU-001,1.0.0,20265145,RUN-20260828-01a55fcf
MANIFEST-04318,REC-04318,PKG-04318,PROD-005,ASSET-OPC-001,1.0.0,20265146,RUN-20260828-01a55fcf
MANIFEST-04319,REC-04319,PKG-04319,PROD-002,ASSET-SIS-001,1.0.0,20265147,RUN-20260828-01a55fcf
MANIFEST-04320,REC-04320,PKG-04320,PROD-001,ASSET-SIS-001,1.0.0,20265148,RUN-20260828-01a55fcf
MANIFEST-04321,REC-04321,PKG-04321,PROD-001,ASSET-PLC-001,1.0.0,20265149,RUN-20260828-01a55fcf
MANIFEST-04322,REC-04322,PKG-04322,PROD-003,ASSET-DCS-001,1.0.0,20265150,RUN-20260828-01a55fcf
MANIFEST-04323,REC-04323,PKG-04323,PROD-002,ASSET-DCS-001,1.0.0,20265151,RUN-20260828-01a55fcf
MANIFEST-04324,REC-04324,PKG-04324,PROD-005,ASSET-OPC-001,1.0.0,20265152,RUN-20260828-01a55fcf
MANIFEST-04325,REC-04325,PKG-04325,PROD-001,ASSET-PLC-001,1.0.0,20265153,RUN-20260828-01a55fcf
MANIFEST-04326,REC-04326,PKG-04326,PROD-001,ASSET-RTU-001,1.0.0,20265154,RUN-20260828-01a55fcf
MANIFEST-04327,REC-04327,PKG-04327,PROD-005,ASSET-SIS-001,1.0.0,20265155,RUN-20260828-01a55fcf
MANIFEST-04328,REC-04328,PKG-04328,PROD-004,ASSET-SIS-001,1.0.0,20265156,RUN-20260828-01a55fcf
MANIFEST-04329,REC-04329,PKG-04329,PROD-005,ASSET-DCS-001,1.0.0,20265157,RUN-20260828-01a55fcf
MANIFEST-04330,REC-04330,PKG-04330,PROD-002,ASSET-DCS-001,1.0.0,20265158,RUN-20260828-01a55fcf
MANIFEST-04331,REC-04331,PKG-04331,PROD-002,ASSET-SIS-001,1.0.0,20265159,RUN-20260828-01a55fcf
MANIFEST-04332,REC-04332,PKG-04332,PROD-002,ASSET-OPC-001,1.0.0,20265160,RUN-20260828-01a55fcf
MANIFEST-04333,REC-04333,PKG-04333,PROD-005,ASSET-RTU-001,1.0.0,20265161,RUN-20260828-01a55fcf
MANIFEST-04334,REC-04334,PKG-04334,PROD-005,ASSET-SIS-001,1.0.0,20265162,RUN-20260828-01a55fcf
MANIFEST-04335,REC-04335,PKG-04335,PROD-002,ASSET-SIS-001,1.0.0,20265163,RUN-20260828-01a55fcf
MANIFEST-04336,REC-04336,PKG-04336,PROD-003,ASSET-SIS-001,1.0.0,20265164,RUN-20260828-01a55fcf
MANIFEST-04337,REC-04337,PKG-04337,PROD-001,ASSET-DCS-001,1.0.0,20265165,RUN-20260828-01a55fcf
MANIFEST-04338,REC-04338,PKG-04338,PROD-004,ASSET-DCS-001,1.0.0,20265166,RUN-20260828-01a55fcf
MANIFEST-04339,REC-04339,PKG-04339,PROD-003,ASSET-DCS-001,1.0.0,20265167,RUN-20260828-01a55fcf
MANIFEST-04340,REC-04340,PKG-04340,PROD-004,ASSET-RTU-001,1.0.0,20265168,RUN-20260828-01a55fcf
MANIFEST-04341,REC-04341,PKG-04341,PROD-002,ASSET-SIS-001,1.0.0,20265169,RUN-20260828-01a55fcf
MANIFEST-04342,REC-04342,PKG-04342,PROD-001,ASSET-OPC-001,1.0.0,20265170,RUN-20260828-01a55fcf
MANIFEST-04343,REC-04343,PKG-04343,PROD-004,ASSET-OPC-001,1.0.0,20265171,RUN-20260828-01a55fcf
MANIFEST-04344,REC-04344,PKG-04344,PROD-004,ASSET-DCS-001,1.0.0,20265172,RUN-20260828-01a55fcf
MANIFEST-04345,REC-04345,PKG-04345,PROD-004,ASSET-PLC-001,1.0.0,20265173,RUN-20260828-01a55fcf
MANIFEST-04346,REC-04346,PKG-04346,PROD-004,ASSET-OPC-001,1.0.0,20265174,RUN-20260828-01a55fcf
MANIFEST-04347,REC-04347,PKG-04347,PROD-004,ASSET-SIS-001,1.0.0,20265175,RUN-20260828-01a55fcf
MANIFEST-04348,REC-04348,PKG-04348,PROD-003,ASSET-DCS-001,1.0.0,20265176,RUN-20260828-01a55fcf
MANIFEST-04349,REC-04349,PKG-04349,PROD-001,ASSET-DCS-001,1.0.0,20265177,RUN-20260828-01a55fcf
MANIFEST-04350,REC-04350,PKG-04350,PROD-004,ASSET-OPC-001,1.0.0,20265178,RUN-20260828-01a55fcf
MANIFEST-04351,REC-04351,PKG-04351,PROD-004,ASSET-DCS-001,1.0.0,20265179,RUN-20260828-01a55fcf
MANIFEST-04352,REC-04352,PKG-04352,PROD-004,ASSET-RTU-001,1.0.0,20265180,RUN-20260828-01a55fcf
MANIFEST-04353,REC-04353,PKG-04353,PROD-005,ASSET-OPC-001,1.0.0,20265181,RUN-20260828-01a55fcf
MANIFEST-04354,REC-04354,PKG-04354,PROD-001,ASSET-RTU-001,1.0.0,20265182,RUN-20260828-01a55fcf
MANIFEST-04355,REC-04355,PKG-04355,PROD-004,ASSET-PLC-001,1.0.0,20265183,RUN-20260828-01a55fcf
MANIFEST-04356,REC-04356,PKG-04356,PROD-004,ASSET-DCS-001,1.0.0,20265184,RUN-20260828-01a55fcf
MANIFEST-04357,REC-04357,PKG-04357,PROD-004,ASSET-DCS-001,1.0.0,20265185,RUN-20260828-01a55fcf
MANIFEST-04358,REC-04358,PKG-04358,PROD-003,ASSET-DCS-001,1.0.0,20265186,RUN-20260828-01a55fcf
MANIFEST-04359,REC-04359,PKG-04359,PROD-001,ASSET-SIS-001,1.0.0,20265187,RUN-20260828-01a55fcf
MANIFEST-04360,REC-04360,PKG-04360,PROD-002,ASSET-OPC-001,1.0.0,20265188,RUN-20260828-01a55fcf
MANIFEST-04361,REC-04361,PKG-04361,PROD-005,ASSET-SIS-001,1.0.0,20265189,RUN-20260828-01a55fcf
MANIFEST-04362,REC-04362,PKG-04362,PROD-003,ASSET-PLC-001,1.0.0,20265190,RUN-20260828-01a55fcf
MANIFEST-04363,REC-04363,PKG-04363,PROD-004,ASSET-PLC-001,1.0.0,20265191,RUN-20260828-01a55fcf
MANIFEST-04364,REC-04364,PKG-04364,PROD-002,ASSET-DCS-001,1.0.0,20265192,RUN-20260828-01a55fcf
MANIFEST-04365,REC-04365,PKG-04365,PROD-002,ASSET-PLC-001,1.0.0,20265193,RUN-20260828-01a55fcf
MANIFEST-04366,REC-04366,PKG-04366,PROD-003,ASSET-DCS-001,1.0.0,20265194,RUN-20260828-01a55fcf
MANIFEST-04367,REC-04367,PKG-04367,PROD-004,ASSET-OPC-001,1.0.0,20265195,RUN-20260828-01a55fcf
MANIFEST-04368,REC-04368,PKG-04368,PROD-002,ASSET-SIS-001,1.0.0,20265196,RUN-20260828-01a55fcf
MANIFEST-04369,REC-04369,PKG-04369,PROD-005,ASSET-RTU-001,1.0.0,20265197,RUN-20260828-01a55fcf
MANIFEST-04370,REC-04370,PKG-04370,PROD-002,ASSET-DCS-001,1.0.0,20265198,RUN-20260828-01a55fcf
MANIFEST-04371,REC-04371,PKG-04371,PROD-002,ASSET-PLC-001,1.0.0,20265199,RUN-20260828-01a55fcf
MANIFEST-04372,REC-04372,PKG-04372,PROD-001,ASSET-SIS-001,1.0.0,20265200,RUN-20260828-01a55fcf
MANIFEST-04373,REC-04373,PKG-04373,PROD-004,ASSET-DCS-001,1.0.0,20265201,RUN-20260828-01a55fcf
MANIFEST-04374,REC-04374,PKG-04374,PROD-002,ASSET-OPC-001,1.0.0,20265202,RUN-20260828-01a55fcf
MANIFEST-04375,REC-04375,PKG-04375,PROD-005,ASSET-DCS-001,1.0.0,20265203,RUN-20260828-01a55fcf
MANIFEST-04376,REC-04376,PKG-04376,PROD-001,ASSET-PLC-001,1.0.0,20265204,RUN-20260828-01a55fcf
MANIFEST-04377,REC-04377,PKG-04377,PROD-005,ASSET-PLC-001,1.0.0,20265205,RUN-20260828-01a55fcf
MANIFEST-04378,REC-04378,PKG-04378,PROD-004,ASSET-RTU-001,1.0.0,20265206,RUN-20260828-01a55fcf
MANIFEST-04379,REC-04379,PKG-04379,PROD-004,ASSET-SIS-001,1.0.0,20265207,RUN-20260828-01a55fcf
MANIFEST-04380,REC-04380,PKG-04380,PROD-001,ASSET-DCS-001,1.0.0,20265208,RUN-20260828-01a55fcf
MANIFEST-04381,REC-04381,PKG-04381,PROD-002,ASSET-PLC-001,1.0.0,20265209,RUN-20260828-01a55fcf
MANIFEST-04382,REC-04382,PKG-04382,PROD-003,ASSET-OPC-001,1.0.0,20265210,RUN-20260828-01a55fcf
MANIFEST-04383,REC-04383,PKG-04383,PROD-002,ASSET-SIS-001,1.0.0,20265211,RUN-20260828-01a55fcf
MANIFEST-04384,REC-04384,PKG-04384,PROD-003,ASSET-SIS-001,1.0.0,20265212,RUN-20260828-01a55fcf
MANIFEST-04385,REC-04385,PKG-04385,PROD-004,ASSET-PLC-001,1.0.0,20265213,RUN-20260828-01a55fcf
MANIFEST-04386,REC-04386,PKG-04386,PROD-001,ASSET-RTU-001,1.0.0,20265214,RUN-20260828-01a55fcf
MANIFEST-04387,REC-04387,PKG-04387,PROD-003,ASSET-RTU-001,1.0.0,20265215,RUN-20260828-01a55fcf
MANIFEST-04388,REC-04388,PKG-04388,PROD-005,ASSET-PLC-001,1.0.0,20265216,RUN-20260828-01a55fcf
MANIFEST-04389,REC-04389,PKG-04389,PROD-003,ASSET-PLC-001,1.0.0,20265217,RUN-20260828-01a55fcf
MANIFEST-04390,REC-04390,PKG-04390,PROD-003,ASSET-SIS-001,1.0.0,20265218,RUN-20260828-01a55fcf
MANIFEST-04391,REC-04391,PKG-04391,PROD-003,ASSET-SIS-001,1.0.0,20265219,RUN-20260828-01a55fcf
MANIFEST-04392,REC-04392,PKG-04392,PROD-005,ASSET-SIS-001,1.0.0,20265220,RUN-20260828-01a55fcf
MANIFEST-04393,REC-04393,PKG-04393,PROD-002,ASSET-DCS-001,1.0.0,20265221,RUN-20260828-01a55fcf
MANIFEST-04394,REC-04394,PKG-04394,PROD-001,ASSET-OPC-001,1.0.0,20265222,RUN-20260828-01a55fcf
MANIFEST-04395,REC-04395,PKG-04395,PROD-002,ASSET-PLC-001,1.0.0,20265223,RUN-20260828-01a55fcf
MANIFEST-04396,REC-04396,PKG-04396,PROD-004,ASSET-OPC-001,1.0.0,20265224,RUN-20260828-01a55fcf
MANIFEST-04397,REC-04397,PKG-04397,PROD-002,ASSET-OPC-001,1.0.0,20265225,RUN-20260828-01a55fcf
MANIFEST-04398,REC-04398,PKG-04398,PROD-004,ASSET-PLC-001,1.0.0,20265226,RUN-20260828-01a55fcf
MANIFEST-04399,REC-04399,PKG-04399,PROD-001,ASSET-SIS-001,1.0.0,20265227,RUN-20260828-01a55fcf
MANIFEST-04400,REC-04400,PKG-04400,PROD-004,ASSET-SIS-001,1.0.0,20265228,RUN-20260828-01a55fcf
MANIFEST-04401,REC-04401,PKG-04401,PROD-003,ASSET-PLC-001,1.0.0,20265229,RUN-20260828-01a55fcf
MANIFEST-04402,REC-04402,PKG-04402,PROD-001,ASSET-SIS-001,1.0.0,20265230,RUN-20260828-01a55fcf
MANIFEST-04403,REC-04403,PKG-04403,PROD-001,ASSET-PLC-001,1.0.0,20265231,RUN-20260828-01a55fcf
MANIFEST-04404,REC-04404,PKG-04404,PROD-005,ASSET-PLC-001,1.0.0,20265232,RUN-20260828-01a55fcf
MANIFEST-04405,REC-04405,PKG-04405,PROD-005,ASSET-DCS-001,1.0.0,20265233,RUN-20260828-01a55fcf
MANIFEST-04406,REC-04406,PKG-04406,PROD-002,ASSET-OPC-001,1.0.0,20265234,RUN-20260828-01a55fcf
MANIFEST-04407,REC-04407,PKG-04407,PROD-005,ASSET-DCS-001,1.0.0,20265235,RUN-20260828-01a55fcf
MANIFEST-04408,REC-04408,PKG-04408,PROD-002,ASSET-RTU-001,1.0.0,20265236,RUN-20260828-01a55fcf
MANIFEST-04409,REC-04409,PKG-04409,PROD-005,ASSET-OPC-001,1.0.0,20265237,RUN-20260828-01a55fcf
MANIFEST-04410,REC-04410,PKG-04410,PROD-004,ASSET-DCS-001,1.0.0,20265238,RUN-20260828-01a55fcf
MANIFEST-04411,REC-04411,PKG-04411,PROD-003,ASSET-DCS-001,1.0.0,20265239,RUN-20260828-01a55fcf
MANIFEST-04412,REC-04412,PKG-04412,PROD-003,ASSET-RTU-001,1.0.0,20265240,RUN-20260828-01a55fcf
MANIFEST-04413,REC-04413,PKG-04413,PROD-002,ASSET-OPC-001,1.0.0,20265241,RUN-20260828-01a55fcf
MANIFEST-04414,REC-04414,PKG-04414,PROD-001,ASSET-DCS-001,1.0.0,20265242,RUN-20260828-01a55fcf
MANIFEST-04415,REC-04415,PKG-04415,PROD-004,ASSET-RTU-001,1.0.0,20265243,RUN-20260828-01a55fcf
MANIFEST-04416,REC-04416,PKG-04416,PROD-002,ASSET-DCS-001,1.0.0,20265244,RUN-20260828-01a55fcf
MANIFEST-04417,REC-04417,PKG-04417,PROD-004,ASSET-PLC-001,1.0.0,20265245,RUN-20260828-01a55fcf
MANIFEST-04418,REC-04418,PKG-04418,PROD-001,ASSET-SIS-001,1.0.0,20265246,RUN-20260828-01a55fcf
MANIFEST-04419,REC-04419,PKG-04419,PROD-004,ASSET-PLC-001,1.0.0,20265247,RUN-20260828-01a55fcf
MANIFEST-04420,REC-04420,PKG-04420,PROD-004,ASSET-SIS-001,1.0.0,20265248,RUN-20260828-01a55fcf
MANIFEST-04421,REC-04421,PKG-04421,PROD-003,ASSET-DCS-001,1.0.0,20265249,RUN-20260828-01a55fcf
MANIFEST-04422,REC-04422,PKG-04422,PROD-004,ASSET-DCS-001,1.0.0,20265250,RUN-20260828-01a55fcf
MANIFEST-04423,REC-04423,PKG-04423,PROD-003,ASSET-OPC-001,1.0.0,20265251,RUN-20260828-01a55fcf
MANIFEST-04424,REC-04424,PKG-04424,PROD-005,ASSET-OPC-001,1.0.0,20265252,RUN-20260828-01a55fcf
MANIFEST-04425,REC-04425,PKG-04425,PROD-001,ASSET-SIS-001,1.0.0,20265253,RUN-20260828-01a55fcf
MANIFEST-04426,REC-04426,PKG-04426,PROD-005,ASSET-OPC-001,1.0.0,20265254,RUN-20260828-01a55fcf
MANIFEST-04427,REC-04427,PKG-04427,PROD-001,ASSET-SIS-001,1.0.0,20265255,RUN-20260828-01a55fcf
MANIFEST-04428,REC-04428,PKG-04428,PROD-004,ASSET-RTU-001,1.0.0,20265256,RUN-20260828-01a55fcf
MANIFEST-04429,REC-04429,PKG-04429,PROD-005,ASSET-DCS-001,1.0.0,20265257,RUN-20260828-01a55fcf
MANIFEST-04430,REC-04430,PKG-04430,PROD-001,ASSET-DCS-001,1.0.0,20265258,RUN-20260828-01a55fcf
MANIFEST-04431,REC-04431,PKG-04431,PROD-004,ASSET-DCS-001,1.0.0,20265259,RUN-20260828-01a55fcf
MANIFEST-04432,REC-04432,PKG-04432,PROD-003,ASSET-DCS-001,1.0.0,20265260,RUN-20260828-01a55fcf
MANIFEST-04433,REC-04433,PKG-04433,PROD-003,ASSET-PLC-001,1.0.0,20265261,RUN-20260828-01a55fcf
MANIFEST-04434,REC-04434,PKG-04434,PROD-004,ASSET-OPC-001,1.0.0,20265262,RUN-20260828-01a55fcf
MANIFEST-04435,REC-04435,PKG-04435,PROD-001,ASSET-SIS-001,1.0.0,20265263,RUN-20260828-01a55fcf
MANIFEST-04436,REC-04436,PKG-04436,PROD-005,ASSET-RTU-001,1.0.0,20265264,RUN-20260828-01a55fcf
MANIFEST-04437,REC-04437,PKG-04437,PROD-004,ASSET-DCS-001,1.0.0,20265265,RUN-20260828-01a55fcf
MANIFEST-04438,REC-04438,PKG-04438,PROD-005,ASSET-OPC-001,1.0.0,20265266,RUN-20260828-01a55fcf
MANIFEST-04439,REC-04439,PKG-04439,PROD-003,ASSET-SIS-001,1.0.0,20265267,RUN-20260828-01a55fcf
MANIFEST-04440,REC-04440,PKG-04440,PROD-001,ASSET-PLC-001,1.0.0,20265268,RUN-20260828-01a55fcf
MANIFEST-04441,REC-04441,PKG-04441,PROD-002,ASSET-SIS-001,1.0.0,20265269,RUN-20260828-01a55fcf
MANIFEST-04442,REC-04442,PKG-04442,PROD-003,ASSET-PLC-001,1.0.0,20265270,RUN-20260828-01a55fcf
MANIFEST-04443,REC-04443,PKG-04443,PROD-003,ASSET-RTU-001,1.0.0,20265271,RUN-20260828-01a55fcf
MANIFEST-04444,REC-04444,PKG-04444,PROD-001,ASSET-DCS-001,1.0.0,20265272,RUN-20260828-01a55fcf
MANIFEST-04445,REC-04445,PKG-04445,PROD-004,ASSET-PLC-001,1.0.0,20265273,RUN-20260828-01a55fcf
MANIFEST-04446,REC-04446,PKG-04446,PROD-002,ASSET-OPC-001,1.0.0,20265274,RUN-20260828-01a55fcf
MANIFEST-04447,REC-04447,PKG-04447,PROD-005,ASSET-DCS-001,1.0.0,20265275,RUN-20260828-01a55fcf
MANIFEST-04448,REC-04448,PKG-04448,PROD-001,ASSET-SIS-001,1.0.0,20265276,RUN-20260828-01a55fcf
MANIFEST-04449,REC-04449,PKG-04449,PROD-004,ASSET-OPC-001,1.0.0,20265277,RUN-20260828-01a55fcf
MANIFEST-04450,REC-04450,PKG-04450,PROD-003,ASSET-OPC-001,1.0.0,20265278,RUN-20260828-01a55fcf
MANIFEST-04451,REC-04451,PKG-04451,PROD-003,ASSET-SIS-001,1.0.0,20265279,RUN-20260828-01a55fcf
MANIFEST-04452,REC-04452,PKG-04452,PROD-004,ASSET-SIS-001,1.0.0,20265280,RUN-20260828-01a55fcf
MANIFEST-04453,REC-04453,PKG-04453,PROD-005,ASSET-OPC-001,1.0.0,20265281,RUN-20260828-01a55fcf
MANIFEST-04454,REC-04454,PKG-04454,PROD-004,ASSET-DCS-001,1.0.0,20265282,RUN-20260828-01a55fcf
MANIFEST-04455,REC-04455,PKG-04455,PROD-002,ASSET-RTU-001,1.0.0,20265283,RUN-20260828-01a55fcf
MANIFEST-04456,REC-04456,PKG-04456,PROD-005,ASSET-OPC-001,1.0.0,20265284,RUN-20260828-01a55fcf
MANIFEST-04457,REC-04457,PKG-04457,PROD-002,ASSET-OPC-001,1.0.0,20265285,RUN-20260828-01a55fcf
MANIFEST-04458,REC-04458,PKG-04458,PROD-001,ASSET-PLC-001,1.0.0,20265286,RUN-20260828-01a55fcf
MANIFEST-04459,REC-04459,PKG-04459,PROD-005,ASSET-RTU-001,1.0.0,20265287,RUN-20260828-01a55fcf
MANIFEST-04460,REC-04460,PKG-04460,PROD-004,ASSET-OPC-001,1.0.0,20265288,RUN-20260828-01a55fcf
MANIFEST-04461,REC-04461,PKG-04461,PROD-002,ASSET-DCS-001,1.0.0,20265289,RUN-20260828-01a55fcf
MANIFEST-04462,REC-04462,PKG-04462,PROD-005,ASSET-OPC-001,1.0.0,20265290,RUN-20260828-01a55fcf
MANIFEST-04463,REC-04463,PKG-04463,PROD-004,ASSET-RTU-001,1.0.0,20265291,RUN-20260828-01a55fcf
MANIFEST-04464,REC-04464,PKG-04464,PROD-001,ASSET-OPC-001,1.0.0,20265292,RUN-20260828-01a55fcf
MANIFEST-04465,REC-04465,PKG-04465,PROD-001,ASSET-OPC-001,1.0.0,20265293,RUN-20260828-01a55fcf
MANIFEST-04466,REC-04466,PKG-04466,PROD-005,ASSET-PLC-001,1.0.0,20265294,RUN-20260828-01a55fcf
MANIFEST-04467,REC-04467,PKG-04467,PROD-004,ASSET-PLC-001,1.0.0,20265295,RUN-20260828-01a55fcf
MANIFEST-04468,REC-04468,PKG-04468,PROD-002,ASSET-RTU-001,1.0.0,20265296,RUN-20260828-01a55fcf
MANIFEST-04469,REC-04469,PKG-04469,PROD-003,ASSET-RTU-001,1.0.0,20265297,RUN-20260828-01a55fcf
MANIFEST-04470,REC-04470,PKG-04470,PROD-001,ASSET-OPC-001,1.0.0,20265298,RUN-20260828-01a55fcf
MANIFEST-04471,REC-04471,PKG-04471,PROD-001,ASSET-PLC-001,1.0.0,20265299,RUN-20260828-01a55fcf
MANIFEST-04472,REC-04472,PKG-04472,PROD-005,ASSET-DCS-001,1.0.0,20265300,RUN-20260828-01a55fcf
MANIFEST-04473,REC-04473,PKG-04473,PROD-001,ASSET-PLC-001,1.0.0,20265301,RUN-20260828-01a55fcf
MANIFEST-04474,REC-04474,PKG-04474,PROD-005,ASSET-DCS-001,1.0.0,20265302,RUN-20260828-01a55fcf
MANIFEST-04475,REC-04475,PKG-04475,PROD-004,ASSET-OPC-001,1.0.0,20265303,RUN-20260828-01a55fcf
MANIFEST-04476,REC-04476,PKG-04476,PROD-003,ASSET-PLC-001,1.0.0,20265304,RUN-20260828-01a55fcf
MANIFEST-04477,REC-04477,PKG-04477,PROD-004,ASSET-DCS-001,1.0.0,20265305,RUN-20260828-01a55fcf
MANIFEST-04478,REC-04478,PKG-04478,PROD-002,ASSET-DCS-001,1.0.0,20265306,RUN-20260828-01a55fcf
MANIFEST-04479,REC-04479,PKG-04479,PROD-003,ASSET-SIS-001,1.0.0,20265307,RUN-20260828-01a55fcf
MANIFEST-04480,REC-04480,PKG-04480,PROD-005,ASSET-OPC-001,1.0.0,20265308,RUN-20260828-01a55fcf
MANIFEST-04481,REC-04481,PKG-04481,PROD-004,ASSET-RTU-001,1.0.0,20265309,RUN-20260828-01a55fcf
MANIFEST-04482,REC-04482,PKG-04482,PROD-005,ASSET-SIS-001,1.0.0,20265310,RUN-20260828-01a55fcf
MANIFEST-04483,REC-04483,PKG-04483,PROD-003,ASSET-PLC-001,1.0.0,20265311,RUN-20260828-01a55fcf
MANIFEST-04484,REC-04484,PKG-04484,PROD-005,ASSET-SIS-001,1.0.0,20265312,RUN-20260828-01a55fcf
MANIFEST-04485,REC-04485,PKG-04485,PROD-001,ASSET-PLC-001,1.0.0,20265313,RUN-20260828-01a55fcf
MANIFEST-04486,REC-04486,PKG-04486,PROD-003,ASSET-SIS-001,1.0.0,20265314,RUN-20260828-01a55fcf
MANIFEST-04487,REC-04487,PKG-04487,PROD-001,ASSET-RTU-001,1.0.0,20265315,RUN-20260828-01a55fcf
MANIFEST-04488,REC-04488,PKG-04488,PROD-001,ASSET-DCS-001,1.0.0,20265316,RUN-20260828-01a55fcf
MANIFEST-04489,REC-04489,PKG-04489,PROD-001,ASSET-RTU-001,1.0.0,20265317,RUN-20260828-01a55fcf
MANIFEST-04490,REC-04490,PKG-04490,PROD-003,ASSET-RTU-001,1.0.0,20265318,RUN-20260828-01a55fcf
MANIFEST-04491,REC-04491,PKG-04491,PROD-002,ASSET-RTU-001,1.0.0,20265319,RUN-20260828-01a55fcf
MANIFEST-04492,REC-04492,PKG-04492,PROD-004,ASSET-SIS-001,1.0.0,20265320,RUN-20260828-01a55fcf
MANIFEST-04493,REC-04493,PKG-04493,PROD-004,ASSET-OPC-001,1.0.0,20265321,RUN-20260828-01a55fcf
MANIFEST-04494,REC-04494,PKG-04494,PROD-002,ASSET-DCS-001,1.0.0,20265322,RUN-20260828-01a55fcf
MANIFEST-04495,REC-04495,PKG-04495,PROD-002,ASSET-OPC-001,1.0.0,20265323,RUN-20260828-01a55fcf
MANIFEST-04496,REC-04496,PKG-04496,PROD-003,ASSET-OPC-001,1.0.0,20265324,RUN-20260828-01a55fcf
MANIFEST-04497,REC-04497,PKG-04497,PROD-005,ASSET-PLC-001,1.0.0,20265325,RUN-20260828-01a55fcf
MANIFEST-04498,REC-04498,PKG-04498,PROD-001,ASSET-DCS-001,1.0.0,20265326,RUN-20260828-01a55fcf
MANIFEST-04499,REC-04499,PKG-04499,PROD-003,ASSET-SIS-001,1.0.0,20265327,RUN-20260828-01a55fcf
MANIFEST-04500,REC-04500,PKG-04500,PROD-003,ASSET-OPC-001,1.0.0,20265328,RUN-20260828-01a55fcf
MANIFEST-04501,REC-04501,PKG-04501,PROD-002,ASSET-RTU-001,1.0.0,20265329,RUN-20260828-01a55fcf
MANIFEST-04502,REC-04502,PKG-04502,PROD-002,ASSET-PLC-001,1.0.0,20265330,RUN-20260828-01a55fcf
MANIFEST-04503,REC-04503,PKG-04503,PROD-001,ASSET-DCS-001,1.0.0,20265331,RUN-20260828-01a55fcf
MANIFEST-04504,REC-04504,PKG-04504,PROD-002,ASSET-PLC-001,1.0.0,20265332,RUN-20260828-01a55fcf
MANIFEST-04505,REC-04505,PKG-04505,PROD-002,ASSET-DCS-001,1.0.0,20265333,RUN-20260828-01a55fcf
MANIFEST-04506,REC-04506,PKG-04506,PROD-002,ASSET-OPC-001,1.0.0,20265334,RUN-20260828-01a55fcf
MANIFEST-04507,REC-04507,PKG-04507,PROD-002,ASSET-SIS-001,1.0.0,20265335,RUN-20260828-01a55fcf
MANIFEST-04508,REC-04508,PKG-04508,PROD-002,ASSET-PLC-001,1.0.0,20265336,RUN-20260828-01a55fcf
MANIFEST-04509,REC-04509,PKG-04509,PROD-003,ASSET-OPC-001,1.0.0,20265337,RUN-20260828-01a55fcf
MANIFEST-04510,REC-04510,PKG-04510,PROD-002,ASSET-OPC-001,1.0.0,20265338,RUN-20260828-01a55fcf
MANIFEST-04511,REC-04511,PKG-04511,PROD-004,ASSET-PLC-001,1.0.0,20265339,RUN-20260828-01a55fcf
MANIFEST-04512,REC-04512,PKG-04512,PROD-001,ASSET-SIS-001,1.0.0,20265340,RUN-20260828-01a55fcf
MANIFEST-04513,REC-04513,PKG-04513,PROD-003,ASSET-SIS-001,1.0.0,20265341,RUN-20260828-01a55fcf
MANIFEST-04514,REC-04514,PKG-04514,PROD-003,ASSET-DCS-001,1.0.0,20265342,RUN-20260828-01a55fcf
MANIFEST-04515,REC-04515,PKG-04515,PROD-003,ASSET-SIS-001,1.0.0,20265343,RUN-20260828-01a55fcf
MANIFEST-04516,REC-04516,PKG-04516,PROD-001,ASSET-OPC-001,1.0.0,20265344,RUN-20260828-01a55fcf
MANIFEST-04517,REC-04517,PKG-04517,PROD-004,ASSET-RTU-001,1.0.0,20265345,RUN-20260828-01a55fcf
MANIFEST-04518,REC-04518,PKG-04518,PROD-004,ASSET-RTU-001,1.0.0,20265346,RUN-20260828-01a55fcf
MANIFEST-04519,REC-04519,PKG-04519,PROD-001,ASSET-OPC-001,1.0.0,20265347,RUN-20260828-01a55fcf
MANIFEST-04520,REC-04520,PKG-04520,PROD-001,ASSET-PLC-001,1.0.0,20265348,RUN-20260828-01a55fcf
MANIFEST-04521,REC-04521,PKG-04521,PROD-002,ASSET-OPC-001,1.0.0,20265349,RUN-20260828-01a55fcf
MANIFEST-04522,REC-04522,PKG-04522,PROD-003,ASSET-RTU-001,1.0.0,20265350,RUN-20260828-01a55fcf
MANIFEST-04523,REC-04523,PKG-04523,PROD-001,ASSET-SIS-001,1.0.0,20265351,RUN-20260828-01a55fcf
MANIFEST-04524,REC-04524,PKG-04524,PROD-005,ASSET-SIS-001,1.0.0,20265352,RUN-20260828-01a55fcf
MANIFEST-04525,REC-04525,PKG-04525,PROD-002,ASSET-RTU-001,1.0.0,20265353,RUN-20260828-01a55fcf
MANIFEST-04526,REC-04526,PKG-04526,PROD-004,ASSET-DCS-001,1.0.0,20265354,RUN-20260828-01a55fcf
MANIFEST-04527,REC-04527,PKG-04527,PROD-002,ASSET-PLC-001,1.0.0,20265355,RUN-20260828-01a55fcf
MANIFEST-04528,REC-04528,PKG-04528,PROD-001,ASSET-DCS-001,1.0.0,20265356,RUN-20260828-01a55fcf
MANIFEST-04529,REC-04529,PKG-04529,PROD-005,ASSET-SIS-001,1.0.0,20265357,RUN-20260828-01a55fcf
MANIFEST-04530,REC-04530,PKG-04530,PROD-004,ASSET-PLC-001,1.0.0,20265358,RUN-20260828-01a55fcf
MANIFEST-04531,REC-04531,PKG-04531,PROD-003,ASSET-SIS-001,1.0.0,20265359,RUN-20260828-01a55fcf
MANIFEST-04532,REC-04532,PKG-04532,PROD-003,ASSET-PLC-001,1.0.0,20265360,RUN-20260828-01a55fcf
MANIFEST-04533,REC-04533,PKG-04533,PROD-002,ASSET-RTU-001,1.0.0,20265361,RUN-20260828-01a55fcf
MANIFEST-04534,REC-04534,PKG-04534,PROD-003,ASSET-SIS-001,1.0.0,20265362,RUN-20260828-01a55fcf
MANIFEST-04535,REC-04535,PKG-04535,PROD-002,ASSET-SIS-001,1.0.0,20265363,RUN-20260828-01a55fcf
MANIFEST-04536,REC-04536,PKG-04536,PROD-002,ASSET-SIS-001,1.0.0,20265364,RUN-20260828-01a55fcf
MANIFEST-04537,REC-04537,PKG-04537,PROD-003,ASSET-SIS-001,1.0.0,20265365,RUN-20260828-01a55fcf
MANIFEST-04538,REC-04538,PKG-04538,PROD-004,ASSET-SIS-001,1.0.0,20265366,RUN-20260828-01a55fcf
MANIFEST-04539,REC-04539,PKG-04539,PROD-002,ASSET-PLC-001,1.0.0,20265367,RUN-20260828-01a55fcf
MANIFEST-04540,REC-04540,PKG-04540,PROD-004,ASSET-PLC-001,1.0.0,20265368,RUN-20260828-01a55fcf
MANIFEST-04541,REC-04541,PKG-04541,PROD-005,ASSET-DCS-001,1.0.0,20265369,RUN-20260828-01a55fcf
MANIFEST-04542,REC-04542,PKG-04542,PROD-005,ASSET-PLC-001,1.0.0,20265370,RUN-20260828-01a55fcf
MANIFEST-04543,REC-04543,PKG-04543,PROD-003,ASSET-OPC-001,1.0.0,20265371,RUN-20260828-01a55fcf
MANIFEST-04544,REC-04544,PKG-04544,PROD-002,ASSET-SIS-001,1.0.0,20265372,RUN-20260828-01a55fcf
MANIFEST-04545,REC-04545,PKG-04545,PROD-001,ASSET-PLC-001,1.0.0,20265373,RUN-20260828-01a55fcf
MANIFEST-04546,REC-04546,PKG-04546,PROD-002,ASSET-SIS-001,1.0.0,20265374,RUN-20260828-01a55fcf
MANIFEST-04547,REC-04547,PKG-04547,PROD-002,ASSET-SIS-001,1.0.0,20265375,RUN-20260828-01a55fcf
MANIFEST-04548,REC-04548,PKG-04548,PROD-001,ASSET-PLC-001,1.0.0,20265376,RUN-20260828-01a55fcf
MANIFEST-04549,REC-04549,PKG-04549,PROD-005,ASSET-RTU-001,1.0.0,20265377,RUN-20260828-01a55fcf
MANIFEST-04550,REC-04550,PKG-04550,PROD-003,ASSET-RTU-001,1.0.0,20265378,RUN-20260828-01a55fcf
MANIFEST-04551,REC-04551,PKG-04551,PROD-005,ASSET-DCS-001,1.0.0,20265379,RUN-20260828-01a55fcf
MANIFEST-04552,REC-04552,PKG-04552,PROD-005,ASSET-RTU-001,1.0.0,20265380,RUN-20260828-01a55fcf
MANIFEST-04553,REC-04553,PKG-04553,PROD-001,ASSET-PLC-001,1.0.0,20265381,RUN-20260828-01a55fcf
MANIFEST-04554,REC-04554,PKG-04554,PROD-001,ASSET-OPC-001,1.0.0,20265382,RUN-20260828-01a55fcf
MANIFEST-04555,REC-04555,PKG-04555,PROD-005,ASSET-DCS-001,1.0.0,20265383,RUN-20260828-01a55fcf
MANIFEST-04556,REC-04556,PKG-04556,PROD-003,ASSET-SIS-001,1.0.0,20265384,RUN-20260828-01a55fcf
MANIFEST-04557,REC-04557,PKG-04557,PROD-005,ASSET-RTU-001,1.0.0,20265385,RUN-20260828-01a55fcf
MANIFEST-04558,REC-04558,PKG-04558,PROD-005,ASSET-RTU-001,1.0.0,20265386,RUN-20260828-01a55fcf
MANIFEST-04559,REC-04559,PKG-04559,PROD-003,ASSET-PLC-001,1.0.0,20265387,RUN-20260828-01a55fcf
MANIFEST-04560,REC-04560,PKG-04560,PROD-002,ASSET-SIS-001,1.0.0,20265388,RUN-20260828-01a55fcf
MANIFEST-04561,REC-04561,PKG-04561,PROD-003,ASSET-OPC-001,1.0.0,20265389,RUN-20260828-01a55fcf
MANIFEST-04562,REC-04562,PKG-04562,PROD-004,ASSET-SIS-001,1.0.0,20265390,RUN-20260828-01a55fcf
MANIFEST-04563,REC-04563,PKG-04563,PROD-004,ASSET-SIS-001,1.0.0,20265391,RUN-20260828-01a55fcf
MANIFEST-04564,REC-04564,PKG-04564,PROD-003,ASSET-PLC-001,1.0.0,20265392,RUN-20260828-01a55fcf
MANIFEST-04565,REC-04565,PKG-04565,PROD-005,ASSET-DCS-001,1.0.0,20265393,RUN-20260828-01a55fcf
MANIFEST-04566,REC-04566,PKG-04566,PROD-004,ASSET-OPC-001,1.0.0,20265394,RUN-20260828-01a55fcf
MANIFEST-04567,REC-04567,PKG-04567,PROD-003,ASSET-OPC-001,1.0.0,20265395,RUN-20260828-01a55fcf
MANIFEST-04568,REC-04568,PKG-04568,PROD-005,ASSET-OPC-001,1.0.0,20265396,RUN-20260828-01a55fcf
MANIFEST-04569,REC-04569,PKG-04569,PROD-002,ASSET-DCS-001,1.0.0,20265397,RUN-20260828-01a55fcf
MANIFEST-04570,REC-04570,PKG-04570,PROD-002,ASSET-PLC-001,1.0.0,20265398,RUN-20260828-01a55fcf
MANIFEST-04571,REC-04571,PKG-04571,PROD-005,ASSET-RTU-001,1.0.0,20265399,RUN-20260828-01a55fcf
MANIFEST-04572,REC-04572,PKG-04572,PROD-002,ASSET-PLC-001,1.0.0,20265400,RUN-20260828-01a55fcf
MANIFEST-04573,REC-04573,PKG-04573,PROD-001,ASSET-DCS-001,1.0.0,20265401,RUN-20260828-01a55fcf
MANIFEST-04574,REC-04574,PKG-04574,PROD-002,ASSET-SIS-001,1.0.0,20265402,RUN-20260828-01a55fcf
MANIFEST-04575,REC-04575,PKG-04575,PROD-003,ASSET-RTU-001,1.0.0,20265403,RUN-20260828-01a55fcf
MANIFEST-04576,REC-04576,PKG-04576,PROD-004,ASSET-PLC-001,1.0.0,20265404,RUN-20260828-01a55fcf
MANIFEST-04577,REC-04577,PKG-04577,PROD-005,ASSET-OPC-001,1.0.0,20265405,RUN-20260828-01a55fcf
MANIFEST-04578,REC-04578,PKG-04578,PROD-005,ASSET-SIS-001,1.0.0,20265406,RUN-20260828-01a55fcf
MANIFEST-04579,REC-04579,PKG-04579,PROD-004,ASSET-SIS-001,1.0.0,20265407,RUN-20260828-01a55fcf
MANIFEST-04580,REC-04580,PKG-04580,PROD-001,ASSET-OPC-001,1.0.0,20265408,RUN-20260828-01a55fcf
MANIFEST-04581,REC-04581,PKG-04581,PROD-004,ASSET-DCS-001,1.0.0,20265409,RUN-20260828-01a55fcf
MANIFEST-04582,REC-04582,PKG-04582,PROD-005,ASSET-DCS-001,1.0.0,20265410,RUN-20260828-01a55fcf
MANIFEST-04583,REC-04583,PKG-04583,PROD-005,ASSET-OPC-001,1.0.0,20265411,RUN-20260828-01a55fcf
MANIFEST-04584,REC-04584,PKG-04584,PROD-004,ASSET-RTU-001,1.0.0,20265412,RUN-20260828-01a55fcf
MANIFEST-04585,REC-04585,PKG-04585,PROD-005,ASSET-SIS-001,1.0.0,20265413,RUN-20260828-01a55fcf
MANIFEST-04586,REC-04586,PKG-04586,PROD-004,ASSET-PLC-001,1.0.0,20265414,RUN-20260828-01a55fcf
MANIFEST-04587,REC-04587,PKG-04587,PROD-001,ASSET-RTU-001,1.0.0,20265415,RUN-20260828-01a55fcf
MANIFEST-04588,REC-04588,PKG-04588,PROD-002,ASSET-DCS-001,1.0.0,20265416,RUN-20260828-01a55fcf
MANIFEST-04589,REC-04589,PKG-04589,PROD-004,ASSET-RTU-001,1.0.0,20265417,RUN-20260828-01a55fcf
MANIFEST-04590,REC-04590,PKG-04590,PROD-003,ASSET-OPC-001,1.0.0,20265418,RUN-20260828-01a55fcf
MANIFEST-04591,REC-04591,PKG-04591,PROD-001,ASSET-PLC-001,1.0.0,20265419,RUN-20260828-01a55fcf
MANIFEST-04592,REC-04592,PKG-04592,PROD-005,ASSET-DCS-001,1.0.0,20265420,RUN-20260828-01a55fcf
MANIFEST-04593,REC-04593,PKG-04593,PROD-003,ASSET-PLC-001,1.0.0,20265421,RUN-20260828-01a55fcf
MANIFEST-04594,REC-04594,PKG-04594,PROD-002,ASSET-DCS-001,1.0.0,20265422,RUN-20260828-01a55fcf
MANIFEST-04595,REC-04595,PKG-04595,PROD-004,ASSET-PLC-001,1.0.0,20265423,RUN-20260828-01a55fcf
MANIFEST-04596,REC-04596,PKG-04596,PROD-003,ASSET-RTU-001,1.0.0,20265424,RUN-20260828-01a55fcf
MANIFEST-04597,REC-04597,PKG-04597,PROD-002,ASSET-PLC-001,1.0.0,20265425,RUN-20260828-01a55fcf
MANIFEST-04598,REC-04598,PKG-04598,PROD-001,ASSET-DCS-001,1.0.0,20265426,RUN-20260828-01a55fcf
MANIFEST-04599,REC-04599,PKG-04599,PROD-002,ASSET-PLC-001,1.0.0,20265427,RUN-20260828-01a55fcf
MANIFEST-04600,REC-04600,PKG-04600,PROD-004,ASSET-DCS-001,1.0.0,20265428,RUN-20260828-01a55fcf
MANIFEST-04601,REC-04601,PKG-04601,PROD-004,ASSET-PLC-001,1.0.0,20265429,RUN-20260828-01a55fcf
MANIFEST-04602,REC-04602,PKG-04602,PROD-002,ASSET-DCS-001,1.0.0,20265430,RUN-20260828-01a55fcf
MANIFEST-04603,REC-04603,PKG-04603,PROD-002,ASSET-OPC-001,1.0.0,20265431,RUN-20260828-01a55fcf
MANIFEST-04604,REC-04604,PKG-04604,PROD-002,ASSET-DCS-001,1.0.0,20265432,RUN-20260828-01a55fcf
MANIFEST-04605,REC-04605,PKG-04605,PROD-001,ASSET-OPC-001,1.0.0,20265433,RUN-20260828-01a55fcf
MANIFEST-04606,REC-04606,PKG-04606,PROD-001,ASSET-RTU-001,1.0.0,20265434,RUN-20260828-01a55fcf
MANIFEST-04607,REC-04607,PKG-04607,PROD-005,ASSET-SIS-001,1.0.0,20265435,RUN-20260828-01a55fcf
MANIFEST-04608,REC-04608,PKG-04608,PROD-001,ASSET-RTU-001,1.0.0,20265436,RUN-20260828-01a55fcf
MANIFEST-04609,REC-04609,PKG-04609,PROD-002,ASSET-OPC-001,1.0.0,20265437,RUN-20260828-01a55fcf
MANIFEST-04610,REC-04610,PKG-04610,PROD-003,ASSET-PLC-001,1.0.0,20265438,RUN-20260828-01a55fcf
MANIFEST-04611,REC-04611,PKG-04611,PROD-002,ASSET-OPC-001,1.0.0,20265439,RUN-20260828-01a55fcf
MANIFEST-04612,REC-04612,PKG-04612,PROD-001,ASSET-OPC-001,1.0.0,20265440,RUN-20260828-01a55fcf
MANIFEST-04613,REC-04613,PKG-04613,PROD-005,ASSET-OPC-001,1.0.0,20265441,RUN-20260828-01a55fcf
MANIFEST-04614,REC-04614,PKG-04614,PROD-001,ASSET-SIS-001,1.0.0,20265442,RUN-20260828-01a55fcf
MANIFEST-04615,REC-04615,PKG-04615,PROD-003,ASSET-RTU-001,1.0.0,20265443,RUN-20260828-01a55fcf
MANIFEST-04616,REC-04616,PKG-04616,PROD-003,ASSET-DCS-001,1.0.0,20265444,RUN-20260828-01a55fcf
MANIFEST-04617,REC-04617,PKG-04617,PROD-005,ASSET-OPC-001,1.0.0,20265445,RUN-20260828-01a55fcf
MANIFEST-04618,REC-04618,PKG-04618,PROD-003,ASSET-PLC-001,1.0.0,20265446,RUN-20260828-01a55fcf
MANIFEST-04619,REC-04619,PKG-04619,PROD-004,ASSET-DCS-001,1.0.0,20265447,RUN-20260828-01a55fcf
MANIFEST-04620,REC-04620,PKG-04620,PROD-001,ASSET-SIS-001,1.0.0,20265448,RUN-20260828-01a55fcf
MANIFEST-04621,REC-04621,PKG-04621,PROD-005,ASSET-DCS-001,1.0.0,20265449,RUN-20260828-01a55fcf
MANIFEST-04622,REC-04622,PKG-04622,PROD-003,ASSET-SIS-001,1.0.0,20265450,RUN-20260828-01a55fcf
MANIFEST-04623,REC-04623,PKG-04623,PROD-001,ASSET-RTU-001,1.0.0,20265451,RUN-20260828-01a55fcf
MANIFEST-04624,REC-04624,PKG-04624,PROD-003,ASSET-RTU-001,1.0.0,20265452,RUN-20260828-01a55fcf
MANIFEST-04625,REC-04625,PKG-04625,PROD-002,ASSET-DCS-001,1.0.0,20265453,RUN-20260828-01a55fcf
MANIFEST-04626,REC-04626,PKG-04626,PROD-005,ASSET-SIS-001,1.0.0,20265454,RUN-20260828-01a55fcf
MANIFEST-04627,REC-04627,PKG-04627,PROD-005,ASSET-RTU-001,1.0.0,20265455,RUN-20260828-01a55fcf
MANIFEST-04628,REC-04628,PKG-04628,PROD-003,ASSET-PLC-001,1.0.0,20265456,RUN-20260828-01a55fcf
MANIFEST-04629,REC-04629,PKG-04629,PROD-004,ASSET-RTU-001,1.0.0,20265457,RUN-20260828-01a55fcf
MANIFEST-04630,REC-04630,PKG-04630,PROD-005,ASSET-RTU-001,1.0.0,20265458,RUN-20260828-01a55fcf
MANIFEST-04631,REC-04631,PKG-04631,PROD-005,ASSET-SIS-001,1.0.0,20265459,RUN-20260828-01a55fcf
MANIFEST-04632,REC-04632,PKG-04632,PROD-003,ASSET-DCS-001,1.0.0,20265460,RUN-20260828-01a55fcf
MANIFEST-04633,REC-04633,PKG-04633,PROD-002,ASSET-RTU-001,1.0.0,20265461,RUN-20260828-01a55fcf
MANIFEST-04634,REC-04634,PKG-04634,PROD-001,ASSET-RTU-001,1.0.0,20265462,RUN-20260828-01a55fcf
MANIFEST-04635,REC-04635,PKG-04635,PROD-001,ASSET-PLC-001,1.0.0,20265463,RUN-20260828-01a55fcf
MANIFEST-04636,REC-04636,PKG-04636,PROD-003,ASSET-SIS-001,1.0.0,20265464,RUN-20260828-01a55fcf
MANIFEST-04637,REC-04637,PKG-04637,PROD-003,ASSET-PLC-001,1.0.0,20265465,RUN-20260828-01a55fcf
MANIFEST-04638,REC-04638,PKG-04638,PROD-005,ASSET-SIS-001,1.0.0,20265466,RUN-20260828-01a55fcf
MANIFEST-04639,REC-04639,PKG-04639,PROD-003,ASSET-RTU-001,1.0.0,20265467,RUN-20260828-01a55fcf
MANIFEST-04640,REC-04640,PKG-04640,PROD-001,ASSET-RTU-001,1.0.0,20265468,RUN-20260828-01a55fcf
MANIFEST-04641,REC-04641,PKG-04641,PROD-005,ASSET-OPC-001,1.0.0,20265469,RUN-20260828-01a55fcf
MANIFEST-04642,REC-04642,PKG-04642,PROD-003,ASSET-RTU-001,1.0.0,20265470,RUN-20260828-01a55fcf
MANIFEST-04643,REC-04643,PKG-04643,PROD-003,ASSET-RTU-001,1.0.0,20265471,RUN-20260828-01a55fcf
MANIFEST-04644,REC-04644,PKG-04644,PROD-002,ASSET-DCS-001,1.0.0,20265472,RUN-20260828-01a55fcf
MANIFEST-04645,REC-04645,PKG-04645,PROD-004,ASSET-DCS-001,1.0.0,20265473,RUN-20260828-01a55fcf
MANIFEST-04646,REC-04646,PKG-04646,PROD-004,ASSET-DCS-001,1.0.0,20265474,RUN-20260828-01a55fcf
MANIFEST-04647,REC-04647,PKG-04647,PROD-001,ASSET-PLC-001,1.0.0,20265475,RUN-20260828-01a55fcf
MANIFEST-04648,REC-04648,PKG-04648,PROD-003,ASSET-OPC-001,1.0.0,20265476,RUN-20260828-01a55fcf
MANIFEST-04649,REC-04649,PKG-04649,PROD-003,ASSET-PLC-001,1.0.0,20265477,RUN-20260828-01a55fcf
MANIFEST-04650,REC-04650,PKG-04650,PROD-003,ASSET-OPC-001,1.0.0,20265478,RUN-20260828-01a55fcf
MANIFEST-04651,REC-04651,PKG-04651,PROD-002,ASSET-PLC-001,1.0.0,20265479,RUN-20260828-01a55fcf
MANIFEST-04652,REC-04652,PKG-04652,PROD-002,ASSET-SIS-001,1.0.0,20265480,RUN-20260828-01a55fcf
MANIFEST-04653,REC-04653,PKG-04653,PROD-001,ASSET-DCS-001,1.0.0,20265481,RUN-20260828-01a55fcf
MANIFEST-04654,REC-04654,PKG-04654,PROD-002,ASSET-DCS-001,1.0.0,20265482,RUN-20260828-01a55fcf
MANIFEST-04655,REC-04655,PKG-04655,PROD-003,ASSET-RTU-001,1.0.0,20265483,RUN-20260828-01a55fcf
MANIFEST-04656,REC-04656,PKG-04656,PROD-004,ASSET-PLC-001,1.0.0,20265484,RUN-20260828-01a55fcf
MANIFEST-04657,REC-04657,PKG-04657,PROD-002,ASSET-PLC-001,1.0.0,20265485,RUN-20260828-01a55fcf
MANIFEST-04658,REC-04658,PKG-04658,PROD-005,ASSET-RTU-001,1.0.0,20265486,RUN-20260828-01a55fcf
MANIFEST-04659,REC-04659,PKG-04659,PROD-005,ASSET-OPC-001,1.0.0,20265487,RUN-20260828-01a55fcf
MANIFEST-04660,REC-04660,PKG-04660,PROD-003,ASSET-OPC-001,1.0.0,20265488,RUN-20260828-01a55fcf
MANIFEST-04661,REC-04661,PKG-04661,PROD-003,ASSET-PLC-001,1.0.0,20265489,RUN-20260828-01a55fcf
MANIFEST-04662,REC-04662,PKG-04662,PROD-005,ASSET-PLC-001,1.0.0,20265490,RUN-20260828-01a55fcf
MANIFEST-04663,REC-04663,PKG-04663,PROD-004,ASSET-RTU-001,1.0.0,20265491,RUN-20260828-01a55fcf
MANIFEST-04664,REC-04664,PKG-04664,PROD-004,ASSET-PLC-001,1.0.0,20265492,RUN-20260828-01a55fcf
MANIFEST-04665,REC-04665,PKG-04665,PROD-004,ASSET-OPC-001,1.0.0,20265493,RUN-20260828-01a55fcf
MANIFEST-04666,REC-04666,PKG-04666,PROD-001,ASSET-DCS-001,1.0.0,20265494,RUN-20260828-01a55fcf
MANIFEST-04667,REC-04667,PKG-04667,PROD-002,ASSET-SIS-001,1.0.0,20265495,RUN-20260828-01a55fcf
MANIFEST-04668,REC-04668,PKG-04668,PROD-005,ASSET-RTU-001,1.0.0,20265496,RUN-20260828-01a55fcf
MANIFEST-04669,REC-04669,PKG-04669,PROD-004,ASSET-RTU-001,1.0.0,20265497,RUN-20260828-01a55fcf
MANIFEST-04670,REC-04670,PKG-04670,PROD-002,ASSET-OPC-001,1.0.0,20265498,RUN-20260828-01a55fcf
MANIFEST-04671,REC-04671,PKG-04671,PROD-003,ASSET-DCS-001,1.0.0,20265499,RUN-20260828-01a55fcf
MANIFEST-04672,REC-04672,PKG-04672,PROD-004,ASSET-SIS-001,1.0.0,20265500,RUN-20260828-01a55fcf
MANIFEST-04673,REC-04673,PKG-04673,PROD-003,ASSET-OPC-001,1.0.0,20265501,RUN-20260828-01a55fcf
MANIFEST-04674,REC-04674,PKG-04674,PROD-004,ASSET-SIS-001,1.0.0,20265502,RUN-20260828-01a55fcf
MANIFEST-04675,REC-04675,PKG-04675,PROD-005,ASSET-RTU-001,1.0.0,20265503,RUN-20260828-01a55fcf
MANIFEST-04676,REC-04676,PKG-04676,PROD-004,ASSET-SIS-001,1.0.0,20265504,RUN-20260828-01a55fcf
MANIFEST-04677,REC-04677,PKG-04677,PROD-004,ASSET-OPC-001,1.0.0,20265505,RUN-20260828-01a55fcf
MANIFEST-04678,REC-04678,PKG-04678,PROD-003,ASSET-RTU-001,1.0.0,20265506,RUN-20260828-01a55fcf
MANIFEST-04679,REC-04679,PKG-04679,PROD-001,ASSET-RTU-001,1.0.0,20265507,RUN-20260828-01a55fcf
MANIFEST-04680,REC-04680,PKG-04680,PROD-001,ASSET-RTU-001,1.0.0,20265508,RUN-20260828-01a55fcf
MANIFEST-04681,REC-04681,PKG-04681,PROD-003,ASSET-SIS-001,1.0.0,20265509,RUN-20260828-01a55fcf
MANIFEST-04682,REC-04682,PKG-04682,PROD-003,ASSET-DCS-001,1.0.0,20265510,RUN-20260828-01a55fcf
MANIFEST-04683,REC-04683,PKG-04683,PROD-001,ASSET-SIS-001,1.0.0,20265511,RUN-20260828-01a55fcf
MANIFEST-04684,REC-04684,PKG-04684,PROD-003,ASSET-SIS-001,1.0.0,20265512,RUN-20260828-01a55fcf
MANIFEST-04685,REC-04685,PKG-04685,PROD-004,ASSET-SIS-001,1.0.0,20265513,RUN-20260828-01a55fcf
MANIFEST-04686,REC-04686,PKG-04686,PROD-004,ASSET-SIS-001,1.0.0,20265514,RUN-20260828-01a55fcf
MANIFEST-04687,REC-04687,PKG-04687,PROD-002,ASSET-PLC-001,1.0.0,20265515,RUN-20260828-01a55fcf
MANIFEST-04688,REC-04688,PKG-04688,PROD-004,ASSET-PLC-001,1.0.0,20265516,RUN-20260828-01a55fcf
MANIFEST-04689,REC-04689,PKG-04689,PROD-001,ASSET-PLC-001,1.0.0,20265517,RUN-20260828-01a55fcf
MANIFEST-04690,REC-04690,PKG-04690,PROD-002,ASSET-SIS-001,1.0.0,20265518,RUN-20260828-01a55fcf
MANIFEST-04691,REC-04691,PKG-04691,PROD-004,ASSET-SIS-001,1.0.0,20265519,RUN-20260828-01a55fcf
MANIFEST-04692,REC-04692,PKG-04692,PROD-003,ASSET-OPC-001,1.0.0,20265520,RUN-20260828-01a55fcf
MANIFEST-04693,REC-04693,PKG-04693,PROD-003,ASSET-PLC-001,1.0.0,20265521,RUN-20260828-01a55fcf
MANIFEST-04694,REC-04694,PKG-04694,PROD-003,ASSET-OPC-001,1.0.0,20265522,RUN-20260828-01a55fcf
MANIFEST-04695,REC-04695,PKG-04695,PROD-005,ASSET-SIS-001,1.0.0,20265523,RUN-20260828-01a55fcf
MANIFEST-04696,REC-04696,PKG-04696,PROD-002,ASSET-SIS-001,1.0.0,20265524,RUN-20260828-01a55fcf
MANIFEST-04697,REC-04697,PKG-04697,PROD-002,ASSET-PLC-001,1.0.0,20265525,RUN-20260828-01a55fcf
MANIFEST-04698,REC-04698,PKG-04698,PROD-002,ASSET-DCS-001,1.0.0,20265526,RUN-20260828-01a55fcf
MANIFEST-04699,REC-04699,PKG-04699,PROD-001,ASSET-PLC-001,1.0.0,20265527,RUN-20260828-01a55fcf
MANIFEST-04700,REC-04700,PKG-04700,PROD-005,ASSET-PLC-001,1.0.0,20265528,RUN-20260828-01a55fcf
MANIFEST-04701,REC-04701,PKG-04701,PROD-005,ASSET-SIS-001,1.0.0,20265529,RUN-20260828-01a55fcf
MANIFEST-04702,REC-04702,PKG-04702,PROD-005,ASSET-DCS-001,1.0.0,20265530,RUN-20260828-01a55fcf
MANIFEST-04703,REC-04703,PKG-04703,PROD-004,ASSET-RTU-001,1.0.0,20265531,RUN-20260828-01a55fcf
MANIFEST-04704,REC-04704,PKG-04704,PROD-002,ASSET-PLC-001,1.0.0,20265532,RUN-20260828-01a55fcf
MANIFEST-04705,REC-04705,PKG-04705,PROD-001,ASSET-PLC-001,1.0.0,20265533,RUN-20260828-01a55fcf
MANIFEST-04706,REC-04706,PKG-04706,PROD-001,ASSET-RTU-001,1.0.0,20265534,RUN-20260828-01a55fcf
MANIFEST-04707,REC-04707,PKG-04707,PROD-004,ASSET-OPC-001,1.0.0,20265535,RUN-20260828-01a55fcf
MANIFEST-04708,REC-04708,PKG-04708,PROD-005,ASSET-DCS-001,1.0.0,20265536,RUN-20260828-01a55fcf
MANIFEST-04709,REC-04709,PKG-04709,PROD-003,ASSET-PLC-001,1.0.0,20265537,RUN-20260828-01a55fcf
MANIFEST-04710,REC-04710,PKG-04710,PROD-004,ASSET-RTU-001,1.0.0,20265538,RUN-20260828-01a55fcf
MANIFEST-04711,REC-04711,PKG-04711,PROD-002,ASSET-OPC-001,1.0.0,20265539,RUN-20260828-01a55fcf
MANIFEST-04712,REC-04712,PKG-04712,PROD-001,ASSET-SIS-001,1.0.0,20265540,RUN-20260828-01a55fcf
MANIFEST-04713,REC-04713,PKG-04713,PROD-002,ASSET-DCS-001,1.0.0,20265541,RUN-20260828-01a55fcf
MANIFEST-04714,REC-04714,PKG-04714,PROD-002,ASSET-OPC-001,1.0.0,20265542,RUN-20260828-01a55fcf
MANIFEST-04715,REC-04715,PKG-04715,PROD-002,ASSET-OPC-001,1.0.0,20265543,RUN-20260828-01a55fcf
MANIFEST-04716,REC-04716,PKG-04716,PROD-001,ASSET-SIS-001,1.0.0,20265544,RUN-20260828-01a55fcf
MANIFEST-04717,REC-04717,PKG-04717,PROD-002,ASSET-OPC-001,1.0.0,20265545,RUN-20260828-01a55fcf
MANIFEST-04718,REC-04718,PKG-04718,PROD-005,ASSET-OPC-001,1.0.0,20265546,RUN-20260828-01a55fcf
MANIFEST-04719,REC-04719,PKG-04719,PROD-001,ASSET-OPC-001,1.0.0,20265547,RUN-20260828-01a55fcf
MANIFEST-04720,REC-04720,PKG-04720,PROD-001,ASSET-DCS-001,1.0.0,20265548,RUN-20260828-01a55fcf
MANIFEST-04721,REC-04721,PKG-04721,PROD-001,ASSET-OPC-001,1.0.0,20265549,RUN-20260828-01a55fcf
MANIFEST-04722,REC-04722,PKG-04722,PROD-005,ASSET-PLC-001,1.0.0,20265550,RUN-20260828-01a55fcf
MANIFEST-04723,REC-04723,PKG-04723,PROD-005,ASSET-SIS-001,1.0.0,20265551,RUN-20260828-01a55fcf
MANIFEST-04724,REC-04724,PKG-04724,PROD-004,ASSET-DCS-001,1.0.0,20265552,RUN-20260828-01a55fcf
MANIFEST-04725,REC-04725,PKG-04725,PROD-005,ASSET-SIS-001,1.0.0,20265553,RUN-20260828-01a55fcf
MANIFEST-04726,REC-04726,PKG-04726,PROD-002,ASSET-PLC-001,1.0.0,20265554,RUN-20260828-01a55fcf
MANIFEST-04727,REC-04727,PKG-04727,PROD-001,ASSET-SIS-001,1.0.0,20265555,RUN-20260828-01a55fcf
MANIFEST-04728,REC-04728,PKG-04728,PROD-002,ASSET-PLC-001,1.0.0,20265556,RUN-20260828-01a55fcf
MANIFEST-04729,REC-04729,PKG-04729,PROD-002,ASSET-PLC-001,1.0.0,20265557,RUN-20260828-01a55fcf
MANIFEST-04730,REC-04730,PKG-04730,PROD-001,ASSET-DCS-001,1.0.0,20265558,RUN-20260828-01a55fcf
MANIFEST-04731,REC-04731,PKG-04731,PROD-004,ASSET-SIS-001,1.0.0,20265559,RUN-20260828-01a55fcf
MANIFEST-04732,REC-04732,PKG-04732,PROD-001,ASSET-SIS-001,1.0.0,20265560,RUN-20260828-01a55fcf
MANIFEST-04733,REC-04733,PKG-04733,PROD-005,ASSET-RTU-001,1.0.0,20265561,RUN-20260828-01a55fcf
MANIFEST-04734,REC-04734,PKG-04734,PROD-002,ASSET-PLC-001,1.0.0,20265562,RUN-20260828-01a55fcf
MANIFEST-04735,REC-04735,PKG-04735,PROD-003,ASSET-OPC-001,1.0.0,20265563,RUN-20260828-01a55fcf
MANIFEST-04736,REC-04736,PKG-04736,PROD-004,ASSET-DCS-001,1.0.0,20265564,RUN-20260828-01a55fcf
MANIFEST-04737,REC-04737,PKG-04737,PROD-001,ASSET-OPC-001,1.0.0,20265565,RUN-20260828-01a55fcf
MANIFEST-04738,REC-04738,PKG-04738,PROD-005,ASSET-SIS-001,1.0.0,20265566,RUN-20260828-01a55fcf
MANIFEST-04739,REC-04739,PKG-04739,PROD-001,ASSET-SIS-001,1.0.0,20265567,RUN-20260828-01a55fcf
MANIFEST-04740,REC-04740,PKG-04740,PROD-005,ASSET-RTU-001,1.0.0,20265568,RUN-20260828-01a55fcf
MANIFEST-04741,REC-04741,PKG-04741,PROD-004,ASSET-DCS-001,1.0.0,20265569,RUN-20260828-01a55fcf
MANIFEST-04742,REC-04742,PKG-04742,PROD-001,ASSET-OPC-001,1.0.0,20265570,RUN-20260828-01a55fcf
MANIFEST-04743,REC-04743,PKG-04743,PROD-004,ASSET-OPC-001,1.0.0,20265571,RUN-20260828-01a55fcf
MANIFEST-04744,REC-04744,PKG-04744,PROD-004,ASSET-RTU-001,1.0.0,20265572,RUN-20260828-01a55fcf
MANIFEST-04745,REC-04745,PKG-04745,PROD-001,ASSET-OPC-001,1.0.0,20265573,RUN-20260828-01a55fcf
MANIFEST-04746,REC-04746,PKG-04746,PROD-003,ASSET-OPC-001,1.0.0,20265574,RUN-20260828-01a55fcf
MANIFEST-04747,REC-04747,PKG-04747,PROD-004,ASSET-DCS-001,1.0.0,20265575,RUN-20260828-01a55fcf
MANIFEST-04748,REC-04748,PKG-04748,PROD-004,ASSET-PLC-001,1.0.0,20265576,RUN-20260828-01a55fcf
MANIFEST-04749,REC-04749,PKG-04749,PROD-002,ASSET-SIS-001,1.0.0,20265577,RUN-20260828-01a55fcf
MANIFEST-04750,REC-04750,PKG-04750,PROD-005,ASSET-SIS-001,1.0.0,20265578,RUN-20260828-01a55fcf
MANIFEST-04751,REC-04751,PKG-04751,PROD-004,ASSET-DCS-001,1.0.0,20265579,RUN-20260828-01a55fcf
MANIFEST-04752,REC-04752,PKG-04752,PROD-005,ASSET-DCS-001,1.0.0,20265580,RUN-20260828-01a55fcf
MANIFEST-04753,REC-04753,PKG-04753,PROD-003,ASSET-SIS-001,1.0.0,20265581,RUN-20260828-01a55fcf
MANIFEST-04754,REC-04754,PKG-04754,PROD-001,ASSET-DCS-001,1.0.0,20265582,RUN-20260828-01a55fcf
MANIFEST-04755,REC-04755,PKG-04755,PROD-001,ASSET-PLC-001,1.0.0,20265583,RUN-20260828-01a55fcf
MANIFEST-04756,REC-04756,PKG-04756,PROD-005,ASSET-SIS-001,1.0.0,20265584,RUN-20260828-01a55fcf
MANIFEST-04757,REC-04757,PKG-04757,PROD-004,ASSET-PLC-001,1.0.0,20265585,RUN-20260828-01a55fcf
MANIFEST-04758,REC-04758,PKG-04758,PROD-005,ASSET-PLC-001,1.0.0,20265586,RUN-20260828-01a55fcf
MANIFEST-04759,REC-04759,PKG-04759,PROD-002,ASSET-DCS-001,1.0.0,20265587,RUN-20260828-01a55fcf
MANIFEST-04760,REC-04760,PKG-04760,PROD-005,ASSET-SIS-001,1.0.0,20265588,RUN-20260828-01a55fcf
MANIFEST-04761,REC-04761,PKG-04761,PROD-002,ASSET-OPC-001,1.0.0,20265589,RUN-20260828-01a55fcf
MANIFEST-04762,REC-04762,PKG-04762,PROD-002,ASSET-DCS-001,1.0.0,20265590,RUN-20260828-01a55fcf
MANIFEST-04763,REC-04763,PKG-04763,PROD-002,ASSET-DCS-001,1.0.0,20265591,RUN-20260828-01a55fcf
MANIFEST-04764,REC-04764,PKG-04764,PROD-004,ASSET-OPC-001,1.0.0,20265592,RUN-20260828-01a55fcf
MANIFEST-04765,REC-04765,PKG-04765,PROD-001,ASSET-RTU-001,1.0.0,20265593,RUN-20260828-01a55fcf
MANIFEST-04766,REC-04766,PKG-04766,PROD-004,ASSET-RTU-001,1.0.0,20265594,RUN-20260828-01a55fcf
MANIFEST-04767,REC-04767,PKG-04767,PROD-003,ASSET-DCS-001,1.0.0,20265595,RUN-20260828-01a55fcf
MANIFEST-04768,REC-04768,PKG-04768,PROD-003,ASSET-PLC-001,1.0.0,20265596,RUN-20260828-01a55fcf
MANIFEST-04769,REC-04769,PKG-04769,PROD-003,ASSET-PLC-001,1.0.0,20265597,RUN-20260828-01a55fcf
MANIFEST-04770,REC-04770,PKG-04770,PROD-001,ASSET-SIS-001,1.0.0,20265598,RUN-20260828-01a55fcf
MANIFEST-04771,REC-04771,PKG-04771,PROD-004,ASSET-PLC-001,1.0.0,20265599,RUN-20260828-01a55fcf
MANIFEST-04772,REC-04772,PKG-04772,PROD-003,ASSET-OPC-001,1.0.0,20265600,RUN-20260828-01a55fcf
MANIFEST-04773,REC-04773,PKG-04773,PROD-002,ASSET-OPC-001,1.0.0,20265601,RUN-20260828-01a55fcf
MANIFEST-04774,REC-04774,PKG-04774,PROD-004,ASSET-SIS-001,1.0.0,20265602,RUN-20260828-01a55fcf
MANIFEST-04775,REC-04775,PKG-04775,PROD-004,ASSET-OPC-001,1.0.0,20265603,RUN-20260828-01a55fcf
MANIFEST-04776,REC-04776,PKG-04776,PROD-001,ASSET-PLC-001,1.0.0,20265604,RUN-20260828-01a55fcf
MANIFEST-04777,REC-04777,PKG-04777,PROD-002,ASSET-RTU-001,1.0.0,20265605,RUN-20260828-01a55fcf
MANIFEST-04778,REC-04778,PKG-04778,PROD-004,ASSET-OPC-001,1.0.0,20265606,RUN-20260828-01a55fcf
MANIFEST-04779,REC-04779,PKG-04779,PROD-004,ASSET-SIS-001,1.0.0,20265607,RUN-20260828-01a55fcf
MANIFEST-04780,REC-04780,PKG-04780,PROD-003,ASSET-SIS-001,1.0.0,20265608,RUN-20260828-01a55fcf
MANIFEST-04781,REC-04781,PKG-04781,PROD-004,ASSET-OPC-001,1.0.0,20265609,RUN-20260828-01a55fcf
MANIFEST-04782,REC-04782,PKG-04782,PROD-001,ASSET-SIS-001,1.0.0,20265610,RUN-20260828-01a55fcf
MANIFEST-04783,REC-04783,PKG-04783,PROD-001,ASSET-SIS-001,1.0.0,20265611,RUN-20260828-01a55fcf
MANIFEST-04784,REC-04784,PKG-04784,PROD-005,ASSET-DCS-001,1.0.0,20265612,RUN-20260828-01a55fcf
MANIFEST-04785,REC-04785,PKG-04785,PROD-004,ASSET-OPC-001,1.0.0,20265613,RUN-20260828-01a55fcf
MANIFEST-04786,REC-04786,PKG-04786,PROD-003,ASSET-RTU-001,1.0.0,20265614,RUN-20260828-01a55fcf
MANIFEST-04787,REC-04787,PKG-04787,PROD-002,ASSET-SIS-001,1.0.0,20265615,RUN-20260828-01a55fcf
MANIFEST-04788,REC-04788,PKG-04788,PROD-004,ASSET-DCS-001,1.0.0,20265616,RUN-20260828-01a55fcf
MANIFEST-04789,REC-04789,PKG-04789,PROD-005,ASSET-SIS-001,1.0.0,20265617,RUN-20260828-01a55fcf
MANIFEST-04790,REC-04790,PKG-04790,PROD-004,ASSET-PLC-001,1.0.0,20265618,RUN-20260828-01a55fcf
MANIFEST-04791,REC-04791,PKG-04791,PROD-001,ASSET-RTU-001,1.0.0,20265619,RUN-20260828-01a55fcf
MANIFEST-04792,REC-04792,PKG-04792,PROD-003,ASSET-PLC-001,1.0.0,20265620,RUN-20260828-01a55fcf
MANIFEST-04793,REC-04793,PKG-04793,PROD-003,ASSET-DCS-001,1.0.0,20265621,RUN-20260828-01a55fcf
MANIFEST-04794,REC-04794,PKG-04794,PROD-003,ASSET-RTU-001,1.0.0,20265622,RUN-20260828-01a55fcf
MANIFEST-04795,REC-04795,PKG-04795,PROD-003,ASSET-DCS-001,1.0.0,20265623,RUN-20260828-01a55fcf
MANIFEST-04796,REC-04796,PKG-04796,PROD-003,ASSET-PLC-001,1.0.0,20265624,RUN-20260828-01a55fcf
MANIFEST-04797,REC-04797,PKG-04797,PROD-003,ASSET-DCS-001,1.0.0,20265625,RUN-20260828-01a55fcf
MANIFEST-04798,REC-04798,PKG-04798,PROD-005,ASSET-RTU-001,1.0.0,20265626,RUN-20260828-01a55fcf
MANIFEST-04799,REC-04799,PKG-04799,PROD-003,ASSET-OPC-001,1.0.0,20265627,RUN-20260828-01a55fcf
MANIFEST-04800,REC-04800,PKG-04800,PROD-001,ASSET-DCS-001,1.0.0,20265628,RUN-20260828-01a55fcf
MANIFEST-04801,REC-04801,PKG-04801,PROD-005,ASSET-OPC-001,1.0.0,20265629,RUN-20260828-01a55fcf
MANIFEST-04802,REC-04802,PKG-04802,PROD-005,ASSET-PLC-001,1.0.0,20265630,RUN-20260828-01a55fcf
MANIFEST-04803,REC-04803,PKG-04803,PROD-004,ASSET-DCS-001,1.0.0,20265631,RUN-20260828-01a55fcf
MANIFEST-04804,REC-04804,PKG-04804,PROD-001,ASSET-PLC-001,1.0.0,20265632,RUN-20260828-01a55fcf
MANIFEST-04805,REC-04805,PKG-04805,PROD-001,ASSET-SIS-001,1.0.0,20265633,RUN-20260828-01a55fcf
MANIFEST-04806,REC-04806,PKG-04806,PROD-005,ASSET-OPC-001,1.0.0,20265634,RUN-20260828-01a55fcf
MANIFEST-04807,REC-04807,PKG-04807,PROD-001,ASSET-RTU-001,1.0.0,20265635,RUN-20260828-01a55fcf
MANIFEST-04808,REC-04808,PKG-04808,PROD-005,ASSET-SIS-001,1.0.0,20265636,RUN-20260828-01a55fcf
MANIFEST-04809,REC-04809,PKG-04809,PROD-001,ASSET-PLC-001,1.0.0,20265637,RUN-20260828-01a55fcf
MANIFEST-04810,REC-04810,PKG-04810,PROD-004,ASSET-RTU-001,1.0.0,20265638,RUN-20260828-01a55fcf
MANIFEST-04811,REC-04811,PKG-04811,PROD-004,ASSET-PLC-001,1.0.0,20265639,RUN-20260828-01a55fcf
MANIFEST-04812,REC-04812,PKG-04812,PROD-004,ASSET-DCS-001,1.0.0,20265640,RUN-20260828-01a55fcf
MANIFEST-04813,REC-04813,PKG-04813,PROD-002,ASSET-OPC-001,1.0.0,20265641,RUN-20260828-01a55fcf
MANIFEST-04814,REC-04814,PKG-04814,PROD-001,ASSET-DCS-001,1.0.0,20265642,RUN-20260828-01a55fcf
MANIFEST-04815,REC-04815,PKG-04815,PROD-004,ASSET-OPC-001,1.0.0,20265643,RUN-20260828-01a55fcf
MANIFEST-04816,REC-04816,PKG-04816,PROD-002,ASSET-SIS-001,1.0.0,20265644,RUN-20260828-01a55fcf
MANIFEST-04817,REC-04817,PKG-04817,PROD-005,ASSET-PLC-001,1.0.0,20265645,RUN-20260828-01a55fcf
MANIFEST-04818,REC-04818,PKG-04818,PROD-005,ASSET-SIS-001,1.0.0,20265646,RUN-20260828-01a55fcf
MANIFEST-04819,REC-04819,PKG-04819,PROD-005,ASSET-RTU-001,1.0.0,20265647,RUN-20260828-01a55fcf
MANIFEST-04820,REC-04820,PKG-04820,PROD-005,ASSET-DCS-001,1.0.0,20265648,RUN-20260828-01a55fcf
MANIFEST-04821,REC-04821,PKG-04821,PROD-001,ASSET-PLC-001,1.0.0,20265649,RUN-20260828-01a55fcf
MANIFEST-04822,REC-04822,PKG-04822,PROD-001,ASSET-PLC-001,1.0.0,20265650,RUN-20260828-01a55fcf
MANIFEST-04823,REC-04823,PKG-04823,PROD-002,ASSET-RTU-001,1.0.0,20265651,RUN-20260828-01a55fcf
MANIFEST-04824,REC-04824,PKG-04824,PROD-001,ASSET-PLC-001,1.0.0,20265652,RUN-20260828-01a55fcf
MANIFEST-04825,REC-04825,PKG-04825,PROD-001,ASSET-OPC-001,1.0.0,20265653,RUN-20260828-01a55fcf
MANIFEST-04826,REC-04826,PKG-04826,PROD-002,ASSET-RTU-001,1.0.0,20265654,RUN-20260828-01a55fcf
MANIFEST-04827,REC-04827,PKG-04827,PROD-005,ASSET-OPC-001,1.0.0,20265655,RUN-20260828-01a55fcf
MANIFEST-04828,REC-04828,PKG-04828,PROD-003,ASSET-OPC-001,1.0.0,20265656,RUN-20260828-01a55fcf
MANIFEST-04829,REC-04829,PKG-04829,PROD-003,ASSET-SIS-001,1.0.0,20265657,RUN-20260828-01a55fcf
MANIFEST-04830,REC-04830,PKG-04830,PROD-004,ASSET-PLC-001,1.0.0,20265658,RUN-20260828-01a55fcf
MANIFEST-04831,REC-04831,PKG-04831,PROD-002,ASSET-PLC-001,1.0.0,20265659,RUN-20260828-01a55fcf
MANIFEST-04832,REC-04832,PKG-04832,PROD-005,ASSET-SIS-001,1.0.0,20265660,RUN-20260828-01a55fcf
MANIFEST-04833,REC-04833,PKG-04833,PROD-002,ASSET-SIS-001,1.0.0,20265661,RUN-20260828-01a55fcf
MANIFEST-04834,REC-04834,PKG-04834,PROD-003,ASSET-DCS-001,1.0.0,20265662,RUN-20260828-01a55fcf
MANIFEST-04835,REC-04835,PKG-04835,PROD-005,ASSET-SIS-001,1.0.0,20265663,RUN-20260828-01a55fcf
MANIFEST-04836,REC-04836,PKG-04836,PROD-001,ASSET-SIS-001,1.0.0,20265664,RUN-20260828-01a55fcf
MANIFEST-04837,REC-04837,PKG-04837,PROD-002,ASSET-PLC-001,1.0.0,20265665,RUN-20260828-01a55fcf
MANIFEST-04838,REC-04838,PKG-04838,PROD-005,ASSET-RTU-001,1.0.0,20265666,RUN-20260828-01a55fcf
MANIFEST-04839,REC-04839,PKG-04839,PROD-001,ASSET-PLC-001,1.0.0,20265667,RUN-20260828-01a55fcf
MANIFEST-04840,REC-04840,PKG-04840,PROD-002,ASSET-SIS-001,1.0.0,20265668,RUN-20260828-01a55fcf
MANIFEST-04841,REC-04841,PKG-04841,PROD-002,ASSET-DCS-001,1.0.0,20265669,RUN-20260828-01a55fcf
MANIFEST-04842,REC-04842,PKG-04842,PROD-002,ASSET-DCS-001,1.0.0,20265670,RUN-20260828-01a55fcf
MANIFEST-04843,REC-04843,PKG-04843,PROD-001,ASSET-SIS-001,1.0.0,20265671,RUN-20260828-01a55fcf
MANIFEST-04844,REC-04844,PKG-04844,PROD-002,ASSET-SIS-001,1.0.0,20265672,RUN-20260828-01a55fcf
MANIFEST-04845,REC-04845,PKG-04845,PROD-005,ASSET-PLC-001,1.0.0,20265673,RUN-20260828-01a55fcf
MANIFEST-04846,REC-04846,PKG-04846,PROD-001,ASSET-DCS-001,1.0.0,20265674,RUN-20260828-01a55fcf
MANIFEST-04847,REC-04847,PKG-04847,PROD-003,ASSET-PLC-001,1.0.0,20265675,RUN-20260828-01a55fcf
MANIFEST-04848,REC-04848,PKG-04848,PROD-001,ASSET-RTU-001,1.0.0,20265676,RUN-20260828-01a55fcf
MANIFEST-04849,REC-04849,PKG-04849,PROD-005,ASSET-RTU-001,1.0.0,20265677,RUN-20260828-01a55fcf
MANIFEST-04850,REC-04850,PKG-04850,PROD-005,ASSET-DCS-001,1.0.0,20265678,RUN-20260828-01a55fcf
MANIFEST-04851,REC-04851,PKG-04851,PROD-002,ASSET-RTU-001,1.0.0,20265679,RUN-20260828-01a55fcf
MANIFEST-04852,REC-04852,PKG-04852,PROD-002,ASSET-PLC-001,1.0.0,20265680,RUN-20260828-01a55fcf
MANIFEST-04853,REC-04853,PKG-04853,PROD-001,ASSET-OPC-001,1.0.0,20265681,RUN-20260828-01a55fcf
MANIFEST-04854,REC-04854,PKG-04854,PROD-002,ASSET-DCS-001,1.0.0,20265682,RUN-20260828-01a55fcf
MANIFEST-04855,REC-04855,PKG-04855,PROD-003,ASSET-SIS-001,1.0.0,20265683,RUN-20260828-01a55fcf
MANIFEST-04856,REC-04856,PKG-04856,PROD-005,ASSET-PLC-001,1.0.0,20265684,RUN-20260828-01a55fcf
MANIFEST-04857,REC-04857,PKG-04857,PROD-001,ASSET-PLC-001,1.0.0,20265685,RUN-20260828-01a55fcf
MANIFEST-04858,REC-04858,PKG-04858,PROD-005,ASSET-RTU-001,1.0.0,20265686,RUN-20260828-01a55fcf
MANIFEST-04859,REC-04859,PKG-04859,PROD-003,ASSET-OPC-001,1.0.0,20265687,RUN-20260828-01a55fcf
MANIFEST-04860,REC-04860,PKG-04860,PROD-002,ASSET-SIS-001,1.0.0,20265688,RUN-20260828-01a55fcf
MANIFEST-04861,REC-04861,PKG-04861,PROD-004,ASSET-OPC-001,1.0.0,20265689,RUN-20260828-01a55fcf
MANIFEST-04862,REC-04862,PKG-04862,PROD-001,ASSET-SIS-001,1.0.0,20265690,RUN-20260828-01a55fcf
MANIFEST-04863,REC-04863,PKG-04863,PROD-003,ASSET-DCS-001,1.0.0,20265691,RUN-20260828-01a55fcf
MANIFEST-04864,REC-04864,PKG-04864,PROD-002,ASSET-PLC-001,1.0.0,20265692,RUN-20260828-01a55fcf
MANIFEST-04865,REC-04865,PKG-04865,PROD-001,ASSET-PLC-001,1.0.0,20265693,RUN-20260828-01a55fcf
MANIFEST-04866,REC-04866,PKG-04866,PROD-003,ASSET-SIS-001,1.0.0,20265694,RUN-20260828-01a55fcf
MANIFEST-04867,REC-04867,PKG-04867,PROD-004,ASSET-DCS-001,1.0.0,20265695,RUN-20260828-01a55fcf
MANIFEST-04868,REC-04868,PKG-04868,PROD-001,ASSET-SIS-001,1.0.0,20265696,RUN-20260828-01a55fcf
MANIFEST-04869,REC-04869,PKG-04869,PROD-005,ASSET-SIS-001,1.0.0,20265697,RUN-20260828-01a55fcf
MANIFEST-04870,REC-04870,PKG-04870,PROD-001,ASSET-OPC-001,1.0.0,20265698,RUN-20260828-01a55fcf
MANIFEST-04871,REC-04871,PKG-04871,PROD-001,ASSET-DCS-001,1.0.0,20265699,RUN-20260828-01a55fcf
MANIFEST-04872,REC-04872,PKG-04872,PROD-003,ASSET-RTU-001,1.0.0,20265700,RUN-20260828-01a55fcf
MANIFEST-04873,REC-04873,PKG-04873,PROD-003,ASSET-RTU-001,1.0.0,20265701,RUN-20260828-01a55fcf
MANIFEST-04874,REC-04874,PKG-04874,PROD-001,ASSET-OPC-001,1.0.0,20265702,RUN-20260828-01a55fcf
MANIFEST-04875,REC-04875,PKG-04875,PROD-004,ASSET-SIS-001,1.0.0,20265703,RUN-20260828-01a55fcf
MANIFEST-04876,REC-04876,PKG-04876,PROD-002,ASSET-OPC-001,1.0.0,20265704,RUN-20260828-01a55fcf
MANIFEST-04877,REC-04877,PKG-04877,PROD-002,ASSET-RTU-001,1.0.0,20265705,RUN-20260828-01a55fcf
MANIFEST-04878,REC-04878,PKG-04878,PROD-002,ASSET-PLC-001,1.0.0,20265706,RUN-20260828-01a55fcf
MANIFEST-04879,REC-04879,PKG-04879,PROD-003,ASSET-DCS-001,1.0.0,20265707,RUN-20260828-01a55fcf
MANIFEST-04880,REC-04880,PKG-04880,PROD-005,ASSET-OPC-001,1.0.0,20265708,RUN-20260828-01a55fcf
MANIFEST-04881,REC-04881,PKG-04881,PROD-003,ASSET-RTU-001,1.0.0,20265709,RUN-20260828-01a55fcf
MANIFEST-04882,REC-04882,PKG-04882,PROD-003,ASSET-PLC-001,1.0.0,20265710,RUN-20260828-01a55fcf
MANIFEST-04883,REC-04883,PKG-04883,PROD-001,ASSET-SIS-001,1.0.0,20265711,RUN-20260828-01a55fcf
MANIFEST-04884,REC-04884,PKG-04884,PROD-001,ASSET-SIS-001,1.0.0,20265712,RUN-20260828-01a55fcf
MANIFEST-04885,REC-04885,PKG-04885,PROD-001,ASSET-DCS-001,1.0.0,20265713,RUN-20260828-01a55fcf
MANIFEST-04886,REC-04886,PKG-04886,PROD-005,ASSET-PLC-001,1.0.0,20265714,RUN-20260828-01a55fcf
MANIFEST-04887,REC-04887,PKG-04887,PROD-005,ASSET-DCS-001,1.0.0,20265715,RUN-20260828-01a55fcf
MANIFEST-04888,REC-04888,PKG-04888,PROD-004,ASSET-PLC-001,1.0.0,20265716,RUN-20260828-01a55fcf
MANIFEST-04889,REC-04889,PKG-04889,PROD-004,ASSET-SIS-001,1.0.0,20265717,RUN-20260828-01a55fcf
MANIFEST-04890,REC-04890,PKG-04890,PROD-005,ASSET-OPC-001,1.0.0,20265718,RUN-20260828-01a55fcf
MANIFEST-04891,REC-04891,PKG-04891,PROD-002,ASSET-RTU-001,1.0.0,20265719,RUN-20260828-01a55fcf
MANIFEST-04892,REC-04892,PKG-04892,PROD-005,ASSET-OPC-001,1.0.0,20265720,RUN-20260828-01a55fcf
MANIFEST-04893,REC-04893,PKG-04893,PROD-003,ASSET-RTU-001,1.0.0,20265721,RUN-20260828-01a55fcf
MANIFEST-04894,REC-04894,PKG-04894,PROD-004,ASSET-PLC-001,1.0.0,20265722,RUN-20260828-01a55fcf
MANIFEST-04895,REC-04895,PKG-04895,PROD-001,ASSET-DCS-001,1.0.0,20265723,RUN-20260828-01a55fcf
MANIFEST-04896,REC-04896,PKG-04896,PROD-005,ASSET-SIS-001,1.0.0,20265724,RUN-20260828-01a55fcf
MANIFEST-04897,REC-04897,PKG-04897,PROD-001,ASSET-SIS-001,1.0.0,20265725,RUN-20260828-01a55fcf
MANIFEST-04898,REC-04898,PKG-04898,PROD-005,ASSET-RTU-001,1.0.0,20265726,RUN-20260828-01a55fcf
MANIFEST-04899,REC-04899,PKG-04899,PROD-002,ASSET-SIS-001,1.0.0,20265727,RUN-20260828-01a55fcf
MANIFEST-04900,REC-04900,PKG-04900,PROD-002,ASSET-DCS-001,1.0.0,20265728,RUN-20260828-01a55fcf
MANIFEST-04901,REC-04901,PKG-04901,PROD-005,ASSET-DCS-001,1.0.0,20265729,RUN-20260828-01a55fcf
MANIFEST-04902,REC-04902,PKG-04902,PROD-005,ASSET-SIS-001,1.0.0,20265730,RUN-20260828-01a55fcf
MANIFEST-04903,REC-04903,PKG-04903,PROD-001,ASSET-SIS-001,1.0.0,20265731,RUN-20260828-01a55fcf
MANIFEST-04904,REC-04904,PKG-04904,PROD-005,ASSET-RTU-001,1.0.0,20265732,RUN-20260828-01a55fcf
MANIFEST-04905,REC-04905,PKG-04905,PROD-002,ASSET-SIS-001,1.0.0,20265733,RUN-20260828-01a55fcf
MANIFEST-04906,REC-04906,PKG-04906,PROD-005,ASSET-DCS-001,1.0.0,20265734,RUN-20260828-01a55fcf
MANIFEST-04907,REC-04907,PKG-04907,PROD-001,ASSET-PLC-001,1.0.0,20265735,RUN-20260828-01a55fcf
MANIFEST-04908,REC-04908,PKG-04908,PROD-005,ASSET-DCS-001,1.0.0,20265736,RUN-20260828-01a55fcf
MANIFEST-04909,REC-04909,PKG-04909,PROD-001,ASSET-OPC-001,1.0.0,20265737,RUN-20260828-01a55fcf
MANIFEST-04910,REC-04910,PKG-04910,PROD-003,ASSET-PLC-001,1.0.0,20265738,RUN-20260828-01a55fcf
MANIFEST-04911,REC-04911,PKG-04911,PROD-005,ASSET-OPC-001,1.0.0,20265739,RUN-20260828-01a55fcf
MANIFEST-04912,REC-04912,PKG-04912,PROD-004,ASSET-OPC-001,1.0.0,20265740,RUN-20260828-01a55fcf
MANIFEST-04913,REC-04913,PKG-04913,PROD-002,ASSET-DCS-001,1.0.0,20265741,RUN-20260828-01a55fcf
MANIFEST-04914,REC-04914,PKG-04914,PROD-005,ASSET-SIS-001,1.0.0,20265742,RUN-20260828-01a55fcf
MANIFEST-04915,REC-04915,PKG-04915,PROD-002,ASSET-PLC-001,1.0.0,20265743,RUN-20260828-01a55fcf
MANIFEST-04916,REC-04916,PKG-04916,PROD-001,ASSET-RTU-001,1.0.0,20265744,RUN-20260828-01a55fcf
MANIFEST-04917,REC-04917,PKG-04917,PROD-003,ASSET-SIS-001,1.0.0,20265745,RUN-20260828-01a55fcf
MANIFEST-04918,REC-04918,PKG-04918,PROD-004,ASSET-OPC-001,1.0.0,20265746,RUN-20260828-01a55fcf
MANIFEST-04919,REC-04919,PKG-04919,PROD-003,ASSET-OPC-001,1.0.0,20265747,RUN-20260828-01a55fcf
MANIFEST-04920,REC-04920,PKG-04920,PROD-005,ASSET-PLC-001,1.0.0,20265748,RUN-20260828-01a55fcf
MANIFEST-04921,REC-04921,PKG-04921,PROD-003,ASSET-OPC-001,1.0.0,20265749,RUN-20260828-01a55fcf
MANIFEST-04922,REC-04922,PKG-04922,PROD-003,ASSET-OPC-001,1.0.0,20265750,RUN-20260828-01a55fcf
MANIFEST-04923,REC-04923,PKG-04923,PROD-003,ASSET-DCS-001,1.0.0,20265751,RUN-20260828-01a55fcf
MANIFEST-04924,REC-04924,PKG-04924,PROD-003,ASSET-RTU-001,1.0.0,20265752,RUN-20260828-01a55fcf
MANIFEST-04925,REC-04925,PKG-04925,PROD-005,ASSET-RTU-001,1.0.0,20265753,RUN-20260828-01a55fcf
MANIFEST-04926,REC-04926,PKG-04926,PROD-001,ASSET-RTU-001,1.0.0,20265754,RUN-20260828-01a55fcf
MANIFEST-04927,REC-04927,PKG-04927,PROD-004,ASSET-DCS-001,1.0.0,20265755,RUN-20260828-01a55fcf
MANIFEST-04928,REC-04928,PKG-04928,PROD-005,ASSET-SIS-001,1.0.0,20265756,RUN-20260828-01a55fcf
MANIFEST-04929,REC-04929,PKG-04929,PROD-002,ASSET-DCS-001,1.0.0,20265757,RUN-20260828-01a55fcf
MANIFEST-04930,REC-04930,PKG-04930,PROD-005,ASSET-SIS-001,1.0.0,20265758,RUN-20260828-01a55fcf
MANIFEST-04931,REC-04931,PKG-04931,PROD-001,ASSET-DCS-001,1.0.0,20265759,RUN-20260828-01a55fcf
MANIFEST-04932,REC-04932,PKG-04932,PROD-002,ASSET-PLC-001,1.0.0,20265760,RUN-20260828-01a55fcf
MANIFEST-04933,REC-04933,PKG-04933,PROD-001,ASSET-RTU-001,1.0.0,20265761,RUN-20260828-01a55fcf
MANIFEST-04934,REC-04934,PKG-04934,PROD-003,ASSET-SIS-001,1.0.0,20265762,RUN-20260828-01a55fcf
MANIFEST-04935,REC-04935,PKG-04935,PROD-001,ASSET-PLC-001,1.0.0,20265763,RUN-20260828-01a55fcf
MANIFEST-04936,REC-04936,PKG-04936,PROD-002,ASSET-DCS-001,1.0.0,20265764,RUN-20260828-01a55fcf
MANIFEST-04937,REC-04937,PKG-04937,PROD-001,ASSET-SIS-001,1.0.0,20265765,RUN-20260828-01a55fcf
MANIFEST-04938,REC-04938,PKG-04938,PROD-003,ASSET-PLC-001,1.0.0,20265766,RUN-20260828-01a55fcf
MANIFEST-04939,REC-04939,PKG-04939,PROD-001,ASSET-DCS-001,1.0.0,20265767,RUN-20260828-01a55fcf
MANIFEST-04940,REC-04940,PKG-04940,PROD-003,ASSET-DCS-001,1.0.0,20265768,RUN-20260828-01a55fcf
MANIFEST-04941,REC-04941,PKG-04941,PROD-001,ASSET-SIS-001,1.0.0,20265769,RUN-20260828-01a55fcf
MANIFEST-04942,REC-04942,PKG-04942,PROD-004,ASSET-DCS-001,1.0.0,20265770,RUN-20260828-01a55fcf
MANIFEST-04943,REC-04943,PKG-04943,PROD-003,ASSET-RTU-001,1.0.0,20265771,RUN-20260828-01a55fcf
MANIFEST-04944,REC-04944,PKG-04944,PROD-004,ASSET-RTU-001,1.0.0,20265772,RUN-20260828-01a55fcf
MANIFEST-04945,REC-04945,PKG-04945,PROD-004,ASSET-OPC-001,1.0.0,20265773,RUN-20260828-01a55fcf
MANIFEST-04946,REC-04946,PKG-04946,PROD-001,ASSET-SIS-001,1.0.0,20265774,RUN-20260828-01a55fcf
MANIFEST-04947,REC-04947,PKG-04947,PROD-004,ASSET-PLC-001,1.0.0,20265775,RUN-20260828-01a55fcf
MANIFEST-04948,REC-04948,PKG-04948,PROD-001,ASSET-OPC-001,1.0.0,20265776,RUN-20260828-01a55fcf
MANIFEST-04949,REC-04949,PKG-04949,PROD-005,ASSET-OPC-001,1.0.0,20265777,RUN-20260828-01a55fcf
MANIFEST-04950,REC-04950,PKG-04950,PROD-001,ASSET-PLC-001,1.0.0,20265778,RUN-20260828-01a55fcf
MANIFEST-04951,REC-04951,PKG-04951,PROD-005,ASSET-RTU-001,1.0.0,20265779,RUN-20260828-01a55fcf
MANIFEST-04952,REC-04952,PKG-04952,PROD-005,ASSET-PLC-001,1.0.0,20265780,RUN-20260828-01a55fcf
MANIFEST-04953,REC-04953,PKG-04953,PROD-003,ASSET-DCS-001,1.0.0,20265781,RUN-20260828-01a55fcf
MANIFEST-04954,REC-04954,PKG-04954,PROD-001,ASSET-RTU-001,1.0.0,20265782,RUN-20260828-01a55fcf
MANIFEST-04955,REC-04955,PKG-04955,PROD-002,ASSET-SIS-001,1.0.0,20265783,RUN-20260828-01a55fcf
MANIFEST-04956,REC-04956,PKG-04956,PROD-001,ASSET-DCS-001,1.0.0,20265784,RUN-20260828-01a55fcf
MANIFEST-04957,REC-04957,PKG-04957,PROD-002,ASSET-SIS-001,1.0.0,20265785,RUN-20260828-01a55fcf
MANIFEST-04958,REC-04958,PKG-04958,PROD-002,ASSET-PLC-001,1.0.0,20265786,RUN-20260828-01a55fcf
MANIFEST-04959,REC-04959,PKG-04959,PROD-003,ASSET-RTU-001,1.0.0,20265787,RUN-20260828-01a55fcf
MANIFEST-04960,REC-04960,PKG-04960,PROD-005,ASSET-SIS-001,1.0.0,20265788,RUN-20260828-01a55fcf
MANIFEST-04961,REC-04961,PKG-04961,PROD-002,ASSET-DCS-001,1.0.0,20265789,RUN-20260828-01a55fcf
MANIFEST-04962,REC-04962,PKG-04962,PROD-001,ASSET-PLC-001,1.0.0,20265790,RUN-20260828-01a55fcf
MANIFEST-04963,REC-04963,PKG-04963,PROD-005,ASSET-DCS-001,1.0.0,20265791,RUN-20260828-01a55fcf
MANIFEST-04964,REC-04964,PKG-04964,PROD-002,ASSET-DCS-001,1.0.0,20265792,RUN-20260828-01a55fcf
MANIFEST-04965,REC-04965,PKG-04965,PROD-005,ASSET-RTU-001,1.0.0,20265793,RUN-20260828-01a55fcf
MANIFEST-04966,REC-04966,PKG-04966,PROD-004,ASSET-DCS-001,1.0.0,20265794,RUN-20260828-01a55fcf
MANIFEST-04967,REC-04967,PKG-04967,PROD-004,ASSET-DCS-001,1.0.0,20265795,RUN-20260828-01a55fcf
MANIFEST-04968,REC-04968,PKG-04968,PROD-005,ASSET-OPC-001,1.0.0,20265796,RUN-20260828-01a55fcf
MANIFEST-04969,REC-04969,PKG-04969,PROD-005,ASSET-DCS-001,1.0.0,20265797,RUN-20260828-01a55fcf
MANIFEST-04970,REC-04970,PKG-04970,PROD-001,ASSET-RTU-001,1.0.0,20265798,RUN-20260828-01a55fcf
MANIFEST-04971,REC-04971,PKG-04971,PROD-005,ASSET-SIS-001,1.0.0,20265799,RUN-20260828-01a55fcf
MANIFEST-04972,REC-04972,PKG-04972,PROD-001,ASSET-OPC-001,1.0.0,20265800,RUN-20260828-01a55fcf
MANIFEST-04973,REC-04973,PKG-04973,PROD-001,ASSET-OPC-001,1.0.0,20265801,RUN-20260828-01a55fcf
MANIFEST-04974,REC-04974,PKG-04974,PROD-005,ASSET-OPC-001,1.0.0,20265802,RUN-20260828-01a55fcf
MANIFEST-04975,REC-04975,PKG-04975,PROD-003,ASSET-SIS-001,1.0.0,20265803,RUN-20260828-01a55fcf
MANIFEST-04976,REC-04976,PKG-04976,PROD-004,ASSET-OPC-001,1.0.0,20265804,RUN-20260828-01a55fcf
MANIFEST-04977,REC-04977,PKG-04977,PROD-003,ASSET-SIS-001,1.0.0,20265805,RUN-20260828-01a55fcf
MANIFEST-04978,REC-04978,PKG-04978,PROD-002,ASSET-RTU-001,1.0.0,20265806,RUN-20260828-01a55fcf
MANIFEST-04979,REC-04979,PKG-04979,PROD-004,ASSET-RTU-001,1.0.0,20265807,RUN-20260828-01a55fcf
MANIFEST-04980,REC-04980,PKG-04980,PROD-005,ASSET-RTU-001,1.0.0,20265808,RUN-20260828-01a55fcf
MANIFEST-04981,REC-04981,PKG-04981,PROD-003,ASSET-DCS-001,1.0.0,20265809,RUN-20260828-01a55fcf
MANIFEST-04982,REC-04982,PKG-04982,PROD-002,ASSET-DCS-001,1.0.0,20265810,RUN-20260828-01a55fcf
MANIFEST-04983,REC-04983,PKG-04983,PROD-005,ASSET-DCS-001,1.0.0,20265811,RUN-20260828-01a55fcf
MANIFEST-04984,REC-04984,PKG-04984,PROD-004,ASSET-SIS-001,1.0.0,20265812,RUN-20260828-01a55fcf
MANIFEST-04985,REC-04985,PKG-04985,PROD-002,ASSET-PLC-001,1.0.0,20265813,RUN-20260828-01a55fcf
MANIFEST-04986,REC-04986,PKG-04986,PROD-003,ASSET-SIS-001,1.0.0,20265814,RUN-20260828-01a55fcf
MANIFEST-04987,REC-04987,PKG-04987,PROD-001,ASSET-PLC-001,1.0.0,20265815,RUN-20260828-01a55fcf
MANIFEST-04988,REC-04988,PKG-04988,PROD-004,ASSET-PLC-001,1.0.0,20265816,RUN-20260828-01a55fcf
MANIFEST-04989,REC-04989,PKG-04989,PROD-003,ASSET-DCS-001,1.0.0,20265817,RUN-20260828-01a55fcf
MANIFEST-04990,REC-04990,PKG-04990,PROD-002,ASSET-SIS-001,1.0.0,20265818,RUN-20260828-01a55fcf
MANIFEST-04991,REC-04991,PKG-04991,PROD-005,ASSET-PLC-001,1.0.0,20265819,RUN-20260828-01a55fcf
MANIFEST-04992,REC-04992,PKG-04992,PROD-005,ASSET-SIS-001,1.0.0,20265820,RUN-20260828-01a55fcf
MANIFEST-04993,REC-04993,PKG-04993,PROD-005,ASSET-RTU-001,1.0.0,20265821,RUN-20260828-01a55fcf
MANIFEST-04994,REC-04994,PKG-04994,PROD-003,ASSET-SIS-001,1.0.0,20265822,RUN-20260828-01a55fcf
MANIFEST-04995,REC-04995,PKG-04995,PROD-005,ASSET-OPC-001,1.0.0,20265823,RUN-20260828-01a55fcf
MANIFEST-04996,REC-04996,PKG-04996,PROD-005,ASSET-SIS-001,1.0.0,20265824,RUN-20260828-01a55fcf
MANIFEST-04997,REC-04997,PKG-04997,PROD-005,ASSET-DCS-001,1.0.0,20265825,RUN-20260828-01a55fcf
MANIFEST-04998,REC-04998,PKG-04998,PROD-002,ASSET-PLC-001,1.0.0,20265826,RUN-20260828-01a55fcf
MANIFEST-04999,REC-04999,PKG-04999,PROD-001,ASSET-PLC-001,1.0.0,20265827,RUN-20260828-01a55fcf
MANIFEST-05000,REC-05000,PKG-05000,PROD-004,ASSET-SIS-001,1.0.0,20265828,RUN-20260828-01a55fcf
