record_id,package_id,split,group_id,run_id
REC-00001,PKG-0001-01,train,LINEAGE-0001,RUN-20260828-01a55fcf
REC-00002,PKG-0001-02,train,LINEAGE-0001,RUN-20260828-01a55fcf
REC-00003,PKG-0001-03,train,LINEAGE-0001,RUN-20260828-01a55fcf
REC-00004,PKG-0001-04,train,LINEAGE-0001,RUN-20260828-01a55fcf
REC-00005,PKG-0001-05,train,LINEAGE-0001,RUN-20260828-01a55fcf
REC-00006,PKG-0001-06,train,LINEAGE-0001,RUN-20260828-01a55fcf
REC-00007,PKG-0001-07,train,LINEAGE-0001,RUN-20260828-01a55fcf
REC-00008,PKG-0001-08,train,LINEAGE-0001,RUN-20260828-01a55fcf
REC-00009,PKG-0001-09,train,LINEAGE-0001,RUN-20260828-01a55fcf
REC-00010,PKG-0001-10,train,LINEAGE-0001,RUN-20260828-01a55fcf
REC-00011,PKG-0002-01,train,LINEAGE-0002,RUN-20260828-01a55fcf
REC-00012,PKG-0002-02,train,LINEAGE-0002,RUN-20260828-01a55fcf
REC-00013,PKG-0002-03,train,LINEAGE-0002,RUN-20260828-01a55fcf
REC-00014,PKG-0002-04,train,LINEAGE-0002,RUN-20260828-01a55fcf
REC-00015,PKG-0002-05,train,LINEAGE-0002,RUN-20260828-01a55fcf
REC-00016,PKG-0002-06,train,LINEAGE-0002,RUN-20260828-01a55fcf
REC-00017,PKG-0002-07,train,LINEAGE-0002,RUN-20260828-01a55fcf
REC-00018,PKG-0002-08,train,LINEAGE-0002,RUN-20260828-01a55fcf
REC-00019,PKG-0002-09,train,LINEAGE-0002,RUN-20260828-01a55fcf
REC-00020,PKG-0002-10,train,LINEAGE-0002,RUN-20260828-01a55fcf
REC-00021,PKG-0003-01,train,LINEAGE-0003,RUN-20260828-01a55fcf
REC-00022,PKG-0003-02,train,LINEAGE-0003,RUN-20260828-01a55fcf
REC-00023,PKG-0003-03,train,LINEAGE-0003,RUN-20260828-01a55fcf
REC-00024,PKG-0003-04,train,LINEAGE-0003,RUN-20260828-01a55fcf
REC-00025,PKG-0003-05,train,LINEAGE-0003,RUN-20260828-01a55fcf
REC-00026,PKG-0003-06,train,LINEAGE-0003,RUN-20260828-01a55fcf
REC-00027,PKG-0003-07,train,LINEAGE-0003,RUN-20260828-01a55fcf
REC-00028,PKG-0003-08,train,LINEAGE-0003,RUN-20260828-01a55fcf
REC-00029,PKG-0003-09,train,LINEAGE-0003,RUN-20260828-01a55fcf
REC-00030,PKG-0003-10,train,LINEAGE-0003,RUN-20260828-01a55fcf
REC-00031,PKG-0004-01,train,LINEAGE-0004,RUN-20260828-01a55fcf
REC-00032,PKG-0004-02,train,LINEAGE-0004,RUN-20260828-01a55fcf
REC-00033,PKG-0004-03,train,LINEAGE-0004,RUN-20260828-01a55fcf
REC-00034,PKG-0004-04,train,LINEAGE-0004,RUN-20260828-01a55fcf
REC-00035,PKG-0004-05,train,LINEAGE-0004,RUN-20260828-01a55fcf
REC-00036,PKG-0004-06,train,LINEAGE-0004,RUN-20260828-01a55fcf
REC-00037,PKG-0004-07,train,LINEAGE-0004,RUN-20260828-01a55fcf
REC-00038,PKG-0004-08,train,LINEAGE-0004,RUN-20260828-01a55fcf
REC-00039,PKG-0004-09,train,LINEAGE-0004,RUN-20260828-01a55fcf
REC-00040,PKG-0004-10,train,LINEAGE-0004,RUN-20260828-01a55fcf
REC-00041,PKG-0005-01,train,LINEAGE-0005,RUN-20260828-01a55fcf
REC-00042,PKG-0005-02,train,LINEAGE-0005,RUN-20260828-01a55fcf
REC-00043,PKG-0005-03,train,LINEAGE-0005,RUN-20260828-01a55fcf
REC-00044,PKG-0005-04,train,LINEAGE-0005,RUN-20260828-01a55fcf
REC-00045,PKG-0005-05,train,LINEAGE-0005,RUN-20260828-01a55fcf
REC-00046,PKG-0005-06,train,LINEAGE-0005,RUN-20260828-01a55fcf
REC-00047,PKG-0005-07,train,LINEAGE-0005,RUN-20260828-01a55fcf
REC-00048,PKG-0005-08,train,LINEAGE-0005,RUN-20260828-01a55fcf
REC-00049,PKG-0005-09,train,LINEAGE-0005,RUN-20260828-01a55fcf
REC-00050,PKG-0005-10,train,LINEAGE-0005,RUN-20260828-01a55fcf
REC-00051,PKG-0006-01,test,LINEAGE-0006,RUN-20260828-01a55fcf
REC-00052,PKG-0006-02,test,LINEAGE-0006,RUN-20260828-01a55fcf
REC-00053,PKG-0006-03,test,LINEAGE-0006,RUN-20260828-01a55fcf
REC-00054,PKG-0006-04,test,LINEAGE-0006,RUN-20260828-01a55fcf
REC-00055,PKG-0006-05,test,LINEAGE-0006,RUN-20260828-01a55fcf
REC-00056,PKG-0006-06,test,LINEAGE-0006,RUN-20260828-01a55fcf
REC-00057,PKG-0006-07,test,LINEAGE-0006,RUN-20260828-01a55fcf
REC-00058,PKG-0006-08,test,LINEAGE-0006,RUN-20260828-01a55fcf
REC-00059,PKG-0006-09,test,LINEAGE-0006,RUN-20260828-01a55fcf
REC-00060,PKG-0006-10,test,LINEAGE-0006,RUN-20260828-01a55fcf
REC-00061,PKG-0007-01,train,LINEAGE-0007,RUN-20260828-01a55fcf
REC-00062,PKG-0007-02,train,LINEAGE-0007,RUN-20260828-01a55fcf
REC-00063,PKG-0007-03,train,LINEAGE-0007,RUN-20260828-01a55fcf
REC-00064,PKG-0007-04,train,LINEAGE-0007,RUN-20260828-01a55fcf
REC-00065,PKG-0007-05,train,LINEAGE-0007,RUN-20260828-01a55fcf
REC-00066,PKG-0007-06,train,LINEAGE-0007,RUN-20260828-01a55fcf
REC-00067,PKG-0007-07,train,LINEAGE-0007,RUN-20260828-01a55fcf
REC-00068,PKG-0007-08,train,LINEAGE-0007,RUN-20260828-01a55fcf
REC-00069,PKG-0007-09,train,LINEAGE-0007,RUN-20260828-01a55fcf
REC-00070,PKG-0007-10,train,LINEAGE-0007,RUN-20260828-01a55fcf
REC-00071,PKG-0008-01,train,LINEAGE-0008,RUN-20260828-01a55fcf
REC-00072,PKG-0008-02,train,LINEAGE-0008,RUN-20260828-01a55fcf
REC-00073,PKG-0008-03,train,LINEAGE-0008,RUN-20260828-01a55fcf
REC-00074,PKG-0008-04,train,LINEAGE-0008,RUN-20260828-01a55fcf
REC-00075,PKG-0008-05,train,LINEAGE-0008,RUN-20260828-01a55fcf
REC-00076,PKG-0008-06,train,LINEAGE-0008,RUN-20260828-01a55fcf
REC-00077,PKG-0008-07,train,LINEAGE-0008,RUN-20260828-01a55fcf
REC-00078,PKG-0008-08,train,LINEAGE-0008,RUN-20260828-01a55fcf
REC-00079,PKG-0008-09,train,LINEAGE-0008,RUN-20260828-01a55fcf
REC-00080,PKG-0008-10,train,LINEAGE-0008,RUN-20260828-01a55fcf
REC-00081,PKG-0009-01,train,LINEAGE-0009,RUN-20260828-01a55fcf
REC-00082,PKG-0009-02,train,LINEAGE-0009,RUN-20260828-01a55fcf
REC-00083,PKG-0009-03,train,LINEAGE-0009,RUN-20260828-01a55fcf
REC-00084,PKG-0009-04,train,LINEAGE-0009,RUN-20260828-01a55fcf
REC-00085,PKG-0009-05,train,LINEAGE-0009,RUN-20260828-01a55fcf
REC-00086,PKG-0009-06,train,LINEAGE-0009,RUN-20260828-01a55fcf
REC-00087,PKG-0009-07,train,LINEAGE-0009,RUN-20260828-01a55fcf
REC-00088,PKG-0009-08,train,LINEAGE-0009,RUN-20260828-01a55fcf
REC-00089,PKG-0009-09,train,LINEAGE-0009,RUN-20260828-01a55fcf
REC-00090,PKG-0009-10,train,LINEAGE-0009,RUN-20260828-01a55fcf
REC-00091,PKG-0010-01,train,LINEAGE-0010,RUN-20260828-01a55fcf
REC-00092,PKG-0010-02,train,LINEAGE-0010,RUN-20260828-01a55fcf
REC-00093,PKG-0010-03,train,LINEAGE-0010,RUN-20260828-01a55fcf
REC-00094,PKG-0010-04,train,LINEAGE-0010,RUN-20260828-01a55fcf
REC-00095,PKG-0010-05,train,LINEAGE-0010,RUN-20260828-01a55fcf
REC-00096,PKG-0010-06,train,LINEAGE-0010,RUN-20260828-01a55fcf
REC-00097,PKG-0010-07,train,LINEAGE-0010,RUN-20260828-01a55fcf
REC-00098,PKG-0010-08,train,LINEAGE-0010,RUN-20260828-01a55fcf
REC-00099,PKG-0010-09,train,LINEAGE-0010,RUN-20260828-01a55fcf
REC-00100,PKG-0010-10,train,LINEAGE-0010,RUN-20260828-01a55fcf
REC-00101,PKG-0011-01,train,LINEAGE-0011,RUN-20260828-01a55fcf
REC-00102,PKG-0011-02,train,LINEAGE-0011,RUN-20260828-01a55fcf
REC-00103,PKG-0011-03,train,LINEAGE-0011,RUN-20260828-01a55fcf
REC-00104,PKG-0011-04,train,LINEAGE-0011,RUN-20260828-01a55fcf
REC-00105,PKG-0011-05,train,LINEAGE-0011,RUN-20260828-01a55fcf
REC-00106,PKG-0011-06,train,LINEAGE-0011,RUN-20260828-01a55fcf
REC-00107,PKG-0011-07,train,LINEAGE-0011,RUN-20260828-01a55fcf
REC-00108,PKG-0011-08,train,LINEAGE-0011,RUN-20260828-01a55fcf
REC-00109,PKG-0011-09,train,LINEAGE-0011,RUN-20260828-01a55fcf
REC-00110,PKG-0011-10,train,LINEAGE-0011,RUN-20260828-01a55fcf
REC-00111,PKG-0012-01,test,LINEAGE-0012,RUN-20260828-01a55fcf
REC-00112,PKG-0012-02,test,LINEAGE-0012,RUN-20260828-01a55fcf
REC-00113,PKG-0012-03,test,LINEAGE-0012,RUN-20260828-01a55fcf
REC-00114,PKG-0012-04,test,LINEAGE-0012,RUN-20260828-01a55fcf
REC-00115,PKG-0012-05,test,LINEAGE-0012,RUN-20260828-01a55fcf
REC-00116,PKG-0012-06,test,LINEAGE-0012,RUN-20260828-01a55fcf
REC-00117,PKG-0012-07,test,LINEAGE-0012,RUN-20260828-01a55fcf
REC-00118,PKG-0012-08,test,LINEAGE-0012,RUN-20260828-01a55fcf
REC-00119,PKG-0012-09,test,LINEAGE-0012,RUN-20260828-01a55fcf
REC-00120,PKG-0012-10,test,LINEAGE-0012,RUN-20260828-01a55fcf
REC-00121,PKG-0013-01,train,LINEAGE-0013,RUN-20260828-01a55fcf
REC-00122,PKG-0013-02,train,LINEAGE-0013,RUN-20260828-01a55fcf
REC-00123,PKG-0013-03,train,LINEAGE-0013,RUN-20260828-01a55fcf
REC-00124,PKG-0013-04,train,LINEAGE-0013,RUN-20260828-01a55fcf
REC-00125,PKG-0013-05,train,LINEAGE-0013,RUN-20260828-01a55fcf
REC-00126,PKG-0013-06,train,LINEAGE-0013,RUN-20260828-01a55fcf
REC-00127,PKG-0013-07,train,LINEAGE-0013,RUN-20260828-01a55fcf
REC-00128,PKG-0013-08,train,LINEAGE-0013,RUN-20260828-01a55fcf
REC-00129,PKG-0013-09,train,LINEAGE-0013,RUN-20260828-01a55fcf
REC-00130,PKG-0013-10,train,LINEAGE-0013,RUN-20260828-01a55fcf
REC-00131,PKG-0014-01,validation,LINEAGE-0014,RUN-20260828-01a55fcf
REC-00132,PKG-0014-02,validation,LINEAGE-0014,RUN-20260828-01a55fcf
REC-00133,PKG-0014-03,validation,LINEAGE-0014,RUN-20260828-01a55fcf
REC-00134,PKG-0014-04,validation,LINEAGE-0014,RUN-20260828-01a55fcf
REC-00135,PKG-0014-05,validation,LINEAGE-0014,RUN-20260828-01a55fcf
REC-00136,PKG-0014-06,validation,LINEAGE-0014,RUN-20260828-01a55fcf
REC-00137,PKG-0014-07,validation,LINEAGE-0014,RUN-20260828-01a55fcf
REC-00138,PKG-0014-08,validation,LINEAGE-0014,RUN-20260828-01a55fcf
REC-00139,PKG-0014-09,validation,LINEAGE-0014,RUN-20260828-01a55fcf
REC-00140,PKG-0014-10,validation,LINEAGE-0014,RUN-20260828-01a55fcf
REC-00141,PKG-0015-01,train,LINEAGE-0015,RUN-20260828-01a55fcf
REC-00142,PKG-0015-02,train,LINEAGE-0015,RUN-20260828-01a55fcf
REC-00143,PKG-0015-03,train,LINEAGE-0015,RUN-20260828-01a55fcf
REC-00144,PKG-0015-04,train,LINEAGE-0015,RUN-20260828-01a55fcf
REC-00145,PKG-0015-05,train,LINEAGE-0015,RUN-20260828-01a55fcf
REC-00146,PKG-0015-06,train,LINEAGE-0015,RUN-20260828-01a55fcf
REC-00147,PKG-0015-07,train,LINEAGE-0015,RUN-20260828-01a55fcf
REC-00148,PKG-0015-08,train,LINEAGE-0015,RUN-20260828-01a55fcf
REC-00149,PKG-0015-09,train,LINEAGE-0015,RUN-20260828-01a55fcf
REC-00150,PKG-0015-10,train,LINEAGE-0015,RUN-20260828-01a55fcf
REC-00151,PKG-0016-01,validation,LINEAGE-0016,RUN-20260828-01a55fcf
REC-00152,PKG-0016-02,validation,LINEAGE-0016,RUN-20260828-01a55fcf
REC-00153,PKG-0016-03,validation,LINEAGE-0016,RUN-20260828-01a55fcf
REC-00154,PKG-0016-04,validation,LINEAGE-0016,RUN-20260828-01a55fcf
REC-00155,PKG-0016-05,validation,LINEAGE-0016,RUN-20260828-01a55fcf
REC-00156,PKG-0016-06,validation,LINEAGE-0016,RUN-20260828-01a55fcf
REC-00157,PKG-0016-07,validation,LINEAGE-0016,RUN-20260828-01a55fcf
REC-00158,PKG-0016-08,validation,LINEAGE-0016,RUN-20260828-01a55fcf
REC-00159,PKG-0016-09,validation,LINEAGE-0016,RUN-20260828-01a55fcf
REC-00160,PKG-0016-10,validation,LINEAGE-0016,RUN-20260828-01a55fcf
REC-00161,PKG-0017-01,train,LINEAGE-0017,RUN-20260828-01a55fcf
REC-00162,PKG-0017-02,train,LINEAGE-0017,RUN-20260828-01a55fcf
REC-00163,PKG-0017-03,train,LINEAGE-0017,RUN-20260828-01a55fcf
REC-00164,PKG-0017-04,train,LINEAGE-0017,RUN-20260828-01a55fcf
REC-00165,PKG-0017-05,train,LINEAGE-0017,RUN-20260828-01a55fcf
REC-00166,PKG-0017-06,train,LINEAGE-0017,RUN-20260828-01a55fcf
REC-00167,PKG-0017-07,train,LINEAGE-0017,RUN-20260828-01a55fcf
REC-00168,PKG-0017-08,train,LINEAGE-0017,RUN-20260828-01a55fcf
REC-00169,PKG-0017-09,train,LINEAGE-0017,RUN-20260828-01a55fcf
REC-00170,PKG-0017-10,train,LINEAGE-0017,RUN-20260828-01a55fcf
REC-00171,PKG-0018-01,validation,LINEAGE-0018,RUN-20260828-01a55fcf
REC-00172,PKG-0018-02,validation,LINEAGE-0018,RUN-20260828-01a55fcf
REC-00173,PKG-0018-03,validation,LINEAGE-0018,RUN-20260828-01a55fcf
REC-00174,PKG-0018-04,validation,LINEAGE-0018,RUN-20260828-01a55fcf
REC-00175,PKG-0018-05,validation,LINEAGE-0018,RUN-20260828-01a55fcf
REC-00176,PKG-0018-06,validation,LINEAGE-0018,RUN-20260828-01a55fcf
REC-00177,PKG-0018-07,validation,LINEAGE-0018,RUN-20260828-01a55fcf
REC-00178,PKG-0018-08,validation,LINEAGE-0018,RUN-20260828-01a55fcf
REC-00179,PKG-0018-09,validation,LINEAGE-0018,RUN-20260828-01a55fcf
REC-00180,PKG-0018-10,validation,LINEAGE-0018,RUN-20260828-01a55fcf
REC-00181,PKG-0019-01,train,LINEAGE-0019,RUN-20260828-01a55fcf
REC-00182,PKG-0019-02,train,LINEAGE-0019,RUN-20260828-01a55fcf
REC-00183,PKG-0019-03,train,LINEAGE-0019,RUN-20260828-01a55fcf
REC-00184,PKG-0019-04,train,LINEAGE-0019,RUN-20260828-01a55fcf
REC-00185,PKG-0019-05,train,LINEAGE-0019,RUN-20260828-01a55fcf
REC-00186,PKG-0019-06,train,LINEAGE-0019,RUN-20260828-01a55fcf
REC-00187,PKG-0019-07,train,LINEAGE-0019,RUN-20260828-01a55fcf
REC-00188,PKG-0019-08,train,LINEAGE-0019,RUN-20260828-01a55fcf
REC-00189,PKG-0019-09,train,LINEAGE-0019,RUN-20260828-01a55fcf
REC-00190,PKG-0019-10,train,LINEAGE-0019,RUN-20260828-01a55fcf
REC-00191,PKG-0020-01,train,LINEAGE-0020,RUN-20260828-01a55fcf
REC-00192,PKG-0020-02,train,LINEAGE-0020,RUN-20260828-01a55fcf
REC-00193,PKG-0020-03,train,LINEAGE-0020,RUN-20260828-01a55fcf
REC-00194,PKG-0020-04,train,LINEAGE-0020,RUN-20260828-01a55fcf
REC-00195,PKG-0020-05,train,LINEAGE-0020,RUN-20260828-01a55fcf
REC-00196,PKG-0020-06,train,LINEAGE-0020,RUN-20260828-01a55fcf
REC-00197,PKG-0020-07,train,LINEAGE-0020,RUN-20260828-01a55fcf
REC-00198,PKG-0020-08,train,LINEAGE-0020,RUN-20260828-01a55fcf
REC-00199,PKG-0020-09,train,LINEAGE-0020,RUN-20260828-01a55fcf
REC-00200,PKG-0020-10,train,LINEAGE-0020,RUN-20260828-01a55fcf
REC-00201,PKG-0021-01,train,LINEAGE-0021,RUN-20260828-01a55fcf
REC-00202,PKG-0021-02,train,LINEAGE-0021,RUN-20260828-01a55fcf
REC-00203,PKG-0021-03,train,LINEAGE-0021,RUN-20260828-01a55fcf
REC-00204,PKG-0021-04,train,LINEAGE-0021,RUN-20260828-01a55fcf
REC-00205,PKG-0021-05,train,LINEAGE-0021,RUN-20260828-01a55fcf
REC-00206,PKG-0021-06,train,LINEAGE-0021,RUN-20260828-01a55fcf
REC-00207,PKG-0021-07,train,LINEAGE-0021,RUN-20260828-01a55fcf
REC-00208,PKG-0021-08,train,LINEAGE-0021,RUN-20260828-01a55fcf
REC-00209,PKG-0021-09,train,LINEAGE-0021,RUN-20260828-01a55fcf
REC-00210,PKG-0021-10,train,LINEAGE-0021,RUN-20260828-01a55fcf
REC-00211,PKG-0022-01,test,LINEAGE-0022,RUN-20260828-01a55fcf
REC-00212,PKG-0022-02,test,LINEAGE-0022,RUN-20260828-01a55fcf
REC-00213,PKG-0022-03,test,LINEAGE-0022,RUN-20260828-01a55fcf
REC-00214,PKG-0022-04,test,LINEAGE-0022,RUN-20260828-01a55fcf
REC-00215,PKG-0022-05,test,LINEAGE-0022,RUN-20260828-01a55fcf
REC-00216,PKG-0022-06,test,LINEAGE-0022,RUN-20260828-01a55fcf
REC-00217,PKG-0022-07,test,LINEAGE-0022,RUN-20260828-01a55fcf
REC-00218,PKG-0022-08,test,LINEAGE-0022,RUN-20260828-01a55fcf
REC-00219,PKG-0022-09,test,LINEAGE-0022,RUN-20260828-01a55fcf
REC-00220,PKG-0022-10,test,LINEAGE-0022,RUN-20260828-01a55fcf
REC-00221,PKG-0023-01,test,LINEAGE-0023,RUN-20260828-01a55fcf
REC-00222,PKG-0023-02,test,LINEAGE-0023,RUN-20260828-01a55fcf
REC-00223,PKG-0023-03,test,LINEAGE-0023,RUN-20260828-01a55fcf
REC-00224,PKG-0023-04,test,LINEAGE-0023,RUN-20260828-01a55fcf
REC-00225,PKG-0023-05,test,LINEAGE-0023,RUN-20260828-01a55fcf
REC-00226,PKG-0023-06,test,LINEAGE-0023,RUN-20260828-01a55fcf
REC-00227,PKG-0023-07,test,LINEAGE-0023,RUN-20260828-01a55fcf
REC-00228,PKG-0023-08,test,LINEAGE-0023,RUN-20260828-01a55fcf
REC-00229,PKG-0023-09,test,LINEAGE-0023,RUN-20260828-01a55fcf
REC-00230,PKG-0023-10,test,LINEAGE-0023,RUN-20260828-01a55fcf
REC-00231,PKG-0024-01,train,LINEAGE-0024,RUN-20260828-01a55fcf
REC-00232,PKG-0024-02,train,LINEAGE-0024,RUN-20260828-01a55fcf
REC-00233,PKG-0024-03,train,LINEAGE-0024,RUN-20260828-01a55fcf
REC-00234,PKG-0024-04,train,LINEAGE-0024,RUN-20260828-01a55fcf
REC-00235,PKG-0024-05,train,LINEAGE-0024,RUN-20260828-01a55fcf
REC-00236,PKG-0024-06,train,LINEAGE-0024,RUN-20260828-01a55fcf
REC-00237,PKG-0024-07,train,LINEAGE-0024,RUN-20260828-01a55fcf
REC-00238,PKG-0024-08,train,LINEAGE-0024,RUN-20260828-01a55fcf
REC-00239,PKG-0024-09,train,LINEAGE-0024,RUN-20260828-01a55fcf
REC-00240,PKG-0024-10,train,LINEAGE-0024,RUN-20260828-01a55fcf
REC-00241,PKG-0025-01,train,LINEAGE-0025,RUN-20260828-01a55fcf
REC-00242,PKG-0025-02,train,LINEAGE-0025,RUN-20260828-01a55fcf
REC-00243,PKG-0025-03,train,LINEAGE-0025,RUN-20260828-01a55fcf
REC-00244,PKG-0025-04,train,LINEAGE-0025,RUN-20260828-01a55fcf
REC-00245,PKG-0025-05,train,LINEAGE-0025,RUN-20260828-01a55fcf
REC-00246,PKG-0025-06,train,LINEAGE-0025,RUN-20260828-01a55fcf
REC-00247,PKG-0025-07,train,LINEAGE-0025,RUN-20260828-01a55fcf
REC-00248,PKG-0025-08,train,LINEAGE-0025,RUN-20260828-01a55fcf
REC-00249,PKG-0025-09,train,LINEAGE-0025,RUN-20260828-01a55fcf
REC-00250,PKG-0025-10,train,LINEAGE-0025,RUN-20260828-01a55fcf
REC-00251,PKG-0026-01,train,LINEAGE-0026,RUN-20260828-01a55fcf
REC-00252,PKG-0026-02,train,LINEAGE-0026,RUN-20260828-01a55fcf
REC-00253,PKG-0026-03,train,LINEAGE-0026,RUN-20260828-01a55fcf
REC-00254,PKG-0026-04,train,LINEAGE-0026,RUN-20260828-01a55fcf
REC-00255,PKG-0026-05,train,LINEAGE-0026,RUN-20260828-01a55fcf
REC-00256,PKG-0026-06,train,LINEAGE-0026,RUN-20260828-01a55fcf
REC-00257,PKG-0026-07,train,LINEAGE-0026,RUN-20260828-01a55fcf
REC-00258,PKG-0026-08,train,LINEAGE-0026,RUN-20260828-01a55fcf
REC-00259,PKG-0026-09,train,LINEAGE-0026,RUN-20260828-01a55fcf
REC-00260,PKG-0026-10,train,LINEAGE-0026,RUN-20260828-01a55fcf
REC-00261,PKG-0027-01,train,LINEAGE-0027,RUN-20260828-01a55fcf
REC-00262,PKG-0027-02,train,LINEAGE-0027,RUN-20260828-01a55fcf
REC-00263,PKG-0027-03,train,LINEAGE-0027,RUN-20260828-01a55fcf
REC-00264,PKG-0027-04,train,LINEAGE-0027,RUN-20260828-01a55fcf
REC-00265,PKG-0027-05,train,LINEAGE-0027,RUN-20260828-01a55fcf
REC-00266,PKG-0027-06,train,LINEAGE-0027,RUN-20260828-01a55fcf
REC-00267,PKG-0027-07,train,LINEAGE-0027,RUN-20260828-01a55fcf
REC-00268,PKG-0027-08,train,LINEAGE-0027,RUN-20260828-01a55fcf
REC-00269,PKG-0027-09,train,LINEAGE-0027,RUN-20260828-01a55fcf
REC-00270,PKG-0027-10,train,LINEAGE-0027,RUN-20260828-01a55fcf
REC-00271,PKG-0028-01,train,LINEAGE-0028,RUN-20260828-01a55fcf
REC-00272,PKG-0028-02,train,LINEAGE-0028,RUN-20260828-01a55fcf
REC-00273,PKG-0028-03,train,LINEAGE-0028,RUN-20260828-01a55fcf
REC-00274,PKG-0028-04,train,LINEAGE-0028,RUN-20260828-01a55fcf
REC-00275,PKG-0028-05,train,LINEAGE-0028,RUN-20260828-01a55fcf
REC-00276,PKG-0028-06,train,LINEAGE-0028,RUN-20260828-01a55fcf
REC-00277,PKG-0028-07,train,LINEAGE-0028,RUN-20260828-01a55fcf
REC-00278,PKG-0028-08,train,LINEAGE-0028,RUN-20260828-01a55fcf
REC-00279,PKG-0028-09,train,LINEAGE-0028,RUN-20260828-01a55fcf
REC-00280,PKG-0028-10,train,LINEAGE-0028,RUN-20260828-01a55fcf
REC-00281,PKG-0029-01,train,LINEAGE-0029,RUN-20260828-01a55fcf
REC-00282,PKG-0029-02,train,LINEAGE-0029,RUN-20260828-01a55fcf
REC-00283,PKG-0029-03,train,LINEAGE-0029,RUN-20260828-01a55fcf
REC-00284,PKG-0029-04,train,LINEAGE-0029,RUN-20260828-01a55fcf
REC-00285,PKG-0029-05,train,LINEAGE-0029,RUN-20260828-01a55fcf
REC-00286,PKG-0029-06,train,LINEAGE-0029,RUN-20260828-01a55fcf
REC-00287,PKG-0029-07,train,LINEAGE-0029,RUN-20260828-01a55fcf
REC-00288,PKG-0029-08,train,LINEAGE-0029,RUN-20260828-01a55fcf
REC-00289,PKG-0029-09,train,LINEAGE-0029,RUN-20260828-01a55fcf
REC-00290,PKG-0029-10,train,LINEAGE-0029,RUN-20260828-01a55fcf
REC-00291,PKG-0030-01,train,LINEAGE-0030,RUN-20260828-01a55fcf
REC-00292,PKG-0030-02,train,LINEAGE-0030,RUN-20260828-01a55fcf
REC-00293,PKG-0030-03,train,LINEAGE-0030,RUN-20260828-01a55fcf
REC-00294,PKG-0030-04,train,LINEAGE-0030,RUN-20260828-01a55fcf
REC-00295,PKG-0030-05,train,LINEAGE-0030,RUN-20260828-01a55fcf
REC-00296,PKG-0030-06,train,LINEAGE-0030,RUN-20260828-01a55fcf
REC-00297,PKG-0030-07,train,LINEAGE-0030,RUN-20260828-01a55fcf
REC-00298,PKG-0030-08,train,LINEAGE-0030,RUN-20260828-01a55fcf
REC-00299,PKG-0030-09,train,LINEAGE-0030,RUN-20260828-01a55fcf
REC-00300,PKG-0030-10,train,LINEAGE-0030,RUN-20260828-01a55fcf
REC-00301,PKG-0031-01,train,LINEAGE-0031,RUN-20260828-01a55fcf
REC-00302,PKG-0031-02,train,LINEAGE-0031,RUN-20260828-01a55fcf
REC-00303,PKG-0031-03,train,LINEAGE-0031,RUN-20260828-01a55fcf
REC-00304,PKG-0031-04,train,LINEAGE-0031,RUN-20260828-01a55fcf
REC-00305,PKG-0031-05,train,LINEAGE-0031,RUN-20260828-01a55fcf
REC-00306,PKG-0031-06,train,LINEAGE-0031,RUN-20260828-01a55fcf
REC-00307,PKG-0031-07,train,LINEAGE-0031,RUN-20260828-01a55fcf
REC-00308,PKG-0031-08,train,LINEAGE-0031,RUN-20260828-01a55fcf
REC-00309,PKG-0031-09,train,LINEAGE-0031,RUN-20260828-01a55fcf
REC-00310,PKG-0031-10,train,LINEAGE-0031,RUN-20260828-01a55fcf
REC-00311,PKG-0032-01,train,LINEAGE-0032,RUN-20260828-01a55fcf
REC-00312,PKG-0032-02,train,LINEAGE-0032,RUN-20260828-01a55fcf
REC-00313,PKG-0032-03,train,LINEAGE-0032,RUN-20260828-01a55fcf
REC-00314,PKG-0032-04,train,LINEAGE-0032,RUN-20260828-01a55fcf
REC-00315,PKG-0032-05,train,LINEAGE-0032,RUN-20260828-01a55fcf
REC-00316,PKG-0032-06,train,LINEAGE-0032,RUN-20260828-01a55fcf
REC-00317,PKG-0032-07,train,LINEAGE-0032,RUN-20260828-01a55fcf
REC-00318,PKG-0032-08,train,LINEAGE-0032,RUN-20260828-01a55fcf
REC-00319,PKG-0032-09,train,LINEAGE-0032,RUN-20260828-01a55fcf
REC-00320,PKG-0032-10,train,LINEAGE-0032,RUN-20260828-01a55fcf
REC-00321,PKG-0033-01,train,LINEAGE-0033,RUN-20260828-01a55fcf
REC-00322,PKG-0033-02,train,LINEAGE-0033,RUN-20260828-01a55fcf
REC-00323,PKG-0033-03,train,LINEAGE-0033,RUN-20260828-01a55fcf
REC-00324,PKG-0033-04,train,LINEAGE-0033,RUN-20260828-01a55fcf
REC-00325,PKG-0033-05,train,LINEAGE-0033,RUN-20260828-01a55fcf
REC-00326,PKG-0033-06,train,LINEAGE-0033,RUN-20260828-01a55fcf
REC-00327,PKG-0033-07,train,LINEAGE-0033,RUN-20260828-01a55fcf
REC-00328,PKG-0033-08,train,LINEAGE-0033,RUN-20260828-01a55fcf
REC-00329,PKG-0033-09,train,LINEAGE-0033,RUN-20260828-01a55fcf
REC-00330,PKG-0033-10,train,LINEAGE-0033,RUN-20260828-01a55fcf
REC-00331,PKG-0034-01,train,LINEAGE-0034,RUN-20260828-01a55fcf
REC-00332,PKG-0034-02,train,LINEAGE-0034,RUN-20260828-01a55fcf
REC-00333,PKG-0034-03,train,LINEAGE-0034,RUN-20260828-01a55fcf
REC-00334,PKG-0034-04,train,LINEAGE-0034,RUN-20260828-01a55fcf
REC-00335,PKG-0034-05,train,LINEAGE-0034,RUN-20260828-01a55fcf
REC-00336,PKG-0034-06,train,LINEAGE-0034,RUN-20260828-01a55fcf
REC-00337,PKG-0034-07,train,LINEAGE-0034,RUN-20260828-01a55fcf
REC-00338,PKG-0034-08,train,LINEAGE-0034,RUN-20260828-01a55fcf
REC-00339,PKG-0034-09,train,LINEAGE-0034,RUN-20260828-01a55fcf
REC-00340,PKG-0034-10,train,LINEAGE-0034,RUN-20260828-01a55fcf
REC-00341,PKG-0035-01,test,LINEAGE-0035,RUN-20260828-01a55fcf
REC-00342,PKG-0035-02,test,LINEAGE-0035,RUN-20260828-01a55fcf
REC-00343,PKG-0035-03,test,LINEAGE-0035,RUN-20260828-01a55fcf
REC-00344,PKG-0035-04,test,LINEAGE-0035,RUN-20260828-01a55fcf
REC-00345,PKG-0035-05,test,LINEAGE-0035,RUN-20260828-01a55fcf
REC-00346,PKG-0035-06,test,LINEAGE-0035,RUN-20260828-01a55fcf
REC-00347,PKG-0035-07,test,LINEAGE-0035,RUN-20260828-01a55fcf
REC-00348,PKG-0035-08,test,LINEAGE-0035,RUN-20260828-01a55fcf
REC-00349,PKG-0035-09,test,LINEAGE-0035,RUN-20260828-01a55fcf
REC-00350,PKG-0035-10,test,LINEAGE-0035,RUN-20260828-01a55fcf
REC-00351,PKG-0036-01,test,LINEAGE-0036,RUN-20260828-01a55fcf
REC-00352,PKG-0036-02,test,LINEAGE-0036,RUN-20260828-01a55fcf
REC-00353,PKG-0036-03,test,LINEAGE-0036,RUN-20260828-01a55fcf
REC-00354,PKG-0036-04,test,LINEAGE-0036,RUN-20260828-01a55fcf
REC-00355,PKG-0036-05,test,LINEAGE-0036,RUN-20260828-01a55fcf
REC-00356,PKG-0036-06,test,LINEAGE-0036,RUN-20260828-01a55fcf
REC-00357,PKG-0036-07,test,LINEAGE-0036,RUN-20260828-01a55fcf
REC-00358,PKG-0036-08,test,LINEAGE-0036,RUN-20260828-01a55fcf
REC-00359,PKG-0036-09,test,LINEAGE-0036,RUN-20260828-01a55fcf
REC-00360,PKG-0036-10,test,LINEAGE-0036,RUN-20260828-01a55fcf
REC-00361,PKG-0037-01,train,LINEAGE-0037,RUN-20260828-01a55fcf
REC-00362,PKG-0037-02,train,LINEAGE-0037,RUN-20260828-01a55fcf
REC-00363,PKG-0037-03,train,LINEAGE-0037,RUN-20260828-01a55fcf
REC-00364,PKG-0037-04,train,LINEAGE-0037,RUN-20260828-01a55fcf
REC-00365,PKG-0037-05,train,LINEAGE-0037,RUN-20260828-01a55fcf
REC-00366,PKG-0037-06,train,LINEAGE-0037,RUN-20260828-01a55fcf
REC-00367,PKG-0037-07,train,LINEAGE-0037,RUN-20260828-01a55fcf
REC-00368,PKG-0037-08,train,LINEAGE-0037,RUN-20260828-01a55fcf
REC-00369,PKG-0037-09,train,LINEAGE-0037,RUN-20260828-01a55fcf
REC-00370,PKG-0037-10,train,LINEAGE-0037,RUN-20260828-01a55fcf
REC-00371,PKG-0038-01,train,LINEAGE-0038,RUN-20260828-01a55fcf
REC-00372,PKG-0038-02,train,LINEAGE-0038,RUN-20260828-01a55fcf
REC-00373,PKG-0038-03,train,LINEAGE-0038,RUN-20260828-01a55fcf
REC-00374,PKG-0038-04,train,LINEAGE-0038,RUN-20260828-01a55fcf
REC-00375,PKG-0038-05,train,LINEAGE-0038,RUN-20260828-01a55fcf
REC-00376,PKG-0038-06,train,LINEAGE-0038,RUN-20260828-01a55fcf
REC-00377,PKG-0038-07,train,LINEAGE-0038,RUN-20260828-01a55fcf
REC-00378,PKG-0038-08,train,LINEAGE-0038,RUN-20260828-01a55fcf
REC-00379,PKG-0038-09,train,LINEAGE-0038,RUN-20260828-01a55fcf
REC-00380,PKG-0038-10,train,LINEAGE-0038,RUN-20260828-01a55fcf
REC-00381,PKG-0039-01,train,LINEAGE-0039,RUN-20260828-01a55fcf
REC-00382,PKG-0039-02,train,LINEAGE-0039,RUN-20260828-01a55fcf
REC-00383,PKG-0039-03,train,LINEAGE-0039,RUN-20260828-01a55fcf
REC-00384,PKG-0039-04,train,LINEAGE-0039,RUN-20260828-01a55fcf
REC-00385,PKG-0039-05,train,LINEAGE-0039,RUN-20260828-01a55fcf
REC-00386,PKG-0039-06,train,LINEAGE-0039,RUN-20260828-01a55fcf
REC-00387,PKG-0039-07,train,LINEAGE-0039,RUN-20260828-01a55fcf
REC-00388,PKG-0039-08,train,LINEAGE-0039,RUN-20260828-01a55fcf
REC-00389,PKG-0039-09,train,LINEAGE-0039,RUN-20260828-01a55fcf
REC-00390,PKG-0039-10,train,LINEAGE-0039,RUN-20260828-01a55fcf
REC-00391,PKG-0040-01,train,LINEAGE-0040,RUN-20260828-01a55fcf
REC-00392,PKG-0040-02,train,LINEAGE-0040,RUN-20260828-01a55fcf
REC-00393,PKG-0040-03,train,LINEAGE-0040,RUN-20260828-01a55fcf
REC-00394,PKG-0040-04,train,LINEAGE-0040,RUN-20260828-01a55fcf
REC-00395,PKG-0040-05,train,LINEAGE-0040,RUN-20260828-01a55fcf
REC-00396,PKG-0040-06,train,LINEAGE-0040,RUN-20260828-01a55fcf
REC-00397,PKG-0040-07,train,LINEAGE-0040,RUN-20260828-01a55fcf
REC-00398,PKG-0040-08,train,LINEAGE-0040,RUN-20260828-01a55fcf
REC-00399,PKG-0040-09,train,LINEAGE-0040,RUN-20260828-01a55fcf
REC-00400,PKG-0040-10,train,LINEAGE-0040,RUN-20260828-01a55fcf
REC-00401,PKG-0041-01,train,LINEAGE-0041,RUN-20260828-01a55fcf
REC-00402,PKG-0041-02,train,LINEAGE-0041,RUN-20260828-01a55fcf
REC-00403,PKG-0041-03,train,LINEAGE-0041,RUN-20260828-01a55fcf
REC-00404,PKG-0041-04,train,LINEAGE-0041,RUN-20260828-01a55fcf
REC-00405,PKG-0041-05,train,LINEAGE-0041,RUN-20260828-01a55fcf
REC-00406,PKG-0041-06,train,LINEAGE-0041,RUN-20260828-01a55fcf
REC-00407,PKG-0041-07,train,LINEAGE-0041,RUN-20260828-01a55fcf
REC-00408,PKG-0041-08,train,LINEAGE-0041,RUN-20260828-01a55fcf
REC-00409,PKG-0041-09,train,LINEAGE-0041,RUN-20260828-01a55fcf
REC-00410,PKG-0041-10,train,LINEAGE-0041,RUN-20260828-01a55fcf
REC-00411,PKG-0042-01,validation,LINEAGE-0042,RUN-20260828-01a55fcf
REC-00412,PKG-0042-02,validation,LINEAGE-0042,RUN-20260828-01a55fcf
REC-00413,PKG-0042-03,validation,LINEAGE-0042,RUN-20260828-01a55fcf
REC-00414,PKG-0042-04,validation,LINEAGE-0042,RUN-20260828-01a55fcf
REC-00415,PKG-0042-05,validation,LINEAGE-0042,RUN-20260828-01a55fcf
REC-00416,PKG-0042-06,validation,LINEAGE-0042,RUN-20260828-01a55fcf
REC-00417,PKG-0042-07,validation,LINEAGE-0042,RUN-20260828-01a55fcf
REC-00418,PKG-0042-08,validation,LINEAGE-0042,RUN-20260828-01a55fcf
REC-00419,PKG-0042-09,validation,LINEAGE-0042,RUN-20260828-01a55fcf
REC-00420,PKG-0042-10,validation,LINEAGE-0042,RUN-20260828-01a55fcf
REC-00421,PKG-0043-01,train,LINEAGE-0043,RUN-20260828-01a55fcf
REC-00422,PKG-0043-02,train,LINEAGE-0043,RUN-20260828-01a55fcf
REC-00423,PKG-0043-03,train,LINEAGE-0043,RUN-20260828-01a55fcf
REC-00424,PKG-0043-04,train,LINEAGE-0043,RUN-20260828-01a55fcf
REC-00425,PKG-0043-05,train,LINEAGE-0043,RUN-20260828-01a55fcf
REC-00426,PKG-0043-06,train,LINEAGE-0043,RUN-20260828-01a55fcf
REC-00427,PKG-0043-07,train,LINEAGE-0043,RUN-20260828-01a55fcf
REC-00428,PKG-0043-08,train,LINEAGE-0043,RUN-20260828-01a55fcf
REC-00429,PKG-0043-09,train,LINEAGE-0043,RUN-20260828-01a55fcf
REC-00430,PKG-0043-10,train,LINEAGE-0043,RUN-20260828-01a55fcf
REC-00431,PKG-0044-01,validation,LINEAGE-0044,RUN-20260828-01a55fcf
REC-00432,PKG-0044-02,validation,LINEAGE-0044,RUN-20260828-01a55fcf
REC-00433,PKG-0044-03,validation,LINEAGE-0044,RUN-20260828-01a55fcf
REC-00434,PKG-0044-04,validation,LINEAGE-0044,RUN-20260828-01a55fcf
REC-00435,PKG-0044-05,validation,LINEAGE-0044,RUN-20260828-01a55fcf
REC-00436,PKG-0044-06,validation,LINEAGE-0044,RUN-20260828-01a55fcf
REC-00437,PKG-0044-07,validation,LINEAGE-0044,RUN-20260828-01a55fcf
REC-00438,PKG-0044-08,validation,LINEAGE-0044,RUN-20260828-01a55fcf
REC-00439,PKG-0044-09,validation,LINEAGE-0044,RUN-20260828-01a55fcf
REC-00440,PKG-0044-10,validation,LINEAGE-0044,RUN-20260828-01a55fcf
REC-00441,PKG-0045-01,train,LINEAGE-0045,RUN-20260828-01a55fcf
REC-00442,PKG-0045-02,train,LINEAGE-0045,RUN-20260828-01a55fcf
REC-00443,PKG-0045-03,train,LINEAGE-0045,RUN-20260828-01a55fcf
REC-00444,PKG-0045-04,train,LINEAGE-0045,RUN-20260828-01a55fcf
REC-00445,PKG-0045-05,train,LINEAGE-0045,RUN-20260828-01a55fcf
REC-00446,PKG-0045-06,train,LINEAGE-0045,RUN-20260828-01a55fcf
REC-00447,PKG-0045-07,train,LINEAGE-0045,RUN-20260828-01a55fcf
REC-00448,PKG-0045-08,train,LINEAGE-0045,RUN-20260828-01a55fcf
REC-00449,PKG-0045-09,train,LINEAGE-0045,RUN-20260828-01a55fcf
REC-00450,PKG-0045-10,train,LINEAGE-0045,RUN-20260828-01a55fcf
REC-00451,PKG-0046-01,train,LINEAGE-0046,RUN-20260828-01a55fcf
REC-00452,PKG-0046-02,train,LINEAGE-0046,RUN-20260828-01a55fcf
REC-00453,PKG-0046-03,train,LINEAGE-0046,RUN-20260828-01a55fcf
REC-00454,PKG-0046-04,train,LINEAGE-0046,RUN-20260828-01a55fcf
REC-00455,PKG-0046-05,train,LINEAGE-0046,RUN-20260828-01a55fcf
REC-00456,PKG-0046-06,train,LINEAGE-0046,RUN-20260828-01a55fcf
REC-00457,PKG-0046-07,train,LINEAGE-0046,RUN-20260828-01a55fcf
REC-00458,PKG-0046-08,train,LINEAGE-0046,RUN-20260828-01a55fcf
REC-00459,PKG-0046-09,train,LINEAGE-0046,RUN-20260828-01a55fcf
REC-00460,PKG-0046-10,train,LINEAGE-0046,RUN-20260828-01a55fcf
REC-00461,PKG-0047-01,train,LINEAGE-0047,RUN-20260828-01a55fcf
REC-00462,PKG-0047-02,train,LINEAGE-0047,RUN-20260828-01a55fcf
REC-00463,PKG-0047-03,train,LINEAGE-0047,RUN-20260828-01a55fcf
REC-00464,PKG-0047-04,train,LINEAGE-0047,RUN-20260828-01a55fcf
REC-00465,PKG-0047-05,train,LINEAGE-0047,RUN-20260828-01a55fcf
REC-00466,PKG-0047-06,train,LINEAGE-0047,RUN-20260828-01a55fcf
REC-00467,PKG-0047-07,train,LINEAGE-0047,RUN-20260828-01a55fcf
REC-00468,PKG-0047-08,train,LINEAGE-0047,RUN-20260828-01a55fcf
REC-00469,PKG-0047-09,train,LINEAGE-0047,RUN-20260828-01a55fcf
REC-00470,PKG-0047-10,train,LINEAGE-0047,RUN-20260828-01a55fcf
REC-00471,PKG-0048-01,train,LINEAGE-0048,RUN-20260828-01a55fcf
REC-00472,PKG-0048-02,train,LINEAGE-0048,RUN-20260828-01a55fcf
REC-00473,PKG-0048-03,train,LINEAGE-0048,RUN-20260828-01a55fcf
REC-00474,PKG-0048-04,train,LINEAGE-0048,RUN-20260828-01a55fcf
REC-00475,PKG-0048-05,train,LINEAGE-0048,RUN-20260828-01a55fcf
REC-00476,PKG-0048-06,train,LINEAGE-0048,RUN-20260828-01a55fcf
REC-00477,PKG-0048-07,train,LINEAGE-0048,RUN-20260828-01a55fcf
REC-00478,PKG-0048-08,train,LINEAGE-0048,RUN-20260828-01a55fcf
REC-00479,PKG-0048-09,train,LINEAGE-0048,RUN-20260828-01a55fcf
REC-00480,PKG-0048-10,train,LINEAGE-0048,RUN-20260828-01a55fcf
REC-00481,PKG-0049-01,train,LINEAGE-0049,RUN-20260828-01a55fcf
REC-00482,PKG-0049-02,train,LINEAGE-0049,RUN-20260828-01a55fcf
REC-00483,PKG-0049-03,train,LINEAGE-0049,RUN-20260828-01a55fcf
REC-00484,PKG-0049-04,train,LINEAGE-0049,RUN-20260828-01a55fcf
REC-00485,PKG-0049-05,train,LINEAGE-0049,RUN-20260828-01a55fcf
REC-00486,PKG-0049-06,train,LINEAGE-0049,RUN-20260828-01a55fcf
REC-00487,PKG-0049-07,train,LINEAGE-0049,RUN-20260828-01a55fcf
REC-00488,PKG-0049-08,train,LINEAGE-0049,RUN-20260828-01a55fcf
REC-00489,PKG-0049-09,train,LINEAGE-0049,RUN-20260828-01a55fcf
REC-00490,PKG-0049-10,train,LINEAGE-0049,RUN-20260828-01a55fcf
REC-00491,PKG-0050-01,test,LINEAGE-0050,RUN-20260828-01a55fcf
REC-00492,PKG-0050-02,test,LINEAGE-0050,RUN-20260828-01a55fcf
REC-00493,PKG-0050-03,test,LINEAGE-0050,RUN-20260828-01a55fcf
REC-00494,PKG-0050-04,test,LINEAGE-0050,RUN-20260828-01a55fcf
REC-00495,PKG-0050-05,test,LINEAGE-0050,RUN-20260828-01a55fcf
REC-00496,PKG-0050-06,test,LINEAGE-0050,RUN-20260828-01a55fcf
REC-00497,PKG-0050-07,test,LINEAGE-0050,RUN-20260828-01a55fcf
REC-00498,PKG-0050-08,test,LINEAGE-0050,RUN-20260828-01a55fcf
REC-00499,PKG-0050-09,test,LINEAGE-0050,RUN-20260828-01a55fcf
REC-00500,PKG-0050-10,test,LINEAGE-0050,RUN-20260828-01a55fcf
REC-00501,PKG-0051-01,train,LINEAGE-0051,RUN-20260828-01a55fcf
REC-00502,PKG-0051-02,train,LINEAGE-0051,RUN-20260828-01a55fcf
REC-00503,PKG-0051-03,train,LINEAGE-0051,RUN-20260828-01a55fcf
REC-00504,PKG-0051-04,train,LINEAGE-0051,RUN-20260828-01a55fcf
REC-00505,PKG-0051-05,train,LINEAGE-0051,RUN-20260828-01a55fcf
REC-00506,PKG-0051-06,train,LINEAGE-0051,RUN-20260828-01a55fcf
REC-00507,PKG-0051-07,train,LINEAGE-0051,RUN-20260828-01a55fcf
REC-00508,PKG-0051-08,train,LINEAGE-0051,RUN-20260828-01a55fcf
REC-00509,PKG-0051-09,train,LINEAGE-0051,RUN-20260828-01a55fcf
REC-00510,PKG-0051-10,train,LINEAGE-0051,RUN-20260828-01a55fcf
REC-00511,PKG-0052-01,test,LINEAGE-0052,RUN-20260828-01a55fcf
REC-00512,PKG-0052-02,test,LINEAGE-0052,RUN-20260828-01a55fcf
REC-00513,PKG-0052-03,test,LINEAGE-0052,RUN-20260828-01a55fcf
REC-00514,PKG-0052-04,test,LINEAGE-0052,RUN-20260828-01a55fcf
REC-00515,PKG-0052-05,test,LINEAGE-0052,RUN-20260828-01a55fcf
REC-00516,PKG-0052-06,test,LINEAGE-0052,RUN-20260828-01a55fcf
REC-00517,PKG-0052-07,test,LINEAGE-0052,RUN-20260828-01a55fcf
REC-00518,PKG-0052-08,test,LINEAGE-0052,RUN-20260828-01a55fcf
REC-00519,PKG-0052-09,test,LINEAGE-0052,RUN-20260828-01a55fcf
REC-00520,PKG-0052-10,test,LINEAGE-0052,RUN-20260828-01a55fcf
REC-00521,PKG-0053-01,train,LINEAGE-0053,RUN-20260828-01a55fcf
REC-00522,PKG-0053-02,train,LINEAGE-0053,RUN-20260828-01a55fcf
REC-00523,PKG-0053-03,train,LINEAGE-0053,RUN-20260828-01a55fcf
REC-00524,PKG-0053-04,train,LINEAGE-0053,RUN-20260828-01a55fcf
REC-00525,PKG-0053-05,train,LINEAGE-0053,RUN-20260828-01a55fcf
REC-00526,PKG-0053-06,train,LINEAGE-0053,RUN-20260828-01a55fcf
REC-00527,PKG-0053-07,train,LINEAGE-0053,RUN-20260828-01a55fcf
REC-00528,PKG-0053-08,train,LINEAGE-0053,RUN-20260828-01a55fcf
REC-00529,PKG-0053-09,train,LINEAGE-0053,RUN-20260828-01a55fcf
REC-00530,PKG-0053-10,train,LINEAGE-0053,RUN-20260828-01a55fcf
REC-00531,PKG-0054-01,train,LINEAGE-0054,RUN-20260828-01a55fcf
REC-00532,PKG-0054-02,train,LINEAGE-0054,RUN-20260828-01a55fcf
REC-00533,PKG-0054-03,train,LINEAGE-0054,RUN-20260828-01a55fcf
REC-00534,PKG-0054-04,train,LINEAGE-0054,RUN-20260828-01a55fcf
REC-00535,PKG-0054-05,train,LINEAGE-0054,RUN-20260828-01a55fcf
REC-00536,PKG-0054-06,train,LINEAGE-0054,RUN-20260828-01a55fcf
REC-00537,PKG-0054-07,train,LINEAGE-0054,RUN-20260828-01a55fcf
REC-00538,PKG-0054-08,train,LINEAGE-0054,RUN-20260828-01a55fcf
REC-00539,PKG-0054-09,train,LINEAGE-0054,RUN-20260828-01a55fcf
REC-00540,PKG-0054-10,train,LINEAGE-0054,RUN-20260828-01a55fcf
REC-00541,PKG-0055-01,train,LINEAGE-0055,RUN-20260828-01a55fcf
REC-00542,PKG-0055-02,train,LINEAGE-0055,RUN-20260828-01a55fcf
REC-00543,PKG-0055-03,train,LINEAGE-0055,RUN-20260828-01a55fcf
REC-00544,PKG-0055-04,train,LINEAGE-0055,RUN-20260828-01a55fcf
REC-00545,PKG-0055-05,train,LINEAGE-0055,RUN-20260828-01a55fcf
REC-00546,PKG-0055-06,train,LINEAGE-0055,RUN-20260828-01a55fcf
REC-00547,PKG-0055-07,train,LINEAGE-0055,RUN-20260828-01a55fcf
REC-00548,PKG-0055-08,train,LINEAGE-0055,RUN-20260828-01a55fcf
REC-00549,PKG-0055-09,train,LINEAGE-0055,RUN-20260828-01a55fcf
REC-00550,PKG-0055-10,train,LINEAGE-0055,RUN-20260828-01a55fcf
REC-00551,PKG-0056-01,train,LINEAGE-0056,RUN-20260828-01a55fcf
REC-00552,PKG-0056-02,train,LINEAGE-0056,RUN-20260828-01a55fcf
REC-00553,PKG-0056-03,train,LINEAGE-0056,RUN-20260828-01a55fcf
REC-00554,PKG-0056-04,train,LINEAGE-0056,RUN-20260828-01a55fcf
REC-00555,PKG-0056-05,train,LINEAGE-0056,RUN-20260828-01a55fcf
REC-00556,PKG-0056-06,train,LINEAGE-0056,RUN-20260828-01a55fcf
REC-00557,PKG-0056-07,train,LINEAGE-0056,RUN-20260828-01a55fcf
REC-00558,PKG-0056-08,train,LINEAGE-0056,RUN-20260828-01a55fcf
REC-00559,PKG-0056-09,train,LINEAGE-0056,RUN-20260828-01a55fcf
REC-00560,PKG-0056-10,train,LINEAGE-0056,RUN-20260828-01a55fcf
REC-00561,PKG-0057-01,train,LINEAGE-0057,RUN-20260828-01a55fcf
REC-00562,PKG-0057-02,train,LINEAGE-0057,RUN-20260828-01a55fcf
REC-00563,PKG-0057-03,train,LINEAGE-0057,RUN-20260828-01a55fcf
REC-00564,PKG-0057-04,train,LINEAGE-0057,RUN-20260828-01a55fcf
REC-00565,PKG-0057-05,train,LINEAGE-0057,RUN-20260828-01a55fcf
REC-00566,PKG-0057-06,train,LINEAGE-0057,RUN-20260828-01a55fcf
REC-00567,PKG-0057-07,train,LINEAGE-0057,RUN-20260828-01a55fcf
REC-00568,PKG-0057-08,train,LINEAGE-0057,RUN-20260828-01a55fcf
REC-00569,PKG-0057-09,train,LINEAGE-0057,RUN-20260828-01a55fcf
REC-00570,PKG-0057-10,train,LINEAGE-0057,RUN-20260828-01a55fcf
REC-00571,PKG-0058-01,train,LINEAGE-0058,RUN-20260828-01a55fcf
REC-00572,PKG-0058-02,train,LINEAGE-0058,RUN-20260828-01a55fcf
REC-00573,PKG-0058-03,train,LINEAGE-0058,RUN-20260828-01a55fcf
REC-00574,PKG-0058-04,train,LINEAGE-0058,RUN-20260828-01a55fcf
REC-00575,PKG-0058-05,train,LINEAGE-0058,RUN-20260828-01a55fcf
REC-00576,PKG-0058-06,train,LINEAGE-0058,RUN-20260828-01a55fcf
REC-00577,PKG-0058-07,train,LINEAGE-0058,RUN-20260828-01a55fcf
REC-00578,PKG-0058-08,train,LINEAGE-0058,RUN-20260828-01a55fcf
REC-00579,PKG-0058-09,train,LINEAGE-0058,RUN-20260828-01a55fcf
REC-00580,PKG-0058-10,train,LINEAGE-0058,RUN-20260828-01a55fcf
REC-00581,PKG-0059-01,validation,LINEAGE-0059,RUN-20260828-01a55fcf
REC-00582,PKG-0059-02,validation,LINEAGE-0059,RUN-20260828-01a55fcf
REC-00583,PKG-0059-03,validation,LINEAGE-0059,RUN-20260828-01a55fcf
REC-00584,PKG-0059-04,validation,LINEAGE-0059,RUN-20260828-01a55fcf
REC-00585,PKG-0059-05,validation,LINEAGE-0059,RUN-20260828-01a55fcf
REC-00586,PKG-0059-06,validation,LINEAGE-0059,RUN-20260828-01a55fcf
REC-00587,PKG-0059-07,validation,LINEAGE-0059,RUN-20260828-01a55fcf
REC-00588,PKG-0059-08,validation,LINEAGE-0059,RUN-20260828-01a55fcf
REC-00589,PKG-0059-09,validation,LINEAGE-0059,RUN-20260828-01a55fcf
REC-00590,PKG-0059-10,validation,LINEAGE-0059,RUN-20260828-01a55fcf
REC-00591,PKG-0060-01,train,LINEAGE-0060,RUN-20260828-01a55fcf
REC-00592,PKG-0060-02,train,LINEAGE-0060,RUN-20260828-01a55fcf
REC-00593,PKG-0060-03,train,LINEAGE-0060,RUN-20260828-01a55fcf
REC-00594,PKG-0060-04,train,LINEAGE-0060,RUN-20260828-01a55fcf
REC-00595,PKG-0060-05,train,LINEAGE-0060,RUN-20260828-01a55fcf
REC-00596,PKG-0060-06,train,LINEAGE-0060,RUN-20260828-01a55fcf
REC-00597,PKG-0060-07,train,LINEAGE-0060,RUN-20260828-01a55fcf
REC-00598,PKG-0060-08,train,LINEAGE-0060,RUN-20260828-01a55fcf
REC-00599,PKG-0060-09,train,LINEAGE-0060,RUN-20260828-01a55fcf
REC-00600,PKG-0060-10,train,LINEAGE-0060,RUN-20260828-01a55fcf
REC-00601,PKG-0061-01,validation,LINEAGE-0061,RUN-20260828-01a55fcf
REC-00602,PKG-0061-02,validation,LINEAGE-0061,RUN-20260828-01a55fcf
REC-00603,PKG-0061-03,validation,LINEAGE-0061,RUN-20260828-01a55fcf
REC-00604,PKG-0061-04,validation,LINEAGE-0061,RUN-20260828-01a55fcf
REC-00605,PKG-0061-05,validation,LINEAGE-0061,RUN-20260828-01a55fcf
REC-00606,PKG-0061-06,validation,LINEAGE-0061,RUN-20260828-01a55fcf
REC-00607,PKG-0061-07,validation,LINEAGE-0061,RUN-20260828-01a55fcf
REC-00608,PKG-0061-08,validation,LINEAGE-0061,RUN-20260828-01a55fcf
REC-00609,PKG-0061-09,validation,LINEAGE-0061,RUN-20260828-01a55fcf
REC-00610,PKG-0061-10,validation,LINEAGE-0061,RUN-20260828-01a55fcf
REC-00611,PKG-0062-01,train,LINEAGE-0062,RUN-20260828-01a55fcf
REC-00612,PKG-0062-02,train,LINEAGE-0062,RUN-20260828-01a55fcf
REC-00613,PKG-0062-03,train,LINEAGE-0062,RUN-20260828-01a55fcf
REC-00614,PKG-0062-04,train,LINEAGE-0062,RUN-20260828-01a55fcf
REC-00615,PKG-0062-05,train,LINEAGE-0062,RUN-20260828-01a55fcf
REC-00616,PKG-0062-06,train,LINEAGE-0062,RUN-20260828-01a55fcf
REC-00617,PKG-0062-07,train,LINEAGE-0062,RUN-20260828-01a55fcf
REC-00618,PKG-0062-08,train,LINEAGE-0062,RUN-20260828-01a55fcf
REC-00619,PKG-0062-09,train,LINEAGE-0062,RUN-20260828-01a55fcf
REC-00620,PKG-0062-10,train,LINEAGE-0062,RUN-20260828-01a55fcf
REC-00621,PKG-0063-01,train,LINEAGE-0063,RUN-20260828-01a55fcf
REC-00622,PKG-0063-02,train,LINEAGE-0063,RUN-20260828-01a55fcf
REC-00623,PKG-0063-03,train,LINEAGE-0063,RUN-20260828-01a55fcf
REC-00624,PKG-0063-04,train,LINEAGE-0063,RUN-20260828-01a55fcf
REC-00625,PKG-0063-05,train,LINEAGE-0063,RUN-20260828-01a55fcf
REC-00626,PKG-0063-06,train,LINEAGE-0063,RUN-20260828-01a55fcf
REC-00627,PKG-0063-07,train,LINEAGE-0063,RUN-20260828-01a55fcf
REC-00628,PKG-0063-08,train,LINEAGE-0063,RUN-20260828-01a55fcf
REC-00629,PKG-0063-09,train,LINEAGE-0063,RUN-20260828-01a55fcf
REC-00630,PKG-0063-10,train,LINEAGE-0063,RUN-20260828-01a55fcf
REC-00631,PKG-0064-01,test,LINEAGE-0064,RUN-20260828-01a55fcf
REC-00632,PKG-0064-02,test,LINEAGE-0064,RUN-20260828-01a55fcf
REC-00633,PKG-0064-03,test,LINEAGE-0064,RUN-20260828-01a55fcf
REC-00634,PKG-0064-04,test,LINEAGE-0064,RUN-20260828-01a55fcf
REC-00635,PKG-0064-05,test,LINEAGE-0064,RUN-20260828-01a55fcf
REC-00636,PKG-0064-06,test,LINEAGE-0064,RUN-20260828-01a55fcf
REC-00637,PKG-0064-07,test,LINEAGE-0064,RUN-20260828-01a55fcf
REC-00638,PKG-0064-08,test,LINEAGE-0064,RUN-20260828-01a55fcf
REC-00639,PKG-0064-09,test,LINEAGE-0064,RUN-20260828-01a55fcf
REC-00640,PKG-0064-10,test,LINEAGE-0064,RUN-20260828-01a55fcf
REC-00641,PKG-0065-01,test,LINEAGE-0065,RUN-20260828-01a55fcf
REC-00642,PKG-0065-02,test,LINEAGE-0065,RUN-20260828-01a55fcf
REC-00643,PKG-0065-03,test,LINEAGE-0065,RUN-20260828-01a55fcf
REC-00644,PKG-0065-04,test,LINEAGE-0065,RUN-20260828-01a55fcf
REC-00645,PKG-0065-05,test,LINEAGE-0065,RUN-20260828-01a55fcf
REC-00646,PKG-0065-06,test,LINEAGE-0065,RUN-20260828-01a55fcf
REC-00647,PKG-0065-07,test,LINEAGE-0065,RUN-20260828-01a55fcf
REC-00648,PKG-0065-08,test,LINEAGE-0065,RUN-20260828-01a55fcf
REC-00649,PKG-0065-09,test,LINEAGE-0065,RUN-20260828-01a55fcf
REC-00650,PKG-0065-10,test,LINEAGE-0065,RUN-20260828-01a55fcf
REC-00651,PKG-0066-01,test,LINEAGE-0066,RUN-20260828-01a55fcf
REC-00652,PKG-0066-02,test,LINEAGE-0066,RUN-20260828-01a55fcf
REC-00653,PKG-0066-03,test,LINEAGE-0066,RUN-20260828-01a55fcf
REC-00654,PKG-0066-04,test,LINEAGE-0066,RUN-20260828-01a55fcf
REC-00655,PKG-0066-05,test,LINEAGE-0066,RUN-20260828-01a55fcf
REC-00656,PKG-0066-06,test,LINEAGE-0066,RUN-20260828-01a55fcf
REC-00657,PKG-0066-07,test,LINEAGE-0066,RUN-20260828-01a55fcf
REC-00658,PKG-0066-08,test,LINEAGE-0066,RUN-20260828-01a55fcf
REC-00659,PKG-0066-09,test,LINEAGE-0066,RUN-20260828-01a55fcf
REC-00660,PKG-0066-10,test,LINEAGE-0066,RUN-20260828-01a55fcf
REC-00661,PKG-0067-01,train,LINEAGE-0067,RUN-20260828-01a55fcf
REC-00662,PKG-0067-02,train,LINEAGE-0067,RUN-20260828-01a55fcf
REC-00663,PKG-0067-03,train,LINEAGE-0067,RUN-20260828-01a55fcf
REC-00664,PKG-0067-04,train,LINEAGE-0067,RUN-20260828-01a55fcf
REC-00665,PKG-0067-05,train,LINEAGE-0067,RUN-20260828-01a55fcf
REC-00666,PKG-0067-06,train,LINEAGE-0067,RUN-20260828-01a55fcf
REC-00667,PKG-0067-07,train,LINEAGE-0067,RUN-20260828-01a55fcf
REC-00668,PKG-0067-08,train,LINEAGE-0067,RUN-20260828-01a55fcf
REC-00669,PKG-0067-09,train,LINEAGE-0067,RUN-20260828-01a55fcf
REC-00670,PKG-0067-10,train,LINEAGE-0067,RUN-20260828-01a55fcf
REC-00671,PKG-0068-01,validation,LINEAGE-0068,RUN-20260828-01a55fcf
REC-00672,PKG-0068-02,validation,LINEAGE-0068,RUN-20260828-01a55fcf
REC-00673,PKG-0068-03,validation,LINEAGE-0068,RUN-20260828-01a55fcf
REC-00674,PKG-0068-04,validation,LINEAGE-0068,RUN-20260828-01a55fcf
REC-00675,PKG-0068-05,validation,LINEAGE-0068,RUN-20260828-01a55fcf
REC-00676,PKG-0068-06,validation,LINEAGE-0068,RUN-20260828-01a55fcf
REC-00677,PKG-0068-07,validation,LINEAGE-0068,RUN-20260828-01a55fcf
REC-00678,PKG-0068-08,validation,LINEAGE-0068,RUN-20260828-01a55fcf
REC-00679,PKG-0068-09,validation,LINEAGE-0068,RUN-20260828-01a55fcf
REC-00680,PKG-0068-10,validation,LINEAGE-0068,RUN-20260828-01a55fcf
REC-00681,PKG-0069-01,validation,LINEAGE-0069,RUN-20260828-01a55fcf
REC-00682,PKG-0069-02,validation,LINEAGE-0069,RUN-20260828-01a55fcf
REC-00683,PKG-0069-03,validation,LINEAGE-0069,RUN-20260828-01a55fcf
REC-00684,PKG-0069-04,validation,LINEAGE-0069,RUN-20260828-01a55fcf
REC-00685,PKG-0069-05,validation,LINEAGE-0069,RUN-20260828-01a55fcf
REC-00686,PKG-0069-06,validation,LINEAGE-0069,RUN-20260828-01a55fcf
REC-00687,PKG-0069-07,validation,LINEAGE-0069,RUN-20260828-01a55fcf
REC-00688,PKG-0069-08,validation,LINEAGE-0069,RUN-20260828-01a55fcf
REC-00689,PKG-0069-09,validation,LINEAGE-0069,RUN-20260828-01a55fcf
REC-00690,PKG-0069-10,validation,LINEAGE-0069,RUN-20260828-01a55fcf
REC-00691,PKG-0070-01,train,LINEAGE-0070,RUN-20260828-01a55fcf
REC-00692,PKG-0070-02,train,LINEAGE-0070,RUN-20260828-01a55fcf
REC-00693,PKG-0070-03,train,LINEAGE-0070,RUN-20260828-01a55fcf
REC-00694,PKG-0070-04,train,LINEAGE-0070,RUN-20260828-01a55fcf
REC-00695,PKG-0070-05,train,LINEAGE-0070,RUN-20260828-01a55fcf
REC-00696,PKG-0070-06,train,LINEAGE-0070,RUN-20260828-01a55fcf
REC-00697,PKG-0070-07,train,LINEAGE-0070,RUN-20260828-01a55fcf
REC-00698,PKG-0070-08,train,LINEAGE-0070,RUN-20260828-01a55fcf
REC-00699,PKG-0070-09,train,LINEAGE-0070,RUN-20260828-01a55fcf
REC-00700,PKG-0070-10,train,LINEAGE-0070,RUN-20260828-01a55fcf
REC-00701,PKG-0071-01,train,LINEAGE-0071,RUN-20260828-01a55fcf
REC-00702,PKG-0071-02,train,LINEAGE-0071,RUN-20260828-01a55fcf
REC-00703,PKG-0071-03,train,LINEAGE-0071,RUN-20260828-01a55fcf
REC-00704,PKG-0071-04,train,LINEAGE-0071,RUN-20260828-01a55fcf
REC-00705,PKG-0071-05,train,LINEAGE-0071,RUN-20260828-01a55fcf
REC-00706,PKG-0071-06,train,LINEAGE-0071,RUN-20260828-01a55fcf
REC-00707,PKG-0071-07,train,LINEAGE-0071,RUN-20260828-01a55fcf
REC-00708,PKG-0071-08,train,LINEAGE-0071,RUN-20260828-01a55fcf
REC-00709,PKG-0071-09,train,LINEAGE-0071,RUN-20260828-01a55fcf
REC-00710,PKG-0071-10,train,LINEAGE-0071,RUN-20260828-01a55fcf
REC-00711,PKG-0072-01,train,LINEAGE-0072,RUN-20260828-01a55fcf
REC-00712,PKG-0072-02,train,LINEAGE-0072,RUN-20260828-01a55fcf
REC-00713,PKG-0072-03,train,LINEAGE-0072,RUN-20260828-01a55fcf
REC-00714,PKG-0072-04,train,LINEAGE-0072,RUN-20260828-01a55fcf
REC-00715,PKG-0072-05,train,LINEAGE-0072,RUN-20260828-01a55fcf
REC-00716,PKG-0072-06,train,LINEAGE-0072,RUN-20260828-01a55fcf
REC-00717,PKG-0072-07,train,LINEAGE-0072,RUN-20260828-01a55fcf
REC-00718,PKG-0072-08,train,LINEAGE-0072,RUN-20260828-01a55fcf
REC-00719,PKG-0072-09,train,LINEAGE-0072,RUN-20260828-01a55fcf
REC-00720,PKG-0072-10,train,LINEAGE-0072,RUN-20260828-01a55fcf
REC-00721,PKG-0073-01,train,LINEAGE-0073,RUN-20260828-01a55fcf
REC-00722,PKG-0073-02,train,LINEAGE-0073,RUN-20260828-01a55fcf
REC-00723,PKG-0073-03,train,LINEAGE-0073,RUN-20260828-01a55fcf
REC-00724,PKG-0073-04,train,LINEAGE-0073,RUN-20260828-01a55fcf
REC-00725,PKG-0073-05,train,LINEAGE-0073,RUN-20260828-01a55fcf
REC-00726,PKG-0073-06,train,LINEAGE-0073,RUN-20260828-01a55fcf
REC-00727,PKG-0073-07,train,LINEAGE-0073,RUN-20260828-01a55fcf
REC-00728,PKG-0073-08,train,LINEAGE-0073,RUN-20260828-01a55fcf
REC-00729,PKG-0073-09,train,LINEAGE-0073,RUN-20260828-01a55fcf
REC-00730,PKG-0073-10,train,LINEAGE-0073,RUN-20260828-01a55fcf
REC-00731,PKG-0074-01,train,LINEAGE-0074,RUN-20260828-01a55fcf
REC-00732,PKG-0074-02,train,LINEAGE-0074,RUN-20260828-01a55fcf
REC-00733,PKG-0074-03,train,LINEAGE-0074,RUN-20260828-01a55fcf
REC-00734,PKG-0074-04,train,LINEAGE-0074,RUN-20260828-01a55fcf
REC-00735,PKG-0074-05,train,LINEAGE-0074,RUN-20260828-01a55fcf
REC-00736,PKG-0074-06,train,LINEAGE-0074,RUN-20260828-01a55fcf
REC-00737,PKG-0074-07,train,LINEAGE-0074,RUN-20260828-01a55fcf
REC-00738,PKG-0074-08,train,LINEAGE-0074,RUN-20260828-01a55fcf
REC-00739,PKG-0074-09,train,LINEAGE-0074,RUN-20260828-01a55fcf
REC-00740,PKG-0074-10,train,LINEAGE-0074,RUN-20260828-01a55fcf
REC-00741,PKG-0075-01,train,LINEAGE-0075,RUN-20260828-01a55fcf
REC-00742,PKG-0075-02,train,LINEAGE-0075,RUN-20260828-01a55fcf
REC-00743,PKG-0075-03,train,LINEAGE-0075,RUN-20260828-01a55fcf
REC-00744,PKG-0075-04,train,LINEAGE-0075,RUN-20260828-01a55fcf
REC-00745,PKG-0075-05,train,LINEAGE-0075,RUN-20260828-01a55fcf
REC-00746,PKG-0075-06,train,LINEAGE-0075,RUN-20260828-01a55fcf
REC-00747,PKG-0075-07,train,LINEAGE-0075,RUN-20260828-01a55fcf
REC-00748,PKG-0075-08,train,LINEAGE-0075,RUN-20260828-01a55fcf
REC-00749,PKG-0075-09,train,LINEAGE-0075,RUN-20260828-01a55fcf
REC-00750,PKG-0075-10,train,LINEAGE-0075,RUN-20260828-01a55fcf
REC-00751,PKG-0076-01,train,LINEAGE-0076,RUN-20260828-01a55fcf
REC-00752,PKG-0076-02,train,LINEAGE-0076,RUN-20260828-01a55fcf
REC-00753,PKG-0076-03,train,LINEAGE-0076,RUN-20260828-01a55fcf
REC-00754,PKG-0076-04,train,LINEAGE-0076,RUN-20260828-01a55fcf
REC-00755,PKG-0076-05,train,LINEAGE-0076,RUN-20260828-01a55fcf
REC-00756,PKG-0076-06,train,LINEAGE-0076,RUN-20260828-01a55fcf
REC-00757,PKG-0076-07,train,LINEAGE-0076,RUN-20260828-01a55fcf
REC-00758,PKG-0076-08,train,LINEAGE-0076,RUN-20260828-01a55fcf
REC-00759,PKG-0076-09,train,LINEAGE-0076,RUN-20260828-01a55fcf
REC-00760,PKG-0076-10,train,LINEAGE-0076,RUN-20260828-01a55fcf
REC-00761,PKG-0077-01,train,LINEAGE-0077,RUN-20260828-01a55fcf
REC-00762,PKG-0077-02,train,LINEAGE-0077,RUN-20260828-01a55fcf
REC-00763,PKG-0077-03,train,LINEAGE-0077,RUN-20260828-01a55fcf
REC-00764,PKG-0077-04,train,LINEAGE-0077,RUN-20260828-01a55fcf
REC-00765,PKG-0077-05,train,LINEAGE-0077,RUN-20260828-01a55fcf
REC-00766,PKG-0077-06,train,LINEAGE-0077,RUN-20260828-01a55fcf
REC-00767,PKG-0077-07,train,LINEAGE-0077,RUN-20260828-01a55fcf
REC-00768,PKG-0077-08,train,LINEAGE-0077,RUN-20260828-01a55fcf
REC-00769,PKG-0077-09,train,LINEAGE-0077,RUN-20260828-01a55fcf
REC-00770,PKG-0077-10,train,LINEAGE-0077,RUN-20260828-01a55fcf
REC-00771,PKG-0078-01,validation,LINEAGE-0078,RUN-20260828-01a55fcf
REC-00772,PKG-0078-02,validation,LINEAGE-0078,RUN-20260828-01a55fcf
REC-00773,PKG-0078-03,validation,LINEAGE-0078,RUN-20260828-01a55fcf
REC-00774,PKG-0078-04,validation,LINEAGE-0078,RUN-20260828-01a55fcf
REC-00775,PKG-0078-05,validation,LINEAGE-0078,RUN-20260828-01a55fcf
REC-00776,PKG-0078-06,validation,LINEAGE-0078,RUN-20260828-01a55fcf
REC-00777,PKG-0078-07,validation,LINEAGE-0078,RUN-20260828-01a55fcf
REC-00778,PKG-0078-08,validation,LINEAGE-0078,RUN-20260828-01a55fcf
REC-00779,PKG-0078-09,validation,LINEAGE-0078,RUN-20260828-01a55fcf
REC-00780,PKG-0078-10,validation,LINEAGE-0078,RUN-20260828-01a55fcf
REC-00781,PKG-0079-01,train,LINEAGE-0079,RUN-20260828-01a55fcf
REC-00782,PKG-0079-02,train,LINEAGE-0079,RUN-20260828-01a55fcf
REC-00783,PKG-0079-03,train,LINEAGE-0079,RUN-20260828-01a55fcf
REC-00784,PKG-0079-04,train,LINEAGE-0079,RUN-20260828-01a55fcf
REC-00785,PKG-0079-05,train,LINEAGE-0079,RUN-20260828-01a55fcf
REC-00786,PKG-0079-06,train,LINEAGE-0079,RUN-20260828-01a55fcf
REC-00787,PKG-0079-07,train,LINEAGE-0079,RUN-20260828-01a55fcf
REC-00788,PKG-0079-08,train,LINEAGE-0079,RUN-20260828-01a55fcf
REC-00789,PKG-0079-09,train,LINEAGE-0079,RUN-20260828-01a55fcf
REC-00790,PKG-0079-10,train,LINEAGE-0079,RUN-20260828-01a55fcf
REC-00791,PKG-0080-01,test,LINEAGE-0080,RUN-20260828-01a55fcf
REC-00792,PKG-0080-02,test,LINEAGE-0080,RUN-20260828-01a55fcf
REC-00793,PKG-0080-03,test,LINEAGE-0080,RUN-20260828-01a55fcf
REC-00794,PKG-0080-04,test,LINEAGE-0080,RUN-20260828-01a55fcf
REC-00795,PKG-0080-05,test,LINEAGE-0080,RUN-20260828-01a55fcf
REC-00796,PKG-0080-06,test,LINEAGE-0080,RUN-20260828-01a55fcf
REC-00797,PKG-0080-07,test,LINEAGE-0080,RUN-20260828-01a55fcf
REC-00798,PKG-0080-08,test,LINEAGE-0080,RUN-20260828-01a55fcf
REC-00799,PKG-0080-09,test,LINEAGE-0080,RUN-20260828-01a55fcf
REC-00800,PKG-0080-10,test,LINEAGE-0080,RUN-20260828-01a55fcf
REC-00801,PKG-0081-01,validation,LINEAGE-0081,RUN-20260828-01a55fcf
REC-00802,PKG-0081-02,validation,LINEAGE-0081,RUN-20260828-01a55fcf
REC-00803,PKG-0081-03,validation,LINEAGE-0081,RUN-20260828-01a55fcf
REC-00804,PKG-0081-04,validation,LINEAGE-0081,RUN-20260828-01a55fcf
REC-00805,PKG-0081-05,validation,LINEAGE-0081,RUN-20260828-01a55fcf
REC-00806,PKG-0081-06,validation,LINEAGE-0081,RUN-20260828-01a55fcf
REC-00807,PKG-0081-07,validation,LINEAGE-0081,RUN-20260828-01a55fcf
REC-00808,PKG-0081-08,validation,LINEAGE-0081,RUN-20260828-01a55fcf
REC-00809,PKG-0081-09,validation,LINEAGE-0081,RUN-20260828-01a55fcf
REC-00810,PKG-0081-10,validation,LINEAGE-0081,RUN-20260828-01a55fcf
REC-00811,PKG-0082-01,train,LINEAGE-0082,RUN-20260828-01a55fcf
REC-00812,PKG-0082-02,train,LINEAGE-0082,RUN-20260828-01a55fcf
REC-00813,PKG-0082-03,train,LINEAGE-0082,RUN-20260828-01a55fcf
REC-00814,PKG-0082-04,train,LINEAGE-0082,RUN-20260828-01a55fcf
REC-00815,PKG-0082-05,train,LINEAGE-0082,RUN-20260828-01a55fcf
REC-00816,PKG-0082-06,train,LINEAGE-0082,RUN-20260828-01a55fcf
REC-00817,PKG-0082-07,train,LINEAGE-0082,RUN-20260828-01a55fcf
REC-00818,PKG-0082-08,train,LINEAGE-0082,RUN-20260828-01a55fcf
REC-00819,PKG-0082-09,train,LINEAGE-0082,RUN-20260828-01a55fcf
REC-00820,PKG-0082-10,train,LINEAGE-0082,RUN-20260828-01a55fcf
REC-00821,PKG-0083-01,test,LINEAGE-0083,RUN-20260828-01a55fcf
REC-00822,PKG-0083-02,test,LINEAGE-0083,RUN-20260828-01a55fcf
REC-00823,PKG-0083-03,test,LINEAGE-0083,RUN-20260828-01a55fcf
REC-00824,PKG-0083-04,test,LINEAGE-0083,RUN-20260828-01a55fcf
REC-00825,PKG-0083-05,test,LINEAGE-0083,RUN-20260828-01a55fcf
REC-00826,PKG-0083-06,test,LINEAGE-0083,RUN-20260828-01a55fcf
REC-00827,PKG-0083-07,test,LINEAGE-0083,RUN-20260828-01a55fcf
REC-00828,PKG-0083-08,test,LINEAGE-0083,RUN-20260828-01a55fcf
REC-00829,PKG-0083-09,test,LINEAGE-0083,RUN-20260828-01a55fcf
REC-00830,PKG-0083-10,test,LINEAGE-0083,RUN-20260828-01a55fcf
REC-00831,PKG-0084-01,train,LINEAGE-0084,RUN-20260828-01a55fcf
REC-00832,PKG-0084-02,train,LINEAGE-0084,RUN-20260828-01a55fcf
REC-00833,PKG-0084-03,train,LINEAGE-0084,RUN-20260828-01a55fcf
REC-00834,PKG-0084-04,train,LINEAGE-0084,RUN-20260828-01a55fcf
REC-00835,PKG-0084-05,train,LINEAGE-0084,RUN-20260828-01a55fcf
REC-00836,PKG-0084-06,train,LINEAGE-0084,RUN-20260828-01a55fcf
REC-00837,PKG-0084-07,train,LINEAGE-0084,RUN-20260828-01a55fcf
REC-00838,PKG-0084-08,train,LINEAGE-0084,RUN-20260828-01a55fcf
REC-00839,PKG-0084-09,train,LINEAGE-0084,RUN-20260828-01a55fcf
REC-00840,PKG-0084-10,train,LINEAGE-0084,RUN-20260828-01a55fcf
REC-00841,PKG-0085-01,train,LINEAGE-0085,RUN-20260828-01a55fcf
REC-00842,PKG-0085-02,train,LINEAGE-0085,RUN-20260828-01a55fcf
REC-00843,PKG-0085-03,train,LINEAGE-0085,RUN-20260828-01a55fcf
REC-00844,PKG-0085-04,train,LINEAGE-0085,RUN-20260828-01a55fcf
REC-00845,PKG-0085-05,train,LINEAGE-0085,RUN-20260828-01a55fcf
REC-00846,PKG-0085-06,train,LINEAGE-0085,RUN-20260828-01a55fcf
REC-00847,PKG-0085-07,train,LINEAGE-0085,RUN-20260828-01a55fcf
REC-00848,PKG-0085-08,train,LINEAGE-0085,RUN-20260828-01a55fcf
REC-00849,PKG-0085-09,train,LINEAGE-0085,RUN-20260828-01a55fcf
REC-00850,PKG-0085-10,train,LINEAGE-0085,RUN-20260828-01a55fcf
REC-00851,PKG-0086-01,train,LINEAGE-0086,RUN-20260828-01a55fcf
REC-00852,PKG-0086-02,train,LINEAGE-0086,RUN-20260828-01a55fcf
REC-00853,PKG-0086-03,train,LINEAGE-0086,RUN-20260828-01a55fcf
REC-00854,PKG-0086-04,train,LINEAGE-0086,RUN-20260828-01a55fcf
REC-00855,PKG-0086-05,train,LINEAGE-0086,RUN-20260828-01a55fcf
REC-00856,PKG-0086-06,train,LINEAGE-0086,RUN-20260828-01a55fcf
REC-00857,PKG-0086-07,train,LINEAGE-0086,RUN-20260828-01a55fcf
REC-00858,PKG-0086-08,train,LINEAGE-0086,RUN-20260828-01a55fcf
REC-00859,PKG-0086-09,train,LINEAGE-0086,RUN-20260828-01a55fcf
REC-00860,PKG-0086-10,train,LINEAGE-0086,RUN-20260828-01a55fcf
REC-00861,PKG-0087-01,train,LINEAGE-0087,RUN-20260828-01a55fcf
REC-00862,PKG-0087-02,train,LINEAGE-0087,RUN-20260828-01a55fcf
REC-00863,PKG-0087-03,train,LINEAGE-0087,RUN-20260828-01a55fcf
REC-00864,PKG-0087-04,train,LINEAGE-0087,RUN-20260828-01a55fcf
REC-00865,PKG-0087-05,train,LINEAGE-0087,RUN-20260828-01a55fcf
REC-00866,PKG-0087-06,train,LINEAGE-0087,RUN-20260828-01a55fcf
REC-00867,PKG-0087-07,train,LINEAGE-0087,RUN-20260828-01a55fcf
REC-00868,PKG-0087-08,train,LINEAGE-0087,RUN-20260828-01a55fcf
REC-00869,PKG-0087-09,train,LINEAGE-0087,RUN-20260828-01a55fcf
REC-00870,PKG-0087-10,train,LINEAGE-0087,RUN-20260828-01a55fcf
REC-00871,PKG-0088-01,train,LINEAGE-0088,RUN-20260828-01a55fcf
REC-00872,PKG-0088-02,train,LINEAGE-0088,RUN-20260828-01a55fcf
REC-00873,PKG-0088-03,train,LINEAGE-0088,RUN-20260828-01a55fcf
REC-00874,PKG-0088-04,train,LINEAGE-0088,RUN-20260828-01a55fcf
REC-00875,PKG-0088-05,train,LINEAGE-0088,RUN-20260828-01a55fcf
REC-00876,PKG-0088-06,train,LINEAGE-0088,RUN-20260828-01a55fcf
REC-00877,PKG-0088-07,train,LINEAGE-0088,RUN-20260828-01a55fcf
REC-00878,PKG-0088-08,train,LINEAGE-0088,RUN-20260828-01a55fcf
REC-00879,PKG-0088-09,train,LINEAGE-0088,RUN-20260828-01a55fcf
REC-00880,PKG-0088-10,train,LINEAGE-0088,RUN-20260828-01a55fcf
REC-00881,PKG-0089-01,validation,LINEAGE-0089,RUN-20260828-01a55fcf
REC-00882,PKG-0089-02,validation,LINEAGE-0089,RUN-20260828-01a55fcf
REC-00883,PKG-0089-03,validation,LINEAGE-0089,RUN-20260828-01a55fcf
REC-00884,PKG-0089-04,validation,LINEAGE-0089,RUN-20260828-01a55fcf
REC-00885,PKG-0089-05,validation,LINEAGE-0089,RUN-20260828-01a55fcf
REC-00886,PKG-0089-06,validation,LINEAGE-0089,RUN-20260828-01a55fcf
REC-00887,PKG-0089-07,validation,LINEAGE-0089,RUN-20260828-01a55fcf
REC-00888,PKG-0089-08,validation,LINEAGE-0089,RUN-20260828-01a55fcf
REC-00889,PKG-0089-09,validation,LINEAGE-0089,RUN-20260828-01a55fcf
REC-00890,PKG-0089-10,validation,LINEAGE-0089,RUN-20260828-01a55fcf
REC-00891,PKG-0090-01,train,LINEAGE-0090,RUN-20260828-01a55fcf
REC-00892,PKG-0090-02,train,LINEAGE-0090,RUN-20260828-01a55fcf
REC-00893,PKG-0090-03,train,LINEAGE-0090,RUN-20260828-01a55fcf
REC-00894,PKG-0090-04,train,LINEAGE-0090,RUN-20260828-01a55fcf
REC-00895,PKG-0090-05,train,LINEAGE-0090,RUN-20260828-01a55fcf
REC-00896,PKG-0090-06,train,LINEAGE-0090,RUN-20260828-01a55fcf
REC-00897,PKG-0090-07,train,LINEAGE-0090,RUN-20260828-01a55fcf
REC-00898,PKG-0090-08,train,LINEAGE-0090,RUN-20260828-01a55fcf
REC-00899,PKG-0090-09,train,LINEAGE-0090,RUN-20260828-01a55fcf
REC-00900,PKG-0090-10,train,LINEAGE-0090,RUN-20260828-01a55fcf
REC-00901,PKG-0091-01,train,LINEAGE-0091,RUN-20260828-01a55fcf
REC-00902,PKG-0091-02,train,LINEAGE-0091,RUN-20260828-01a55fcf
REC-00903,PKG-0091-03,train,LINEAGE-0091,RUN-20260828-01a55fcf
REC-00904,PKG-0091-04,train,LINEAGE-0091,RUN-20260828-01a55fcf
REC-00905,PKG-0091-05,train,LINEAGE-0091,RUN-20260828-01a55fcf
REC-00906,PKG-0091-06,train,LINEAGE-0091,RUN-20260828-01a55fcf
REC-00907,PKG-0091-07,train,LINEAGE-0091,RUN-20260828-01a55fcf
REC-00908,PKG-0091-08,train,LINEAGE-0091,RUN-20260828-01a55fcf
REC-00909,PKG-0091-09,train,LINEAGE-0091,RUN-20260828-01a55fcf
REC-00910,PKG-0091-10,train,LINEAGE-0091,RUN-20260828-01a55fcf
REC-00911,PKG-0092-01,train,LINEAGE-0092,RUN-20260828-01a55fcf
REC-00912,PKG-0092-02,train,LINEAGE-0092,RUN-20260828-01a55fcf
REC-00913,PKG-0092-03,train,LINEAGE-0092,RUN-20260828-01a55fcf
REC-00914,PKG-0092-04,train,LINEAGE-0092,RUN-20260828-01a55fcf
REC-00915,PKG-0092-05,train,LINEAGE-0092,RUN-20260828-01a55fcf
REC-00916,PKG-0092-06,train,LINEAGE-0092,RUN-20260828-01a55fcf
REC-00917,PKG-0092-07,train,LINEAGE-0092,RUN-20260828-01a55fcf
REC-00918,PKG-0092-08,train,LINEAGE-0092,RUN-20260828-01a55fcf
REC-00919,PKG-0092-09,train,LINEAGE-0092,RUN-20260828-01a55fcf
REC-00920,PKG-0092-10,train,LINEAGE-0092,RUN-20260828-01a55fcf
REC-00921,PKG-0093-01,validation,LINEAGE-0093,RUN-20260828-01a55fcf
REC-00922,PKG-0093-02,validation,LINEAGE-0093,RUN-20260828-01a55fcf
REC-00923,PKG-0093-03,validation,LINEAGE-0093,RUN-20260828-01a55fcf
REC-00924,PKG-0093-04,validation,LINEAGE-0093,RUN-20260828-01a55fcf
REC-00925,PKG-0093-05,validation,LINEAGE-0093,RUN-20260828-01a55fcf
REC-00926,PKG-0093-06,validation,LINEAGE-0093,RUN-20260828-01a55fcf
REC-00927,PKG-0093-07,validation,LINEAGE-0093,RUN-20260828-01a55fcf
REC-00928,PKG-0093-08,validation,LINEAGE-0093,RUN-20260828-01a55fcf
REC-00929,PKG-0093-09,validation,LINEAGE-0093,RUN-20260828-01a55fcf
REC-00930,PKG-0093-10,validation,LINEAGE-0093,RUN-20260828-01a55fcf
REC-00931,PKG-0094-01,test,LINEAGE-0094,RUN-20260828-01a55fcf
REC-00932,PKG-0094-02,test,LINEAGE-0094,RUN-20260828-01a55fcf
REC-00933,PKG-0094-03,test,LINEAGE-0094,RUN-20260828-01a55fcf
REC-00934,PKG-0094-04,test,LINEAGE-0094,RUN-20260828-01a55fcf
REC-00935,PKG-0094-05,test,LINEAGE-0094,RUN-20260828-01a55fcf
REC-00936,PKG-0094-06,test,LINEAGE-0094,RUN-20260828-01a55fcf
REC-00937,PKG-0094-07,test,LINEAGE-0094,RUN-20260828-01a55fcf
REC-00938,PKG-0094-08,test,LINEAGE-0094,RUN-20260828-01a55fcf
REC-00939,PKG-0094-09,test,LINEAGE-0094,RUN-20260828-01a55fcf
REC-00940,PKG-0094-10,test,LINEAGE-0094,RUN-20260828-01a55fcf
REC-00941,PKG-0095-01,train,LINEAGE-0095,RUN-20260828-01a55fcf
REC-00942,PKG-0095-02,train,LINEAGE-0095,RUN-20260828-01a55fcf
REC-00943,PKG-0095-03,train,LINEAGE-0095,RUN-20260828-01a55fcf
REC-00944,PKG-0095-04,train,LINEAGE-0095,RUN-20260828-01a55fcf
REC-00945,PKG-0095-05,train,LINEAGE-0095,RUN-20260828-01a55fcf
REC-00946,PKG-0095-06,train,LINEAGE-0095,RUN-20260828-01a55fcf
REC-00947,PKG-0095-07,train,LINEAGE-0095,RUN-20260828-01a55fcf
REC-00948,PKG-0095-08,train,LINEAGE-0095,RUN-20260828-01a55fcf
REC-00949,PKG-0095-09,train,LINEAGE-0095,RUN-20260828-01a55fcf
REC-00950,PKG-0095-10,train,LINEAGE-0095,RUN-20260828-01a55fcf
REC-00951,PKG-0096-01,test,LINEAGE-0096,RUN-20260828-01a55fcf
REC-00952,PKG-0096-02,test,LINEAGE-0096,RUN-20260828-01a55fcf
REC-00953,PKG-0096-03,test,LINEAGE-0096,RUN-20260828-01a55fcf
REC-00954,PKG-0096-04,test,LINEAGE-0096,RUN-20260828-01a55fcf
REC-00955,PKG-0096-05,test,LINEAGE-0096,RUN-20260828-01a55fcf
REC-00956,PKG-0096-06,test,LINEAGE-0096,RUN-20260828-01a55fcf
REC-00957,PKG-0096-07,test,LINEAGE-0096,RUN-20260828-01a55fcf
REC-00958,PKG-0096-08,test,LINEAGE-0096,RUN-20260828-01a55fcf
REC-00959,PKG-0096-09,test,LINEAGE-0096,RUN-20260828-01a55fcf
REC-00960,PKG-0096-10,test,LINEAGE-0096,RUN-20260828-01a55fcf
REC-00961,PKG-0097-01,train,LINEAGE-0097,RUN-20260828-01a55fcf
REC-00962,PKG-0097-02,train,LINEAGE-0097,RUN-20260828-01a55fcf
REC-00963,PKG-0097-03,train,LINEAGE-0097,RUN-20260828-01a55fcf
REC-00964,PKG-0097-04,train,LINEAGE-0097,RUN-20260828-01a55fcf
REC-00965,PKG-0097-05,train,LINEAGE-0097,RUN-20260828-01a55fcf
REC-00966,PKG-0097-06,train,LINEAGE-0097,RUN-20260828-01a55fcf
REC-00967,PKG-0097-07,train,LINEAGE-0097,RUN-20260828-01a55fcf
REC-00968,PKG-0097-08,train,LINEAGE-0097,RUN-20260828-01a55fcf
REC-00969,PKG-0097-09,train,LINEAGE-0097,RUN-20260828-01a55fcf
REC-00970,PKG-0097-10,train,LINEAGE-0097,RUN-20260828-01a55fcf
REC-00971,PKG-0098-01,train,LINEAGE-0098,RUN-20260828-01a55fcf
REC-00972,PKG-0098-02,train,LINEAGE-0098,RUN-20260828-01a55fcf
REC-00973,PKG-0098-03,train,LINEAGE-0098,RUN-20260828-01a55fcf
REC-00974,PKG-0098-04,train,LINEAGE-0098,RUN-20260828-01a55fcf
REC-00975,PKG-0098-05,train,LINEAGE-0098,RUN-20260828-01a55fcf
REC-00976,PKG-0098-06,train,LINEAGE-0098,RUN-20260828-01a55fcf
REC-00977,PKG-0098-07,train,LINEAGE-0098,RUN-20260828-01a55fcf
REC-00978,PKG-0098-08,train,LINEAGE-0098,RUN-20260828-01a55fcf
REC-00979,PKG-0098-09,train,LINEAGE-0098,RUN-20260828-01a55fcf
REC-00980,PKG-0098-10,train,LINEAGE-0098,RUN-20260828-01a55fcf
REC-00981,PKG-0099-01,test,LINEAGE-0099,RUN-20260828-01a55fcf
REC-00982,PKG-0099-02,test,LINEAGE-0099,RUN-20260828-01a55fcf
REC-00983,PKG-0099-03,test,LINEAGE-0099,RUN-20260828-01a55fcf
REC-00984,PKG-0099-04,test,LINEAGE-0099,RUN-20260828-01a55fcf
REC-00985,PKG-0099-05,test,LINEAGE-0099,RUN-20260828-01a55fcf
REC-00986,PKG-0099-06,test,LINEAGE-0099,RUN-20260828-01a55fcf
REC-00987,PKG-0099-07,test,LINEAGE-0099,RUN-20260828-01a55fcf
REC-00988,PKG-0099-08,test,LINEAGE-0099,RUN-20260828-01a55fcf
REC-00989,PKG-0099-09,test,LINEAGE-0099,RUN-20260828-01a55fcf
REC-00990,PKG-0099-10,test,LINEAGE-0099,RUN-20260828-01a55fcf
REC-00991,PKG-0100-01,train,LINEAGE-0100,RUN-20260828-01a55fcf
REC-00992,PKG-0100-02,train,LINEAGE-0100,RUN-20260828-01a55fcf
REC-00993,PKG-0100-03,train,LINEAGE-0100,RUN-20260828-01a55fcf
REC-00994,PKG-0100-04,train,LINEAGE-0100,RUN-20260828-01a55fcf
REC-00995,PKG-0100-05,train,LINEAGE-0100,RUN-20260828-01a55fcf
REC-00996,PKG-0100-06,train,LINEAGE-0100,RUN-20260828-01a55fcf
REC-00997,PKG-0100-07,train,LINEAGE-0100,RUN-20260828-01a55fcf
REC-00998,PKG-0100-08,train,LINEAGE-0100,RUN-20260828-01a55fcf
REC-00999,PKG-0100-09,train,LINEAGE-0100,RUN-20260828-01a55fcf
REC-01000,PKG-0100-10,train,LINEAGE-0100,RUN-20260828-01a55fcf
REC-01001,PKG-0101-01,train,LINEAGE-0101,RUN-20260828-01a55fcf
REC-01002,PKG-0101-02,train,LINEAGE-0101,RUN-20260828-01a55fcf
REC-01003,PKG-0101-03,train,LINEAGE-0101,RUN-20260828-01a55fcf
REC-01004,PKG-0101-04,train,LINEAGE-0101,RUN-20260828-01a55fcf
REC-01005,PKG-0101-05,train,LINEAGE-0101,RUN-20260828-01a55fcf
REC-01006,PKG-0101-06,train,LINEAGE-0101,RUN-20260828-01a55fcf
REC-01007,PKG-0101-07,train,LINEAGE-0101,RUN-20260828-01a55fcf
REC-01008,PKG-0101-08,train,LINEAGE-0101,RUN-20260828-01a55fcf
REC-01009,PKG-0101-09,train,LINEAGE-0101,RUN-20260828-01a55fcf
REC-01010,PKG-0101-10,train,LINEAGE-0101,RUN-20260828-01a55fcf
REC-01011,PKG-0102-01,train,LINEAGE-0102,RUN-20260828-01a55fcf
REC-01012,PKG-0102-02,train,LINEAGE-0102,RUN-20260828-01a55fcf
REC-01013,PKG-0102-03,train,LINEAGE-0102,RUN-20260828-01a55fcf
REC-01014,PKG-0102-04,train,LINEAGE-0102,RUN-20260828-01a55fcf
REC-01015,PKG-0102-05,train,LINEAGE-0102,RUN-20260828-01a55fcf
REC-01016,PKG-0102-06,train,LINEAGE-0102,RUN-20260828-01a55fcf
REC-01017,PKG-0102-07,train,LINEAGE-0102,RUN-20260828-01a55fcf
REC-01018,PKG-0102-08,train,LINEAGE-0102,RUN-20260828-01a55fcf
REC-01019,PKG-0102-09,train,LINEAGE-0102,RUN-20260828-01a55fcf
REC-01020,PKG-0102-10,train,LINEAGE-0102,RUN-20260828-01a55fcf
REC-01021,PKG-0103-01,test,LINEAGE-0103,RUN-20260828-01a55fcf
REC-01022,PKG-0103-02,test,LINEAGE-0103,RUN-20260828-01a55fcf
REC-01023,PKG-0103-03,test,LINEAGE-0103,RUN-20260828-01a55fcf
REC-01024,PKG-0103-04,test,LINEAGE-0103,RUN-20260828-01a55fcf
REC-01025,PKG-0103-05,test,LINEAGE-0103,RUN-20260828-01a55fcf
REC-01026,PKG-0103-06,test,LINEAGE-0103,RUN-20260828-01a55fcf
REC-01027,PKG-0103-07,test,LINEAGE-0103,RUN-20260828-01a55fcf
REC-01028,PKG-0103-08,test,LINEAGE-0103,RUN-20260828-01a55fcf
REC-01029,PKG-0103-09,test,LINEAGE-0103,RUN-20260828-01a55fcf
REC-01030,PKG-0103-10,test,LINEAGE-0103,RUN-20260828-01a55fcf
REC-01031,PKG-0104-01,test,LINEAGE-0104,RUN-20260828-01a55fcf
REC-01032,PKG-0104-02,test,LINEAGE-0104,RUN-20260828-01a55fcf
REC-01033,PKG-0104-03,test,LINEAGE-0104,RUN-20260828-01a55fcf
REC-01034,PKG-0104-04,test,LINEAGE-0104,RUN-20260828-01a55fcf
REC-01035,PKG-0104-05,test,LINEAGE-0104,RUN-20260828-01a55fcf
REC-01036,PKG-0104-06,test,LINEAGE-0104,RUN-20260828-01a55fcf
REC-01037,PKG-0104-07,test,LINEAGE-0104,RUN-20260828-01a55fcf
REC-01038,PKG-0104-08,test,LINEAGE-0104,RUN-20260828-01a55fcf
REC-01039,PKG-0104-09,test,LINEAGE-0104,RUN-20260828-01a55fcf
REC-01040,PKG-0104-10,test,LINEAGE-0104,RUN-20260828-01a55fcf
REC-01041,PKG-0105-01,train,LINEAGE-0105,RUN-20260828-01a55fcf
REC-01042,PKG-0105-02,train,LINEAGE-0105,RUN-20260828-01a55fcf
REC-01043,PKG-0105-03,train,LINEAGE-0105,RUN-20260828-01a55fcf
REC-01044,PKG-0105-04,train,LINEAGE-0105,RUN-20260828-01a55fcf
REC-01045,PKG-0105-05,train,LINEAGE-0105,RUN-20260828-01a55fcf
REC-01046,PKG-0105-06,train,LINEAGE-0105,RUN-20260828-01a55fcf
REC-01047,PKG-0105-07,train,LINEAGE-0105,RUN-20260828-01a55fcf
REC-01048,PKG-0105-08,train,LINEAGE-0105,RUN-20260828-01a55fcf
REC-01049,PKG-0105-09,train,LINEAGE-0105,RUN-20260828-01a55fcf
REC-01050,PKG-0105-10,train,LINEAGE-0105,RUN-20260828-01a55fcf
REC-01051,PKG-0106-01,train,LINEAGE-0106,RUN-20260828-01a55fcf
REC-01052,PKG-0106-02,train,LINEAGE-0106,RUN-20260828-01a55fcf
REC-01053,PKG-0106-03,train,LINEAGE-0106,RUN-20260828-01a55fcf
REC-01054,PKG-0106-04,train,LINEAGE-0106,RUN-20260828-01a55fcf
REC-01055,PKG-0106-05,train,LINEAGE-0106,RUN-20260828-01a55fcf
REC-01056,PKG-0106-06,train,LINEAGE-0106,RUN-20260828-01a55fcf
REC-01057,PKG-0106-07,train,LINEAGE-0106,RUN-20260828-01a55fcf
REC-01058,PKG-0106-08,train,LINEAGE-0106,RUN-20260828-01a55fcf
REC-01059,PKG-0106-09,train,LINEAGE-0106,RUN-20260828-01a55fcf
REC-01060,PKG-0106-10,train,LINEAGE-0106,RUN-20260828-01a55fcf
REC-01061,PKG-0107-01,train,LINEAGE-0107,RUN-20260828-01a55fcf
REC-01062,PKG-0107-02,train,LINEAGE-0107,RUN-20260828-01a55fcf
REC-01063,PKG-0107-03,train,LINEAGE-0107,RUN-20260828-01a55fcf
REC-01064,PKG-0107-04,train,LINEAGE-0107,RUN-20260828-01a55fcf
REC-01065,PKG-0107-05,train,LINEAGE-0107,RUN-20260828-01a55fcf
REC-01066,PKG-0107-06,train,LINEAGE-0107,RUN-20260828-01a55fcf
REC-01067,PKG-0107-07,train,LINEAGE-0107,RUN-20260828-01a55fcf
REC-01068,PKG-0107-08,train,LINEAGE-0107,RUN-20260828-01a55fcf
REC-01069,PKG-0107-09,train,LINEAGE-0107,RUN-20260828-01a55fcf
REC-01070,PKG-0107-10,train,LINEAGE-0107,RUN-20260828-01a55fcf
REC-01071,PKG-0108-01,train,LINEAGE-0108,RUN-20260828-01a55fcf
REC-01072,PKG-0108-02,train,LINEAGE-0108,RUN-20260828-01a55fcf
REC-01073,PKG-0108-03,train,LINEAGE-0108,RUN-20260828-01a55fcf
REC-01074,PKG-0108-04,train,LINEAGE-0108,RUN-20260828-01a55fcf
REC-01075,PKG-0108-05,train,LINEAGE-0108,RUN-20260828-01a55fcf
REC-01076,PKG-0108-06,train,LINEAGE-0108,RUN-20260828-01a55fcf
REC-01077,PKG-0108-07,train,LINEAGE-0108,RUN-20260828-01a55fcf
REC-01078,PKG-0108-08,train,LINEAGE-0108,RUN-20260828-01a55fcf
REC-01079,PKG-0108-09,train,LINEAGE-0108,RUN-20260828-01a55fcf
REC-01080,PKG-0108-10,train,LINEAGE-0108,RUN-20260828-01a55fcf
REC-01081,PKG-0109-01,train,LINEAGE-0109,RUN-20260828-01a55fcf
REC-01082,PKG-0109-02,train,LINEAGE-0109,RUN-20260828-01a55fcf
REC-01083,PKG-0109-03,train,LINEAGE-0109,RUN-20260828-01a55fcf
REC-01084,PKG-0109-04,train,LINEAGE-0109,RUN-20260828-01a55fcf
REC-01085,PKG-0109-05,train,LINEAGE-0109,RUN-20260828-01a55fcf
REC-01086,PKG-0109-06,train,LINEAGE-0109,RUN-20260828-01a55fcf
REC-01087,PKG-0109-07,train,LINEAGE-0109,RUN-20260828-01a55fcf
REC-01088,PKG-0109-08,train,LINEAGE-0109,RUN-20260828-01a55fcf
REC-01089,PKG-0109-09,train,LINEAGE-0109,RUN-20260828-01a55fcf
REC-01090,PKG-0109-10,train,LINEAGE-0109,RUN-20260828-01a55fcf
REC-01091,PKG-0110-01,train,LINEAGE-0110,RUN-20260828-01a55fcf
REC-01092,PKG-0110-02,train,LINEAGE-0110,RUN-20260828-01a55fcf
REC-01093,PKG-0110-03,train,LINEAGE-0110,RUN-20260828-01a55fcf
REC-01094,PKG-0110-04,train,LINEAGE-0110,RUN-20260828-01a55fcf
REC-01095,PKG-0110-05,train,LINEAGE-0110,RUN-20260828-01a55fcf
REC-01096,PKG-0110-06,train,LINEAGE-0110,RUN-20260828-01a55fcf
REC-01097,PKG-0110-07,train,LINEAGE-0110,RUN-20260828-01a55fcf
REC-01098,PKG-0110-08,train,LINEAGE-0110,RUN-20260828-01a55fcf
REC-01099,PKG-0110-09,train,LINEAGE-0110,RUN-20260828-01a55fcf
REC-01100,PKG-0110-10,train,LINEAGE-0110,RUN-20260828-01a55fcf
REC-01101,PKG-0111-01,validation,LINEAGE-0111,RUN-20260828-01a55fcf
REC-01102,PKG-0111-02,validation,LINEAGE-0111,RUN-20260828-01a55fcf
REC-01103,PKG-0111-03,validation,LINEAGE-0111,RUN-20260828-01a55fcf
REC-01104,PKG-0111-04,validation,LINEAGE-0111,RUN-20260828-01a55fcf
REC-01105,PKG-0111-05,validation,LINEAGE-0111,RUN-20260828-01a55fcf
REC-01106,PKG-0111-06,validation,LINEAGE-0111,RUN-20260828-01a55fcf
REC-01107,PKG-0111-07,validation,LINEAGE-0111,RUN-20260828-01a55fcf
REC-01108,PKG-0111-08,validation,LINEAGE-0111,RUN-20260828-01a55fcf
REC-01109,PKG-0111-09,validation,LINEAGE-0111,RUN-20260828-01a55fcf
REC-01110,PKG-0111-10,validation,LINEAGE-0111,RUN-20260828-01a55fcf
REC-01111,PKG-0112-01,test,LINEAGE-0112,RUN-20260828-01a55fcf
REC-01112,PKG-0112-02,test,LINEAGE-0112,RUN-20260828-01a55fcf
REC-01113,PKG-0112-03,test,LINEAGE-0112,RUN-20260828-01a55fcf
REC-01114,PKG-0112-04,test,LINEAGE-0112,RUN-20260828-01a55fcf
REC-01115,PKG-0112-05,test,LINEAGE-0112,RUN-20260828-01a55fcf
REC-01116,PKG-0112-06,test,LINEAGE-0112,RUN-20260828-01a55fcf
REC-01117,PKG-0112-07,test,LINEAGE-0112,RUN-20260828-01a55fcf
REC-01118,PKG-0112-08,test,LINEAGE-0112,RUN-20260828-01a55fcf
REC-01119,PKG-0112-09,test,LINEAGE-0112,RUN-20260828-01a55fcf
REC-01120,PKG-0112-10,test,LINEAGE-0112,RUN-20260828-01a55fcf
REC-01121,PKG-0113-01,validation,LINEAGE-0113,RUN-20260828-01a55fcf
REC-01122,PKG-0113-02,validation,LINEAGE-0113,RUN-20260828-01a55fcf
REC-01123,PKG-0113-03,validation,LINEAGE-0113,RUN-20260828-01a55fcf
REC-01124,PKG-0113-04,validation,LINEAGE-0113,RUN-20260828-01a55fcf
REC-01125,PKG-0113-05,validation,LINEAGE-0113,RUN-20260828-01a55fcf
REC-01126,PKG-0113-06,validation,LINEAGE-0113,RUN-20260828-01a55fcf
REC-01127,PKG-0113-07,validation,LINEAGE-0113,RUN-20260828-01a55fcf
REC-01128,PKG-0113-08,validation,LINEAGE-0113,RUN-20260828-01a55fcf
REC-01129,PKG-0113-09,validation,LINEAGE-0113,RUN-20260828-01a55fcf
REC-01130,PKG-0113-10,validation,LINEAGE-0113,RUN-20260828-01a55fcf
REC-01131,PKG-0114-01,train,LINEAGE-0114,RUN-20260828-01a55fcf
REC-01132,PKG-0114-02,train,LINEAGE-0114,RUN-20260828-01a55fcf
REC-01133,PKG-0114-03,train,LINEAGE-0114,RUN-20260828-01a55fcf
REC-01134,PKG-0114-04,train,LINEAGE-0114,RUN-20260828-01a55fcf
REC-01135,PKG-0114-05,train,LINEAGE-0114,RUN-20260828-01a55fcf
REC-01136,PKG-0114-06,train,LINEAGE-0114,RUN-20260828-01a55fcf
REC-01137,PKG-0114-07,train,LINEAGE-0114,RUN-20260828-01a55fcf
REC-01138,PKG-0114-08,train,LINEAGE-0114,RUN-20260828-01a55fcf
REC-01139,PKG-0114-09,train,LINEAGE-0114,RUN-20260828-01a55fcf
REC-01140,PKG-0114-10,train,LINEAGE-0114,RUN-20260828-01a55fcf
REC-01141,PKG-0115-01,train,LINEAGE-0115,RUN-20260828-01a55fcf
REC-01142,PKG-0115-02,train,LINEAGE-0115,RUN-20260828-01a55fcf
REC-01143,PKG-0115-03,train,LINEAGE-0115,RUN-20260828-01a55fcf
REC-01144,PKG-0115-04,train,LINEAGE-0115,RUN-20260828-01a55fcf
REC-01145,PKG-0115-05,train,LINEAGE-0115,RUN-20260828-01a55fcf
REC-01146,PKG-0115-06,train,LINEAGE-0115,RUN-20260828-01a55fcf
REC-01147,PKG-0115-07,train,LINEAGE-0115,RUN-20260828-01a55fcf
REC-01148,PKG-0115-08,train,LINEAGE-0115,RUN-20260828-01a55fcf
REC-01149,PKG-0115-09,train,LINEAGE-0115,RUN-20260828-01a55fcf
REC-01150,PKG-0115-10,train,LINEAGE-0115,RUN-20260828-01a55fcf
REC-01151,PKG-0116-01,test,LINEAGE-0116,RUN-20260828-01a55fcf
REC-01152,PKG-0116-02,test,LINEAGE-0116,RUN-20260828-01a55fcf
REC-01153,PKG-0116-03,test,LINEAGE-0116,RUN-20260828-01a55fcf
REC-01154,PKG-0116-04,test,LINEAGE-0116,RUN-20260828-01a55fcf
REC-01155,PKG-0116-05,test,LINEAGE-0116,RUN-20260828-01a55fcf
REC-01156,PKG-0116-06,test,LINEAGE-0116,RUN-20260828-01a55fcf
REC-01157,PKG-0116-07,test,LINEAGE-0116,RUN-20260828-01a55fcf
REC-01158,PKG-0116-08,test,LINEAGE-0116,RUN-20260828-01a55fcf
REC-01159,PKG-0116-09,test,LINEAGE-0116,RUN-20260828-01a55fcf
REC-01160,PKG-0116-10,test,LINEAGE-0116,RUN-20260828-01a55fcf
REC-01161,PKG-0117-01,train,LINEAGE-0117,RUN-20260828-01a55fcf
REC-01162,PKG-0117-02,train,LINEAGE-0117,RUN-20260828-01a55fcf
REC-01163,PKG-0117-03,train,LINEAGE-0117,RUN-20260828-01a55fcf
REC-01164,PKG-0117-04,train,LINEAGE-0117,RUN-20260828-01a55fcf
REC-01165,PKG-0117-05,train,LINEAGE-0117,RUN-20260828-01a55fcf
REC-01166,PKG-0117-06,train,LINEAGE-0117,RUN-20260828-01a55fcf
REC-01167,PKG-0117-07,train,LINEAGE-0117,RUN-20260828-01a55fcf
REC-01168,PKG-0117-08,train,LINEAGE-0117,RUN-20260828-01a55fcf
REC-01169,PKG-0117-09,train,LINEAGE-0117,RUN-20260828-01a55fcf
REC-01170,PKG-0117-10,train,LINEAGE-0117,RUN-20260828-01a55fcf
REC-01171,PKG-0118-01,train,LINEAGE-0118,RUN-20260828-01a55fcf
REC-01172,PKG-0118-02,train,LINEAGE-0118,RUN-20260828-01a55fcf
REC-01173,PKG-0118-03,train,LINEAGE-0118,RUN-20260828-01a55fcf
REC-01174,PKG-0118-04,train,LINEAGE-0118,RUN-20260828-01a55fcf
REC-01175,PKG-0118-05,train,LINEAGE-0118,RUN-20260828-01a55fcf
REC-01176,PKG-0118-06,train,LINEAGE-0118,RUN-20260828-01a55fcf
REC-01177,PKG-0118-07,train,LINEAGE-0118,RUN-20260828-01a55fcf
REC-01178,PKG-0118-08,train,LINEAGE-0118,RUN-20260828-01a55fcf
REC-01179,PKG-0118-09,train,LINEAGE-0118,RUN-20260828-01a55fcf
REC-01180,PKG-0118-10,train,LINEAGE-0118,RUN-20260828-01a55fcf
REC-01181,PKG-0119-01,train,LINEAGE-0119,RUN-20260828-01a55fcf
REC-01182,PKG-0119-02,train,LINEAGE-0119,RUN-20260828-01a55fcf
REC-01183,PKG-0119-03,train,LINEAGE-0119,RUN-20260828-01a55fcf
REC-01184,PKG-0119-04,train,LINEAGE-0119,RUN-20260828-01a55fcf
REC-01185,PKG-0119-05,train,LINEAGE-0119,RUN-20260828-01a55fcf
REC-01186,PKG-0119-06,train,LINEAGE-0119,RUN-20260828-01a55fcf
REC-01187,PKG-0119-07,train,LINEAGE-0119,RUN-20260828-01a55fcf
REC-01188,PKG-0119-08,train,LINEAGE-0119,RUN-20260828-01a55fcf
REC-01189,PKG-0119-09,train,LINEAGE-0119,RUN-20260828-01a55fcf
REC-01190,PKG-0119-10,train,LINEAGE-0119,RUN-20260828-01a55fcf
REC-01191,PKG-0120-01,train,LINEAGE-0120,RUN-20260828-01a55fcf
REC-01192,PKG-0120-02,train,LINEAGE-0120,RUN-20260828-01a55fcf
REC-01193,PKG-0120-03,train,LINEAGE-0120,RUN-20260828-01a55fcf
REC-01194,PKG-0120-04,train,LINEAGE-0120,RUN-20260828-01a55fcf
REC-01195,PKG-0120-05,train,LINEAGE-0120,RUN-20260828-01a55fcf
REC-01196,PKG-0120-06,train,LINEAGE-0120,RUN-20260828-01a55fcf
REC-01197,PKG-0120-07,train,LINEAGE-0120,RUN-20260828-01a55fcf
REC-01198,PKG-0120-08,train,LINEAGE-0120,RUN-20260828-01a55fcf
REC-01199,PKG-0120-09,train,LINEAGE-0120,RUN-20260828-01a55fcf
REC-01200,PKG-0120-10,train,LINEAGE-0120,RUN-20260828-01a55fcf
REC-01201,PKG-0121-01,validation,LINEAGE-0121,RUN-20260828-01a55fcf
REC-01202,PKG-0121-02,validation,LINEAGE-0121,RUN-20260828-01a55fcf
REC-01203,PKG-0121-03,validation,LINEAGE-0121,RUN-20260828-01a55fcf
REC-01204,PKG-0121-04,validation,LINEAGE-0121,RUN-20260828-01a55fcf
REC-01205,PKG-0121-05,validation,LINEAGE-0121,RUN-20260828-01a55fcf
REC-01206,PKG-0121-06,validation,LINEAGE-0121,RUN-20260828-01a55fcf
REC-01207,PKG-0121-07,validation,LINEAGE-0121,RUN-20260828-01a55fcf
REC-01208,PKG-0121-08,validation,LINEAGE-0121,RUN-20260828-01a55fcf
REC-01209,PKG-0121-09,validation,LINEAGE-0121,RUN-20260828-01a55fcf
REC-01210,PKG-0121-10,validation,LINEAGE-0121,RUN-20260828-01a55fcf
REC-01211,PKG-0122-01,train,LINEAGE-0122,RUN-20260828-01a55fcf
REC-01212,PKG-0122-02,train,LINEAGE-0122,RUN-20260828-01a55fcf
REC-01213,PKG-0122-03,train,LINEAGE-0122,RUN-20260828-01a55fcf
REC-01214,PKG-0122-04,train,LINEAGE-0122,RUN-20260828-01a55fcf
REC-01215,PKG-0122-05,train,LINEAGE-0122,RUN-20260828-01a55fcf
REC-01216,PKG-0122-06,train,LINEAGE-0122,RUN-20260828-01a55fcf
REC-01217,PKG-0122-07,train,LINEAGE-0122,RUN-20260828-01a55fcf
REC-01218,PKG-0122-08,train,LINEAGE-0122,RUN-20260828-01a55fcf
REC-01219,PKG-0122-09,train,LINEAGE-0122,RUN-20260828-01a55fcf
REC-01220,PKG-0122-10,train,LINEAGE-0122,RUN-20260828-01a55fcf
REC-01221,PKG-0123-01,train,LINEAGE-0123,RUN-20260828-01a55fcf
REC-01222,PKG-0123-02,train,LINEAGE-0123,RUN-20260828-01a55fcf
REC-01223,PKG-0123-03,train,LINEAGE-0123,RUN-20260828-01a55fcf
REC-01224,PKG-0123-04,train,LINEAGE-0123,RUN-20260828-01a55fcf
REC-01225,PKG-0123-05,train,LINEAGE-0123,RUN-20260828-01a55fcf
REC-01226,PKG-0123-06,train,LINEAGE-0123,RUN-20260828-01a55fcf
REC-01227,PKG-0123-07,train,LINEAGE-0123,RUN-20260828-01a55fcf
REC-01228,PKG-0123-08,train,LINEAGE-0123,RUN-20260828-01a55fcf
REC-01229,PKG-0123-09,train,LINEAGE-0123,RUN-20260828-01a55fcf
REC-01230,PKG-0123-10,train,LINEAGE-0123,RUN-20260828-01a55fcf
REC-01231,PKG-0124-01,validation,LINEAGE-0124,RUN-20260828-01a55fcf
REC-01232,PKG-0124-02,validation,LINEAGE-0124,RUN-20260828-01a55fcf
REC-01233,PKG-0124-03,validation,LINEAGE-0124,RUN-20260828-01a55fcf
REC-01234,PKG-0124-04,validation,LINEAGE-0124,RUN-20260828-01a55fcf
REC-01235,PKG-0124-05,validation,LINEAGE-0124,RUN-20260828-01a55fcf
REC-01236,PKG-0124-06,validation,LINEAGE-0124,RUN-20260828-01a55fcf
REC-01237,PKG-0124-07,validation,LINEAGE-0124,RUN-20260828-01a55fcf
REC-01238,PKG-0124-08,validation,LINEAGE-0124,RUN-20260828-01a55fcf
REC-01239,PKG-0124-09,validation,LINEAGE-0124,RUN-20260828-01a55fcf
REC-01240,PKG-0124-10,validation,LINEAGE-0124,RUN-20260828-01a55fcf
REC-01241,PKG-0125-01,train,LINEAGE-0125,RUN-20260828-01a55fcf
REC-01242,PKG-0125-02,train,LINEAGE-0125,RUN-20260828-01a55fcf
REC-01243,PKG-0125-03,train,LINEAGE-0125,RUN-20260828-01a55fcf
REC-01244,PKG-0125-04,train,LINEAGE-0125,RUN-20260828-01a55fcf
REC-01245,PKG-0125-05,train,LINEAGE-0125,RUN-20260828-01a55fcf
REC-01246,PKG-0125-06,train,LINEAGE-0125,RUN-20260828-01a55fcf
REC-01247,PKG-0125-07,train,LINEAGE-0125,RUN-20260828-01a55fcf
REC-01248,PKG-0125-08,train,LINEAGE-0125,RUN-20260828-01a55fcf
REC-01249,PKG-0125-09,train,LINEAGE-0125,RUN-20260828-01a55fcf
REC-01250,PKG-0125-10,train,LINEAGE-0125,RUN-20260828-01a55fcf
REC-01251,PKG-0126-01,train,LINEAGE-0126,RUN-20260828-01a55fcf
REC-01252,PKG-0126-02,train,LINEAGE-0126,RUN-20260828-01a55fcf
REC-01253,PKG-0126-03,train,LINEAGE-0126,RUN-20260828-01a55fcf
REC-01254,PKG-0126-04,train,LINEAGE-0126,RUN-20260828-01a55fcf
REC-01255,PKG-0126-05,train,LINEAGE-0126,RUN-20260828-01a55fcf
REC-01256,PKG-0126-06,train,LINEAGE-0126,RUN-20260828-01a55fcf
REC-01257,PKG-0126-07,train,LINEAGE-0126,RUN-20260828-01a55fcf
REC-01258,PKG-0126-08,train,LINEAGE-0126,RUN-20260828-01a55fcf
REC-01259,PKG-0126-09,train,LINEAGE-0126,RUN-20260828-01a55fcf
REC-01260,PKG-0126-10,train,LINEAGE-0126,RUN-20260828-01a55fcf
REC-01261,PKG-0127-01,train,LINEAGE-0127,RUN-20260828-01a55fcf
REC-01262,PKG-0127-02,train,LINEAGE-0127,RUN-20260828-01a55fcf
REC-01263,PKG-0127-03,train,LINEAGE-0127,RUN-20260828-01a55fcf
REC-01264,PKG-0127-04,train,LINEAGE-0127,RUN-20260828-01a55fcf
REC-01265,PKG-0127-05,train,LINEAGE-0127,RUN-20260828-01a55fcf
REC-01266,PKG-0127-06,train,LINEAGE-0127,RUN-20260828-01a55fcf
REC-01267,PKG-0127-07,train,LINEAGE-0127,RUN-20260828-01a55fcf
REC-01268,PKG-0127-08,train,LINEAGE-0127,RUN-20260828-01a55fcf
REC-01269,PKG-0127-09,train,LINEAGE-0127,RUN-20260828-01a55fcf
REC-01270,PKG-0127-10,train,LINEAGE-0127,RUN-20260828-01a55fcf
REC-01271,PKG-0128-01,train,LINEAGE-0128,RUN-20260828-01a55fcf
REC-01272,PKG-0128-02,train,LINEAGE-0128,RUN-20260828-01a55fcf
REC-01273,PKG-0128-03,train,LINEAGE-0128,RUN-20260828-01a55fcf
REC-01274,PKG-0128-04,train,LINEAGE-0128,RUN-20260828-01a55fcf
REC-01275,PKG-0128-05,train,LINEAGE-0128,RUN-20260828-01a55fcf
REC-01276,PKG-0128-06,train,LINEAGE-0128,RUN-20260828-01a55fcf
REC-01277,PKG-0128-07,train,LINEAGE-0128,RUN-20260828-01a55fcf
REC-01278,PKG-0128-08,train,LINEAGE-0128,RUN-20260828-01a55fcf
REC-01279,PKG-0128-09,train,LINEAGE-0128,RUN-20260828-01a55fcf
REC-01280,PKG-0128-10,train,LINEAGE-0128,RUN-20260828-01a55fcf
REC-01281,PKG-0129-01,train,LINEAGE-0129,RUN-20260828-01a55fcf
REC-01282,PKG-0129-02,train,LINEAGE-0129,RUN-20260828-01a55fcf
REC-01283,PKG-0129-03,train,LINEAGE-0129,RUN-20260828-01a55fcf
REC-01284,PKG-0129-04,train,LINEAGE-0129,RUN-20260828-01a55fcf
REC-01285,PKG-0129-05,train,LINEAGE-0129,RUN-20260828-01a55fcf
REC-01286,PKG-0129-06,train,LINEAGE-0129,RUN-20260828-01a55fcf
REC-01287,PKG-0129-07,train,LINEAGE-0129,RUN-20260828-01a55fcf
REC-01288,PKG-0129-08,train,LINEAGE-0129,RUN-20260828-01a55fcf
REC-01289,PKG-0129-09,train,LINEAGE-0129,RUN-20260828-01a55fcf
REC-01290,PKG-0129-10,train,LINEAGE-0129,RUN-20260828-01a55fcf
REC-01291,PKG-0130-01,train,LINEAGE-0130,RUN-20260828-01a55fcf
REC-01292,PKG-0130-02,train,LINEAGE-0130,RUN-20260828-01a55fcf
REC-01293,PKG-0130-03,train,LINEAGE-0130,RUN-20260828-01a55fcf
REC-01294,PKG-0130-04,train,LINEAGE-0130,RUN-20260828-01a55fcf
REC-01295,PKG-0130-05,train,LINEAGE-0130,RUN-20260828-01a55fcf
REC-01296,PKG-0130-06,train,LINEAGE-0130,RUN-20260828-01a55fcf
REC-01297,PKG-0130-07,train,LINEAGE-0130,RUN-20260828-01a55fcf
REC-01298,PKG-0130-08,train,LINEAGE-0130,RUN-20260828-01a55fcf
REC-01299,PKG-0130-09,train,LINEAGE-0130,RUN-20260828-01a55fcf
REC-01300,PKG-0130-10,train,LINEAGE-0130,RUN-20260828-01a55fcf
REC-01301,PKG-0131-01,test,LINEAGE-0131,RUN-20260828-01a55fcf
REC-01302,PKG-0131-02,test,LINEAGE-0131,RUN-20260828-01a55fcf
REC-01303,PKG-0131-03,test,LINEAGE-0131,RUN-20260828-01a55fcf
REC-01304,PKG-0131-04,test,LINEAGE-0131,RUN-20260828-01a55fcf
REC-01305,PKG-0131-05,test,LINEAGE-0131,RUN-20260828-01a55fcf
REC-01306,PKG-0131-06,test,LINEAGE-0131,RUN-20260828-01a55fcf
REC-01307,PKG-0131-07,test,LINEAGE-0131,RUN-20260828-01a55fcf
REC-01308,PKG-0131-08,test,LINEAGE-0131,RUN-20260828-01a55fcf
REC-01309,PKG-0131-09,test,LINEAGE-0131,RUN-20260828-01a55fcf
REC-01310,PKG-0131-10,test,LINEAGE-0131,RUN-20260828-01a55fcf
REC-01311,PKG-0132-01,train,LINEAGE-0132,RUN-20260828-01a55fcf
REC-01312,PKG-0132-02,train,LINEAGE-0132,RUN-20260828-01a55fcf
REC-01313,PKG-0132-03,train,LINEAGE-0132,RUN-20260828-01a55fcf
REC-01314,PKG-0132-04,train,LINEAGE-0132,RUN-20260828-01a55fcf
REC-01315,PKG-0132-05,train,LINEAGE-0132,RUN-20260828-01a55fcf
REC-01316,PKG-0132-06,train,LINEAGE-0132,RUN-20260828-01a55fcf
REC-01317,PKG-0132-07,train,LINEAGE-0132,RUN-20260828-01a55fcf
REC-01318,PKG-0132-08,train,LINEAGE-0132,RUN-20260828-01a55fcf
REC-01319,PKG-0132-09,train,LINEAGE-0132,RUN-20260828-01a55fcf
REC-01320,PKG-0132-10,train,LINEAGE-0132,RUN-20260828-01a55fcf
REC-01321,PKG-0133-01,test,LINEAGE-0133,RUN-20260828-01a55fcf
REC-01322,PKG-0133-02,test,LINEAGE-0133,RUN-20260828-01a55fcf
REC-01323,PKG-0133-03,test,LINEAGE-0133,RUN-20260828-01a55fcf
REC-01324,PKG-0133-04,test,LINEAGE-0133,RUN-20260828-01a55fcf
REC-01325,PKG-0133-05,test,LINEAGE-0133,RUN-20260828-01a55fcf
REC-01326,PKG-0133-06,test,LINEAGE-0133,RUN-20260828-01a55fcf
REC-01327,PKG-0133-07,test,LINEAGE-0133,RUN-20260828-01a55fcf
REC-01328,PKG-0133-08,test,LINEAGE-0133,RUN-20260828-01a55fcf
REC-01329,PKG-0133-09,test,LINEAGE-0133,RUN-20260828-01a55fcf
REC-01330,PKG-0133-10,test,LINEAGE-0133,RUN-20260828-01a55fcf
REC-01331,PKG-0134-01,train,LINEAGE-0134,RUN-20260828-01a55fcf
REC-01332,PKG-0134-02,train,LINEAGE-0134,RUN-20260828-01a55fcf
REC-01333,PKG-0134-03,train,LINEAGE-0134,RUN-20260828-01a55fcf
REC-01334,PKG-0134-04,train,LINEAGE-0134,RUN-20260828-01a55fcf
REC-01335,PKG-0134-05,train,LINEAGE-0134,RUN-20260828-01a55fcf
REC-01336,PKG-0134-06,train,LINEAGE-0134,RUN-20260828-01a55fcf
REC-01337,PKG-0134-07,train,LINEAGE-0134,RUN-20260828-01a55fcf
REC-01338,PKG-0134-08,train,LINEAGE-0134,RUN-20260828-01a55fcf
REC-01339,PKG-0134-09,train,LINEAGE-0134,RUN-20260828-01a55fcf
REC-01340,PKG-0134-10,train,LINEAGE-0134,RUN-20260828-01a55fcf
REC-01341,PKG-0135-01,train,LINEAGE-0135,RUN-20260828-01a55fcf
REC-01342,PKG-0135-02,train,LINEAGE-0135,RUN-20260828-01a55fcf
REC-01343,PKG-0135-03,train,LINEAGE-0135,RUN-20260828-01a55fcf
REC-01344,PKG-0135-04,train,LINEAGE-0135,RUN-20260828-01a55fcf
REC-01345,PKG-0135-05,train,LINEAGE-0135,RUN-20260828-01a55fcf
REC-01346,PKG-0135-06,train,LINEAGE-0135,RUN-20260828-01a55fcf
REC-01347,PKG-0135-07,train,LINEAGE-0135,RUN-20260828-01a55fcf
REC-01348,PKG-0135-08,train,LINEAGE-0135,RUN-20260828-01a55fcf
REC-01349,PKG-0135-09,train,LINEAGE-0135,RUN-20260828-01a55fcf
REC-01350,PKG-0135-10,train,LINEAGE-0135,RUN-20260828-01a55fcf
REC-01351,PKG-0136-01,train,LINEAGE-0136,RUN-20260828-01a55fcf
REC-01352,PKG-0136-02,train,LINEAGE-0136,RUN-20260828-01a55fcf
REC-01353,PKG-0136-03,train,LINEAGE-0136,RUN-20260828-01a55fcf
REC-01354,PKG-0136-04,train,LINEAGE-0136,RUN-20260828-01a55fcf
REC-01355,PKG-0136-05,train,LINEAGE-0136,RUN-20260828-01a55fcf
REC-01356,PKG-0136-06,train,LINEAGE-0136,RUN-20260828-01a55fcf
REC-01357,PKG-0136-07,train,LINEAGE-0136,RUN-20260828-01a55fcf
REC-01358,PKG-0136-08,train,LINEAGE-0136,RUN-20260828-01a55fcf
REC-01359,PKG-0136-09,train,LINEAGE-0136,RUN-20260828-01a55fcf
REC-01360,PKG-0136-10,train,LINEAGE-0136,RUN-20260828-01a55fcf
REC-01361,PKG-0137-01,train,LINEAGE-0137,RUN-20260828-01a55fcf
REC-01362,PKG-0137-02,train,LINEAGE-0137,RUN-20260828-01a55fcf
REC-01363,PKG-0137-03,train,LINEAGE-0137,RUN-20260828-01a55fcf
REC-01364,PKG-0137-04,train,LINEAGE-0137,RUN-20260828-01a55fcf
REC-01365,PKG-0137-05,train,LINEAGE-0137,RUN-20260828-01a55fcf
REC-01366,PKG-0137-06,train,LINEAGE-0137,RUN-20260828-01a55fcf
REC-01367,PKG-0137-07,train,LINEAGE-0137,RUN-20260828-01a55fcf
REC-01368,PKG-0137-08,train,LINEAGE-0137,RUN-20260828-01a55fcf
REC-01369,PKG-0137-09,train,LINEAGE-0137,RUN-20260828-01a55fcf
REC-01370,PKG-0137-10,train,LINEAGE-0137,RUN-20260828-01a55fcf
REC-01371,PKG-0138-01,train,LINEAGE-0138,RUN-20260828-01a55fcf
REC-01372,PKG-0138-02,train,LINEAGE-0138,RUN-20260828-01a55fcf
REC-01373,PKG-0138-03,train,LINEAGE-0138,RUN-20260828-01a55fcf
REC-01374,PKG-0138-04,train,LINEAGE-0138,RUN-20260828-01a55fcf
REC-01375,PKG-0138-05,train,LINEAGE-0138,RUN-20260828-01a55fcf
REC-01376,PKG-0138-06,train,LINEAGE-0138,RUN-20260828-01a55fcf
REC-01377,PKG-0138-07,train,LINEAGE-0138,RUN-20260828-01a55fcf
REC-01378,PKG-0138-08,train,LINEAGE-0138,RUN-20260828-01a55fcf
REC-01379,PKG-0138-09,train,LINEAGE-0138,RUN-20260828-01a55fcf
REC-01380,PKG-0138-10,train,LINEAGE-0138,RUN-20260828-01a55fcf
REC-01381,PKG-0139-01,train,LINEAGE-0139,RUN-20260828-01a55fcf
REC-01382,PKG-0139-02,train,LINEAGE-0139,RUN-20260828-01a55fcf
REC-01383,PKG-0139-03,train,LINEAGE-0139,RUN-20260828-01a55fcf
REC-01384,PKG-0139-04,train,LINEAGE-0139,RUN-20260828-01a55fcf
REC-01385,PKG-0139-05,train,LINEAGE-0139,RUN-20260828-01a55fcf
REC-01386,PKG-0139-06,train,LINEAGE-0139,RUN-20260828-01a55fcf
REC-01387,PKG-0139-07,train,LINEAGE-0139,RUN-20260828-01a55fcf
REC-01388,PKG-0139-08,train,LINEAGE-0139,RUN-20260828-01a55fcf
REC-01389,PKG-0139-09,train,LINEAGE-0139,RUN-20260828-01a55fcf
REC-01390,PKG-0139-10,train,LINEAGE-0139,RUN-20260828-01a55fcf
REC-01391,PKG-0140-01,validation,LINEAGE-0140,RUN-20260828-01a55fcf
REC-01392,PKG-0140-02,validation,LINEAGE-0140,RUN-20260828-01a55fcf
REC-01393,PKG-0140-03,validation,LINEAGE-0140,RUN-20260828-01a55fcf
REC-01394,PKG-0140-04,validation,LINEAGE-0140,RUN-20260828-01a55fcf
REC-01395,PKG-0140-05,validation,LINEAGE-0140,RUN-20260828-01a55fcf
REC-01396,PKG-0140-06,validation,LINEAGE-0140,RUN-20260828-01a55fcf
REC-01397,PKG-0140-07,validation,LINEAGE-0140,RUN-20260828-01a55fcf
REC-01398,PKG-0140-08,validation,LINEAGE-0140,RUN-20260828-01a55fcf
REC-01399,PKG-0140-09,validation,LINEAGE-0140,RUN-20260828-01a55fcf
REC-01400,PKG-0140-10,validation,LINEAGE-0140,RUN-20260828-01a55fcf
REC-01401,PKG-0141-01,train,LINEAGE-0141,RUN-20260828-01a55fcf
REC-01402,PKG-0141-02,train,LINEAGE-0141,RUN-20260828-01a55fcf
REC-01403,PKG-0141-03,train,LINEAGE-0141,RUN-20260828-01a55fcf
REC-01404,PKG-0141-04,train,LINEAGE-0141,RUN-20260828-01a55fcf
REC-01405,PKG-0141-05,train,LINEAGE-0141,RUN-20260828-01a55fcf
REC-01406,PKG-0141-06,train,LINEAGE-0141,RUN-20260828-01a55fcf
REC-01407,PKG-0141-07,train,LINEAGE-0141,RUN-20260828-01a55fcf
REC-01408,PKG-0141-08,train,LINEAGE-0141,RUN-20260828-01a55fcf
REC-01409,PKG-0141-09,train,LINEAGE-0141,RUN-20260828-01a55fcf
REC-01410,PKG-0141-10,train,LINEAGE-0141,RUN-20260828-01a55fcf
REC-01411,PKG-0142-01,train,LINEAGE-0142,RUN-20260828-01a55fcf
REC-01412,PKG-0142-02,train,LINEAGE-0142,RUN-20260828-01a55fcf
REC-01413,PKG-0142-03,train,LINEAGE-0142,RUN-20260828-01a55fcf
REC-01414,PKG-0142-04,train,LINEAGE-0142,RUN-20260828-01a55fcf
REC-01415,PKG-0142-05,train,LINEAGE-0142,RUN-20260828-01a55fcf
REC-01416,PKG-0142-06,train,LINEAGE-0142,RUN-20260828-01a55fcf
REC-01417,PKG-0142-07,train,LINEAGE-0142,RUN-20260828-01a55fcf
REC-01418,PKG-0142-08,train,LINEAGE-0142,RUN-20260828-01a55fcf
REC-01419,PKG-0142-09,train,LINEAGE-0142,RUN-20260828-01a55fcf
REC-01420,PKG-0142-10,train,LINEAGE-0142,RUN-20260828-01a55fcf
REC-01421,PKG-0143-01,train,LINEAGE-0143,RUN-20260828-01a55fcf
REC-01422,PKG-0143-02,train,LINEAGE-0143,RUN-20260828-01a55fcf
REC-01423,PKG-0143-03,train,LINEAGE-0143,RUN-20260828-01a55fcf
REC-01424,PKG-0143-04,train,LINEAGE-0143,RUN-20260828-01a55fcf
REC-01425,PKG-0143-05,train,LINEAGE-0143,RUN-20260828-01a55fcf
REC-01426,PKG-0143-06,train,LINEAGE-0143,RUN-20260828-01a55fcf
REC-01427,PKG-0143-07,train,LINEAGE-0143,RUN-20260828-01a55fcf
REC-01428,PKG-0143-08,train,LINEAGE-0143,RUN-20260828-01a55fcf
REC-01429,PKG-0143-09,train,LINEAGE-0143,RUN-20260828-01a55fcf
REC-01430,PKG-0143-10,train,LINEAGE-0143,RUN-20260828-01a55fcf
REC-01431,PKG-0144-01,train,LINEAGE-0144,RUN-20260828-01a55fcf
REC-01432,PKG-0144-02,train,LINEAGE-0144,RUN-20260828-01a55fcf
REC-01433,PKG-0144-03,train,LINEAGE-0144,RUN-20260828-01a55fcf
REC-01434,PKG-0144-04,train,LINEAGE-0144,RUN-20260828-01a55fcf
REC-01435,PKG-0144-05,train,LINEAGE-0144,RUN-20260828-01a55fcf
REC-01436,PKG-0144-06,train,LINEAGE-0144,RUN-20260828-01a55fcf
REC-01437,PKG-0144-07,train,LINEAGE-0144,RUN-20260828-01a55fcf
REC-01438,PKG-0144-08,train,LINEAGE-0144,RUN-20260828-01a55fcf
REC-01439,PKG-0144-09,train,LINEAGE-0144,RUN-20260828-01a55fcf
REC-01440,PKG-0144-10,train,LINEAGE-0144,RUN-20260828-01a55fcf
REC-01441,PKG-0145-01,train,LINEAGE-0145,RUN-20260828-01a55fcf
REC-01442,PKG-0145-02,train,LINEAGE-0145,RUN-20260828-01a55fcf
REC-01443,PKG-0145-03,train,LINEAGE-0145,RUN-20260828-01a55fcf
REC-01444,PKG-0145-04,train,LINEAGE-0145,RUN-20260828-01a55fcf
REC-01445,PKG-0145-05,train,LINEAGE-0145,RUN-20260828-01a55fcf
REC-01446,PKG-0145-06,train,LINEAGE-0145,RUN-20260828-01a55fcf
REC-01447,PKG-0145-07,train,LINEAGE-0145,RUN-20260828-01a55fcf
REC-01448,PKG-0145-08,train,LINEAGE-0145,RUN-20260828-01a55fcf
REC-01449,PKG-0145-09,train,LINEAGE-0145,RUN-20260828-01a55fcf
REC-01450,PKG-0145-10,train,LINEAGE-0145,RUN-20260828-01a55fcf
REC-01451,PKG-0146-01,validation,LINEAGE-0146,RUN-20260828-01a55fcf
REC-01452,PKG-0146-02,validation,LINEAGE-0146,RUN-20260828-01a55fcf
REC-01453,PKG-0146-03,validation,LINEAGE-0146,RUN-20260828-01a55fcf
REC-01454,PKG-0146-04,validation,LINEAGE-0146,RUN-20260828-01a55fcf
REC-01455,PKG-0146-05,validation,LINEAGE-0146,RUN-20260828-01a55fcf
REC-01456,PKG-0146-06,validation,LINEAGE-0146,RUN-20260828-01a55fcf
REC-01457,PKG-0146-07,validation,LINEAGE-0146,RUN-20260828-01a55fcf
REC-01458,PKG-0146-08,validation,LINEAGE-0146,RUN-20260828-01a55fcf
REC-01459,PKG-0146-09,validation,LINEAGE-0146,RUN-20260828-01a55fcf
REC-01460,PKG-0146-10,validation,LINEAGE-0146,RUN-20260828-01a55fcf
REC-01461,PKG-0147-01,train,LINEAGE-0147,RUN-20260828-01a55fcf
REC-01462,PKG-0147-02,train,LINEAGE-0147,RUN-20260828-01a55fcf
REC-01463,PKG-0147-03,train,LINEAGE-0147,RUN-20260828-01a55fcf
REC-01464,PKG-0147-04,train,LINEAGE-0147,RUN-20260828-01a55fcf
REC-01465,PKG-0147-05,train,LINEAGE-0147,RUN-20260828-01a55fcf
REC-01466,PKG-0147-06,train,LINEAGE-0147,RUN-20260828-01a55fcf
REC-01467,PKG-0147-07,train,LINEAGE-0147,RUN-20260828-01a55fcf
REC-01468,PKG-0147-08,train,LINEAGE-0147,RUN-20260828-01a55fcf
REC-01469,PKG-0147-09,train,LINEAGE-0147,RUN-20260828-01a55fcf
REC-01470,PKG-0147-10,train,LINEAGE-0147,RUN-20260828-01a55fcf
REC-01471,PKG-0148-01,train,LINEAGE-0148,RUN-20260828-01a55fcf
REC-01472,PKG-0148-02,train,LINEAGE-0148,RUN-20260828-01a55fcf
REC-01473,PKG-0148-03,train,LINEAGE-0148,RUN-20260828-01a55fcf
REC-01474,PKG-0148-04,train,LINEAGE-0148,RUN-20260828-01a55fcf
REC-01475,PKG-0148-05,train,LINEAGE-0148,RUN-20260828-01a55fcf
REC-01476,PKG-0148-06,train,LINEAGE-0148,RUN-20260828-01a55fcf
REC-01477,PKG-0148-07,train,LINEAGE-0148,RUN-20260828-01a55fcf
REC-01478,PKG-0148-08,train,LINEAGE-0148,RUN-20260828-01a55fcf
REC-01479,PKG-0148-09,train,LINEAGE-0148,RUN-20260828-01a55fcf
REC-01480,PKG-0148-10,train,LINEAGE-0148,RUN-20260828-01a55fcf
REC-01481,PKG-0149-01,test,LINEAGE-0149,RUN-20260828-01a55fcf
REC-01482,PKG-0149-02,test,LINEAGE-0149,RUN-20260828-01a55fcf
REC-01483,PKG-0149-03,test,LINEAGE-0149,RUN-20260828-01a55fcf
REC-01484,PKG-0149-04,test,LINEAGE-0149,RUN-20260828-01a55fcf
REC-01485,PKG-0149-05,test,LINEAGE-0149,RUN-20260828-01a55fcf
REC-01486,PKG-0149-06,test,LINEAGE-0149,RUN-20260828-01a55fcf
REC-01487,PKG-0149-07,test,LINEAGE-0149,RUN-20260828-01a55fcf
REC-01488,PKG-0149-08,test,LINEAGE-0149,RUN-20260828-01a55fcf
REC-01489,PKG-0149-09,test,LINEAGE-0149,RUN-20260828-01a55fcf
REC-01490,PKG-0149-10,test,LINEAGE-0149,RUN-20260828-01a55fcf
REC-01491,PKG-0150-01,validation,LINEAGE-0150,RUN-20260828-01a55fcf
REC-01492,PKG-0150-02,validation,LINEAGE-0150,RUN-20260828-01a55fcf
REC-01493,PKG-0150-03,validation,LINEAGE-0150,RUN-20260828-01a55fcf
REC-01494,PKG-0150-04,validation,LINEAGE-0150,RUN-20260828-01a55fcf
REC-01495,PKG-0150-05,validation,LINEAGE-0150,RUN-20260828-01a55fcf
REC-01496,PKG-0150-06,validation,LINEAGE-0150,RUN-20260828-01a55fcf
REC-01497,PKG-0150-07,validation,LINEAGE-0150,RUN-20260828-01a55fcf
REC-01498,PKG-0150-08,validation,LINEAGE-0150,RUN-20260828-01a55fcf
REC-01499,PKG-0150-09,validation,LINEAGE-0150,RUN-20260828-01a55fcf
REC-01500,PKG-0150-10,validation,LINEAGE-0150,RUN-20260828-01a55fcf
REC-01501,PKG-0151-01,test,LINEAGE-0151,RUN-20260828-01a55fcf
REC-01502,PKG-0151-02,test,LINEAGE-0151,RUN-20260828-01a55fcf
REC-01503,PKG-0151-03,test,LINEAGE-0151,RUN-20260828-01a55fcf
REC-01504,PKG-0151-04,test,LINEAGE-0151,RUN-20260828-01a55fcf
REC-01505,PKG-0151-05,test,LINEAGE-0151,RUN-20260828-01a55fcf
REC-01506,PKG-0151-06,test,LINEAGE-0151,RUN-20260828-01a55fcf
REC-01507,PKG-0151-07,test,LINEAGE-0151,RUN-20260828-01a55fcf
REC-01508,PKG-0151-08,test,LINEAGE-0151,RUN-20260828-01a55fcf
REC-01509,PKG-0151-09,test,LINEAGE-0151,RUN-20260828-01a55fcf
REC-01510,PKG-0151-10,test,LINEAGE-0151,RUN-20260828-01a55fcf
REC-01511,PKG-0152-01,test,LINEAGE-0152,RUN-20260828-01a55fcf
REC-01512,PKG-0152-02,test,LINEAGE-0152,RUN-20260828-01a55fcf
REC-01513,PKG-0152-03,test,LINEAGE-0152,RUN-20260828-01a55fcf
REC-01514,PKG-0152-04,test,LINEAGE-0152,RUN-20260828-01a55fcf
REC-01515,PKG-0152-05,test,LINEAGE-0152,RUN-20260828-01a55fcf
REC-01516,PKG-0152-06,test,LINEAGE-0152,RUN-20260828-01a55fcf
REC-01517,PKG-0152-07,test,LINEAGE-0152,RUN-20260828-01a55fcf
REC-01518,PKG-0152-08,test,LINEAGE-0152,RUN-20260828-01a55fcf
REC-01519,PKG-0152-09,test,LINEAGE-0152,RUN-20260828-01a55fcf
REC-01520,PKG-0152-10,test,LINEAGE-0152,RUN-20260828-01a55fcf
REC-01521,PKG-0153-01,train,LINEAGE-0153,RUN-20260828-01a55fcf
REC-01522,PKG-0153-02,train,LINEAGE-0153,RUN-20260828-01a55fcf
REC-01523,PKG-0153-03,train,LINEAGE-0153,RUN-20260828-01a55fcf
REC-01524,PKG-0153-04,train,LINEAGE-0153,RUN-20260828-01a55fcf
REC-01525,PKG-0153-05,train,LINEAGE-0153,RUN-20260828-01a55fcf
REC-01526,PKG-0153-06,train,LINEAGE-0153,RUN-20260828-01a55fcf
REC-01527,PKG-0153-07,train,LINEAGE-0153,RUN-20260828-01a55fcf
REC-01528,PKG-0153-08,train,LINEAGE-0153,RUN-20260828-01a55fcf
REC-01529,PKG-0153-09,train,LINEAGE-0153,RUN-20260828-01a55fcf
REC-01530,PKG-0153-10,train,LINEAGE-0153,RUN-20260828-01a55fcf
REC-01531,PKG-0154-01,train,LINEAGE-0154,RUN-20260828-01a55fcf
REC-01532,PKG-0154-02,train,LINEAGE-0154,RUN-20260828-01a55fcf
REC-01533,PKG-0154-03,train,LINEAGE-0154,RUN-20260828-01a55fcf
REC-01534,PKG-0154-04,train,LINEAGE-0154,RUN-20260828-01a55fcf
REC-01535,PKG-0154-05,train,LINEAGE-0154,RUN-20260828-01a55fcf
REC-01536,PKG-0154-06,train,LINEAGE-0154,RUN-20260828-01a55fcf
REC-01537,PKG-0154-07,train,LINEAGE-0154,RUN-20260828-01a55fcf
REC-01538,PKG-0154-08,train,LINEAGE-0154,RUN-20260828-01a55fcf
REC-01539,PKG-0154-09,train,LINEAGE-0154,RUN-20260828-01a55fcf
REC-01540,PKG-0154-10,train,LINEAGE-0154,RUN-20260828-01a55fcf
REC-01541,PKG-0155-01,test,LINEAGE-0155,RUN-20260828-01a55fcf
REC-01542,PKG-0155-02,test,LINEAGE-0155,RUN-20260828-01a55fcf
REC-01543,PKG-0155-03,test,LINEAGE-0155,RUN-20260828-01a55fcf
REC-01544,PKG-0155-04,test,LINEAGE-0155,RUN-20260828-01a55fcf
REC-01545,PKG-0155-05,test,LINEAGE-0155,RUN-20260828-01a55fcf
REC-01546,PKG-0155-06,test,LINEAGE-0155,RUN-20260828-01a55fcf
REC-01547,PKG-0155-07,test,LINEAGE-0155,RUN-20260828-01a55fcf
REC-01548,PKG-0155-08,test,LINEAGE-0155,RUN-20260828-01a55fcf
REC-01549,PKG-0155-09,test,LINEAGE-0155,RUN-20260828-01a55fcf
REC-01550,PKG-0155-10,test,LINEAGE-0155,RUN-20260828-01a55fcf
REC-01551,PKG-0156-01,train,LINEAGE-0156,RUN-20260828-01a55fcf
REC-01552,PKG-0156-02,train,LINEAGE-0156,RUN-20260828-01a55fcf
REC-01553,PKG-0156-03,train,LINEAGE-0156,RUN-20260828-01a55fcf
REC-01554,PKG-0156-04,train,LINEAGE-0156,RUN-20260828-01a55fcf
REC-01555,PKG-0156-05,train,LINEAGE-0156,RUN-20260828-01a55fcf
REC-01556,PKG-0156-06,train,LINEAGE-0156,RUN-20260828-01a55fcf
REC-01557,PKG-0156-07,train,LINEAGE-0156,RUN-20260828-01a55fcf
REC-01558,PKG-0156-08,train,LINEAGE-0156,RUN-20260828-01a55fcf
REC-01559,PKG-0156-09,train,LINEAGE-0156,RUN-20260828-01a55fcf
REC-01560,PKG-0156-10,train,LINEAGE-0156,RUN-20260828-01a55fcf
REC-01561,PKG-0157-01,train,LINEAGE-0157,RUN-20260828-01a55fcf
REC-01562,PKG-0157-02,train,LINEAGE-0157,RUN-20260828-01a55fcf
REC-01563,PKG-0157-03,train,LINEAGE-0157,RUN-20260828-01a55fcf
REC-01564,PKG-0157-04,train,LINEAGE-0157,RUN-20260828-01a55fcf
REC-01565,PKG-0157-05,train,LINEAGE-0157,RUN-20260828-01a55fcf
REC-01566,PKG-0157-06,train,LINEAGE-0157,RUN-20260828-01a55fcf
REC-01567,PKG-0157-07,train,LINEAGE-0157,RUN-20260828-01a55fcf
REC-01568,PKG-0157-08,train,LINEAGE-0157,RUN-20260828-01a55fcf
REC-01569,PKG-0157-09,train,LINEAGE-0157,RUN-20260828-01a55fcf
REC-01570,PKG-0157-10,train,LINEAGE-0157,RUN-20260828-01a55fcf
REC-01571,PKG-0158-01,train,LINEAGE-0158,RUN-20260828-01a55fcf
REC-01572,PKG-0158-02,train,LINEAGE-0158,RUN-20260828-01a55fcf
REC-01573,PKG-0158-03,train,LINEAGE-0158,RUN-20260828-01a55fcf
REC-01574,PKG-0158-04,train,LINEAGE-0158,RUN-20260828-01a55fcf
REC-01575,PKG-0158-05,train,LINEAGE-0158,RUN-20260828-01a55fcf
REC-01576,PKG-0158-06,train,LINEAGE-0158,RUN-20260828-01a55fcf
REC-01577,PKG-0158-07,train,LINEAGE-0158,RUN-20260828-01a55fcf
REC-01578,PKG-0158-08,train,LINEAGE-0158,RUN-20260828-01a55fcf
REC-01579,PKG-0158-09,train,LINEAGE-0158,RUN-20260828-01a55fcf
REC-01580,PKG-0158-10,train,LINEAGE-0158,RUN-20260828-01a55fcf
REC-01581,PKG-0159-01,train,LINEAGE-0159,RUN-20260828-01a55fcf
REC-01582,PKG-0159-02,train,LINEAGE-0159,RUN-20260828-01a55fcf
REC-01583,PKG-0159-03,train,LINEAGE-0159,RUN-20260828-01a55fcf
REC-01584,PKG-0159-04,train,LINEAGE-0159,RUN-20260828-01a55fcf
REC-01585,PKG-0159-05,train,LINEAGE-0159,RUN-20260828-01a55fcf
REC-01586,PKG-0159-06,train,LINEAGE-0159,RUN-20260828-01a55fcf
REC-01587,PKG-0159-07,train,LINEAGE-0159,RUN-20260828-01a55fcf
REC-01588,PKG-0159-08,train,LINEAGE-0159,RUN-20260828-01a55fcf
REC-01589,PKG-0159-09,train,LINEAGE-0159,RUN-20260828-01a55fcf
REC-01590,PKG-0159-10,train,LINEAGE-0159,RUN-20260828-01a55fcf
REC-01591,PKG-0160-01,test,LINEAGE-0160,RUN-20260828-01a55fcf
REC-01592,PKG-0160-02,test,LINEAGE-0160,RUN-20260828-01a55fcf
REC-01593,PKG-0160-03,test,LINEAGE-0160,RUN-20260828-01a55fcf
REC-01594,PKG-0160-04,test,LINEAGE-0160,RUN-20260828-01a55fcf
REC-01595,PKG-0160-05,test,LINEAGE-0160,RUN-20260828-01a55fcf
REC-01596,PKG-0160-06,test,LINEAGE-0160,RUN-20260828-01a55fcf
REC-01597,PKG-0160-07,test,LINEAGE-0160,RUN-20260828-01a55fcf
REC-01598,PKG-0160-08,test,LINEAGE-0160,RUN-20260828-01a55fcf
REC-01599,PKG-0160-09,test,LINEAGE-0160,RUN-20260828-01a55fcf
REC-01600,PKG-0160-10,test,LINEAGE-0160,RUN-20260828-01a55fcf
REC-01601,PKG-0161-01,train,LINEAGE-0161,RUN-20260828-01a55fcf
REC-01602,PKG-0161-02,train,LINEAGE-0161,RUN-20260828-01a55fcf
REC-01603,PKG-0161-03,train,LINEAGE-0161,RUN-20260828-01a55fcf
REC-01604,PKG-0161-04,train,LINEAGE-0161,RUN-20260828-01a55fcf
REC-01605,PKG-0161-05,train,LINEAGE-0161,RUN-20260828-01a55fcf
REC-01606,PKG-0161-06,train,LINEAGE-0161,RUN-20260828-01a55fcf
REC-01607,PKG-0161-07,train,LINEAGE-0161,RUN-20260828-01a55fcf
REC-01608,PKG-0161-08,train,LINEAGE-0161,RUN-20260828-01a55fcf
REC-01609,PKG-0161-09,train,LINEAGE-0161,RUN-20260828-01a55fcf
REC-01610,PKG-0161-10,train,LINEAGE-0161,RUN-20260828-01a55fcf
REC-01611,PKG-0162-01,train,LINEAGE-0162,RUN-20260828-01a55fcf
REC-01612,PKG-0162-02,train,LINEAGE-0162,RUN-20260828-01a55fcf
REC-01613,PKG-0162-03,train,LINEAGE-0162,RUN-20260828-01a55fcf
REC-01614,PKG-0162-04,train,LINEAGE-0162,RUN-20260828-01a55fcf
REC-01615,PKG-0162-05,train,LINEAGE-0162,RUN-20260828-01a55fcf
REC-01616,PKG-0162-06,train,LINEAGE-0162,RUN-20260828-01a55fcf
REC-01617,PKG-0162-07,train,LINEAGE-0162,RUN-20260828-01a55fcf
REC-01618,PKG-0162-08,train,LINEAGE-0162,RUN-20260828-01a55fcf
REC-01619,PKG-0162-09,train,LINEAGE-0162,RUN-20260828-01a55fcf
REC-01620,PKG-0162-10,train,LINEAGE-0162,RUN-20260828-01a55fcf
REC-01621,PKG-0163-01,train,LINEAGE-0163,RUN-20260828-01a55fcf
REC-01622,PKG-0163-02,train,LINEAGE-0163,RUN-20260828-01a55fcf
REC-01623,PKG-0163-03,train,LINEAGE-0163,RUN-20260828-01a55fcf
REC-01624,PKG-0163-04,train,LINEAGE-0163,RUN-20260828-01a55fcf
REC-01625,PKG-0163-05,train,LINEAGE-0163,RUN-20260828-01a55fcf
REC-01626,PKG-0163-06,train,LINEAGE-0163,RUN-20260828-01a55fcf
REC-01627,PKG-0163-07,train,LINEAGE-0163,RUN-20260828-01a55fcf
REC-01628,PKG-0163-08,train,LINEAGE-0163,RUN-20260828-01a55fcf
REC-01629,PKG-0163-09,train,LINEAGE-0163,RUN-20260828-01a55fcf
REC-01630,PKG-0163-10,train,LINEAGE-0163,RUN-20260828-01a55fcf
REC-01631,PKG-0164-01,train,LINEAGE-0164,RUN-20260828-01a55fcf
REC-01632,PKG-0164-02,train,LINEAGE-0164,RUN-20260828-01a55fcf
REC-01633,PKG-0164-03,train,LINEAGE-0164,RUN-20260828-01a55fcf
REC-01634,PKG-0164-04,train,LINEAGE-0164,RUN-20260828-01a55fcf
REC-01635,PKG-0164-05,train,LINEAGE-0164,RUN-20260828-01a55fcf
REC-01636,PKG-0164-06,train,LINEAGE-0164,RUN-20260828-01a55fcf
REC-01637,PKG-0164-07,train,LINEAGE-0164,RUN-20260828-01a55fcf
REC-01638,PKG-0164-08,train,LINEAGE-0164,RUN-20260828-01a55fcf
REC-01639,PKG-0164-09,train,LINEAGE-0164,RUN-20260828-01a55fcf
REC-01640,PKG-0164-10,train,LINEAGE-0164,RUN-20260828-01a55fcf
REC-01641,PKG-0165-01,train,LINEAGE-0165,RUN-20260828-01a55fcf
REC-01642,PKG-0165-02,train,LINEAGE-0165,RUN-20260828-01a55fcf
REC-01643,PKG-0165-03,train,LINEAGE-0165,RUN-20260828-01a55fcf
REC-01644,PKG-0165-04,train,LINEAGE-0165,RUN-20260828-01a55fcf
REC-01645,PKG-0165-05,train,LINEAGE-0165,RUN-20260828-01a55fcf
REC-01646,PKG-0165-06,train,LINEAGE-0165,RUN-20260828-01a55fcf
REC-01647,PKG-0165-07,train,LINEAGE-0165,RUN-20260828-01a55fcf
REC-01648,PKG-0165-08,train,LINEAGE-0165,RUN-20260828-01a55fcf
REC-01649,PKG-0165-09,train,LINEAGE-0165,RUN-20260828-01a55fcf
REC-01650,PKG-0165-10,train,LINEAGE-0165,RUN-20260828-01a55fcf
REC-01651,PKG-0166-01,train,LINEAGE-0166,RUN-20260828-01a55fcf
REC-01652,PKG-0166-02,train,LINEAGE-0166,RUN-20260828-01a55fcf
REC-01653,PKG-0166-03,train,LINEAGE-0166,RUN-20260828-01a55fcf
REC-01654,PKG-0166-04,train,LINEAGE-0166,RUN-20260828-01a55fcf
REC-01655,PKG-0166-05,train,LINEAGE-0166,RUN-20260828-01a55fcf
REC-01656,PKG-0166-06,train,LINEAGE-0166,RUN-20260828-01a55fcf
REC-01657,PKG-0166-07,train,LINEAGE-0166,RUN-20260828-01a55fcf
REC-01658,PKG-0166-08,train,LINEAGE-0166,RUN-20260828-01a55fcf
REC-01659,PKG-0166-09,train,LINEAGE-0166,RUN-20260828-01a55fcf
REC-01660,PKG-0166-10,train,LINEAGE-0166,RUN-20260828-01a55fcf
REC-01661,PKG-0167-01,train,LINEAGE-0167,RUN-20260828-01a55fcf
REC-01662,PKG-0167-02,train,LINEAGE-0167,RUN-20260828-01a55fcf
REC-01663,PKG-0167-03,train,LINEAGE-0167,RUN-20260828-01a55fcf
REC-01664,PKG-0167-04,train,LINEAGE-0167,RUN-20260828-01a55fcf
REC-01665,PKG-0167-05,train,LINEAGE-0167,RUN-20260828-01a55fcf
REC-01666,PKG-0167-06,train,LINEAGE-0167,RUN-20260828-01a55fcf
REC-01667,PKG-0167-07,train,LINEAGE-0167,RUN-20260828-01a55fcf
REC-01668,PKG-0167-08,train,LINEAGE-0167,RUN-20260828-01a55fcf
REC-01669,PKG-0167-09,train,LINEAGE-0167,RUN-20260828-01a55fcf
REC-01670,PKG-0167-10,train,LINEAGE-0167,RUN-20260828-01a55fcf
REC-01671,PKG-0168-01,train,LINEAGE-0168,RUN-20260828-01a55fcf
REC-01672,PKG-0168-02,train,LINEAGE-0168,RUN-20260828-01a55fcf
REC-01673,PKG-0168-03,train,LINEAGE-0168,RUN-20260828-01a55fcf
REC-01674,PKG-0168-04,train,LINEAGE-0168,RUN-20260828-01a55fcf
REC-01675,PKG-0168-05,train,LINEAGE-0168,RUN-20260828-01a55fcf
REC-01676,PKG-0168-06,train,LINEAGE-0168,RUN-20260828-01a55fcf
REC-01677,PKG-0168-07,train,LINEAGE-0168,RUN-20260828-01a55fcf
REC-01678,PKG-0168-08,train,LINEAGE-0168,RUN-20260828-01a55fcf
REC-01679,PKG-0168-09,train,LINEAGE-0168,RUN-20260828-01a55fcf
REC-01680,PKG-0168-10,train,LINEAGE-0168,RUN-20260828-01a55fcf
REC-01681,PKG-0169-01,train,LINEAGE-0169,RUN-20260828-01a55fcf
REC-01682,PKG-0169-02,train,LINEAGE-0169,RUN-20260828-01a55fcf
REC-01683,PKG-0169-03,train,LINEAGE-0169,RUN-20260828-01a55fcf
REC-01684,PKG-0169-04,train,LINEAGE-0169,RUN-20260828-01a55fcf
REC-01685,PKG-0169-05,train,LINEAGE-0169,RUN-20260828-01a55fcf
REC-01686,PKG-0169-06,train,LINEAGE-0169,RUN-20260828-01a55fcf
REC-01687,PKG-0169-07,train,LINEAGE-0169,RUN-20260828-01a55fcf
REC-01688,PKG-0169-08,train,LINEAGE-0169,RUN-20260828-01a55fcf
REC-01689,PKG-0169-09,train,LINEAGE-0169,RUN-20260828-01a55fcf
REC-01690,PKG-0169-10,train,LINEAGE-0169,RUN-20260828-01a55fcf
REC-01691,PKG-0170-01,train,LINEAGE-0170,RUN-20260828-01a55fcf
REC-01692,PKG-0170-02,train,LINEAGE-0170,RUN-20260828-01a55fcf
REC-01693,PKG-0170-03,train,LINEAGE-0170,RUN-20260828-01a55fcf
REC-01694,PKG-0170-04,train,LINEAGE-0170,RUN-20260828-01a55fcf
REC-01695,PKG-0170-05,train,LINEAGE-0170,RUN-20260828-01a55fcf
REC-01696,PKG-0170-06,train,LINEAGE-0170,RUN-20260828-01a55fcf
REC-01697,PKG-0170-07,train,LINEAGE-0170,RUN-20260828-01a55fcf
REC-01698,PKG-0170-08,train,LINEAGE-0170,RUN-20260828-01a55fcf
REC-01699,PKG-0170-09,train,LINEAGE-0170,RUN-20260828-01a55fcf
REC-01700,PKG-0170-10,train,LINEAGE-0170,RUN-20260828-01a55fcf
REC-01701,PKG-0171-01,train,LINEAGE-0171,RUN-20260828-01a55fcf
REC-01702,PKG-0171-02,train,LINEAGE-0171,RUN-20260828-01a55fcf
REC-01703,PKG-0171-03,train,LINEAGE-0171,RUN-20260828-01a55fcf
REC-01704,PKG-0171-04,train,LINEAGE-0171,RUN-20260828-01a55fcf
REC-01705,PKG-0171-05,train,LINEAGE-0171,RUN-20260828-01a55fcf
REC-01706,PKG-0171-06,train,LINEAGE-0171,RUN-20260828-01a55fcf
REC-01707,PKG-0171-07,train,LINEAGE-0171,RUN-20260828-01a55fcf
REC-01708,PKG-0171-08,train,LINEAGE-0171,RUN-20260828-01a55fcf
REC-01709,PKG-0171-09,train,LINEAGE-0171,RUN-20260828-01a55fcf
REC-01710,PKG-0171-10,train,LINEAGE-0171,RUN-20260828-01a55fcf
REC-01711,PKG-0172-01,train,LINEAGE-0172,RUN-20260828-01a55fcf
REC-01712,PKG-0172-02,train,LINEAGE-0172,RUN-20260828-01a55fcf
REC-01713,PKG-0172-03,train,LINEAGE-0172,RUN-20260828-01a55fcf
REC-01714,PKG-0172-04,train,LINEAGE-0172,RUN-20260828-01a55fcf
REC-01715,PKG-0172-05,train,LINEAGE-0172,RUN-20260828-01a55fcf
REC-01716,PKG-0172-06,train,LINEAGE-0172,RUN-20260828-01a55fcf
REC-01717,PKG-0172-07,train,LINEAGE-0172,RUN-20260828-01a55fcf
REC-01718,PKG-0172-08,train,LINEAGE-0172,RUN-20260828-01a55fcf
REC-01719,PKG-0172-09,train,LINEAGE-0172,RUN-20260828-01a55fcf
REC-01720,PKG-0172-10,train,LINEAGE-0172,RUN-20260828-01a55fcf
REC-01721,PKG-0173-01,train,LINEAGE-0173,RUN-20260828-01a55fcf
REC-01722,PKG-0173-02,train,LINEAGE-0173,RUN-20260828-01a55fcf
REC-01723,PKG-0173-03,train,LINEAGE-0173,RUN-20260828-01a55fcf
REC-01724,PKG-0173-04,train,LINEAGE-0173,RUN-20260828-01a55fcf
REC-01725,PKG-0173-05,train,LINEAGE-0173,RUN-20260828-01a55fcf
REC-01726,PKG-0173-06,train,LINEAGE-0173,RUN-20260828-01a55fcf
REC-01727,PKG-0173-07,train,LINEAGE-0173,RUN-20260828-01a55fcf
REC-01728,PKG-0173-08,train,LINEAGE-0173,RUN-20260828-01a55fcf
REC-01729,PKG-0173-09,train,LINEAGE-0173,RUN-20260828-01a55fcf
REC-01730,PKG-0173-10,train,LINEAGE-0173,RUN-20260828-01a55fcf
REC-01731,PKG-0174-01,train,LINEAGE-0174,RUN-20260828-01a55fcf
REC-01732,PKG-0174-02,train,LINEAGE-0174,RUN-20260828-01a55fcf
REC-01733,PKG-0174-03,train,LINEAGE-0174,RUN-20260828-01a55fcf
REC-01734,PKG-0174-04,train,LINEAGE-0174,RUN-20260828-01a55fcf
REC-01735,PKG-0174-05,train,LINEAGE-0174,RUN-20260828-01a55fcf
REC-01736,PKG-0174-06,train,LINEAGE-0174,RUN-20260828-01a55fcf
REC-01737,PKG-0174-07,train,LINEAGE-0174,RUN-20260828-01a55fcf
REC-01738,PKG-0174-08,train,LINEAGE-0174,RUN-20260828-01a55fcf
REC-01739,PKG-0174-09,train,LINEAGE-0174,RUN-20260828-01a55fcf
REC-01740,PKG-0174-10,train,LINEAGE-0174,RUN-20260828-01a55fcf
REC-01741,PKG-0175-01,validation,LINEAGE-0175,RUN-20260828-01a55fcf
REC-01742,PKG-0175-02,validation,LINEAGE-0175,RUN-20260828-01a55fcf
REC-01743,PKG-0175-03,validation,LINEAGE-0175,RUN-20260828-01a55fcf
REC-01744,PKG-0175-04,validation,LINEAGE-0175,RUN-20260828-01a55fcf
REC-01745,PKG-0175-05,validation,LINEAGE-0175,RUN-20260828-01a55fcf
REC-01746,PKG-0175-06,validation,LINEAGE-0175,RUN-20260828-01a55fcf
REC-01747,PKG-0175-07,validation,LINEAGE-0175,RUN-20260828-01a55fcf
REC-01748,PKG-0175-08,validation,LINEAGE-0175,RUN-20260828-01a55fcf
REC-01749,PKG-0175-09,validation,LINEAGE-0175,RUN-20260828-01a55fcf
REC-01750,PKG-0175-10,validation,LINEAGE-0175,RUN-20260828-01a55fcf
REC-01751,PKG-0176-01,train,LINEAGE-0176,RUN-20260828-01a55fcf
REC-01752,PKG-0176-02,train,LINEAGE-0176,RUN-20260828-01a55fcf
REC-01753,PKG-0176-03,train,LINEAGE-0176,RUN-20260828-01a55fcf
REC-01754,PKG-0176-04,train,LINEAGE-0176,RUN-20260828-01a55fcf
REC-01755,PKG-0176-05,train,LINEAGE-0176,RUN-20260828-01a55fcf
REC-01756,PKG-0176-06,train,LINEAGE-0176,RUN-20260828-01a55fcf
REC-01757,PKG-0176-07,train,LINEAGE-0176,RUN-20260828-01a55fcf
REC-01758,PKG-0176-08,train,LINEAGE-0176,RUN-20260828-01a55fcf
REC-01759,PKG-0176-09,train,LINEAGE-0176,RUN-20260828-01a55fcf
REC-01760,PKG-0176-10,train,LINEAGE-0176,RUN-20260828-01a55fcf
REC-01761,PKG-0177-01,train,LINEAGE-0177,RUN-20260828-01a55fcf
REC-01762,PKG-0177-02,train,LINEAGE-0177,RUN-20260828-01a55fcf
REC-01763,PKG-0177-03,train,LINEAGE-0177,RUN-20260828-01a55fcf
REC-01764,PKG-0177-04,train,LINEAGE-0177,RUN-20260828-01a55fcf
REC-01765,PKG-0177-05,train,LINEAGE-0177,RUN-20260828-01a55fcf
REC-01766,PKG-0177-06,train,LINEAGE-0177,RUN-20260828-01a55fcf
REC-01767,PKG-0177-07,train,LINEAGE-0177,RUN-20260828-01a55fcf
REC-01768,PKG-0177-08,train,LINEAGE-0177,RUN-20260828-01a55fcf
REC-01769,PKG-0177-09,train,LINEAGE-0177,RUN-20260828-01a55fcf
REC-01770,PKG-0177-10,train,LINEAGE-0177,RUN-20260828-01a55fcf
REC-01771,PKG-0178-01,train,LINEAGE-0178,RUN-20260828-01a55fcf
REC-01772,PKG-0178-02,train,LINEAGE-0178,RUN-20260828-01a55fcf
REC-01773,PKG-0178-03,train,LINEAGE-0178,RUN-20260828-01a55fcf
REC-01774,PKG-0178-04,train,LINEAGE-0178,RUN-20260828-01a55fcf
REC-01775,PKG-0178-05,train,LINEAGE-0178,RUN-20260828-01a55fcf
REC-01776,PKG-0178-06,train,LINEAGE-0178,RUN-20260828-01a55fcf
REC-01777,PKG-0178-07,train,LINEAGE-0178,RUN-20260828-01a55fcf
REC-01778,PKG-0178-08,train,LINEAGE-0178,RUN-20260828-01a55fcf
REC-01779,PKG-0178-09,train,LINEAGE-0178,RUN-20260828-01a55fcf
REC-01780,PKG-0178-10,train,LINEAGE-0178,RUN-20260828-01a55fcf
REC-01781,PKG-0179-01,validation,LINEAGE-0179,RUN-20260828-01a55fcf
REC-01782,PKG-0179-02,validation,LINEAGE-0179,RUN-20260828-01a55fcf
REC-01783,PKG-0179-03,validation,LINEAGE-0179,RUN-20260828-01a55fcf
REC-01784,PKG-0179-04,validation,LINEAGE-0179,RUN-20260828-01a55fcf
REC-01785,PKG-0179-05,validation,LINEAGE-0179,RUN-20260828-01a55fcf
REC-01786,PKG-0179-06,validation,LINEAGE-0179,RUN-20260828-01a55fcf
REC-01787,PKG-0179-07,validation,LINEAGE-0179,RUN-20260828-01a55fcf
REC-01788,PKG-0179-08,validation,LINEAGE-0179,RUN-20260828-01a55fcf
REC-01789,PKG-0179-09,validation,LINEAGE-0179,RUN-20260828-01a55fcf
REC-01790,PKG-0179-10,validation,LINEAGE-0179,RUN-20260828-01a55fcf
REC-01791,PKG-0180-01,train,LINEAGE-0180,RUN-20260828-01a55fcf
REC-01792,PKG-0180-02,train,LINEAGE-0180,RUN-20260828-01a55fcf
REC-01793,PKG-0180-03,train,LINEAGE-0180,RUN-20260828-01a55fcf
REC-01794,PKG-0180-04,train,LINEAGE-0180,RUN-20260828-01a55fcf
REC-01795,PKG-0180-05,train,LINEAGE-0180,RUN-20260828-01a55fcf
REC-01796,PKG-0180-06,train,LINEAGE-0180,RUN-20260828-01a55fcf
REC-01797,PKG-0180-07,train,LINEAGE-0180,RUN-20260828-01a55fcf
REC-01798,PKG-0180-08,train,LINEAGE-0180,RUN-20260828-01a55fcf
REC-01799,PKG-0180-09,train,LINEAGE-0180,RUN-20260828-01a55fcf
REC-01800,PKG-0180-10,train,LINEAGE-0180,RUN-20260828-01a55fcf
REC-01801,PKG-0181-01,train,LINEAGE-0181,RUN-20260828-01a55fcf
REC-01802,PKG-0181-02,train,LINEAGE-0181,RUN-20260828-01a55fcf
REC-01803,PKG-0181-03,train,LINEAGE-0181,RUN-20260828-01a55fcf
REC-01804,PKG-0181-04,train,LINEAGE-0181,RUN-20260828-01a55fcf
REC-01805,PKG-0181-05,train,LINEAGE-0181,RUN-20260828-01a55fcf
REC-01806,PKG-0181-06,train,LINEAGE-0181,RUN-20260828-01a55fcf
REC-01807,PKG-0181-07,train,LINEAGE-0181,RUN-20260828-01a55fcf
REC-01808,PKG-0181-08,train,LINEAGE-0181,RUN-20260828-01a55fcf
REC-01809,PKG-0181-09,train,LINEAGE-0181,RUN-20260828-01a55fcf
REC-01810,PKG-0181-10,train,LINEAGE-0181,RUN-20260828-01a55fcf
REC-01811,PKG-0182-01,train,LINEAGE-0182,RUN-20260828-01a55fcf
REC-01812,PKG-0182-02,train,LINEAGE-0182,RUN-20260828-01a55fcf
REC-01813,PKG-0182-03,train,LINEAGE-0182,RUN-20260828-01a55fcf
REC-01814,PKG-0182-04,train,LINEAGE-0182,RUN-20260828-01a55fcf
REC-01815,PKG-0182-05,train,LINEAGE-0182,RUN-20260828-01a55fcf
REC-01816,PKG-0182-06,train,LINEAGE-0182,RUN-20260828-01a55fcf
REC-01817,PKG-0182-07,train,LINEAGE-0182,RUN-20260828-01a55fcf
REC-01818,PKG-0182-08,train,LINEAGE-0182,RUN-20260828-01a55fcf
REC-01819,PKG-0182-09,train,LINEAGE-0182,RUN-20260828-01a55fcf
REC-01820,PKG-0182-10,train,LINEAGE-0182,RUN-20260828-01a55fcf
REC-01821,PKG-0183-01,train,LINEAGE-0183,RUN-20260828-01a55fcf
REC-01822,PKG-0183-02,train,LINEAGE-0183,RUN-20260828-01a55fcf
REC-01823,PKG-0183-03,train,LINEAGE-0183,RUN-20260828-01a55fcf
REC-01824,PKG-0183-04,train,LINEAGE-0183,RUN-20260828-01a55fcf
REC-01825,PKG-0183-05,train,LINEAGE-0183,RUN-20260828-01a55fcf
REC-01826,PKG-0183-06,train,LINEAGE-0183,RUN-20260828-01a55fcf
REC-01827,PKG-0183-07,train,LINEAGE-0183,RUN-20260828-01a55fcf
REC-01828,PKG-0183-08,train,LINEAGE-0183,RUN-20260828-01a55fcf
REC-01829,PKG-0183-09,train,LINEAGE-0183,RUN-20260828-01a55fcf
REC-01830,PKG-0183-10,train,LINEAGE-0183,RUN-20260828-01a55fcf
REC-01831,PKG-0184-01,train,LINEAGE-0184,RUN-20260828-01a55fcf
REC-01832,PKG-0184-02,train,LINEAGE-0184,RUN-20260828-01a55fcf
REC-01833,PKG-0184-03,train,LINEAGE-0184,RUN-20260828-01a55fcf
REC-01834,PKG-0184-04,train,LINEAGE-0184,RUN-20260828-01a55fcf
REC-01835,PKG-0184-05,train,LINEAGE-0184,RUN-20260828-01a55fcf
REC-01836,PKG-0184-06,train,LINEAGE-0184,RUN-20260828-01a55fcf
REC-01837,PKG-0184-07,train,LINEAGE-0184,RUN-20260828-01a55fcf
REC-01838,PKG-0184-08,train,LINEAGE-0184,RUN-20260828-01a55fcf
REC-01839,PKG-0184-09,train,LINEAGE-0184,RUN-20260828-01a55fcf
REC-01840,PKG-0184-10,train,LINEAGE-0184,RUN-20260828-01a55fcf
REC-01841,PKG-0185-01,train,LINEAGE-0185,RUN-20260828-01a55fcf
REC-01842,PKG-0185-02,train,LINEAGE-0185,RUN-20260828-01a55fcf
REC-01843,PKG-0185-03,train,LINEAGE-0185,RUN-20260828-01a55fcf
REC-01844,PKG-0185-04,train,LINEAGE-0185,RUN-20260828-01a55fcf
REC-01845,PKG-0185-05,train,LINEAGE-0185,RUN-20260828-01a55fcf
REC-01846,PKG-0185-06,train,LINEAGE-0185,RUN-20260828-01a55fcf
REC-01847,PKG-0185-07,train,LINEAGE-0185,RUN-20260828-01a55fcf
REC-01848,PKG-0185-08,train,LINEAGE-0185,RUN-20260828-01a55fcf
REC-01849,PKG-0185-09,train,LINEAGE-0185,RUN-20260828-01a55fcf
REC-01850,PKG-0185-10,train,LINEAGE-0185,RUN-20260828-01a55fcf
REC-01851,PKG-0186-01,train,LINEAGE-0186,RUN-20260828-01a55fcf
REC-01852,PKG-0186-02,train,LINEAGE-0186,RUN-20260828-01a55fcf
REC-01853,PKG-0186-03,train,LINEAGE-0186,RUN-20260828-01a55fcf
REC-01854,PKG-0186-04,train,LINEAGE-0186,RUN-20260828-01a55fcf
REC-01855,PKG-0186-05,train,LINEAGE-0186,RUN-20260828-01a55fcf
REC-01856,PKG-0186-06,train,LINEAGE-0186,RUN-20260828-01a55fcf
REC-01857,PKG-0186-07,train,LINEAGE-0186,RUN-20260828-01a55fcf
REC-01858,PKG-0186-08,train,LINEAGE-0186,RUN-20260828-01a55fcf
REC-01859,PKG-0186-09,train,LINEAGE-0186,RUN-20260828-01a55fcf
REC-01860,PKG-0186-10,train,LINEAGE-0186,RUN-20260828-01a55fcf
REC-01861,PKG-0187-01,validation,LINEAGE-0187,RUN-20260828-01a55fcf
REC-01862,PKG-0187-02,validation,LINEAGE-0187,RUN-20260828-01a55fcf
REC-01863,PKG-0187-03,validation,LINEAGE-0187,RUN-20260828-01a55fcf
REC-01864,PKG-0187-04,validation,LINEAGE-0187,RUN-20260828-01a55fcf
REC-01865,PKG-0187-05,validation,LINEAGE-0187,RUN-20260828-01a55fcf
REC-01866,PKG-0187-06,validation,LINEAGE-0187,RUN-20260828-01a55fcf
REC-01867,PKG-0187-07,validation,LINEAGE-0187,RUN-20260828-01a55fcf
REC-01868,PKG-0187-08,validation,LINEAGE-0187,RUN-20260828-01a55fcf
REC-01869,PKG-0187-09,validation,LINEAGE-0187,RUN-20260828-01a55fcf
REC-01870,PKG-0187-10,validation,LINEAGE-0187,RUN-20260828-01a55fcf
REC-01871,PKG-0188-01,train,LINEAGE-0188,RUN-20260828-01a55fcf
REC-01872,PKG-0188-02,train,LINEAGE-0188,RUN-20260828-01a55fcf
REC-01873,PKG-0188-03,train,LINEAGE-0188,RUN-20260828-01a55fcf
REC-01874,PKG-0188-04,train,LINEAGE-0188,RUN-20260828-01a55fcf
REC-01875,PKG-0188-05,train,LINEAGE-0188,RUN-20260828-01a55fcf
REC-01876,PKG-0188-06,train,LINEAGE-0188,RUN-20260828-01a55fcf
REC-01877,PKG-0188-07,train,LINEAGE-0188,RUN-20260828-01a55fcf
REC-01878,PKG-0188-08,train,LINEAGE-0188,RUN-20260828-01a55fcf
REC-01879,PKG-0188-09,train,LINEAGE-0188,RUN-20260828-01a55fcf
REC-01880,PKG-0188-10,train,LINEAGE-0188,RUN-20260828-01a55fcf
REC-01881,PKG-0189-01,train,LINEAGE-0189,RUN-20260828-01a55fcf
REC-01882,PKG-0189-02,train,LINEAGE-0189,RUN-20260828-01a55fcf
REC-01883,PKG-0189-03,train,LINEAGE-0189,RUN-20260828-01a55fcf
REC-01884,PKG-0189-04,train,LINEAGE-0189,RUN-20260828-01a55fcf
REC-01885,PKG-0189-05,train,LINEAGE-0189,RUN-20260828-01a55fcf
REC-01886,PKG-0189-06,train,LINEAGE-0189,RUN-20260828-01a55fcf
REC-01887,PKG-0189-07,train,LINEAGE-0189,RUN-20260828-01a55fcf
REC-01888,PKG-0189-08,train,LINEAGE-0189,RUN-20260828-01a55fcf
REC-01889,PKG-0189-09,train,LINEAGE-0189,RUN-20260828-01a55fcf
REC-01890,PKG-0189-10,train,LINEAGE-0189,RUN-20260828-01a55fcf
REC-01891,PKG-0190-01,train,LINEAGE-0190,RUN-20260828-01a55fcf
REC-01892,PKG-0190-02,train,LINEAGE-0190,RUN-20260828-01a55fcf
REC-01893,PKG-0190-03,train,LINEAGE-0190,RUN-20260828-01a55fcf
REC-01894,PKG-0190-04,train,LINEAGE-0190,RUN-20260828-01a55fcf
REC-01895,PKG-0190-05,train,LINEAGE-0190,RUN-20260828-01a55fcf
REC-01896,PKG-0190-06,train,LINEAGE-0190,RUN-20260828-01a55fcf
REC-01897,PKG-0190-07,train,LINEAGE-0190,RUN-20260828-01a55fcf
REC-01898,PKG-0190-08,train,LINEAGE-0190,RUN-20260828-01a55fcf
REC-01899,PKG-0190-09,train,LINEAGE-0190,RUN-20260828-01a55fcf
REC-01900,PKG-0190-10,train,LINEAGE-0190,RUN-20260828-01a55fcf
REC-01901,PKG-0191-01,train,LINEAGE-0191,RUN-20260828-01a55fcf
REC-01902,PKG-0191-02,train,LINEAGE-0191,RUN-20260828-01a55fcf
REC-01903,PKG-0191-03,train,LINEAGE-0191,RUN-20260828-01a55fcf
REC-01904,PKG-0191-04,train,LINEAGE-0191,RUN-20260828-01a55fcf
REC-01905,PKG-0191-05,train,LINEAGE-0191,RUN-20260828-01a55fcf
REC-01906,PKG-0191-06,train,LINEAGE-0191,RUN-20260828-01a55fcf
REC-01907,PKG-0191-07,train,LINEAGE-0191,RUN-20260828-01a55fcf
REC-01908,PKG-0191-08,train,LINEAGE-0191,RUN-20260828-01a55fcf
REC-01909,PKG-0191-09,train,LINEAGE-0191,RUN-20260828-01a55fcf
REC-01910,PKG-0191-10,train,LINEAGE-0191,RUN-20260828-01a55fcf
REC-01911,PKG-0192-01,train,LINEAGE-0192,RUN-20260828-01a55fcf
REC-01912,PKG-0192-02,train,LINEAGE-0192,RUN-20260828-01a55fcf
REC-01913,PKG-0192-03,train,LINEAGE-0192,RUN-20260828-01a55fcf
REC-01914,PKG-0192-04,train,LINEAGE-0192,RUN-20260828-01a55fcf
REC-01915,PKG-0192-05,train,LINEAGE-0192,RUN-20260828-01a55fcf
REC-01916,PKG-0192-06,train,LINEAGE-0192,RUN-20260828-01a55fcf
REC-01917,PKG-0192-07,train,LINEAGE-0192,RUN-20260828-01a55fcf
REC-01918,PKG-0192-08,train,LINEAGE-0192,RUN-20260828-01a55fcf
REC-01919,PKG-0192-09,train,LINEAGE-0192,RUN-20260828-01a55fcf
REC-01920,PKG-0192-10,train,LINEAGE-0192,RUN-20260828-01a55fcf
REC-01921,PKG-0193-01,train,LINEAGE-0193,RUN-20260828-01a55fcf
REC-01922,PKG-0193-02,train,LINEAGE-0193,RUN-20260828-01a55fcf
REC-01923,PKG-0193-03,train,LINEAGE-0193,RUN-20260828-01a55fcf
REC-01924,PKG-0193-04,train,LINEAGE-0193,RUN-20260828-01a55fcf
REC-01925,PKG-0193-05,train,LINEAGE-0193,RUN-20260828-01a55fcf
REC-01926,PKG-0193-06,train,LINEAGE-0193,RUN-20260828-01a55fcf
REC-01927,PKG-0193-07,train,LINEAGE-0193,RUN-20260828-01a55fcf
REC-01928,PKG-0193-08,train,LINEAGE-0193,RUN-20260828-01a55fcf
REC-01929,PKG-0193-09,train,LINEAGE-0193,RUN-20260828-01a55fcf
REC-01930,PKG-0193-10,train,LINEAGE-0193,RUN-20260828-01a55fcf
REC-01931,PKG-0194-01,train,LINEAGE-0194,RUN-20260828-01a55fcf
REC-01932,PKG-0194-02,train,LINEAGE-0194,RUN-20260828-01a55fcf
REC-01933,PKG-0194-03,train,LINEAGE-0194,RUN-20260828-01a55fcf
REC-01934,PKG-0194-04,train,LINEAGE-0194,RUN-20260828-01a55fcf
REC-01935,PKG-0194-05,train,LINEAGE-0194,RUN-20260828-01a55fcf
REC-01936,PKG-0194-06,train,LINEAGE-0194,RUN-20260828-01a55fcf
REC-01937,PKG-0194-07,train,LINEAGE-0194,RUN-20260828-01a55fcf
REC-01938,PKG-0194-08,train,LINEAGE-0194,RUN-20260828-01a55fcf
REC-01939,PKG-0194-09,train,LINEAGE-0194,RUN-20260828-01a55fcf
REC-01940,PKG-0194-10,train,LINEAGE-0194,RUN-20260828-01a55fcf
REC-01941,PKG-0195-01,train,LINEAGE-0195,RUN-20260828-01a55fcf
REC-01942,PKG-0195-02,train,LINEAGE-0195,RUN-20260828-01a55fcf
REC-01943,PKG-0195-03,train,LINEAGE-0195,RUN-20260828-01a55fcf
REC-01944,PKG-0195-04,train,LINEAGE-0195,RUN-20260828-01a55fcf
REC-01945,PKG-0195-05,train,LINEAGE-0195,RUN-20260828-01a55fcf
REC-01946,PKG-0195-06,train,LINEAGE-0195,RUN-20260828-01a55fcf
REC-01947,PKG-0195-07,train,LINEAGE-0195,RUN-20260828-01a55fcf
REC-01948,PKG-0195-08,train,LINEAGE-0195,RUN-20260828-01a55fcf
REC-01949,PKG-0195-09,train,LINEAGE-0195,RUN-20260828-01a55fcf
REC-01950,PKG-0195-10,train,LINEAGE-0195,RUN-20260828-01a55fcf
REC-01951,PKG-0196-01,train,LINEAGE-0196,RUN-20260828-01a55fcf
REC-01952,PKG-0196-02,train,LINEAGE-0196,RUN-20260828-01a55fcf
REC-01953,PKG-0196-03,train,LINEAGE-0196,RUN-20260828-01a55fcf
REC-01954,PKG-0196-04,train,LINEAGE-0196,RUN-20260828-01a55fcf
REC-01955,PKG-0196-05,train,LINEAGE-0196,RUN-20260828-01a55fcf
REC-01956,PKG-0196-06,train,LINEAGE-0196,RUN-20260828-01a55fcf
REC-01957,PKG-0196-07,train,LINEAGE-0196,RUN-20260828-01a55fcf
REC-01958,PKG-0196-08,train,LINEAGE-0196,RUN-20260828-01a55fcf
REC-01959,PKG-0196-09,train,LINEAGE-0196,RUN-20260828-01a55fcf
REC-01960,PKG-0196-10,train,LINEAGE-0196,RUN-20260828-01a55fcf
REC-01961,PKG-0197-01,validation,LINEAGE-0197,RUN-20260828-01a55fcf
REC-01962,PKG-0197-02,validation,LINEAGE-0197,RUN-20260828-01a55fcf
REC-01963,PKG-0197-03,validation,LINEAGE-0197,RUN-20260828-01a55fcf
REC-01964,PKG-0197-04,validation,LINEAGE-0197,RUN-20260828-01a55fcf
REC-01965,PKG-0197-05,validation,LINEAGE-0197,RUN-20260828-01a55fcf
REC-01966,PKG-0197-06,validation,LINEAGE-0197,RUN-20260828-01a55fcf
REC-01967,PKG-0197-07,validation,LINEAGE-0197,RUN-20260828-01a55fcf
REC-01968,PKG-0197-08,validation,LINEAGE-0197,RUN-20260828-01a55fcf
REC-01969,PKG-0197-09,validation,LINEAGE-0197,RUN-20260828-01a55fcf
REC-01970,PKG-0197-10,validation,LINEAGE-0197,RUN-20260828-01a55fcf
REC-01971,PKG-0198-01,test,LINEAGE-0198,RUN-20260828-01a55fcf
REC-01972,PKG-0198-02,test,LINEAGE-0198,RUN-20260828-01a55fcf
REC-01973,PKG-0198-03,test,LINEAGE-0198,RUN-20260828-01a55fcf
REC-01974,PKG-0198-04,test,LINEAGE-0198,RUN-20260828-01a55fcf
REC-01975,PKG-0198-05,test,LINEAGE-0198,RUN-20260828-01a55fcf
REC-01976,PKG-0198-06,test,LINEAGE-0198,RUN-20260828-01a55fcf
REC-01977,PKG-0198-07,test,LINEAGE-0198,RUN-20260828-01a55fcf
REC-01978,PKG-0198-08,test,LINEAGE-0198,RUN-20260828-01a55fcf
REC-01979,PKG-0198-09,test,LINEAGE-0198,RUN-20260828-01a55fcf
REC-01980,PKG-0198-10,test,LINEAGE-0198,RUN-20260828-01a55fcf
REC-01981,PKG-0199-01,train,LINEAGE-0199,RUN-20260828-01a55fcf
REC-01982,PKG-0199-02,train,LINEAGE-0199,RUN-20260828-01a55fcf
REC-01983,PKG-0199-03,train,LINEAGE-0199,RUN-20260828-01a55fcf
REC-01984,PKG-0199-04,train,LINEAGE-0199,RUN-20260828-01a55fcf
REC-01985,PKG-0199-05,train,LINEAGE-0199,RUN-20260828-01a55fcf
REC-01986,PKG-0199-06,train,LINEAGE-0199,RUN-20260828-01a55fcf
REC-01987,PKG-0199-07,train,LINEAGE-0199,RUN-20260828-01a55fcf
REC-01988,PKG-0199-08,train,LINEAGE-0199,RUN-20260828-01a55fcf
REC-01989,PKG-0199-09,train,LINEAGE-0199,RUN-20260828-01a55fcf
REC-01990,PKG-0199-10,train,LINEAGE-0199,RUN-20260828-01a55fcf
REC-01991,PKG-0200-01,train,LINEAGE-0200,RUN-20260828-01a55fcf
REC-01992,PKG-0200-02,train,LINEAGE-0200,RUN-20260828-01a55fcf
REC-01993,PKG-0200-03,train,LINEAGE-0200,RUN-20260828-01a55fcf
REC-01994,PKG-0200-04,train,LINEAGE-0200,RUN-20260828-01a55fcf
REC-01995,PKG-0200-05,train,LINEAGE-0200,RUN-20260828-01a55fcf
REC-01996,PKG-0200-06,train,LINEAGE-0200,RUN-20260828-01a55fcf
REC-01997,PKG-0200-07,train,LINEAGE-0200,RUN-20260828-01a55fcf
REC-01998,PKG-0200-08,train,LINEAGE-0200,RUN-20260828-01a55fcf
REC-01999,PKG-0200-09,train,LINEAGE-0200,RUN-20260828-01a55fcf
REC-02000,PKG-0200-10,train,LINEAGE-0200,RUN-20260828-01a55fcf
REC-02001,PKG-0201-01,test,LINEAGE-0201,RUN-20260828-01a55fcf
REC-02002,PKG-0201-02,test,LINEAGE-0201,RUN-20260828-01a55fcf
REC-02003,PKG-0201-03,test,LINEAGE-0201,RUN-20260828-01a55fcf
REC-02004,PKG-0201-04,test,LINEAGE-0201,RUN-20260828-01a55fcf
REC-02005,PKG-0201-05,test,LINEAGE-0201,RUN-20260828-01a55fcf
REC-02006,PKG-0201-06,test,LINEAGE-0201,RUN-20260828-01a55fcf
REC-02007,PKG-0201-07,test,LINEAGE-0201,RUN-20260828-01a55fcf
REC-02008,PKG-0201-08,test,LINEAGE-0201,RUN-20260828-01a55fcf
REC-02009,PKG-0201-09,test,LINEAGE-0201,RUN-20260828-01a55fcf
REC-02010,PKG-0201-10,test,LINEAGE-0201,RUN-20260828-01a55fcf
REC-02011,PKG-0202-01,train,LINEAGE-0202,RUN-20260828-01a55fcf
REC-02012,PKG-0202-02,train,LINEAGE-0202,RUN-20260828-01a55fcf
REC-02013,PKG-0202-03,train,LINEAGE-0202,RUN-20260828-01a55fcf
REC-02014,PKG-0202-04,train,LINEAGE-0202,RUN-20260828-01a55fcf
REC-02015,PKG-0202-05,train,LINEAGE-0202,RUN-20260828-01a55fcf
REC-02016,PKG-0202-06,train,LINEAGE-0202,RUN-20260828-01a55fcf
REC-02017,PKG-0202-07,train,LINEAGE-0202,RUN-20260828-01a55fcf
REC-02018,PKG-0202-08,train,LINEAGE-0202,RUN-20260828-01a55fcf
REC-02019,PKG-0202-09,train,LINEAGE-0202,RUN-20260828-01a55fcf
REC-02020,PKG-0202-10,train,LINEAGE-0202,RUN-20260828-01a55fcf
REC-02021,PKG-0203-01,validation,LINEAGE-0203,RUN-20260828-01a55fcf
REC-02022,PKG-0203-02,validation,LINEAGE-0203,RUN-20260828-01a55fcf
REC-02023,PKG-0203-03,validation,LINEAGE-0203,RUN-20260828-01a55fcf
REC-02024,PKG-0203-04,validation,LINEAGE-0203,RUN-20260828-01a55fcf
REC-02025,PKG-0203-05,validation,LINEAGE-0203,RUN-20260828-01a55fcf
REC-02026,PKG-0203-06,validation,LINEAGE-0203,RUN-20260828-01a55fcf
REC-02027,PKG-0203-07,validation,LINEAGE-0203,RUN-20260828-01a55fcf
REC-02028,PKG-0203-08,validation,LINEAGE-0203,RUN-20260828-01a55fcf
REC-02029,PKG-0203-09,validation,LINEAGE-0203,RUN-20260828-01a55fcf
REC-02030,PKG-0203-10,validation,LINEAGE-0203,RUN-20260828-01a55fcf
REC-02031,PKG-0204-01,train,LINEAGE-0204,RUN-20260828-01a55fcf
REC-02032,PKG-0204-02,train,LINEAGE-0204,RUN-20260828-01a55fcf
REC-02033,PKG-0204-03,train,LINEAGE-0204,RUN-20260828-01a55fcf
REC-02034,PKG-0204-04,train,LINEAGE-0204,RUN-20260828-01a55fcf
REC-02035,PKG-0204-05,train,LINEAGE-0204,RUN-20260828-01a55fcf
REC-02036,PKG-0204-06,train,LINEAGE-0204,RUN-20260828-01a55fcf
REC-02037,PKG-0204-07,train,LINEAGE-0204,RUN-20260828-01a55fcf
REC-02038,PKG-0204-08,train,LINEAGE-0204,RUN-20260828-01a55fcf
REC-02039,PKG-0204-09,train,LINEAGE-0204,RUN-20260828-01a55fcf
REC-02040,PKG-0204-10,train,LINEAGE-0204,RUN-20260828-01a55fcf
REC-02041,PKG-0205-01,train,LINEAGE-0205,RUN-20260828-01a55fcf
REC-02042,PKG-0205-02,train,LINEAGE-0205,RUN-20260828-01a55fcf
REC-02043,PKG-0205-03,train,LINEAGE-0205,RUN-20260828-01a55fcf
REC-02044,PKG-0205-04,train,LINEAGE-0205,RUN-20260828-01a55fcf
REC-02045,PKG-0205-05,train,LINEAGE-0205,RUN-20260828-01a55fcf
REC-02046,PKG-0205-06,train,LINEAGE-0205,RUN-20260828-01a55fcf
REC-02047,PKG-0205-07,train,LINEAGE-0205,RUN-20260828-01a55fcf
REC-02048,PKG-0205-08,train,LINEAGE-0205,RUN-20260828-01a55fcf
REC-02049,PKG-0205-09,train,LINEAGE-0205,RUN-20260828-01a55fcf
REC-02050,PKG-0205-10,train,LINEAGE-0205,RUN-20260828-01a55fcf
REC-02051,PKG-0206-01,train,LINEAGE-0206,RUN-20260828-01a55fcf
REC-02052,PKG-0206-02,train,LINEAGE-0206,RUN-20260828-01a55fcf
REC-02053,PKG-0206-03,train,LINEAGE-0206,RUN-20260828-01a55fcf
REC-02054,PKG-0206-04,train,LINEAGE-0206,RUN-20260828-01a55fcf
REC-02055,PKG-0206-05,train,LINEAGE-0206,RUN-20260828-01a55fcf
REC-02056,PKG-0206-06,train,LINEAGE-0206,RUN-20260828-01a55fcf
REC-02057,PKG-0206-07,train,LINEAGE-0206,RUN-20260828-01a55fcf
REC-02058,PKG-0206-08,train,LINEAGE-0206,RUN-20260828-01a55fcf
REC-02059,PKG-0206-09,train,LINEAGE-0206,RUN-20260828-01a55fcf
REC-02060,PKG-0206-10,train,LINEAGE-0206,RUN-20260828-01a55fcf
REC-02061,PKG-0207-01,validation,LINEAGE-0207,RUN-20260828-01a55fcf
REC-02062,PKG-0207-02,validation,LINEAGE-0207,RUN-20260828-01a55fcf
REC-02063,PKG-0207-03,validation,LINEAGE-0207,RUN-20260828-01a55fcf
REC-02064,PKG-0207-04,validation,LINEAGE-0207,RUN-20260828-01a55fcf
REC-02065,PKG-0207-05,validation,LINEAGE-0207,RUN-20260828-01a55fcf
REC-02066,PKG-0207-06,validation,LINEAGE-0207,RUN-20260828-01a55fcf
REC-02067,PKG-0207-07,validation,LINEAGE-0207,RUN-20260828-01a55fcf
REC-02068,PKG-0207-08,validation,LINEAGE-0207,RUN-20260828-01a55fcf
REC-02069,PKG-0207-09,validation,LINEAGE-0207,RUN-20260828-01a55fcf
REC-02070,PKG-0207-10,validation,LINEAGE-0207,RUN-20260828-01a55fcf
REC-02071,PKG-0208-01,test,LINEAGE-0208,RUN-20260828-01a55fcf
REC-02072,PKG-0208-02,test,LINEAGE-0208,RUN-20260828-01a55fcf
REC-02073,PKG-0208-03,test,LINEAGE-0208,RUN-20260828-01a55fcf
REC-02074,PKG-0208-04,test,LINEAGE-0208,RUN-20260828-01a55fcf
REC-02075,PKG-0208-05,test,LINEAGE-0208,RUN-20260828-01a55fcf
REC-02076,PKG-0208-06,test,LINEAGE-0208,RUN-20260828-01a55fcf
REC-02077,PKG-0208-07,test,LINEAGE-0208,RUN-20260828-01a55fcf
REC-02078,PKG-0208-08,test,LINEAGE-0208,RUN-20260828-01a55fcf
REC-02079,PKG-0208-09,test,LINEAGE-0208,RUN-20260828-01a55fcf
REC-02080,PKG-0208-10,test,LINEAGE-0208,RUN-20260828-01a55fcf
REC-02081,PKG-0209-01,train,LINEAGE-0209,RUN-20260828-01a55fcf
REC-02082,PKG-0209-02,train,LINEAGE-0209,RUN-20260828-01a55fcf
REC-02083,PKG-0209-03,train,LINEAGE-0209,RUN-20260828-01a55fcf
REC-02084,PKG-0209-04,train,LINEAGE-0209,RUN-20260828-01a55fcf
REC-02085,PKG-0209-05,train,LINEAGE-0209,RUN-20260828-01a55fcf
REC-02086,PKG-0209-06,train,LINEAGE-0209,RUN-20260828-01a55fcf
REC-02087,PKG-0209-07,train,LINEAGE-0209,RUN-20260828-01a55fcf
REC-02088,PKG-0209-08,train,LINEAGE-0209,RUN-20260828-01a55fcf
REC-02089,PKG-0209-09,train,LINEAGE-0209,RUN-20260828-01a55fcf
REC-02090,PKG-0209-10,train,LINEAGE-0209,RUN-20260828-01a55fcf
REC-02091,PKG-0210-01,train,LINEAGE-0210,RUN-20260828-01a55fcf
REC-02092,PKG-0210-02,train,LINEAGE-0210,RUN-20260828-01a55fcf
REC-02093,PKG-0210-03,train,LINEAGE-0210,RUN-20260828-01a55fcf
REC-02094,PKG-0210-04,train,LINEAGE-0210,RUN-20260828-01a55fcf
REC-02095,PKG-0210-05,train,LINEAGE-0210,RUN-20260828-01a55fcf
REC-02096,PKG-0210-06,train,LINEAGE-0210,RUN-20260828-01a55fcf
REC-02097,PKG-0210-07,train,LINEAGE-0210,RUN-20260828-01a55fcf
REC-02098,PKG-0210-08,train,LINEAGE-0210,RUN-20260828-01a55fcf
REC-02099,PKG-0210-09,train,LINEAGE-0210,RUN-20260828-01a55fcf
REC-02100,PKG-0210-10,train,LINEAGE-0210,RUN-20260828-01a55fcf
REC-02101,PKG-0211-01,train,LINEAGE-0211,RUN-20260828-01a55fcf
REC-02102,PKG-0211-02,train,LINEAGE-0211,RUN-20260828-01a55fcf
REC-02103,PKG-0211-03,train,LINEAGE-0211,RUN-20260828-01a55fcf
REC-02104,PKG-0211-04,train,LINEAGE-0211,RUN-20260828-01a55fcf
REC-02105,PKG-0211-05,train,LINEAGE-0211,RUN-20260828-01a55fcf
REC-02106,PKG-0211-06,train,LINEAGE-0211,RUN-20260828-01a55fcf
REC-02107,PKG-0211-07,train,LINEAGE-0211,RUN-20260828-01a55fcf
REC-02108,PKG-0211-08,train,LINEAGE-0211,RUN-20260828-01a55fcf
REC-02109,PKG-0211-09,train,LINEAGE-0211,RUN-20260828-01a55fcf
REC-02110,PKG-0211-10,train,LINEAGE-0211,RUN-20260828-01a55fcf
REC-02111,PKG-0212-01,test,LINEAGE-0212,RUN-20260828-01a55fcf
REC-02112,PKG-0212-02,test,LINEAGE-0212,RUN-20260828-01a55fcf
REC-02113,PKG-0212-03,test,LINEAGE-0212,RUN-20260828-01a55fcf
REC-02114,PKG-0212-04,test,LINEAGE-0212,RUN-20260828-01a55fcf
REC-02115,PKG-0212-05,test,LINEAGE-0212,RUN-20260828-01a55fcf
REC-02116,PKG-0212-06,test,LINEAGE-0212,RUN-20260828-01a55fcf
REC-02117,PKG-0212-07,test,LINEAGE-0212,RUN-20260828-01a55fcf
REC-02118,PKG-0212-08,test,LINEAGE-0212,RUN-20260828-01a55fcf
REC-02119,PKG-0212-09,test,LINEAGE-0212,RUN-20260828-01a55fcf
REC-02120,PKG-0212-10,test,LINEAGE-0212,RUN-20260828-01a55fcf
REC-02121,PKG-0213-01,validation,LINEAGE-0213,RUN-20260828-01a55fcf
REC-02122,PKG-0213-02,validation,LINEAGE-0213,RUN-20260828-01a55fcf
REC-02123,PKG-0213-03,validation,LINEAGE-0213,RUN-20260828-01a55fcf
REC-02124,PKG-0213-04,validation,LINEAGE-0213,RUN-20260828-01a55fcf
REC-02125,PKG-0213-05,validation,LINEAGE-0213,RUN-20260828-01a55fcf
REC-02126,PKG-0213-06,validation,LINEAGE-0213,RUN-20260828-01a55fcf
REC-02127,PKG-0213-07,validation,LINEAGE-0213,RUN-20260828-01a55fcf
REC-02128,PKG-0213-08,validation,LINEAGE-0213,RUN-20260828-01a55fcf
REC-02129,PKG-0213-09,validation,LINEAGE-0213,RUN-20260828-01a55fcf
REC-02130,PKG-0213-10,validation,LINEAGE-0213,RUN-20260828-01a55fcf
REC-02131,PKG-0214-01,train,LINEAGE-0214,RUN-20260828-01a55fcf
REC-02132,PKG-0214-02,train,LINEAGE-0214,RUN-20260828-01a55fcf
REC-02133,PKG-0214-03,train,LINEAGE-0214,RUN-20260828-01a55fcf
REC-02134,PKG-0214-04,train,LINEAGE-0214,RUN-20260828-01a55fcf
REC-02135,PKG-0214-05,train,LINEAGE-0214,RUN-20260828-01a55fcf
REC-02136,PKG-0214-06,train,LINEAGE-0214,RUN-20260828-01a55fcf
REC-02137,PKG-0214-07,train,LINEAGE-0214,RUN-20260828-01a55fcf
REC-02138,PKG-0214-08,train,LINEAGE-0214,RUN-20260828-01a55fcf
REC-02139,PKG-0214-09,train,LINEAGE-0214,RUN-20260828-01a55fcf
REC-02140,PKG-0214-10,train,LINEAGE-0214,RUN-20260828-01a55fcf
REC-02141,PKG-0215-01,train,LINEAGE-0215,RUN-20260828-01a55fcf
REC-02142,PKG-0215-02,train,LINEAGE-0215,RUN-20260828-01a55fcf
REC-02143,PKG-0215-03,train,LINEAGE-0215,RUN-20260828-01a55fcf
REC-02144,PKG-0215-04,train,LINEAGE-0215,RUN-20260828-01a55fcf
REC-02145,PKG-0215-05,train,LINEAGE-0215,RUN-20260828-01a55fcf
REC-02146,PKG-0215-06,train,LINEAGE-0215,RUN-20260828-01a55fcf
REC-02147,PKG-0215-07,train,LINEAGE-0215,RUN-20260828-01a55fcf
REC-02148,PKG-0215-08,train,LINEAGE-0215,RUN-20260828-01a55fcf
REC-02149,PKG-0215-09,train,LINEAGE-0215,RUN-20260828-01a55fcf
REC-02150,PKG-0215-10,train,LINEAGE-0215,RUN-20260828-01a55fcf
REC-02151,PKG-0216-01,train,LINEAGE-0216,RUN-20260828-01a55fcf
REC-02152,PKG-0216-02,train,LINEAGE-0216,RUN-20260828-01a55fcf
REC-02153,PKG-0216-03,train,LINEAGE-0216,RUN-20260828-01a55fcf
REC-02154,PKG-0216-04,train,LINEAGE-0216,RUN-20260828-01a55fcf
REC-02155,PKG-0216-05,train,LINEAGE-0216,RUN-20260828-01a55fcf
REC-02156,PKG-0216-06,train,LINEAGE-0216,RUN-20260828-01a55fcf
REC-02157,PKG-0216-07,train,LINEAGE-0216,RUN-20260828-01a55fcf
REC-02158,PKG-0216-08,train,LINEAGE-0216,RUN-20260828-01a55fcf
REC-02159,PKG-0216-09,train,LINEAGE-0216,RUN-20260828-01a55fcf
REC-02160,PKG-0216-10,train,LINEAGE-0216,RUN-20260828-01a55fcf
REC-02161,PKG-0217-01,train,LINEAGE-0217,RUN-20260828-01a55fcf
REC-02162,PKG-0217-02,train,LINEAGE-0217,RUN-20260828-01a55fcf
REC-02163,PKG-0217-03,train,LINEAGE-0217,RUN-20260828-01a55fcf
REC-02164,PKG-0217-04,train,LINEAGE-0217,RUN-20260828-01a55fcf
REC-02165,PKG-0217-05,train,LINEAGE-0217,RUN-20260828-01a55fcf
REC-02166,PKG-0217-06,train,LINEAGE-0217,RUN-20260828-01a55fcf
REC-02167,PKG-0217-07,train,LINEAGE-0217,RUN-20260828-01a55fcf
REC-02168,PKG-0217-08,train,LINEAGE-0217,RUN-20260828-01a55fcf
REC-02169,PKG-0217-09,train,LINEAGE-0217,RUN-20260828-01a55fcf
REC-02170,PKG-0217-10,train,LINEAGE-0217,RUN-20260828-01a55fcf
REC-02171,PKG-0218-01,train,LINEAGE-0218,RUN-20260828-01a55fcf
REC-02172,PKG-0218-02,train,LINEAGE-0218,RUN-20260828-01a55fcf
REC-02173,PKG-0218-03,train,LINEAGE-0218,RUN-20260828-01a55fcf
REC-02174,PKG-0218-04,train,LINEAGE-0218,RUN-20260828-01a55fcf
REC-02175,PKG-0218-05,train,LINEAGE-0218,RUN-20260828-01a55fcf
REC-02176,PKG-0218-06,train,LINEAGE-0218,RUN-20260828-01a55fcf
REC-02177,PKG-0218-07,train,LINEAGE-0218,RUN-20260828-01a55fcf
REC-02178,PKG-0218-08,train,LINEAGE-0218,RUN-20260828-01a55fcf
REC-02179,PKG-0218-09,train,LINEAGE-0218,RUN-20260828-01a55fcf
REC-02180,PKG-0218-10,train,LINEAGE-0218,RUN-20260828-01a55fcf
REC-02181,PKG-0219-01,validation,LINEAGE-0219,RUN-20260828-01a55fcf
REC-02182,PKG-0219-02,validation,LINEAGE-0219,RUN-20260828-01a55fcf
REC-02183,PKG-0219-03,validation,LINEAGE-0219,RUN-20260828-01a55fcf
REC-02184,PKG-0219-04,validation,LINEAGE-0219,RUN-20260828-01a55fcf
REC-02185,PKG-0219-05,validation,LINEAGE-0219,RUN-20260828-01a55fcf
REC-02186,PKG-0219-06,validation,LINEAGE-0219,RUN-20260828-01a55fcf
REC-02187,PKG-0219-07,validation,LINEAGE-0219,RUN-20260828-01a55fcf
REC-02188,PKG-0219-08,validation,LINEAGE-0219,RUN-20260828-01a55fcf
REC-02189,PKG-0219-09,validation,LINEAGE-0219,RUN-20260828-01a55fcf
REC-02190,PKG-0219-10,validation,LINEAGE-0219,RUN-20260828-01a55fcf
REC-02191,PKG-0220-01,test,LINEAGE-0220,RUN-20260828-01a55fcf
REC-02192,PKG-0220-02,test,LINEAGE-0220,RUN-20260828-01a55fcf
REC-02193,PKG-0220-03,test,LINEAGE-0220,RUN-20260828-01a55fcf
REC-02194,PKG-0220-04,test,LINEAGE-0220,RUN-20260828-01a55fcf
REC-02195,PKG-0220-05,test,LINEAGE-0220,RUN-20260828-01a55fcf
REC-02196,PKG-0220-06,test,LINEAGE-0220,RUN-20260828-01a55fcf
REC-02197,PKG-0220-07,test,LINEAGE-0220,RUN-20260828-01a55fcf
REC-02198,PKG-0220-08,test,LINEAGE-0220,RUN-20260828-01a55fcf
REC-02199,PKG-0220-09,test,LINEAGE-0220,RUN-20260828-01a55fcf
REC-02200,PKG-0220-10,test,LINEAGE-0220,RUN-20260828-01a55fcf
REC-02201,PKG-0221-01,train,LINEAGE-0221,RUN-20260828-01a55fcf
REC-02202,PKG-0221-02,train,LINEAGE-0221,RUN-20260828-01a55fcf
REC-02203,PKG-0221-03,train,LINEAGE-0221,RUN-20260828-01a55fcf
REC-02204,PKG-0221-04,train,LINEAGE-0221,RUN-20260828-01a55fcf
REC-02205,PKG-0221-05,train,LINEAGE-0221,RUN-20260828-01a55fcf
REC-02206,PKG-0221-06,train,LINEAGE-0221,RUN-20260828-01a55fcf
REC-02207,PKG-0221-07,train,LINEAGE-0221,RUN-20260828-01a55fcf
REC-02208,PKG-0221-08,train,LINEAGE-0221,RUN-20260828-01a55fcf
REC-02209,PKG-0221-09,train,LINEAGE-0221,RUN-20260828-01a55fcf
REC-02210,PKG-0221-10,train,LINEAGE-0221,RUN-20260828-01a55fcf
REC-02211,PKG-0222-01,test,LINEAGE-0222,RUN-20260828-01a55fcf
REC-02212,PKG-0222-02,test,LINEAGE-0222,RUN-20260828-01a55fcf
REC-02213,PKG-0222-03,test,LINEAGE-0222,RUN-20260828-01a55fcf
REC-02214,PKG-0222-04,test,LINEAGE-0222,RUN-20260828-01a55fcf
REC-02215,PKG-0222-05,test,LINEAGE-0222,RUN-20260828-01a55fcf
REC-02216,PKG-0222-06,test,LINEAGE-0222,RUN-20260828-01a55fcf
REC-02217,PKG-0222-07,test,LINEAGE-0222,RUN-20260828-01a55fcf
REC-02218,PKG-0222-08,test,LINEAGE-0222,RUN-20260828-01a55fcf
REC-02219,PKG-0222-09,test,LINEAGE-0222,RUN-20260828-01a55fcf
REC-02220,PKG-0222-10,test,LINEAGE-0222,RUN-20260828-01a55fcf
REC-02221,PKG-0223-01,train,LINEAGE-0223,RUN-20260828-01a55fcf
REC-02222,PKG-0223-02,train,LINEAGE-0223,RUN-20260828-01a55fcf
REC-02223,PKG-0223-03,train,LINEAGE-0223,RUN-20260828-01a55fcf
REC-02224,PKG-0223-04,train,LINEAGE-0223,RUN-20260828-01a55fcf
REC-02225,PKG-0223-05,train,LINEAGE-0223,RUN-20260828-01a55fcf
REC-02226,PKG-0223-06,train,LINEAGE-0223,RUN-20260828-01a55fcf
REC-02227,PKG-0223-07,train,LINEAGE-0223,RUN-20260828-01a55fcf
REC-02228,PKG-0223-08,train,LINEAGE-0223,RUN-20260828-01a55fcf
REC-02229,PKG-0223-09,train,LINEAGE-0223,RUN-20260828-01a55fcf
REC-02230,PKG-0223-10,train,LINEAGE-0223,RUN-20260828-01a55fcf
REC-02231,PKG-0224-01,validation,LINEAGE-0224,RUN-20260828-01a55fcf
REC-02232,PKG-0224-02,validation,LINEAGE-0224,RUN-20260828-01a55fcf
REC-02233,PKG-0224-03,validation,LINEAGE-0224,RUN-20260828-01a55fcf
REC-02234,PKG-0224-04,validation,LINEAGE-0224,RUN-20260828-01a55fcf
REC-02235,PKG-0224-05,validation,LINEAGE-0224,RUN-20260828-01a55fcf
REC-02236,PKG-0224-06,validation,LINEAGE-0224,RUN-20260828-01a55fcf
REC-02237,PKG-0224-07,validation,LINEAGE-0224,RUN-20260828-01a55fcf
REC-02238,PKG-0224-08,validation,LINEAGE-0224,RUN-20260828-01a55fcf
REC-02239,PKG-0224-09,validation,LINEAGE-0224,RUN-20260828-01a55fcf
REC-02240,PKG-0224-10,validation,LINEAGE-0224,RUN-20260828-01a55fcf
REC-02241,PKG-0225-01,validation,LINEAGE-0225,RUN-20260828-01a55fcf
REC-02242,PKG-0225-02,validation,LINEAGE-0225,RUN-20260828-01a55fcf
REC-02243,PKG-0225-03,validation,LINEAGE-0225,RUN-20260828-01a55fcf
REC-02244,PKG-0225-04,validation,LINEAGE-0225,RUN-20260828-01a55fcf
REC-02245,PKG-0225-05,validation,LINEAGE-0225,RUN-20260828-01a55fcf
REC-02246,PKG-0225-06,validation,LINEAGE-0225,RUN-20260828-01a55fcf
REC-02247,PKG-0225-07,validation,LINEAGE-0225,RUN-20260828-01a55fcf
REC-02248,PKG-0225-08,validation,LINEAGE-0225,RUN-20260828-01a55fcf
REC-02249,PKG-0225-09,validation,LINEAGE-0225,RUN-20260828-01a55fcf
REC-02250,PKG-0225-10,validation,LINEAGE-0225,RUN-20260828-01a55fcf
REC-02251,PKG-0226-01,train,LINEAGE-0226,RUN-20260828-01a55fcf
REC-02252,PKG-0226-02,train,LINEAGE-0226,RUN-20260828-01a55fcf
REC-02253,PKG-0226-03,train,LINEAGE-0226,RUN-20260828-01a55fcf
REC-02254,PKG-0226-04,train,LINEAGE-0226,RUN-20260828-01a55fcf
REC-02255,PKG-0226-05,train,LINEAGE-0226,RUN-20260828-01a55fcf
REC-02256,PKG-0226-06,train,LINEAGE-0226,RUN-20260828-01a55fcf
REC-02257,PKG-0226-07,train,LINEAGE-0226,RUN-20260828-01a55fcf
REC-02258,PKG-0226-08,train,LINEAGE-0226,RUN-20260828-01a55fcf
REC-02259,PKG-0226-09,train,LINEAGE-0226,RUN-20260828-01a55fcf
REC-02260,PKG-0226-10,train,LINEAGE-0226,RUN-20260828-01a55fcf
REC-02261,PKG-0227-01,train,LINEAGE-0227,RUN-20260828-01a55fcf
REC-02262,PKG-0227-02,train,LINEAGE-0227,RUN-20260828-01a55fcf
REC-02263,PKG-0227-03,train,LINEAGE-0227,RUN-20260828-01a55fcf
REC-02264,PKG-0227-04,train,LINEAGE-0227,RUN-20260828-01a55fcf
REC-02265,PKG-0227-05,train,LINEAGE-0227,RUN-20260828-01a55fcf
REC-02266,PKG-0227-06,train,LINEAGE-0227,RUN-20260828-01a55fcf
REC-02267,PKG-0227-07,train,LINEAGE-0227,RUN-20260828-01a55fcf
REC-02268,PKG-0227-08,train,LINEAGE-0227,RUN-20260828-01a55fcf
REC-02269,PKG-0227-09,train,LINEAGE-0227,RUN-20260828-01a55fcf
REC-02270,PKG-0227-10,train,LINEAGE-0227,RUN-20260828-01a55fcf
REC-02271,PKG-0228-01,train,LINEAGE-0228,RUN-20260828-01a55fcf
REC-02272,PKG-0228-02,train,LINEAGE-0228,RUN-20260828-01a55fcf
REC-02273,PKG-0228-03,train,LINEAGE-0228,RUN-20260828-01a55fcf
REC-02274,PKG-0228-04,train,LINEAGE-0228,RUN-20260828-01a55fcf
REC-02275,PKG-0228-05,train,LINEAGE-0228,RUN-20260828-01a55fcf
REC-02276,PKG-0228-06,train,LINEAGE-0228,RUN-20260828-01a55fcf
REC-02277,PKG-0228-07,train,LINEAGE-0228,RUN-20260828-01a55fcf
REC-02278,PKG-0228-08,train,LINEAGE-0228,RUN-20260828-01a55fcf
REC-02279,PKG-0228-09,train,LINEAGE-0228,RUN-20260828-01a55fcf
REC-02280,PKG-0228-10,train,LINEAGE-0228,RUN-20260828-01a55fcf
REC-02281,PKG-0229-01,train,LINEAGE-0229,RUN-20260828-01a55fcf
REC-02282,PKG-0229-02,train,LINEAGE-0229,RUN-20260828-01a55fcf
REC-02283,PKG-0229-03,train,LINEAGE-0229,RUN-20260828-01a55fcf
REC-02284,PKG-0229-04,train,LINEAGE-0229,RUN-20260828-01a55fcf
REC-02285,PKG-0229-05,train,LINEAGE-0229,RUN-20260828-01a55fcf
REC-02286,PKG-0229-06,train,LINEAGE-0229,RUN-20260828-01a55fcf
REC-02287,PKG-0229-07,train,LINEAGE-0229,RUN-20260828-01a55fcf
REC-02288,PKG-0229-08,train,LINEAGE-0229,RUN-20260828-01a55fcf
REC-02289,PKG-0229-09,train,LINEAGE-0229,RUN-20260828-01a55fcf
REC-02290,PKG-0229-10,train,LINEAGE-0229,RUN-20260828-01a55fcf
REC-02291,PKG-0230-01,train,LINEAGE-0230,RUN-20260828-01a55fcf
REC-02292,PKG-0230-02,train,LINEAGE-0230,RUN-20260828-01a55fcf
REC-02293,PKG-0230-03,train,LINEAGE-0230,RUN-20260828-01a55fcf
REC-02294,PKG-0230-04,train,LINEAGE-0230,RUN-20260828-01a55fcf
REC-02295,PKG-0230-05,train,LINEAGE-0230,RUN-20260828-01a55fcf
REC-02296,PKG-0230-06,train,LINEAGE-0230,RUN-20260828-01a55fcf
REC-02297,PKG-0230-07,train,LINEAGE-0230,RUN-20260828-01a55fcf
REC-02298,PKG-0230-08,train,LINEAGE-0230,RUN-20260828-01a55fcf
REC-02299,PKG-0230-09,train,LINEAGE-0230,RUN-20260828-01a55fcf
REC-02300,PKG-0230-10,train,LINEAGE-0230,RUN-20260828-01a55fcf
REC-02301,PKG-0231-01,train,LINEAGE-0231,RUN-20260828-01a55fcf
REC-02302,PKG-0231-02,train,LINEAGE-0231,RUN-20260828-01a55fcf
REC-02303,PKG-0231-03,train,LINEAGE-0231,RUN-20260828-01a55fcf
REC-02304,PKG-0231-04,train,LINEAGE-0231,RUN-20260828-01a55fcf
REC-02305,PKG-0231-05,train,LINEAGE-0231,RUN-20260828-01a55fcf
REC-02306,PKG-0231-06,train,LINEAGE-0231,RUN-20260828-01a55fcf
REC-02307,PKG-0231-07,train,LINEAGE-0231,RUN-20260828-01a55fcf
REC-02308,PKG-0231-08,train,LINEAGE-0231,RUN-20260828-01a55fcf
REC-02309,PKG-0231-09,train,LINEAGE-0231,RUN-20260828-01a55fcf
REC-02310,PKG-0231-10,train,LINEAGE-0231,RUN-20260828-01a55fcf
REC-02311,PKG-0232-01,train,LINEAGE-0232,RUN-20260828-01a55fcf
REC-02312,PKG-0232-02,train,LINEAGE-0232,RUN-20260828-01a55fcf
REC-02313,PKG-0232-03,train,LINEAGE-0232,RUN-20260828-01a55fcf
REC-02314,PKG-0232-04,train,LINEAGE-0232,RUN-20260828-01a55fcf
REC-02315,PKG-0232-05,train,LINEAGE-0232,RUN-20260828-01a55fcf
REC-02316,PKG-0232-06,train,LINEAGE-0232,RUN-20260828-01a55fcf
REC-02317,PKG-0232-07,train,LINEAGE-0232,RUN-20260828-01a55fcf
REC-02318,PKG-0232-08,train,LINEAGE-0232,RUN-20260828-01a55fcf
REC-02319,PKG-0232-09,train,LINEAGE-0232,RUN-20260828-01a55fcf
REC-02320,PKG-0232-10,train,LINEAGE-0232,RUN-20260828-01a55fcf
REC-02321,PKG-0233-01,train,LINEAGE-0233,RUN-20260828-01a55fcf
REC-02322,PKG-0233-02,train,LINEAGE-0233,RUN-20260828-01a55fcf
REC-02323,PKG-0233-03,train,LINEAGE-0233,RUN-20260828-01a55fcf
REC-02324,PKG-0233-04,train,LINEAGE-0233,RUN-20260828-01a55fcf
REC-02325,PKG-0233-05,train,LINEAGE-0233,RUN-20260828-01a55fcf
REC-02326,PKG-0233-06,train,LINEAGE-0233,RUN-20260828-01a55fcf
REC-02327,PKG-0233-07,train,LINEAGE-0233,RUN-20260828-01a55fcf
REC-02328,PKG-0233-08,train,LINEAGE-0233,RUN-20260828-01a55fcf
REC-02329,PKG-0233-09,train,LINEAGE-0233,RUN-20260828-01a55fcf
REC-02330,PKG-0233-10,train,LINEAGE-0233,RUN-20260828-01a55fcf
REC-02331,PKG-0234-01,train,LINEAGE-0234,RUN-20260828-01a55fcf
REC-02332,PKG-0234-02,train,LINEAGE-0234,RUN-20260828-01a55fcf
REC-02333,PKG-0234-03,train,LINEAGE-0234,RUN-20260828-01a55fcf
REC-02334,PKG-0234-04,train,LINEAGE-0234,RUN-20260828-01a55fcf
REC-02335,PKG-0234-05,train,LINEAGE-0234,RUN-20260828-01a55fcf
REC-02336,PKG-0234-06,train,LINEAGE-0234,RUN-20260828-01a55fcf
REC-02337,PKG-0234-07,train,LINEAGE-0234,RUN-20260828-01a55fcf
REC-02338,PKG-0234-08,train,LINEAGE-0234,RUN-20260828-01a55fcf
REC-02339,PKG-0234-09,train,LINEAGE-0234,RUN-20260828-01a55fcf
REC-02340,PKG-0234-10,train,LINEAGE-0234,RUN-20260828-01a55fcf
REC-02341,PKG-0235-01,train,LINEAGE-0235,RUN-20260828-01a55fcf
REC-02342,PKG-0235-02,train,LINEAGE-0235,RUN-20260828-01a55fcf
REC-02343,PKG-0235-03,train,LINEAGE-0235,RUN-20260828-01a55fcf
REC-02344,PKG-0235-04,train,LINEAGE-0235,RUN-20260828-01a55fcf
REC-02345,PKG-0235-05,train,LINEAGE-0235,RUN-20260828-01a55fcf
REC-02346,PKG-0235-06,train,LINEAGE-0235,RUN-20260828-01a55fcf
REC-02347,PKG-0235-07,train,LINEAGE-0235,RUN-20260828-01a55fcf
REC-02348,PKG-0235-08,train,LINEAGE-0235,RUN-20260828-01a55fcf
REC-02349,PKG-0235-09,train,LINEAGE-0235,RUN-20260828-01a55fcf
REC-02350,PKG-0235-10,train,LINEAGE-0235,RUN-20260828-01a55fcf
REC-02351,PKG-0236-01,train,LINEAGE-0236,RUN-20260828-01a55fcf
REC-02352,PKG-0236-02,train,LINEAGE-0236,RUN-20260828-01a55fcf
REC-02353,PKG-0236-03,train,LINEAGE-0236,RUN-20260828-01a55fcf
REC-02354,PKG-0236-04,train,LINEAGE-0236,RUN-20260828-01a55fcf
REC-02355,PKG-0236-05,train,LINEAGE-0236,RUN-20260828-01a55fcf
REC-02356,PKG-0236-06,train,LINEAGE-0236,RUN-20260828-01a55fcf
REC-02357,PKG-0236-07,train,LINEAGE-0236,RUN-20260828-01a55fcf
REC-02358,PKG-0236-08,train,LINEAGE-0236,RUN-20260828-01a55fcf
REC-02359,PKG-0236-09,train,LINEAGE-0236,RUN-20260828-01a55fcf
REC-02360,PKG-0236-10,train,LINEAGE-0236,RUN-20260828-01a55fcf
REC-02361,PKG-0237-01,train,LINEAGE-0237,RUN-20260828-01a55fcf
REC-02362,PKG-0237-02,train,LINEAGE-0237,RUN-20260828-01a55fcf
REC-02363,PKG-0237-03,train,LINEAGE-0237,RUN-20260828-01a55fcf
REC-02364,PKG-0237-04,train,LINEAGE-0237,RUN-20260828-01a55fcf
REC-02365,PKG-0237-05,train,LINEAGE-0237,RUN-20260828-01a55fcf
REC-02366,PKG-0237-06,train,LINEAGE-0237,RUN-20260828-01a55fcf
REC-02367,PKG-0237-07,train,LINEAGE-0237,RUN-20260828-01a55fcf
REC-02368,PKG-0237-08,train,LINEAGE-0237,RUN-20260828-01a55fcf
REC-02369,PKG-0237-09,train,LINEAGE-0237,RUN-20260828-01a55fcf
REC-02370,PKG-0237-10,train,LINEAGE-0237,RUN-20260828-01a55fcf
REC-02371,PKG-0238-01,validation,LINEAGE-0238,RUN-20260828-01a55fcf
REC-02372,PKG-0238-02,validation,LINEAGE-0238,RUN-20260828-01a55fcf
REC-02373,PKG-0238-03,validation,LINEAGE-0238,RUN-20260828-01a55fcf
REC-02374,PKG-0238-04,validation,LINEAGE-0238,RUN-20260828-01a55fcf
REC-02375,PKG-0238-05,validation,LINEAGE-0238,RUN-20260828-01a55fcf
REC-02376,PKG-0238-06,validation,LINEAGE-0238,RUN-20260828-01a55fcf
REC-02377,PKG-0238-07,validation,LINEAGE-0238,RUN-20260828-01a55fcf
REC-02378,PKG-0238-08,validation,LINEAGE-0238,RUN-20260828-01a55fcf
REC-02379,PKG-0238-09,validation,LINEAGE-0238,RUN-20260828-01a55fcf
REC-02380,PKG-0238-10,validation,LINEAGE-0238,RUN-20260828-01a55fcf
REC-02381,PKG-0239-01,train,LINEAGE-0239,RUN-20260828-01a55fcf
REC-02382,PKG-0239-02,train,LINEAGE-0239,RUN-20260828-01a55fcf
REC-02383,PKG-0239-03,train,LINEAGE-0239,RUN-20260828-01a55fcf
REC-02384,PKG-0239-04,train,LINEAGE-0239,RUN-20260828-01a55fcf
REC-02385,PKG-0239-05,train,LINEAGE-0239,RUN-20260828-01a55fcf
REC-02386,PKG-0239-06,train,LINEAGE-0239,RUN-20260828-01a55fcf
REC-02387,PKG-0239-07,train,LINEAGE-0239,RUN-20260828-01a55fcf
REC-02388,PKG-0239-08,train,LINEAGE-0239,RUN-20260828-01a55fcf
REC-02389,PKG-0239-09,train,LINEAGE-0239,RUN-20260828-01a55fcf
REC-02390,PKG-0239-10,train,LINEAGE-0239,RUN-20260828-01a55fcf
REC-02391,PKG-0240-01,train,LINEAGE-0240,RUN-20260828-01a55fcf
REC-02392,PKG-0240-02,train,LINEAGE-0240,RUN-20260828-01a55fcf
REC-02393,PKG-0240-03,train,LINEAGE-0240,RUN-20260828-01a55fcf
REC-02394,PKG-0240-04,train,LINEAGE-0240,RUN-20260828-01a55fcf
REC-02395,PKG-0240-05,train,LINEAGE-0240,RUN-20260828-01a55fcf
REC-02396,PKG-0240-06,train,LINEAGE-0240,RUN-20260828-01a55fcf
REC-02397,PKG-0240-07,train,LINEAGE-0240,RUN-20260828-01a55fcf
REC-02398,PKG-0240-08,train,LINEAGE-0240,RUN-20260828-01a55fcf
REC-02399,PKG-0240-09,train,LINEAGE-0240,RUN-20260828-01a55fcf
REC-02400,PKG-0240-10,train,LINEAGE-0240,RUN-20260828-01a55fcf
REC-02401,PKG-0241-01,validation,LINEAGE-0241,RUN-20260828-01a55fcf
REC-02402,PKG-0241-02,validation,LINEAGE-0241,RUN-20260828-01a55fcf
REC-02403,PKG-0241-03,validation,LINEAGE-0241,RUN-20260828-01a55fcf
REC-02404,PKG-0241-04,validation,LINEAGE-0241,RUN-20260828-01a55fcf
REC-02405,PKG-0241-05,validation,LINEAGE-0241,RUN-20260828-01a55fcf
REC-02406,PKG-0241-06,validation,LINEAGE-0241,RUN-20260828-01a55fcf
REC-02407,PKG-0241-07,validation,LINEAGE-0241,RUN-20260828-01a55fcf
REC-02408,PKG-0241-08,validation,LINEAGE-0241,RUN-20260828-01a55fcf
REC-02409,PKG-0241-09,validation,LINEAGE-0241,RUN-20260828-01a55fcf
REC-02410,PKG-0241-10,validation,LINEAGE-0241,RUN-20260828-01a55fcf
REC-02411,PKG-0242-01,train,LINEAGE-0242,RUN-20260828-01a55fcf
REC-02412,PKG-0242-02,train,LINEAGE-0242,RUN-20260828-01a55fcf
REC-02413,PKG-0242-03,train,LINEAGE-0242,RUN-20260828-01a55fcf
REC-02414,PKG-0242-04,train,LINEAGE-0242,RUN-20260828-01a55fcf
REC-02415,PKG-0242-05,train,LINEAGE-0242,RUN-20260828-01a55fcf
REC-02416,PKG-0242-06,train,LINEAGE-0242,RUN-20260828-01a55fcf
REC-02417,PKG-0242-07,train,LINEAGE-0242,RUN-20260828-01a55fcf
REC-02418,PKG-0242-08,train,LINEAGE-0242,RUN-20260828-01a55fcf
REC-02419,PKG-0242-09,train,LINEAGE-0242,RUN-20260828-01a55fcf
REC-02420,PKG-0242-10,train,LINEAGE-0242,RUN-20260828-01a55fcf
REC-02421,PKG-0243-01,test,LINEAGE-0243,RUN-20260828-01a55fcf
REC-02422,PKG-0243-02,test,LINEAGE-0243,RUN-20260828-01a55fcf
REC-02423,PKG-0243-03,test,LINEAGE-0243,RUN-20260828-01a55fcf
REC-02424,PKG-0243-04,test,LINEAGE-0243,RUN-20260828-01a55fcf
REC-02425,PKG-0243-05,test,LINEAGE-0243,RUN-20260828-01a55fcf
REC-02426,PKG-0243-06,test,LINEAGE-0243,RUN-20260828-01a55fcf
REC-02427,PKG-0243-07,test,LINEAGE-0243,RUN-20260828-01a55fcf
REC-02428,PKG-0243-08,test,LINEAGE-0243,RUN-20260828-01a55fcf
REC-02429,PKG-0243-09,test,LINEAGE-0243,RUN-20260828-01a55fcf
REC-02430,PKG-0243-10,test,LINEAGE-0243,RUN-20260828-01a55fcf
REC-02431,PKG-0244-01,train,LINEAGE-0244,RUN-20260828-01a55fcf
REC-02432,PKG-0244-02,train,LINEAGE-0244,RUN-20260828-01a55fcf
REC-02433,PKG-0244-03,train,LINEAGE-0244,RUN-20260828-01a55fcf
REC-02434,PKG-0244-04,train,LINEAGE-0244,RUN-20260828-01a55fcf
REC-02435,PKG-0244-05,train,LINEAGE-0244,RUN-20260828-01a55fcf
REC-02436,PKG-0244-06,train,LINEAGE-0244,RUN-20260828-01a55fcf
REC-02437,PKG-0244-07,train,LINEAGE-0244,RUN-20260828-01a55fcf
REC-02438,PKG-0244-08,train,LINEAGE-0244,RUN-20260828-01a55fcf
REC-02439,PKG-0244-09,train,LINEAGE-0244,RUN-20260828-01a55fcf
REC-02440,PKG-0244-10,train,LINEAGE-0244,RUN-20260828-01a55fcf
REC-02441,PKG-0245-01,train,LINEAGE-0245,RUN-20260828-01a55fcf
REC-02442,PKG-0245-02,train,LINEAGE-0245,RUN-20260828-01a55fcf
REC-02443,PKG-0245-03,train,LINEAGE-0245,RUN-20260828-01a55fcf
REC-02444,PKG-0245-04,train,LINEAGE-0245,RUN-20260828-01a55fcf
REC-02445,PKG-0245-05,train,LINEAGE-0245,RUN-20260828-01a55fcf
REC-02446,PKG-0245-06,train,LINEAGE-0245,RUN-20260828-01a55fcf
REC-02447,PKG-0245-07,train,LINEAGE-0245,RUN-20260828-01a55fcf
REC-02448,PKG-0245-08,train,LINEAGE-0245,RUN-20260828-01a55fcf
REC-02449,PKG-0245-09,train,LINEAGE-0245,RUN-20260828-01a55fcf
REC-02450,PKG-0245-10,train,LINEAGE-0245,RUN-20260828-01a55fcf
REC-02451,PKG-0246-01,test,LINEAGE-0246,RUN-20260828-01a55fcf
REC-02452,PKG-0246-02,test,LINEAGE-0246,RUN-20260828-01a55fcf
REC-02453,PKG-0246-03,test,LINEAGE-0246,RUN-20260828-01a55fcf
REC-02454,PKG-0246-04,test,LINEAGE-0246,RUN-20260828-01a55fcf
REC-02455,PKG-0246-05,test,LINEAGE-0246,RUN-20260828-01a55fcf
REC-02456,PKG-0246-06,test,LINEAGE-0246,RUN-20260828-01a55fcf
REC-02457,PKG-0246-07,test,LINEAGE-0246,RUN-20260828-01a55fcf
REC-02458,PKG-0246-08,test,LINEAGE-0246,RUN-20260828-01a55fcf
REC-02459,PKG-0246-09,test,LINEAGE-0246,RUN-20260828-01a55fcf
REC-02460,PKG-0246-10,test,LINEAGE-0246,RUN-20260828-01a55fcf
REC-02461,PKG-0247-01,test,LINEAGE-0247,RUN-20260828-01a55fcf
REC-02462,PKG-0247-02,test,LINEAGE-0247,RUN-20260828-01a55fcf
REC-02463,PKG-0247-03,test,LINEAGE-0247,RUN-20260828-01a55fcf
REC-02464,PKG-0247-04,test,LINEAGE-0247,RUN-20260828-01a55fcf
REC-02465,PKG-0247-05,test,LINEAGE-0247,RUN-20260828-01a55fcf
REC-02466,PKG-0247-06,test,LINEAGE-0247,RUN-20260828-01a55fcf
REC-02467,PKG-0247-07,test,LINEAGE-0247,RUN-20260828-01a55fcf
REC-02468,PKG-0247-08,test,LINEAGE-0247,RUN-20260828-01a55fcf
REC-02469,PKG-0247-09,test,LINEAGE-0247,RUN-20260828-01a55fcf
REC-02470,PKG-0247-10,test,LINEAGE-0247,RUN-20260828-01a55fcf
REC-02471,PKG-0248-01,validation,LINEAGE-0248,RUN-20260828-01a55fcf
REC-02472,PKG-0248-02,validation,LINEAGE-0248,RUN-20260828-01a55fcf
REC-02473,PKG-0248-03,validation,LINEAGE-0248,RUN-20260828-01a55fcf
REC-02474,PKG-0248-04,validation,LINEAGE-0248,RUN-20260828-01a55fcf
REC-02475,PKG-0248-05,validation,LINEAGE-0248,RUN-20260828-01a55fcf
REC-02476,PKG-0248-06,validation,LINEAGE-0248,RUN-20260828-01a55fcf
REC-02477,PKG-0248-07,validation,LINEAGE-0248,RUN-20260828-01a55fcf
REC-02478,PKG-0248-08,validation,LINEAGE-0248,RUN-20260828-01a55fcf
REC-02479,PKG-0248-09,validation,LINEAGE-0248,RUN-20260828-01a55fcf
REC-02480,PKG-0248-10,validation,LINEAGE-0248,RUN-20260828-01a55fcf
REC-02481,PKG-0249-01,train,LINEAGE-0249,RUN-20260828-01a55fcf
REC-02482,PKG-0249-02,train,LINEAGE-0249,RUN-20260828-01a55fcf
REC-02483,PKG-0249-03,train,LINEAGE-0249,RUN-20260828-01a55fcf
REC-02484,PKG-0249-04,train,LINEAGE-0249,RUN-20260828-01a55fcf
REC-02485,PKG-0249-05,train,LINEAGE-0249,RUN-20260828-01a55fcf
REC-02486,PKG-0249-06,train,LINEAGE-0249,RUN-20260828-01a55fcf
REC-02487,PKG-0249-07,train,LINEAGE-0249,RUN-20260828-01a55fcf
REC-02488,PKG-0249-08,train,LINEAGE-0249,RUN-20260828-01a55fcf
REC-02489,PKG-0249-09,train,LINEAGE-0249,RUN-20260828-01a55fcf
REC-02490,PKG-0249-10,train,LINEAGE-0249,RUN-20260828-01a55fcf
REC-02491,PKG-0250-01,test,LINEAGE-0250,RUN-20260828-01a55fcf
REC-02492,PKG-0250-02,test,LINEAGE-0250,RUN-20260828-01a55fcf
REC-02493,PKG-0250-03,test,LINEAGE-0250,RUN-20260828-01a55fcf
REC-02494,PKG-0250-04,test,LINEAGE-0250,RUN-20260828-01a55fcf
REC-02495,PKG-0250-05,test,LINEAGE-0250,RUN-20260828-01a55fcf
REC-02496,PKG-0250-06,test,LINEAGE-0250,RUN-20260828-01a55fcf
REC-02497,PKG-0250-07,test,LINEAGE-0250,RUN-20260828-01a55fcf
REC-02498,PKG-0250-08,test,LINEAGE-0250,RUN-20260828-01a55fcf
REC-02499,PKG-0250-09,test,LINEAGE-0250,RUN-20260828-01a55fcf
REC-02500,PKG-0250-10,test,LINEAGE-0250,RUN-20260828-01a55fcf
REC-02501,PKG-0251-01,train,LINEAGE-0251,RUN-20260828-01a55fcf
REC-02502,PKG-0251-02,train,LINEAGE-0251,RUN-20260828-01a55fcf
REC-02503,PKG-0251-03,train,LINEAGE-0251,RUN-20260828-01a55fcf
REC-02504,PKG-0251-04,train,LINEAGE-0251,RUN-20260828-01a55fcf
REC-02505,PKG-0251-05,train,LINEAGE-0251,RUN-20260828-01a55fcf
REC-02506,PKG-0251-06,train,LINEAGE-0251,RUN-20260828-01a55fcf
REC-02507,PKG-0251-07,train,LINEAGE-0251,RUN-20260828-01a55fcf
REC-02508,PKG-0251-08,train,LINEAGE-0251,RUN-20260828-01a55fcf
REC-02509,PKG-0251-09,train,LINEAGE-0251,RUN-20260828-01a55fcf
REC-02510,PKG-0251-10,train,LINEAGE-0251,RUN-20260828-01a55fcf
REC-02511,PKG-0252-01,validation,LINEAGE-0252,RUN-20260828-01a55fcf
REC-02512,PKG-0252-02,validation,LINEAGE-0252,RUN-20260828-01a55fcf
REC-02513,PKG-0252-03,validation,LINEAGE-0252,RUN-20260828-01a55fcf
REC-02514,PKG-0252-04,validation,LINEAGE-0252,RUN-20260828-01a55fcf
REC-02515,PKG-0252-05,validation,LINEAGE-0252,RUN-20260828-01a55fcf
REC-02516,PKG-0252-06,validation,LINEAGE-0252,RUN-20260828-01a55fcf
REC-02517,PKG-0252-07,validation,LINEAGE-0252,RUN-20260828-01a55fcf
REC-02518,PKG-0252-08,validation,LINEAGE-0252,RUN-20260828-01a55fcf
REC-02519,PKG-0252-09,validation,LINEAGE-0252,RUN-20260828-01a55fcf
REC-02520,PKG-0252-10,validation,LINEAGE-0252,RUN-20260828-01a55fcf
REC-02521,PKG-0253-01,train,LINEAGE-0253,RUN-20260828-01a55fcf
REC-02522,PKG-0253-02,train,LINEAGE-0253,RUN-20260828-01a55fcf
REC-02523,PKG-0253-03,train,LINEAGE-0253,RUN-20260828-01a55fcf
REC-02524,PKG-0253-04,train,LINEAGE-0253,RUN-20260828-01a55fcf
REC-02525,PKG-0253-05,train,LINEAGE-0253,RUN-20260828-01a55fcf
REC-02526,PKG-0253-06,train,LINEAGE-0253,RUN-20260828-01a55fcf
REC-02527,PKG-0253-07,train,LINEAGE-0253,RUN-20260828-01a55fcf
REC-02528,PKG-0253-08,train,LINEAGE-0253,RUN-20260828-01a55fcf
REC-02529,PKG-0253-09,train,LINEAGE-0253,RUN-20260828-01a55fcf
REC-02530,PKG-0253-10,train,LINEAGE-0253,RUN-20260828-01a55fcf
REC-02531,PKG-0254-01,validation,LINEAGE-0254,RUN-20260828-01a55fcf
REC-02532,PKG-0254-02,validation,LINEAGE-0254,RUN-20260828-01a55fcf
REC-02533,PKG-0254-03,validation,LINEAGE-0254,RUN-20260828-01a55fcf
REC-02534,PKG-0254-04,validation,LINEAGE-0254,RUN-20260828-01a55fcf
REC-02535,PKG-0254-05,validation,LINEAGE-0254,RUN-20260828-01a55fcf
REC-02536,PKG-0254-06,validation,LINEAGE-0254,RUN-20260828-01a55fcf
REC-02537,PKG-0254-07,validation,LINEAGE-0254,RUN-20260828-01a55fcf
REC-02538,PKG-0254-08,validation,LINEAGE-0254,RUN-20260828-01a55fcf
REC-02539,PKG-0254-09,validation,LINEAGE-0254,RUN-20260828-01a55fcf
REC-02540,PKG-0254-10,validation,LINEAGE-0254,RUN-20260828-01a55fcf
REC-02541,PKG-0255-01,validation,LINEAGE-0255,RUN-20260828-01a55fcf
REC-02542,PKG-0255-02,validation,LINEAGE-0255,RUN-20260828-01a55fcf
REC-02543,PKG-0255-03,validation,LINEAGE-0255,RUN-20260828-01a55fcf
REC-02544,PKG-0255-04,validation,LINEAGE-0255,RUN-20260828-01a55fcf
REC-02545,PKG-0255-05,validation,LINEAGE-0255,RUN-20260828-01a55fcf
REC-02546,PKG-0255-06,validation,LINEAGE-0255,RUN-20260828-01a55fcf
REC-02547,PKG-0255-07,validation,LINEAGE-0255,RUN-20260828-01a55fcf
REC-02548,PKG-0255-08,validation,LINEAGE-0255,RUN-20260828-01a55fcf
REC-02549,PKG-0255-09,validation,LINEAGE-0255,RUN-20260828-01a55fcf
REC-02550,PKG-0255-10,validation,LINEAGE-0255,RUN-20260828-01a55fcf
REC-02551,PKG-0256-01,train,LINEAGE-0256,RUN-20260828-01a55fcf
REC-02552,PKG-0256-02,train,LINEAGE-0256,RUN-20260828-01a55fcf
REC-02553,PKG-0256-03,train,LINEAGE-0256,RUN-20260828-01a55fcf
REC-02554,PKG-0256-04,train,LINEAGE-0256,RUN-20260828-01a55fcf
REC-02555,PKG-0256-05,train,LINEAGE-0256,RUN-20260828-01a55fcf
REC-02556,PKG-0256-06,train,LINEAGE-0256,RUN-20260828-01a55fcf
REC-02557,PKG-0256-07,train,LINEAGE-0256,RUN-20260828-01a55fcf
REC-02558,PKG-0256-08,train,LINEAGE-0256,RUN-20260828-01a55fcf
REC-02559,PKG-0256-09,train,LINEAGE-0256,RUN-20260828-01a55fcf
REC-02560,PKG-0256-10,train,LINEAGE-0256,RUN-20260828-01a55fcf
REC-02561,PKG-0257-01,train,LINEAGE-0257,RUN-20260828-01a55fcf
REC-02562,PKG-0257-02,train,LINEAGE-0257,RUN-20260828-01a55fcf
REC-02563,PKG-0257-03,train,LINEAGE-0257,RUN-20260828-01a55fcf
REC-02564,PKG-0257-04,train,LINEAGE-0257,RUN-20260828-01a55fcf
REC-02565,PKG-0257-05,train,LINEAGE-0257,RUN-20260828-01a55fcf
REC-02566,PKG-0257-06,train,LINEAGE-0257,RUN-20260828-01a55fcf
REC-02567,PKG-0257-07,train,LINEAGE-0257,RUN-20260828-01a55fcf
REC-02568,PKG-0257-08,train,LINEAGE-0257,RUN-20260828-01a55fcf
REC-02569,PKG-0257-09,train,LINEAGE-0257,RUN-20260828-01a55fcf
REC-02570,PKG-0257-10,train,LINEAGE-0257,RUN-20260828-01a55fcf
REC-02571,PKG-0258-01,train,LINEAGE-0258,RUN-20260828-01a55fcf
REC-02572,PKG-0258-02,train,LINEAGE-0258,RUN-20260828-01a55fcf
REC-02573,PKG-0258-03,train,LINEAGE-0258,RUN-20260828-01a55fcf
REC-02574,PKG-0258-04,train,LINEAGE-0258,RUN-20260828-01a55fcf
REC-02575,PKG-0258-05,train,LINEAGE-0258,RUN-20260828-01a55fcf
REC-02576,PKG-0258-06,train,LINEAGE-0258,RUN-20260828-01a55fcf
REC-02577,PKG-0258-07,train,LINEAGE-0258,RUN-20260828-01a55fcf
REC-02578,PKG-0258-08,train,LINEAGE-0258,RUN-20260828-01a55fcf
REC-02579,PKG-0258-09,train,LINEAGE-0258,RUN-20260828-01a55fcf
REC-02580,PKG-0258-10,train,LINEAGE-0258,RUN-20260828-01a55fcf
REC-02581,PKG-0259-01,train,LINEAGE-0259,RUN-20260828-01a55fcf
REC-02582,PKG-0259-02,train,LINEAGE-0259,RUN-20260828-01a55fcf
REC-02583,PKG-0259-03,train,LINEAGE-0259,RUN-20260828-01a55fcf
REC-02584,PKG-0259-04,train,LINEAGE-0259,RUN-20260828-01a55fcf
REC-02585,PKG-0259-05,train,LINEAGE-0259,RUN-20260828-01a55fcf
REC-02586,PKG-0259-06,train,LINEAGE-0259,RUN-20260828-01a55fcf
REC-02587,PKG-0259-07,train,LINEAGE-0259,RUN-20260828-01a55fcf
REC-02588,PKG-0259-08,train,LINEAGE-0259,RUN-20260828-01a55fcf
REC-02589,PKG-0259-09,train,LINEAGE-0259,RUN-20260828-01a55fcf
REC-02590,PKG-0259-10,train,LINEAGE-0259,RUN-20260828-01a55fcf
REC-02591,PKG-0260-01,train,LINEAGE-0260,RUN-20260828-01a55fcf
REC-02592,PKG-0260-02,train,LINEAGE-0260,RUN-20260828-01a55fcf
REC-02593,PKG-0260-03,train,LINEAGE-0260,RUN-20260828-01a55fcf
REC-02594,PKG-0260-04,train,LINEAGE-0260,RUN-20260828-01a55fcf
REC-02595,PKG-0260-05,train,LINEAGE-0260,RUN-20260828-01a55fcf
REC-02596,PKG-0260-06,train,LINEAGE-0260,RUN-20260828-01a55fcf
REC-02597,PKG-0260-07,train,LINEAGE-0260,RUN-20260828-01a55fcf
REC-02598,PKG-0260-08,train,LINEAGE-0260,RUN-20260828-01a55fcf
REC-02599,PKG-0260-09,train,LINEAGE-0260,RUN-20260828-01a55fcf
REC-02600,PKG-0260-10,train,LINEAGE-0260,RUN-20260828-01a55fcf
REC-02601,PKG-0261-01,train,LINEAGE-0261,RUN-20260828-01a55fcf
REC-02602,PKG-0261-02,train,LINEAGE-0261,RUN-20260828-01a55fcf
REC-02603,PKG-0261-03,train,LINEAGE-0261,RUN-20260828-01a55fcf
REC-02604,PKG-0261-04,train,LINEAGE-0261,RUN-20260828-01a55fcf
REC-02605,PKG-0261-05,train,LINEAGE-0261,RUN-20260828-01a55fcf
REC-02606,PKG-0261-06,train,LINEAGE-0261,RUN-20260828-01a55fcf
REC-02607,PKG-0261-07,train,LINEAGE-0261,RUN-20260828-01a55fcf
REC-02608,PKG-0261-08,train,LINEAGE-0261,RUN-20260828-01a55fcf
REC-02609,PKG-0261-09,train,LINEAGE-0261,RUN-20260828-01a55fcf
REC-02610,PKG-0261-10,train,LINEAGE-0261,RUN-20260828-01a55fcf
REC-02611,PKG-0262-01,validation,LINEAGE-0262,RUN-20260828-01a55fcf
REC-02612,PKG-0262-02,validation,LINEAGE-0262,RUN-20260828-01a55fcf
REC-02613,PKG-0262-03,validation,LINEAGE-0262,RUN-20260828-01a55fcf
REC-02614,PKG-0262-04,validation,LINEAGE-0262,RUN-20260828-01a55fcf
REC-02615,PKG-0262-05,validation,LINEAGE-0262,RUN-20260828-01a55fcf
REC-02616,PKG-0262-06,validation,LINEAGE-0262,RUN-20260828-01a55fcf
REC-02617,PKG-0262-07,validation,LINEAGE-0262,RUN-20260828-01a55fcf
REC-02618,PKG-0262-08,validation,LINEAGE-0262,RUN-20260828-01a55fcf
REC-02619,PKG-0262-09,validation,LINEAGE-0262,RUN-20260828-01a55fcf
REC-02620,PKG-0262-10,validation,LINEAGE-0262,RUN-20260828-01a55fcf
REC-02621,PKG-0263-01,train,LINEAGE-0263,RUN-20260828-01a55fcf
REC-02622,PKG-0263-02,train,LINEAGE-0263,RUN-20260828-01a55fcf
REC-02623,PKG-0263-03,train,LINEAGE-0263,RUN-20260828-01a55fcf
REC-02624,PKG-0263-04,train,LINEAGE-0263,RUN-20260828-01a55fcf
REC-02625,PKG-0263-05,train,LINEAGE-0263,RUN-20260828-01a55fcf
REC-02626,PKG-0263-06,train,LINEAGE-0263,RUN-20260828-01a55fcf
REC-02627,PKG-0263-07,train,LINEAGE-0263,RUN-20260828-01a55fcf
REC-02628,PKG-0263-08,train,LINEAGE-0263,RUN-20260828-01a55fcf
REC-02629,PKG-0263-09,train,LINEAGE-0263,RUN-20260828-01a55fcf
REC-02630,PKG-0263-10,train,LINEAGE-0263,RUN-20260828-01a55fcf
REC-02631,PKG-0264-01,train,LINEAGE-0264,RUN-20260828-01a55fcf
REC-02632,PKG-0264-02,train,LINEAGE-0264,RUN-20260828-01a55fcf
REC-02633,PKG-0264-03,train,LINEAGE-0264,RUN-20260828-01a55fcf
REC-02634,PKG-0264-04,train,LINEAGE-0264,RUN-20260828-01a55fcf
REC-02635,PKG-0264-05,train,LINEAGE-0264,RUN-20260828-01a55fcf
REC-02636,PKG-0264-06,train,LINEAGE-0264,RUN-20260828-01a55fcf
REC-02637,PKG-0264-07,train,LINEAGE-0264,RUN-20260828-01a55fcf
REC-02638,PKG-0264-08,train,LINEAGE-0264,RUN-20260828-01a55fcf
REC-02639,PKG-0264-09,train,LINEAGE-0264,RUN-20260828-01a55fcf
REC-02640,PKG-0264-10,train,LINEAGE-0264,RUN-20260828-01a55fcf
REC-02641,PKG-0265-01,train,LINEAGE-0265,RUN-20260828-01a55fcf
REC-02642,PKG-0265-02,train,LINEAGE-0265,RUN-20260828-01a55fcf
REC-02643,PKG-0265-03,train,LINEAGE-0265,RUN-20260828-01a55fcf
REC-02644,PKG-0265-04,train,LINEAGE-0265,RUN-20260828-01a55fcf
REC-02645,PKG-0265-05,train,LINEAGE-0265,RUN-20260828-01a55fcf
REC-02646,PKG-0265-06,train,LINEAGE-0265,RUN-20260828-01a55fcf
REC-02647,PKG-0265-07,train,LINEAGE-0265,RUN-20260828-01a55fcf
REC-02648,PKG-0265-08,train,LINEAGE-0265,RUN-20260828-01a55fcf
REC-02649,PKG-0265-09,train,LINEAGE-0265,RUN-20260828-01a55fcf
REC-02650,PKG-0265-10,train,LINEAGE-0265,RUN-20260828-01a55fcf
REC-02651,PKG-0266-01,train,LINEAGE-0266,RUN-20260828-01a55fcf
REC-02652,PKG-0266-02,train,LINEAGE-0266,RUN-20260828-01a55fcf
REC-02653,PKG-0266-03,train,LINEAGE-0266,RUN-20260828-01a55fcf
REC-02654,PKG-0266-04,train,LINEAGE-0266,RUN-20260828-01a55fcf
REC-02655,PKG-0266-05,train,LINEAGE-0266,RUN-20260828-01a55fcf
REC-02656,PKG-0266-06,train,LINEAGE-0266,RUN-20260828-01a55fcf
REC-02657,PKG-0266-07,train,LINEAGE-0266,RUN-20260828-01a55fcf
REC-02658,PKG-0266-08,train,LINEAGE-0266,RUN-20260828-01a55fcf
REC-02659,PKG-0266-09,train,LINEAGE-0266,RUN-20260828-01a55fcf
REC-02660,PKG-0266-10,train,LINEAGE-0266,RUN-20260828-01a55fcf
REC-02661,PKG-0267-01,test,LINEAGE-0267,RUN-20260828-01a55fcf
REC-02662,PKG-0267-02,test,LINEAGE-0267,RUN-20260828-01a55fcf
REC-02663,PKG-0267-03,test,LINEAGE-0267,RUN-20260828-01a55fcf
REC-02664,PKG-0267-04,test,LINEAGE-0267,RUN-20260828-01a55fcf
REC-02665,PKG-0267-05,test,LINEAGE-0267,RUN-20260828-01a55fcf
REC-02666,PKG-0267-06,test,LINEAGE-0267,RUN-20260828-01a55fcf
REC-02667,PKG-0267-07,test,LINEAGE-0267,RUN-20260828-01a55fcf
REC-02668,PKG-0267-08,test,LINEAGE-0267,RUN-20260828-01a55fcf
REC-02669,PKG-0267-09,test,LINEAGE-0267,RUN-20260828-01a55fcf
REC-02670,PKG-0267-10,test,LINEAGE-0267,RUN-20260828-01a55fcf
REC-02671,PKG-0268-01,validation,LINEAGE-0268,RUN-20260828-01a55fcf
REC-02672,PKG-0268-02,validation,LINEAGE-0268,RUN-20260828-01a55fcf
REC-02673,PKG-0268-03,validation,LINEAGE-0268,RUN-20260828-01a55fcf
REC-02674,PKG-0268-04,validation,LINEAGE-0268,RUN-20260828-01a55fcf
REC-02675,PKG-0268-05,validation,LINEAGE-0268,RUN-20260828-01a55fcf
REC-02676,PKG-0268-06,validation,LINEAGE-0268,RUN-20260828-01a55fcf
REC-02677,PKG-0268-07,validation,LINEAGE-0268,RUN-20260828-01a55fcf
REC-02678,PKG-0268-08,validation,LINEAGE-0268,RUN-20260828-01a55fcf
REC-02679,PKG-0268-09,validation,LINEAGE-0268,RUN-20260828-01a55fcf
REC-02680,PKG-0268-10,validation,LINEAGE-0268,RUN-20260828-01a55fcf
REC-02681,PKG-0269-01,train,LINEAGE-0269,RUN-20260828-01a55fcf
REC-02682,PKG-0269-02,train,LINEAGE-0269,RUN-20260828-01a55fcf
REC-02683,PKG-0269-03,train,LINEAGE-0269,RUN-20260828-01a55fcf
REC-02684,PKG-0269-04,train,LINEAGE-0269,RUN-20260828-01a55fcf
REC-02685,PKG-0269-05,train,LINEAGE-0269,RUN-20260828-01a55fcf
REC-02686,PKG-0269-06,train,LINEAGE-0269,RUN-20260828-01a55fcf
REC-02687,PKG-0269-07,train,LINEAGE-0269,RUN-20260828-01a55fcf
REC-02688,PKG-0269-08,train,LINEAGE-0269,RUN-20260828-01a55fcf
REC-02689,PKG-0269-09,train,LINEAGE-0269,RUN-20260828-01a55fcf
REC-02690,PKG-0269-10,train,LINEAGE-0269,RUN-20260828-01a55fcf
REC-02691,PKG-0270-01,validation,LINEAGE-0270,RUN-20260828-01a55fcf
REC-02692,PKG-0270-02,validation,LINEAGE-0270,RUN-20260828-01a55fcf
REC-02693,PKG-0270-03,validation,LINEAGE-0270,RUN-20260828-01a55fcf
REC-02694,PKG-0270-04,validation,LINEAGE-0270,RUN-20260828-01a55fcf
REC-02695,PKG-0270-05,validation,LINEAGE-0270,RUN-20260828-01a55fcf
REC-02696,PKG-0270-06,validation,LINEAGE-0270,RUN-20260828-01a55fcf
REC-02697,PKG-0270-07,validation,LINEAGE-0270,RUN-20260828-01a55fcf
REC-02698,PKG-0270-08,validation,LINEAGE-0270,RUN-20260828-01a55fcf
REC-02699,PKG-0270-09,validation,LINEAGE-0270,RUN-20260828-01a55fcf
REC-02700,PKG-0270-10,validation,LINEAGE-0270,RUN-20260828-01a55fcf
REC-02701,PKG-0271-01,train,LINEAGE-0271,RUN-20260828-01a55fcf
REC-02702,PKG-0271-02,train,LINEAGE-0271,RUN-20260828-01a55fcf
REC-02703,PKG-0271-03,train,LINEAGE-0271,RUN-20260828-01a55fcf
REC-02704,PKG-0271-04,train,LINEAGE-0271,RUN-20260828-01a55fcf
REC-02705,PKG-0271-05,train,LINEAGE-0271,RUN-20260828-01a55fcf
REC-02706,PKG-0271-06,train,LINEAGE-0271,RUN-20260828-01a55fcf
REC-02707,PKG-0271-07,train,LINEAGE-0271,RUN-20260828-01a55fcf
REC-02708,PKG-0271-08,train,LINEAGE-0271,RUN-20260828-01a55fcf
REC-02709,PKG-0271-09,train,LINEAGE-0271,RUN-20260828-01a55fcf
REC-02710,PKG-0271-10,train,LINEAGE-0271,RUN-20260828-01a55fcf
REC-02711,PKG-0272-01,train,LINEAGE-0272,RUN-20260828-01a55fcf
REC-02712,PKG-0272-02,train,LINEAGE-0272,RUN-20260828-01a55fcf
REC-02713,PKG-0272-03,train,LINEAGE-0272,RUN-20260828-01a55fcf
REC-02714,PKG-0272-04,train,LINEAGE-0272,RUN-20260828-01a55fcf
REC-02715,PKG-0272-05,train,LINEAGE-0272,RUN-20260828-01a55fcf
REC-02716,PKG-0272-06,train,LINEAGE-0272,RUN-20260828-01a55fcf
REC-02717,PKG-0272-07,train,LINEAGE-0272,RUN-20260828-01a55fcf
REC-02718,PKG-0272-08,train,LINEAGE-0272,RUN-20260828-01a55fcf
REC-02719,PKG-0272-09,train,LINEAGE-0272,RUN-20260828-01a55fcf
REC-02720,PKG-0272-10,train,LINEAGE-0272,RUN-20260828-01a55fcf
REC-02721,PKG-0273-01,train,LINEAGE-0273,RUN-20260828-01a55fcf
REC-02722,PKG-0273-02,train,LINEAGE-0273,RUN-20260828-01a55fcf
REC-02723,PKG-0273-03,train,LINEAGE-0273,RUN-20260828-01a55fcf
REC-02724,PKG-0273-04,train,LINEAGE-0273,RUN-20260828-01a55fcf
REC-02725,PKG-0273-05,train,LINEAGE-0273,RUN-20260828-01a55fcf
REC-02726,PKG-0273-06,train,LINEAGE-0273,RUN-20260828-01a55fcf
REC-02727,PKG-0273-07,train,LINEAGE-0273,RUN-20260828-01a55fcf
REC-02728,PKG-0273-08,train,LINEAGE-0273,RUN-20260828-01a55fcf
REC-02729,PKG-0273-09,train,LINEAGE-0273,RUN-20260828-01a55fcf
REC-02730,PKG-0273-10,train,LINEAGE-0273,RUN-20260828-01a55fcf
REC-02731,PKG-0274-01,train,LINEAGE-0274,RUN-20260828-01a55fcf
REC-02732,PKG-0274-02,train,LINEAGE-0274,RUN-20260828-01a55fcf
REC-02733,PKG-0274-03,train,LINEAGE-0274,RUN-20260828-01a55fcf
REC-02734,PKG-0274-04,train,LINEAGE-0274,RUN-20260828-01a55fcf
REC-02735,PKG-0274-05,train,LINEAGE-0274,RUN-20260828-01a55fcf
REC-02736,PKG-0274-06,train,LINEAGE-0274,RUN-20260828-01a55fcf
REC-02737,PKG-0274-07,train,LINEAGE-0274,RUN-20260828-01a55fcf
REC-02738,PKG-0274-08,train,LINEAGE-0274,RUN-20260828-01a55fcf
REC-02739,PKG-0274-09,train,LINEAGE-0274,RUN-20260828-01a55fcf
REC-02740,PKG-0274-10,train,LINEAGE-0274,RUN-20260828-01a55fcf
REC-02741,PKG-0275-01,train,LINEAGE-0275,RUN-20260828-01a55fcf
REC-02742,PKG-0275-02,train,LINEAGE-0275,RUN-20260828-01a55fcf
REC-02743,PKG-0275-03,train,LINEAGE-0275,RUN-20260828-01a55fcf
REC-02744,PKG-0275-04,train,LINEAGE-0275,RUN-20260828-01a55fcf
REC-02745,PKG-0275-05,train,LINEAGE-0275,RUN-20260828-01a55fcf
REC-02746,PKG-0275-06,train,LINEAGE-0275,RUN-20260828-01a55fcf
REC-02747,PKG-0275-07,train,LINEAGE-0275,RUN-20260828-01a55fcf
REC-02748,PKG-0275-08,train,LINEAGE-0275,RUN-20260828-01a55fcf
REC-02749,PKG-0275-09,train,LINEAGE-0275,RUN-20260828-01a55fcf
REC-02750,PKG-0275-10,train,LINEAGE-0275,RUN-20260828-01a55fcf
REC-02751,PKG-0276-01,train,LINEAGE-0276,RUN-20260828-01a55fcf
REC-02752,PKG-0276-02,train,LINEAGE-0276,RUN-20260828-01a55fcf
REC-02753,PKG-0276-03,train,LINEAGE-0276,RUN-20260828-01a55fcf
REC-02754,PKG-0276-04,train,LINEAGE-0276,RUN-20260828-01a55fcf
REC-02755,PKG-0276-05,train,LINEAGE-0276,RUN-20260828-01a55fcf
REC-02756,PKG-0276-06,train,LINEAGE-0276,RUN-20260828-01a55fcf
REC-02757,PKG-0276-07,train,LINEAGE-0276,RUN-20260828-01a55fcf
REC-02758,PKG-0276-08,train,LINEAGE-0276,RUN-20260828-01a55fcf
REC-02759,PKG-0276-09,train,LINEAGE-0276,RUN-20260828-01a55fcf
REC-02760,PKG-0276-10,train,LINEAGE-0276,RUN-20260828-01a55fcf
REC-02761,PKG-0277-01,train,LINEAGE-0277,RUN-20260828-01a55fcf
REC-02762,PKG-0277-02,train,LINEAGE-0277,RUN-20260828-01a55fcf
REC-02763,PKG-0277-03,train,LINEAGE-0277,RUN-20260828-01a55fcf
REC-02764,PKG-0277-04,train,LINEAGE-0277,RUN-20260828-01a55fcf
REC-02765,PKG-0277-05,train,LINEAGE-0277,RUN-20260828-01a55fcf
REC-02766,PKG-0277-06,train,LINEAGE-0277,RUN-20260828-01a55fcf
REC-02767,PKG-0277-07,train,LINEAGE-0277,RUN-20260828-01a55fcf
REC-02768,PKG-0277-08,train,LINEAGE-0277,RUN-20260828-01a55fcf
REC-02769,PKG-0277-09,train,LINEAGE-0277,RUN-20260828-01a55fcf
REC-02770,PKG-0277-10,train,LINEAGE-0277,RUN-20260828-01a55fcf
REC-02771,PKG-0278-01,validation,LINEAGE-0278,RUN-20260828-01a55fcf
REC-02772,PKG-0278-02,validation,LINEAGE-0278,RUN-20260828-01a55fcf
REC-02773,PKG-0278-03,validation,LINEAGE-0278,RUN-20260828-01a55fcf
REC-02774,PKG-0278-04,validation,LINEAGE-0278,RUN-20260828-01a55fcf
REC-02775,PKG-0278-05,validation,LINEAGE-0278,RUN-20260828-01a55fcf
REC-02776,PKG-0278-06,validation,LINEAGE-0278,RUN-20260828-01a55fcf
REC-02777,PKG-0278-07,validation,LINEAGE-0278,RUN-20260828-01a55fcf
REC-02778,PKG-0278-08,validation,LINEAGE-0278,RUN-20260828-01a55fcf
REC-02779,PKG-0278-09,validation,LINEAGE-0278,RUN-20260828-01a55fcf
REC-02780,PKG-0278-10,validation,LINEAGE-0278,RUN-20260828-01a55fcf
REC-02781,PKG-0279-01,train,LINEAGE-0279,RUN-20260828-01a55fcf
REC-02782,PKG-0279-02,train,LINEAGE-0279,RUN-20260828-01a55fcf
REC-02783,PKG-0279-03,train,LINEAGE-0279,RUN-20260828-01a55fcf
REC-02784,PKG-0279-04,train,LINEAGE-0279,RUN-20260828-01a55fcf
REC-02785,PKG-0279-05,train,LINEAGE-0279,RUN-20260828-01a55fcf
REC-02786,PKG-0279-06,train,LINEAGE-0279,RUN-20260828-01a55fcf
REC-02787,PKG-0279-07,train,LINEAGE-0279,RUN-20260828-01a55fcf
REC-02788,PKG-0279-08,train,LINEAGE-0279,RUN-20260828-01a55fcf
REC-02789,PKG-0279-09,train,LINEAGE-0279,RUN-20260828-01a55fcf
REC-02790,PKG-0279-10,train,LINEAGE-0279,RUN-20260828-01a55fcf
REC-02791,PKG-0280-01,validation,LINEAGE-0280,RUN-20260828-01a55fcf
REC-02792,PKG-0280-02,validation,LINEAGE-0280,RUN-20260828-01a55fcf
REC-02793,PKG-0280-03,validation,LINEAGE-0280,RUN-20260828-01a55fcf
REC-02794,PKG-0280-04,validation,LINEAGE-0280,RUN-20260828-01a55fcf
REC-02795,PKG-0280-05,validation,LINEAGE-0280,RUN-20260828-01a55fcf
REC-02796,PKG-0280-06,validation,LINEAGE-0280,RUN-20260828-01a55fcf
REC-02797,PKG-0280-07,validation,LINEAGE-0280,RUN-20260828-01a55fcf
REC-02798,PKG-0280-08,validation,LINEAGE-0280,RUN-20260828-01a55fcf
REC-02799,PKG-0280-09,validation,LINEAGE-0280,RUN-20260828-01a55fcf
REC-02800,PKG-0280-10,validation,LINEAGE-0280,RUN-20260828-01a55fcf
REC-02801,PKG-0281-01,train,LINEAGE-0281,RUN-20260828-01a55fcf
REC-02802,PKG-0281-02,train,LINEAGE-0281,RUN-20260828-01a55fcf
REC-02803,PKG-0281-03,train,LINEAGE-0281,RUN-20260828-01a55fcf
REC-02804,PKG-0281-04,train,LINEAGE-0281,RUN-20260828-01a55fcf
REC-02805,PKG-0281-05,train,LINEAGE-0281,RUN-20260828-01a55fcf
REC-02806,PKG-0281-06,train,LINEAGE-0281,RUN-20260828-01a55fcf
REC-02807,PKG-0281-07,train,LINEAGE-0281,RUN-20260828-01a55fcf
REC-02808,PKG-0281-08,train,LINEAGE-0281,RUN-20260828-01a55fcf
REC-02809,PKG-0281-09,train,LINEAGE-0281,RUN-20260828-01a55fcf
REC-02810,PKG-0281-10,train,LINEAGE-0281,RUN-20260828-01a55fcf
REC-02811,PKG-0282-01,validation,LINEAGE-0282,RUN-20260828-01a55fcf
REC-02812,PKG-0282-02,validation,LINEAGE-0282,RUN-20260828-01a55fcf
REC-02813,PKG-0282-03,validation,LINEAGE-0282,RUN-20260828-01a55fcf
REC-02814,PKG-0282-04,validation,LINEAGE-0282,RUN-20260828-01a55fcf
REC-02815,PKG-0282-05,validation,LINEAGE-0282,RUN-20260828-01a55fcf
REC-02816,PKG-0282-06,validation,LINEAGE-0282,RUN-20260828-01a55fcf
REC-02817,PKG-0282-07,validation,LINEAGE-0282,RUN-20260828-01a55fcf
REC-02818,PKG-0282-08,validation,LINEAGE-0282,RUN-20260828-01a55fcf
REC-02819,PKG-0282-09,validation,LINEAGE-0282,RUN-20260828-01a55fcf
REC-02820,PKG-0282-10,validation,LINEAGE-0282,RUN-20260828-01a55fcf
REC-02821,PKG-0283-01,train,LINEAGE-0283,RUN-20260828-01a55fcf
REC-02822,PKG-0283-02,train,LINEAGE-0283,RUN-20260828-01a55fcf
REC-02823,PKG-0283-03,train,LINEAGE-0283,RUN-20260828-01a55fcf
REC-02824,PKG-0283-04,train,LINEAGE-0283,RUN-20260828-01a55fcf
REC-02825,PKG-0283-05,train,LINEAGE-0283,RUN-20260828-01a55fcf
REC-02826,PKG-0283-06,train,LINEAGE-0283,RUN-20260828-01a55fcf
REC-02827,PKG-0283-07,train,LINEAGE-0283,RUN-20260828-01a55fcf
REC-02828,PKG-0283-08,train,LINEAGE-0283,RUN-20260828-01a55fcf
REC-02829,PKG-0283-09,train,LINEAGE-0283,RUN-20260828-01a55fcf
REC-02830,PKG-0283-10,train,LINEAGE-0283,RUN-20260828-01a55fcf
REC-02831,PKG-0284-01,train,LINEAGE-0284,RUN-20260828-01a55fcf
REC-02832,PKG-0284-02,train,LINEAGE-0284,RUN-20260828-01a55fcf
REC-02833,PKG-0284-03,train,LINEAGE-0284,RUN-20260828-01a55fcf
REC-02834,PKG-0284-04,train,LINEAGE-0284,RUN-20260828-01a55fcf
REC-02835,PKG-0284-05,train,LINEAGE-0284,RUN-20260828-01a55fcf
REC-02836,PKG-0284-06,train,LINEAGE-0284,RUN-20260828-01a55fcf
REC-02837,PKG-0284-07,train,LINEAGE-0284,RUN-20260828-01a55fcf
REC-02838,PKG-0284-08,train,LINEAGE-0284,RUN-20260828-01a55fcf
REC-02839,PKG-0284-09,train,LINEAGE-0284,RUN-20260828-01a55fcf
REC-02840,PKG-0284-10,train,LINEAGE-0284,RUN-20260828-01a55fcf
REC-02841,PKG-0285-01,train,LINEAGE-0285,RUN-20260828-01a55fcf
REC-02842,PKG-0285-02,train,LINEAGE-0285,RUN-20260828-01a55fcf
REC-02843,PKG-0285-03,train,LINEAGE-0285,RUN-20260828-01a55fcf
REC-02844,PKG-0285-04,train,LINEAGE-0285,RUN-20260828-01a55fcf
REC-02845,PKG-0285-05,train,LINEAGE-0285,RUN-20260828-01a55fcf
REC-02846,PKG-0285-06,train,LINEAGE-0285,RUN-20260828-01a55fcf
REC-02847,PKG-0285-07,train,LINEAGE-0285,RUN-20260828-01a55fcf
REC-02848,PKG-0285-08,train,LINEAGE-0285,RUN-20260828-01a55fcf
REC-02849,PKG-0285-09,train,LINEAGE-0285,RUN-20260828-01a55fcf
REC-02850,PKG-0285-10,train,LINEAGE-0285,RUN-20260828-01a55fcf
REC-02851,PKG-0286-01,train,LINEAGE-0286,RUN-20260828-01a55fcf
REC-02852,PKG-0286-02,train,LINEAGE-0286,RUN-20260828-01a55fcf
REC-02853,PKG-0286-03,train,LINEAGE-0286,RUN-20260828-01a55fcf
REC-02854,PKG-0286-04,train,LINEAGE-0286,RUN-20260828-01a55fcf
REC-02855,PKG-0286-05,train,LINEAGE-0286,RUN-20260828-01a55fcf
REC-02856,PKG-0286-06,train,LINEAGE-0286,RUN-20260828-01a55fcf
REC-02857,PKG-0286-07,train,LINEAGE-0286,RUN-20260828-01a55fcf
REC-02858,PKG-0286-08,train,LINEAGE-0286,RUN-20260828-01a55fcf
REC-02859,PKG-0286-09,train,LINEAGE-0286,RUN-20260828-01a55fcf
REC-02860,PKG-0286-10,train,LINEAGE-0286,RUN-20260828-01a55fcf
REC-02861,PKG-0287-01,train,LINEAGE-0287,RUN-20260828-01a55fcf
REC-02862,PKG-0287-02,train,LINEAGE-0287,RUN-20260828-01a55fcf
REC-02863,PKG-0287-03,train,LINEAGE-0287,RUN-20260828-01a55fcf
REC-02864,PKG-0287-04,train,LINEAGE-0287,RUN-20260828-01a55fcf
REC-02865,PKG-0287-05,train,LINEAGE-0287,RUN-20260828-01a55fcf
REC-02866,PKG-0287-06,train,LINEAGE-0287,RUN-20260828-01a55fcf
REC-02867,PKG-0287-07,train,LINEAGE-0287,RUN-20260828-01a55fcf
REC-02868,PKG-0287-08,train,LINEAGE-0287,RUN-20260828-01a55fcf
REC-02869,PKG-0287-09,train,LINEAGE-0287,RUN-20260828-01a55fcf
REC-02870,PKG-0287-10,train,LINEAGE-0287,RUN-20260828-01a55fcf
REC-02871,PKG-0288-01,validation,LINEAGE-0288,RUN-20260828-01a55fcf
REC-02872,PKG-0288-02,validation,LINEAGE-0288,RUN-20260828-01a55fcf
REC-02873,PKG-0288-03,validation,LINEAGE-0288,RUN-20260828-01a55fcf
REC-02874,PKG-0288-04,validation,LINEAGE-0288,RUN-20260828-01a55fcf
REC-02875,PKG-0288-05,validation,LINEAGE-0288,RUN-20260828-01a55fcf
REC-02876,PKG-0288-06,validation,LINEAGE-0288,RUN-20260828-01a55fcf
REC-02877,PKG-0288-07,validation,LINEAGE-0288,RUN-20260828-01a55fcf
REC-02878,PKG-0288-08,validation,LINEAGE-0288,RUN-20260828-01a55fcf
REC-02879,PKG-0288-09,validation,LINEAGE-0288,RUN-20260828-01a55fcf
REC-02880,PKG-0288-10,validation,LINEAGE-0288,RUN-20260828-01a55fcf
REC-02881,PKG-0289-01,test,LINEAGE-0289,RUN-20260828-01a55fcf
REC-02882,PKG-0289-02,test,LINEAGE-0289,RUN-20260828-01a55fcf
REC-02883,PKG-0289-03,test,LINEAGE-0289,RUN-20260828-01a55fcf
REC-02884,PKG-0289-04,test,LINEAGE-0289,RUN-20260828-01a55fcf
REC-02885,PKG-0289-05,test,LINEAGE-0289,RUN-20260828-01a55fcf
REC-02886,PKG-0289-06,test,LINEAGE-0289,RUN-20260828-01a55fcf
REC-02887,PKG-0289-07,test,LINEAGE-0289,RUN-20260828-01a55fcf
REC-02888,PKG-0289-08,test,LINEAGE-0289,RUN-20260828-01a55fcf
REC-02889,PKG-0289-09,test,LINEAGE-0289,RUN-20260828-01a55fcf
REC-02890,PKG-0289-10,test,LINEAGE-0289,RUN-20260828-01a55fcf
REC-02891,PKG-0290-01,test,LINEAGE-0290,RUN-20260828-01a55fcf
REC-02892,PKG-0290-02,test,LINEAGE-0290,RUN-20260828-01a55fcf
REC-02893,PKG-0290-03,test,LINEAGE-0290,RUN-20260828-01a55fcf
REC-02894,PKG-0290-04,test,LINEAGE-0290,RUN-20260828-01a55fcf
REC-02895,PKG-0290-05,test,LINEAGE-0290,RUN-20260828-01a55fcf
REC-02896,PKG-0290-06,test,LINEAGE-0290,RUN-20260828-01a55fcf
REC-02897,PKG-0290-07,test,LINEAGE-0290,RUN-20260828-01a55fcf
REC-02898,PKG-0290-08,test,LINEAGE-0290,RUN-20260828-01a55fcf
REC-02899,PKG-0290-09,test,LINEAGE-0290,RUN-20260828-01a55fcf
REC-02900,PKG-0290-10,test,LINEAGE-0290,RUN-20260828-01a55fcf
REC-02901,PKG-0291-01,test,LINEAGE-0291,RUN-20260828-01a55fcf
REC-02902,PKG-0291-02,test,LINEAGE-0291,RUN-20260828-01a55fcf
REC-02903,PKG-0291-03,test,LINEAGE-0291,RUN-20260828-01a55fcf
REC-02904,PKG-0291-04,test,LINEAGE-0291,RUN-20260828-01a55fcf
REC-02905,PKG-0291-05,test,LINEAGE-0291,RUN-20260828-01a55fcf
REC-02906,PKG-0291-06,test,LINEAGE-0291,RUN-20260828-01a55fcf
REC-02907,PKG-0291-07,test,LINEAGE-0291,RUN-20260828-01a55fcf
REC-02908,PKG-0291-08,test,LINEAGE-0291,RUN-20260828-01a55fcf
REC-02909,PKG-0291-09,test,LINEAGE-0291,RUN-20260828-01a55fcf
REC-02910,PKG-0291-10,test,LINEAGE-0291,RUN-20260828-01a55fcf
REC-02911,PKG-0292-01,train,LINEAGE-0292,RUN-20260828-01a55fcf
REC-02912,PKG-0292-02,train,LINEAGE-0292,RUN-20260828-01a55fcf
REC-02913,PKG-0292-03,train,LINEAGE-0292,RUN-20260828-01a55fcf
REC-02914,PKG-0292-04,train,LINEAGE-0292,RUN-20260828-01a55fcf
REC-02915,PKG-0292-05,train,LINEAGE-0292,RUN-20260828-01a55fcf
REC-02916,PKG-0292-06,train,LINEAGE-0292,RUN-20260828-01a55fcf
REC-02917,PKG-0292-07,train,LINEAGE-0292,RUN-20260828-01a55fcf
REC-02918,PKG-0292-08,train,LINEAGE-0292,RUN-20260828-01a55fcf
REC-02919,PKG-0292-09,train,LINEAGE-0292,RUN-20260828-01a55fcf
REC-02920,PKG-0292-10,train,LINEAGE-0292,RUN-20260828-01a55fcf
REC-02921,PKG-0293-01,train,LINEAGE-0293,RUN-20260828-01a55fcf
REC-02922,PKG-0293-02,train,LINEAGE-0293,RUN-20260828-01a55fcf
REC-02923,PKG-0293-03,train,LINEAGE-0293,RUN-20260828-01a55fcf
REC-02924,PKG-0293-04,train,LINEAGE-0293,RUN-20260828-01a55fcf
REC-02925,PKG-0293-05,train,LINEAGE-0293,RUN-20260828-01a55fcf
REC-02926,PKG-0293-06,train,LINEAGE-0293,RUN-20260828-01a55fcf
REC-02927,PKG-0293-07,train,LINEAGE-0293,RUN-20260828-01a55fcf
REC-02928,PKG-0293-08,train,LINEAGE-0293,RUN-20260828-01a55fcf
REC-02929,PKG-0293-09,train,LINEAGE-0293,RUN-20260828-01a55fcf
REC-02930,PKG-0293-10,train,LINEAGE-0293,RUN-20260828-01a55fcf
REC-02931,PKG-0294-01,test,LINEAGE-0294,RUN-20260828-01a55fcf
REC-02932,PKG-0294-02,test,LINEAGE-0294,RUN-20260828-01a55fcf
REC-02933,PKG-0294-03,test,LINEAGE-0294,RUN-20260828-01a55fcf
REC-02934,PKG-0294-04,test,LINEAGE-0294,RUN-20260828-01a55fcf
REC-02935,PKG-0294-05,test,LINEAGE-0294,RUN-20260828-01a55fcf
REC-02936,PKG-0294-06,test,LINEAGE-0294,RUN-20260828-01a55fcf
REC-02937,PKG-0294-07,test,LINEAGE-0294,RUN-20260828-01a55fcf
REC-02938,PKG-0294-08,test,LINEAGE-0294,RUN-20260828-01a55fcf
REC-02939,PKG-0294-09,test,LINEAGE-0294,RUN-20260828-01a55fcf
REC-02940,PKG-0294-10,test,LINEAGE-0294,RUN-20260828-01a55fcf
REC-02941,PKG-0295-01,test,LINEAGE-0295,RUN-20260828-01a55fcf
REC-02942,PKG-0295-02,test,LINEAGE-0295,RUN-20260828-01a55fcf
REC-02943,PKG-0295-03,test,LINEAGE-0295,RUN-20260828-01a55fcf
REC-02944,PKG-0295-04,test,LINEAGE-0295,RUN-20260828-01a55fcf
REC-02945,PKG-0295-05,test,LINEAGE-0295,RUN-20260828-01a55fcf
REC-02946,PKG-0295-06,test,LINEAGE-0295,RUN-20260828-01a55fcf
REC-02947,PKG-0295-07,test,LINEAGE-0295,RUN-20260828-01a55fcf
REC-02948,PKG-0295-08,test,LINEAGE-0295,RUN-20260828-01a55fcf
REC-02949,PKG-0295-09,test,LINEAGE-0295,RUN-20260828-01a55fcf
REC-02950,PKG-0295-10,test,LINEAGE-0295,RUN-20260828-01a55fcf
REC-02951,PKG-0296-01,validation,LINEAGE-0296,RUN-20260828-01a55fcf
REC-02952,PKG-0296-02,validation,LINEAGE-0296,RUN-20260828-01a55fcf
REC-02953,PKG-0296-03,validation,LINEAGE-0296,RUN-20260828-01a55fcf
REC-02954,PKG-0296-04,validation,LINEAGE-0296,RUN-20260828-01a55fcf
REC-02955,PKG-0296-05,validation,LINEAGE-0296,RUN-20260828-01a55fcf
REC-02956,PKG-0296-06,validation,LINEAGE-0296,RUN-20260828-01a55fcf
REC-02957,PKG-0296-07,validation,LINEAGE-0296,RUN-20260828-01a55fcf
REC-02958,PKG-0296-08,validation,LINEAGE-0296,RUN-20260828-01a55fcf
REC-02959,PKG-0296-09,validation,LINEAGE-0296,RUN-20260828-01a55fcf
REC-02960,PKG-0296-10,validation,LINEAGE-0296,RUN-20260828-01a55fcf
REC-02961,PKG-0297-01,train,LINEAGE-0297,RUN-20260828-01a55fcf
REC-02962,PKG-0297-02,train,LINEAGE-0297,RUN-20260828-01a55fcf
REC-02963,PKG-0297-03,train,LINEAGE-0297,RUN-20260828-01a55fcf
REC-02964,PKG-0297-04,train,LINEAGE-0297,RUN-20260828-01a55fcf
REC-02965,PKG-0297-05,train,LINEAGE-0297,RUN-20260828-01a55fcf
REC-02966,PKG-0297-06,train,LINEAGE-0297,RUN-20260828-01a55fcf
REC-02967,PKG-0297-07,train,LINEAGE-0297,RUN-20260828-01a55fcf
REC-02968,PKG-0297-08,train,LINEAGE-0297,RUN-20260828-01a55fcf
REC-02969,PKG-0297-09,train,LINEAGE-0297,RUN-20260828-01a55fcf
REC-02970,PKG-0297-10,train,LINEAGE-0297,RUN-20260828-01a55fcf
REC-02971,PKG-0298-01,test,LINEAGE-0298,RUN-20260828-01a55fcf
REC-02972,PKG-0298-02,test,LINEAGE-0298,RUN-20260828-01a55fcf
REC-02973,PKG-0298-03,test,LINEAGE-0298,RUN-20260828-01a55fcf
REC-02974,PKG-0298-04,test,LINEAGE-0298,RUN-20260828-01a55fcf
REC-02975,PKG-0298-05,test,LINEAGE-0298,RUN-20260828-01a55fcf
REC-02976,PKG-0298-06,test,LINEAGE-0298,RUN-20260828-01a55fcf
REC-02977,PKG-0298-07,test,LINEAGE-0298,RUN-20260828-01a55fcf
REC-02978,PKG-0298-08,test,LINEAGE-0298,RUN-20260828-01a55fcf
REC-02979,PKG-0298-09,test,LINEAGE-0298,RUN-20260828-01a55fcf
REC-02980,PKG-0298-10,test,LINEAGE-0298,RUN-20260828-01a55fcf
REC-02981,PKG-0299-01,train,LINEAGE-0299,RUN-20260828-01a55fcf
REC-02982,PKG-0299-02,train,LINEAGE-0299,RUN-20260828-01a55fcf
REC-02983,PKG-0299-03,train,LINEAGE-0299,RUN-20260828-01a55fcf
REC-02984,PKG-0299-04,train,LINEAGE-0299,RUN-20260828-01a55fcf
REC-02985,PKG-0299-05,train,LINEAGE-0299,RUN-20260828-01a55fcf
REC-02986,PKG-0299-06,train,LINEAGE-0299,RUN-20260828-01a55fcf
REC-02987,PKG-0299-07,train,LINEAGE-0299,RUN-20260828-01a55fcf
REC-02988,PKG-0299-08,train,LINEAGE-0299,RUN-20260828-01a55fcf
REC-02989,PKG-0299-09,train,LINEAGE-0299,RUN-20260828-01a55fcf
REC-02990,PKG-0299-10,train,LINEAGE-0299,RUN-20260828-01a55fcf
REC-02991,PKG-0300-01,test,LINEAGE-0300,RUN-20260828-01a55fcf
REC-02992,PKG-0300-02,test,LINEAGE-0300,RUN-20260828-01a55fcf
REC-02993,PKG-0300-03,test,LINEAGE-0300,RUN-20260828-01a55fcf
REC-02994,PKG-0300-04,test,LINEAGE-0300,RUN-20260828-01a55fcf
REC-02995,PKG-0300-05,test,LINEAGE-0300,RUN-20260828-01a55fcf
REC-02996,PKG-0300-06,test,LINEAGE-0300,RUN-20260828-01a55fcf
REC-02997,PKG-0300-07,test,LINEAGE-0300,RUN-20260828-01a55fcf
REC-02998,PKG-0300-08,test,LINEAGE-0300,RUN-20260828-01a55fcf
REC-02999,PKG-0300-09,test,LINEAGE-0300,RUN-20260828-01a55fcf
REC-03000,PKG-0300-10,test,LINEAGE-0300,RUN-20260828-01a55fcf
REC-03001,PKG-0301-01,validation,LINEAGE-0301,RUN-20260828-01a55fcf
REC-03002,PKG-0301-02,validation,LINEAGE-0301,RUN-20260828-01a55fcf
REC-03003,PKG-0301-03,validation,LINEAGE-0301,RUN-20260828-01a55fcf
REC-03004,PKG-0301-04,validation,LINEAGE-0301,RUN-20260828-01a55fcf
REC-03005,PKG-0301-05,validation,LINEAGE-0301,RUN-20260828-01a55fcf
REC-03006,PKG-0301-06,validation,LINEAGE-0301,RUN-20260828-01a55fcf
REC-03007,PKG-0301-07,validation,LINEAGE-0301,RUN-20260828-01a55fcf
REC-03008,PKG-0301-08,validation,LINEAGE-0301,RUN-20260828-01a55fcf
REC-03009,PKG-0301-09,validation,LINEAGE-0301,RUN-20260828-01a55fcf
REC-03010,PKG-0301-10,validation,LINEAGE-0301,RUN-20260828-01a55fcf
REC-03011,PKG-0302-01,train,LINEAGE-0302,RUN-20260828-01a55fcf
REC-03012,PKG-0302-02,train,LINEAGE-0302,RUN-20260828-01a55fcf
REC-03013,PKG-0302-03,train,LINEAGE-0302,RUN-20260828-01a55fcf
REC-03014,PKG-0302-04,train,LINEAGE-0302,RUN-20260828-01a55fcf
REC-03015,PKG-0302-05,train,LINEAGE-0302,RUN-20260828-01a55fcf
REC-03016,PKG-0302-06,train,LINEAGE-0302,RUN-20260828-01a55fcf
REC-03017,PKG-0302-07,train,LINEAGE-0302,RUN-20260828-01a55fcf
REC-03018,PKG-0302-08,train,LINEAGE-0302,RUN-20260828-01a55fcf
REC-03019,PKG-0302-09,train,LINEAGE-0302,RUN-20260828-01a55fcf
REC-03020,PKG-0302-10,train,LINEAGE-0302,RUN-20260828-01a55fcf
REC-03021,PKG-0303-01,validation,LINEAGE-0303,RUN-20260828-01a55fcf
REC-03022,PKG-0303-02,validation,LINEAGE-0303,RUN-20260828-01a55fcf
REC-03023,PKG-0303-03,validation,LINEAGE-0303,RUN-20260828-01a55fcf
REC-03024,PKG-0303-04,validation,LINEAGE-0303,RUN-20260828-01a55fcf
REC-03025,PKG-0303-05,validation,LINEAGE-0303,RUN-20260828-01a55fcf
REC-03026,PKG-0303-06,validation,LINEAGE-0303,RUN-20260828-01a55fcf
REC-03027,PKG-0303-07,validation,LINEAGE-0303,RUN-20260828-01a55fcf
REC-03028,PKG-0303-08,validation,LINEAGE-0303,RUN-20260828-01a55fcf
REC-03029,PKG-0303-09,validation,LINEAGE-0303,RUN-20260828-01a55fcf
REC-03030,PKG-0303-10,validation,LINEAGE-0303,RUN-20260828-01a55fcf
REC-03031,PKG-0304-01,validation,LINEAGE-0304,RUN-20260828-01a55fcf
REC-03032,PKG-0304-02,validation,LINEAGE-0304,RUN-20260828-01a55fcf
REC-03033,PKG-0304-03,validation,LINEAGE-0304,RUN-20260828-01a55fcf
REC-03034,PKG-0304-04,validation,LINEAGE-0304,RUN-20260828-01a55fcf
REC-03035,PKG-0304-05,validation,LINEAGE-0304,RUN-20260828-01a55fcf
REC-03036,PKG-0304-06,validation,LINEAGE-0304,RUN-20260828-01a55fcf
REC-03037,PKG-0304-07,validation,LINEAGE-0304,RUN-20260828-01a55fcf
REC-03038,PKG-0304-08,validation,LINEAGE-0304,RUN-20260828-01a55fcf
REC-03039,PKG-0304-09,validation,LINEAGE-0304,RUN-20260828-01a55fcf
REC-03040,PKG-0304-10,validation,LINEAGE-0304,RUN-20260828-01a55fcf
REC-03041,PKG-0305-01,train,LINEAGE-0305,RUN-20260828-01a55fcf
REC-03042,PKG-0305-02,train,LINEAGE-0305,RUN-20260828-01a55fcf
REC-03043,PKG-0305-03,train,LINEAGE-0305,RUN-20260828-01a55fcf
REC-03044,PKG-0305-04,train,LINEAGE-0305,RUN-20260828-01a55fcf
REC-03045,PKG-0305-05,train,LINEAGE-0305,RUN-20260828-01a55fcf
REC-03046,PKG-0305-06,train,LINEAGE-0305,RUN-20260828-01a55fcf
REC-03047,PKG-0305-07,train,LINEAGE-0305,RUN-20260828-01a55fcf
REC-03048,PKG-0305-08,train,LINEAGE-0305,RUN-20260828-01a55fcf
REC-03049,PKG-0305-09,train,LINEAGE-0305,RUN-20260828-01a55fcf
REC-03050,PKG-0305-10,train,LINEAGE-0305,RUN-20260828-01a55fcf
REC-03051,PKG-0306-01,test,LINEAGE-0306,RUN-20260828-01a55fcf
REC-03052,PKG-0306-02,test,LINEAGE-0306,RUN-20260828-01a55fcf
REC-03053,PKG-0306-03,test,LINEAGE-0306,RUN-20260828-01a55fcf
REC-03054,PKG-0306-04,test,LINEAGE-0306,RUN-20260828-01a55fcf
REC-03055,PKG-0306-05,test,LINEAGE-0306,RUN-20260828-01a55fcf
REC-03056,PKG-0306-06,test,LINEAGE-0306,RUN-20260828-01a55fcf
REC-03057,PKG-0306-07,test,LINEAGE-0306,RUN-20260828-01a55fcf
REC-03058,PKG-0306-08,test,LINEAGE-0306,RUN-20260828-01a55fcf
REC-03059,PKG-0306-09,test,LINEAGE-0306,RUN-20260828-01a55fcf
REC-03060,PKG-0306-10,test,LINEAGE-0306,RUN-20260828-01a55fcf
REC-03061,PKG-0307-01,train,LINEAGE-0307,RUN-20260828-01a55fcf
REC-03062,PKG-0307-02,train,LINEAGE-0307,RUN-20260828-01a55fcf
REC-03063,PKG-0307-03,train,LINEAGE-0307,RUN-20260828-01a55fcf
REC-03064,PKG-0307-04,train,LINEAGE-0307,RUN-20260828-01a55fcf
REC-03065,PKG-0307-05,train,LINEAGE-0307,RUN-20260828-01a55fcf
REC-03066,PKG-0307-06,train,LINEAGE-0307,RUN-20260828-01a55fcf
REC-03067,PKG-0307-07,train,LINEAGE-0307,RUN-20260828-01a55fcf
REC-03068,PKG-0307-08,train,LINEAGE-0307,RUN-20260828-01a55fcf
REC-03069,PKG-0307-09,train,LINEAGE-0307,RUN-20260828-01a55fcf
REC-03070,PKG-0307-10,train,LINEAGE-0307,RUN-20260828-01a55fcf
REC-03071,PKG-0308-01,train,LINEAGE-0308,RUN-20260828-01a55fcf
REC-03072,PKG-0308-02,train,LINEAGE-0308,RUN-20260828-01a55fcf
REC-03073,PKG-0308-03,train,LINEAGE-0308,RUN-20260828-01a55fcf
REC-03074,PKG-0308-04,train,LINEAGE-0308,RUN-20260828-01a55fcf
REC-03075,PKG-0308-05,train,LINEAGE-0308,RUN-20260828-01a55fcf
REC-03076,PKG-0308-06,train,LINEAGE-0308,RUN-20260828-01a55fcf
REC-03077,PKG-0308-07,train,LINEAGE-0308,RUN-20260828-01a55fcf
REC-03078,PKG-0308-08,train,LINEAGE-0308,RUN-20260828-01a55fcf
REC-03079,PKG-0308-09,train,LINEAGE-0308,RUN-20260828-01a55fcf
REC-03080,PKG-0308-10,train,LINEAGE-0308,RUN-20260828-01a55fcf
REC-03081,PKG-0309-01,train,LINEAGE-0309,RUN-20260828-01a55fcf
REC-03082,PKG-0309-02,train,LINEAGE-0309,RUN-20260828-01a55fcf
REC-03083,PKG-0309-03,train,LINEAGE-0309,RUN-20260828-01a55fcf
REC-03084,PKG-0309-04,train,LINEAGE-0309,RUN-20260828-01a55fcf
REC-03085,PKG-0309-05,train,LINEAGE-0309,RUN-20260828-01a55fcf
REC-03086,PKG-0309-06,train,LINEAGE-0309,RUN-20260828-01a55fcf
REC-03087,PKG-0309-07,train,LINEAGE-0309,RUN-20260828-01a55fcf
REC-03088,PKG-0309-08,train,LINEAGE-0309,RUN-20260828-01a55fcf
REC-03089,PKG-0309-09,train,LINEAGE-0309,RUN-20260828-01a55fcf
REC-03090,PKG-0309-10,train,LINEAGE-0309,RUN-20260828-01a55fcf
REC-03091,PKG-0310-01,train,LINEAGE-0310,RUN-20260828-01a55fcf
REC-03092,PKG-0310-02,train,LINEAGE-0310,RUN-20260828-01a55fcf
REC-03093,PKG-0310-03,train,LINEAGE-0310,RUN-20260828-01a55fcf
REC-03094,PKG-0310-04,train,LINEAGE-0310,RUN-20260828-01a55fcf
REC-03095,PKG-0310-05,train,LINEAGE-0310,RUN-20260828-01a55fcf
REC-03096,PKG-0310-06,train,LINEAGE-0310,RUN-20260828-01a55fcf
REC-03097,PKG-0310-07,train,LINEAGE-0310,RUN-20260828-01a55fcf
REC-03098,PKG-0310-08,train,LINEAGE-0310,RUN-20260828-01a55fcf
REC-03099,PKG-0310-09,train,LINEAGE-0310,RUN-20260828-01a55fcf
REC-03100,PKG-0310-10,train,LINEAGE-0310,RUN-20260828-01a55fcf
REC-03101,PKG-0311-01,train,LINEAGE-0311,RUN-20260828-01a55fcf
REC-03102,PKG-0311-02,train,LINEAGE-0311,RUN-20260828-01a55fcf
REC-03103,PKG-0311-03,train,LINEAGE-0311,RUN-20260828-01a55fcf
REC-03104,PKG-0311-04,train,LINEAGE-0311,RUN-20260828-01a55fcf
REC-03105,PKG-0311-05,train,LINEAGE-0311,RUN-20260828-01a55fcf
REC-03106,PKG-0311-06,train,LINEAGE-0311,RUN-20260828-01a55fcf
REC-03107,PKG-0311-07,train,LINEAGE-0311,RUN-20260828-01a55fcf
REC-03108,PKG-0311-08,train,LINEAGE-0311,RUN-20260828-01a55fcf
REC-03109,PKG-0311-09,train,LINEAGE-0311,RUN-20260828-01a55fcf
REC-03110,PKG-0311-10,train,LINEAGE-0311,RUN-20260828-01a55fcf
REC-03111,PKG-0312-01,train,LINEAGE-0312,RUN-20260828-01a55fcf
REC-03112,PKG-0312-02,train,LINEAGE-0312,RUN-20260828-01a55fcf
REC-03113,PKG-0312-03,train,LINEAGE-0312,RUN-20260828-01a55fcf
REC-03114,PKG-0312-04,train,LINEAGE-0312,RUN-20260828-01a55fcf
REC-03115,PKG-0312-05,train,LINEAGE-0312,RUN-20260828-01a55fcf
REC-03116,PKG-0312-06,train,LINEAGE-0312,RUN-20260828-01a55fcf
REC-03117,PKG-0312-07,train,LINEAGE-0312,RUN-20260828-01a55fcf
REC-03118,PKG-0312-08,train,LINEAGE-0312,RUN-20260828-01a55fcf
REC-03119,PKG-0312-09,train,LINEAGE-0312,RUN-20260828-01a55fcf
REC-03120,PKG-0312-10,train,LINEAGE-0312,RUN-20260828-01a55fcf
REC-03121,PKG-0313-01,train,LINEAGE-0313,RUN-20260828-01a55fcf
REC-03122,PKG-0313-02,train,LINEAGE-0313,RUN-20260828-01a55fcf
REC-03123,PKG-0313-03,train,LINEAGE-0313,RUN-20260828-01a55fcf
REC-03124,PKG-0313-04,train,LINEAGE-0313,RUN-20260828-01a55fcf
REC-03125,PKG-0313-05,train,LINEAGE-0313,RUN-20260828-01a55fcf
REC-03126,PKG-0313-06,train,LINEAGE-0313,RUN-20260828-01a55fcf
REC-03127,PKG-0313-07,train,LINEAGE-0313,RUN-20260828-01a55fcf
REC-03128,PKG-0313-08,train,LINEAGE-0313,RUN-20260828-01a55fcf
REC-03129,PKG-0313-09,train,LINEAGE-0313,RUN-20260828-01a55fcf
REC-03130,PKG-0313-10,train,LINEAGE-0313,RUN-20260828-01a55fcf
REC-03131,PKG-0314-01,train,LINEAGE-0314,RUN-20260828-01a55fcf
REC-03132,PKG-0314-02,train,LINEAGE-0314,RUN-20260828-01a55fcf
REC-03133,PKG-0314-03,train,LINEAGE-0314,RUN-20260828-01a55fcf
REC-03134,PKG-0314-04,train,LINEAGE-0314,RUN-20260828-01a55fcf
REC-03135,PKG-0314-05,train,LINEAGE-0314,RUN-20260828-01a55fcf
REC-03136,PKG-0314-06,train,LINEAGE-0314,RUN-20260828-01a55fcf
REC-03137,PKG-0314-07,train,LINEAGE-0314,RUN-20260828-01a55fcf
REC-03138,PKG-0314-08,train,LINEAGE-0314,RUN-20260828-01a55fcf
REC-03139,PKG-0314-09,train,LINEAGE-0314,RUN-20260828-01a55fcf
REC-03140,PKG-0314-10,train,LINEAGE-0314,RUN-20260828-01a55fcf
REC-03141,PKG-0315-01,train,LINEAGE-0315,RUN-20260828-01a55fcf
REC-03142,PKG-0315-02,train,LINEAGE-0315,RUN-20260828-01a55fcf
REC-03143,PKG-0315-03,train,LINEAGE-0315,RUN-20260828-01a55fcf
REC-03144,PKG-0315-04,train,LINEAGE-0315,RUN-20260828-01a55fcf
REC-03145,PKG-0315-05,train,LINEAGE-0315,RUN-20260828-01a55fcf
REC-03146,PKG-0315-06,train,LINEAGE-0315,RUN-20260828-01a55fcf
REC-03147,PKG-0315-07,train,LINEAGE-0315,RUN-20260828-01a55fcf
REC-03148,PKG-0315-08,train,LINEAGE-0315,RUN-20260828-01a55fcf
REC-03149,PKG-0315-09,train,LINEAGE-0315,RUN-20260828-01a55fcf
REC-03150,PKG-0315-10,train,LINEAGE-0315,RUN-20260828-01a55fcf
REC-03151,PKG-0316-01,train,LINEAGE-0316,RUN-20260828-01a55fcf
REC-03152,PKG-0316-02,train,LINEAGE-0316,RUN-20260828-01a55fcf
REC-03153,PKG-0316-03,train,LINEAGE-0316,RUN-20260828-01a55fcf
REC-03154,PKG-0316-04,train,LINEAGE-0316,RUN-20260828-01a55fcf
REC-03155,PKG-0316-05,train,LINEAGE-0316,RUN-20260828-01a55fcf
REC-03156,PKG-0316-06,train,LINEAGE-0316,RUN-20260828-01a55fcf
REC-03157,PKG-0316-07,train,LINEAGE-0316,RUN-20260828-01a55fcf
REC-03158,PKG-0316-08,train,LINEAGE-0316,RUN-20260828-01a55fcf
REC-03159,PKG-0316-09,train,LINEAGE-0316,RUN-20260828-01a55fcf
REC-03160,PKG-0316-10,train,LINEAGE-0316,RUN-20260828-01a55fcf
REC-03161,PKG-0317-01,train,LINEAGE-0317,RUN-20260828-01a55fcf
REC-03162,PKG-0317-02,train,LINEAGE-0317,RUN-20260828-01a55fcf
REC-03163,PKG-0317-03,train,LINEAGE-0317,RUN-20260828-01a55fcf
REC-03164,PKG-0317-04,train,LINEAGE-0317,RUN-20260828-01a55fcf
REC-03165,PKG-0317-05,train,LINEAGE-0317,RUN-20260828-01a55fcf
REC-03166,PKG-0317-06,train,LINEAGE-0317,RUN-20260828-01a55fcf
REC-03167,PKG-0317-07,train,LINEAGE-0317,RUN-20260828-01a55fcf
REC-03168,PKG-0317-08,train,LINEAGE-0317,RUN-20260828-01a55fcf
REC-03169,PKG-0317-09,train,LINEAGE-0317,RUN-20260828-01a55fcf
REC-03170,PKG-0317-10,train,LINEAGE-0317,RUN-20260828-01a55fcf
REC-03171,PKG-0318-01,train,LINEAGE-0318,RUN-20260828-01a55fcf
REC-03172,PKG-0318-02,train,LINEAGE-0318,RUN-20260828-01a55fcf
REC-03173,PKG-0318-03,train,LINEAGE-0318,RUN-20260828-01a55fcf
REC-03174,PKG-0318-04,train,LINEAGE-0318,RUN-20260828-01a55fcf
REC-03175,PKG-0318-05,train,LINEAGE-0318,RUN-20260828-01a55fcf
REC-03176,PKG-0318-06,train,LINEAGE-0318,RUN-20260828-01a55fcf
REC-03177,PKG-0318-07,train,LINEAGE-0318,RUN-20260828-01a55fcf
REC-03178,PKG-0318-08,train,LINEAGE-0318,RUN-20260828-01a55fcf
REC-03179,PKG-0318-09,train,LINEAGE-0318,RUN-20260828-01a55fcf
REC-03180,PKG-0318-10,train,LINEAGE-0318,RUN-20260828-01a55fcf
REC-03181,PKG-0319-01,train,LINEAGE-0319,RUN-20260828-01a55fcf
REC-03182,PKG-0319-02,train,LINEAGE-0319,RUN-20260828-01a55fcf
REC-03183,PKG-0319-03,train,LINEAGE-0319,RUN-20260828-01a55fcf
REC-03184,PKG-0319-04,train,LINEAGE-0319,RUN-20260828-01a55fcf
REC-03185,PKG-0319-05,train,LINEAGE-0319,RUN-20260828-01a55fcf
REC-03186,PKG-0319-06,train,LINEAGE-0319,RUN-20260828-01a55fcf
REC-03187,PKG-0319-07,train,LINEAGE-0319,RUN-20260828-01a55fcf
REC-03188,PKG-0319-08,train,LINEAGE-0319,RUN-20260828-01a55fcf
REC-03189,PKG-0319-09,train,LINEAGE-0319,RUN-20260828-01a55fcf
REC-03190,PKG-0319-10,train,LINEAGE-0319,RUN-20260828-01a55fcf
REC-03191,PKG-0320-01,validation,LINEAGE-0320,RUN-20260828-01a55fcf
REC-03192,PKG-0320-02,validation,LINEAGE-0320,RUN-20260828-01a55fcf
REC-03193,PKG-0320-03,validation,LINEAGE-0320,RUN-20260828-01a55fcf
REC-03194,PKG-0320-04,validation,LINEAGE-0320,RUN-20260828-01a55fcf
REC-03195,PKG-0320-05,validation,LINEAGE-0320,RUN-20260828-01a55fcf
REC-03196,PKG-0320-06,validation,LINEAGE-0320,RUN-20260828-01a55fcf
REC-03197,PKG-0320-07,validation,LINEAGE-0320,RUN-20260828-01a55fcf
REC-03198,PKG-0320-08,validation,LINEAGE-0320,RUN-20260828-01a55fcf
REC-03199,PKG-0320-09,validation,LINEAGE-0320,RUN-20260828-01a55fcf
REC-03200,PKG-0320-10,validation,LINEAGE-0320,RUN-20260828-01a55fcf
REC-03201,PKG-0321-01,train,LINEAGE-0321,RUN-20260828-01a55fcf
REC-03202,PKG-0321-02,train,LINEAGE-0321,RUN-20260828-01a55fcf
REC-03203,PKG-0321-03,train,LINEAGE-0321,RUN-20260828-01a55fcf
REC-03204,PKG-0321-04,train,LINEAGE-0321,RUN-20260828-01a55fcf
REC-03205,PKG-0321-05,train,LINEAGE-0321,RUN-20260828-01a55fcf
REC-03206,PKG-0321-06,train,LINEAGE-0321,RUN-20260828-01a55fcf
REC-03207,PKG-0321-07,train,LINEAGE-0321,RUN-20260828-01a55fcf
REC-03208,PKG-0321-08,train,LINEAGE-0321,RUN-20260828-01a55fcf
REC-03209,PKG-0321-09,train,LINEAGE-0321,RUN-20260828-01a55fcf
REC-03210,PKG-0321-10,train,LINEAGE-0321,RUN-20260828-01a55fcf
REC-03211,PKG-0322-01,train,LINEAGE-0322,RUN-20260828-01a55fcf
REC-03212,PKG-0322-02,train,LINEAGE-0322,RUN-20260828-01a55fcf
REC-03213,PKG-0322-03,train,LINEAGE-0322,RUN-20260828-01a55fcf
REC-03214,PKG-0322-04,train,LINEAGE-0322,RUN-20260828-01a55fcf
REC-03215,PKG-0322-05,train,LINEAGE-0322,RUN-20260828-01a55fcf
REC-03216,PKG-0322-06,train,LINEAGE-0322,RUN-20260828-01a55fcf
REC-03217,PKG-0322-07,train,LINEAGE-0322,RUN-20260828-01a55fcf
REC-03218,PKG-0322-08,train,LINEAGE-0322,RUN-20260828-01a55fcf
REC-03219,PKG-0322-09,train,LINEAGE-0322,RUN-20260828-01a55fcf
REC-03220,PKG-0322-10,train,LINEAGE-0322,RUN-20260828-01a55fcf
REC-03221,PKG-0323-01,train,LINEAGE-0323,RUN-20260828-01a55fcf
REC-03222,PKG-0323-02,train,LINEAGE-0323,RUN-20260828-01a55fcf
REC-03223,PKG-0323-03,train,LINEAGE-0323,RUN-20260828-01a55fcf
REC-03224,PKG-0323-04,train,LINEAGE-0323,RUN-20260828-01a55fcf
REC-03225,PKG-0323-05,train,LINEAGE-0323,RUN-20260828-01a55fcf
REC-03226,PKG-0323-06,train,LINEAGE-0323,RUN-20260828-01a55fcf
REC-03227,PKG-0323-07,train,LINEAGE-0323,RUN-20260828-01a55fcf
REC-03228,PKG-0323-08,train,LINEAGE-0323,RUN-20260828-01a55fcf
REC-03229,PKG-0323-09,train,LINEAGE-0323,RUN-20260828-01a55fcf
REC-03230,PKG-0323-10,train,LINEAGE-0323,RUN-20260828-01a55fcf
REC-03231,PKG-0324-01,train,LINEAGE-0324,RUN-20260828-01a55fcf
REC-03232,PKG-0324-02,train,LINEAGE-0324,RUN-20260828-01a55fcf
REC-03233,PKG-0324-03,train,LINEAGE-0324,RUN-20260828-01a55fcf
REC-03234,PKG-0324-04,train,LINEAGE-0324,RUN-20260828-01a55fcf
REC-03235,PKG-0324-05,train,LINEAGE-0324,RUN-20260828-01a55fcf
REC-03236,PKG-0324-06,train,LINEAGE-0324,RUN-20260828-01a55fcf
REC-03237,PKG-0324-07,train,LINEAGE-0324,RUN-20260828-01a55fcf
REC-03238,PKG-0324-08,train,LINEAGE-0324,RUN-20260828-01a55fcf
REC-03239,PKG-0324-09,train,LINEAGE-0324,RUN-20260828-01a55fcf
REC-03240,PKG-0324-10,train,LINEAGE-0324,RUN-20260828-01a55fcf
REC-03241,PKG-0325-01,train,LINEAGE-0325,RUN-20260828-01a55fcf
REC-03242,PKG-0325-02,train,LINEAGE-0325,RUN-20260828-01a55fcf
REC-03243,PKG-0325-03,train,LINEAGE-0325,RUN-20260828-01a55fcf
REC-03244,PKG-0325-04,train,LINEAGE-0325,RUN-20260828-01a55fcf
REC-03245,PKG-0325-05,train,LINEAGE-0325,RUN-20260828-01a55fcf
REC-03246,PKG-0325-06,train,LINEAGE-0325,RUN-20260828-01a55fcf
REC-03247,PKG-0325-07,train,LINEAGE-0325,RUN-20260828-01a55fcf
REC-03248,PKG-0325-08,train,LINEAGE-0325,RUN-20260828-01a55fcf
REC-03249,PKG-0325-09,train,LINEAGE-0325,RUN-20260828-01a55fcf
REC-03250,PKG-0325-10,train,LINEAGE-0325,RUN-20260828-01a55fcf
REC-03251,PKG-0326-01,validation,LINEAGE-0326,RUN-20260828-01a55fcf
REC-03252,PKG-0326-02,validation,LINEAGE-0326,RUN-20260828-01a55fcf
REC-03253,PKG-0326-03,validation,LINEAGE-0326,RUN-20260828-01a55fcf
REC-03254,PKG-0326-04,validation,LINEAGE-0326,RUN-20260828-01a55fcf
REC-03255,PKG-0326-05,validation,LINEAGE-0326,RUN-20260828-01a55fcf
REC-03256,PKG-0326-06,validation,LINEAGE-0326,RUN-20260828-01a55fcf
REC-03257,PKG-0326-07,validation,LINEAGE-0326,RUN-20260828-01a55fcf
REC-03258,PKG-0326-08,validation,LINEAGE-0326,RUN-20260828-01a55fcf
REC-03259,PKG-0326-09,validation,LINEAGE-0326,RUN-20260828-01a55fcf
REC-03260,PKG-0326-10,validation,LINEAGE-0326,RUN-20260828-01a55fcf
REC-03261,PKG-0327-01,train,LINEAGE-0327,RUN-20260828-01a55fcf
REC-03262,PKG-0327-02,train,LINEAGE-0327,RUN-20260828-01a55fcf
REC-03263,PKG-0327-03,train,LINEAGE-0327,RUN-20260828-01a55fcf
REC-03264,PKG-0327-04,train,LINEAGE-0327,RUN-20260828-01a55fcf
REC-03265,PKG-0327-05,train,LINEAGE-0327,RUN-20260828-01a55fcf
REC-03266,PKG-0327-06,train,LINEAGE-0327,RUN-20260828-01a55fcf
REC-03267,PKG-0327-07,train,LINEAGE-0327,RUN-20260828-01a55fcf
REC-03268,PKG-0327-08,train,LINEAGE-0327,RUN-20260828-01a55fcf
REC-03269,PKG-0327-09,train,LINEAGE-0327,RUN-20260828-01a55fcf
REC-03270,PKG-0327-10,train,LINEAGE-0327,RUN-20260828-01a55fcf
REC-03271,PKG-0328-01,train,LINEAGE-0328,RUN-20260828-01a55fcf
REC-03272,PKG-0328-02,train,LINEAGE-0328,RUN-20260828-01a55fcf
REC-03273,PKG-0328-03,train,LINEAGE-0328,RUN-20260828-01a55fcf
REC-03274,PKG-0328-04,train,LINEAGE-0328,RUN-20260828-01a55fcf
REC-03275,PKG-0328-05,train,LINEAGE-0328,RUN-20260828-01a55fcf
REC-03276,PKG-0328-06,train,LINEAGE-0328,RUN-20260828-01a55fcf
REC-03277,PKG-0328-07,train,LINEAGE-0328,RUN-20260828-01a55fcf
REC-03278,PKG-0328-08,train,LINEAGE-0328,RUN-20260828-01a55fcf
REC-03279,PKG-0328-09,train,LINEAGE-0328,RUN-20260828-01a55fcf
REC-03280,PKG-0328-10,train,LINEAGE-0328,RUN-20260828-01a55fcf
REC-03281,PKG-0329-01,train,LINEAGE-0329,RUN-20260828-01a55fcf
REC-03282,PKG-0329-02,train,LINEAGE-0329,RUN-20260828-01a55fcf
REC-03283,PKG-0329-03,train,LINEAGE-0329,RUN-20260828-01a55fcf
REC-03284,PKG-0329-04,train,LINEAGE-0329,RUN-20260828-01a55fcf
REC-03285,PKG-0329-05,train,LINEAGE-0329,RUN-20260828-01a55fcf
REC-03286,PKG-0329-06,train,LINEAGE-0329,RUN-20260828-01a55fcf
REC-03287,PKG-0329-07,train,LINEAGE-0329,RUN-20260828-01a55fcf
REC-03288,PKG-0329-08,train,LINEAGE-0329,RUN-20260828-01a55fcf
REC-03289,PKG-0329-09,train,LINEAGE-0329,RUN-20260828-01a55fcf
REC-03290,PKG-0329-10,train,LINEAGE-0329,RUN-20260828-01a55fcf
REC-03291,PKG-0330-01,train,LINEAGE-0330,RUN-20260828-01a55fcf
REC-03292,PKG-0330-02,train,LINEAGE-0330,RUN-20260828-01a55fcf
REC-03293,PKG-0330-03,train,LINEAGE-0330,RUN-20260828-01a55fcf
REC-03294,PKG-0330-04,train,LINEAGE-0330,RUN-20260828-01a55fcf
REC-03295,PKG-0330-05,train,LINEAGE-0330,RUN-20260828-01a55fcf
REC-03296,PKG-0330-06,train,LINEAGE-0330,RUN-20260828-01a55fcf
REC-03297,PKG-0330-07,train,LINEAGE-0330,RUN-20260828-01a55fcf
REC-03298,PKG-0330-08,train,LINEAGE-0330,RUN-20260828-01a55fcf
REC-03299,PKG-0330-09,train,LINEAGE-0330,RUN-20260828-01a55fcf
REC-03300,PKG-0330-10,train,LINEAGE-0330,RUN-20260828-01a55fcf
REC-03301,PKG-0331-01,train,LINEAGE-0331,RUN-20260828-01a55fcf
REC-03302,PKG-0331-02,train,LINEAGE-0331,RUN-20260828-01a55fcf
REC-03303,PKG-0331-03,train,LINEAGE-0331,RUN-20260828-01a55fcf
REC-03304,PKG-0331-04,train,LINEAGE-0331,RUN-20260828-01a55fcf
REC-03305,PKG-0331-05,train,LINEAGE-0331,RUN-20260828-01a55fcf
REC-03306,PKG-0331-06,train,LINEAGE-0331,RUN-20260828-01a55fcf
REC-03307,PKG-0331-07,train,LINEAGE-0331,RUN-20260828-01a55fcf
REC-03308,PKG-0331-08,train,LINEAGE-0331,RUN-20260828-01a55fcf
REC-03309,PKG-0331-09,train,LINEAGE-0331,RUN-20260828-01a55fcf
REC-03310,PKG-0331-10,train,LINEAGE-0331,RUN-20260828-01a55fcf
REC-03311,PKG-0332-01,train,LINEAGE-0332,RUN-20260828-01a55fcf
REC-03312,PKG-0332-02,train,LINEAGE-0332,RUN-20260828-01a55fcf
REC-03313,PKG-0332-03,train,LINEAGE-0332,RUN-20260828-01a55fcf
REC-03314,PKG-0332-04,train,LINEAGE-0332,RUN-20260828-01a55fcf
REC-03315,PKG-0332-05,train,LINEAGE-0332,RUN-20260828-01a55fcf
REC-03316,PKG-0332-06,train,LINEAGE-0332,RUN-20260828-01a55fcf
REC-03317,PKG-0332-07,train,LINEAGE-0332,RUN-20260828-01a55fcf
REC-03318,PKG-0332-08,train,LINEAGE-0332,RUN-20260828-01a55fcf
REC-03319,PKG-0332-09,train,LINEAGE-0332,RUN-20260828-01a55fcf
REC-03320,PKG-0332-10,train,LINEAGE-0332,RUN-20260828-01a55fcf
REC-03321,PKG-0333-01,test,LINEAGE-0333,RUN-20260828-01a55fcf
REC-03322,PKG-0333-02,test,LINEAGE-0333,RUN-20260828-01a55fcf
REC-03323,PKG-0333-03,test,LINEAGE-0333,RUN-20260828-01a55fcf
REC-03324,PKG-0333-04,test,LINEAGE-0333,RUN-20260828-01a55fcf
REC-03325,PKG-0333-05,test,LINEAGE-0333,RUN-20260828-01a55fcf
REC-03326,PKG-0333-06,test,LINEAGE-0333,RUN-20260828-01a55fcf
REC-03327,PKG-0333-07,test,LINEAGE-0333,RUN-20260828-01a55fcf
REC-03328,PKG-0333-08,test,LINEAGE-0333,RUN-20260828-01a55fcf
REC-03329,PKG-0333-09,test,LINEAGE-0333,RUN-20260828-01a55fcf
REC-03330,PKG-0333-10,test,LINEAGE-0333,RUN-20260828-01a55fcf
REC-03331,PKG-0334-01,train,LINEAGE-0334,RUN-20260828-01a55fcf
REC-03332,PKG-0334-02,train,LINEAGE-0334,RUN-20260828-01a55fcf
REC-03333,PKG-0334-03,train,LINEAGE-0334,RUN-20260828-01a55fcf
REC-03334,PKG-0334-04,train,LINEAGE-0334,RUN-20260828-01a55fcf
REC-03335,PKG-0334-05,train,LINEAGE-0334,RUN-20260828-01a55fcf
REC-03336,PKG-0334-06,train,LINEAGE-0334,RUN-20260828-01a55fcf
REC-03337,PKG-0334-07,train,LINEAGE-0334,RUN-20260828-01a55fcf
REC-03338,PKG-0334-08,train,LINEAGE-0334,RUN-20260828-01a55fcf
REC-03339,PKG-0334-09,train,LINEAGE-0334,RUN-20260828-01a55fcf
REC-03340,PKG-0334-10,train,LINEAGE-0334,RUN-20260828-01a55fcf
REC-03341,PKG-0335-01,train,LINEAGE-0335,RUN-20260828-01a55fcf
REC-03342,PKG-0335-02,train,LINEAGE-0335,RUN-20260828-01a55fcf
REC-03343,PKG-0335-03,train,LINEAGE-0335,RUN-20260828-01a55fcf
REC-03344,PKG-0335-04,train,LINEAGE-0335,RUN-20260828-01a55fcf
REC-03345,PKG-0335-05,train,LINEAGE-0335,RUN-20260828-01a55fcf
REC-03346,PKG-0335-06,train,LINEAGE-0335,RUN-20260828-01a55fcf
REC-03347,PKG-0335-07,train,LINEAGE-0335,RUN-20260828-01a55fcf
REC-03348,PKG-0335-08,train,LINEAGE-0335,RUN-20260828-01a55fcf
REC-03349,PKG-0335-09,train,LINEAGE-0335,RUN-20260828-01a55fcf
REC-03350,PKG-0335-10,train,LINEAGE-0335,RUN-20260828-01a55fcf
REC-03351,PKG-0336-01,test,LINEAGE-0336,RUN-20260828-01a55fcf
REC-03352,PKG-0336-02,test,LINEAGE-0336,RUN-20260828-01a55fcf
REC-03353,PKG-0336-03,test,LINEAGE-0336,RUN-20260828-01a55fcf
REC-03354,PKG-0336-04,test,LINEAGE-0336,RUN-20260828-01a55fcf
REC-03355,PKG-0336-05,test,LINEAGE-0336,RUN-20260828-01a55fcf
REC-03356,PKG-0336-06,test,LINEAGE-0336,RUN-20260828-01a55fcf
REC-03357,PKG-0336-07,test,LINEAGE-0336,RUN-20260828-01a55fcf
REC-03358,PKG-0336-08,test,LINEAGE-0336,RUN-20260828-01a55fcf
REC-03359,PKG-0336-09,test,LINEAGE-0336,RUN-20260828-01a55fcf
REC-03360,PKG-0336-10,test,LINEAGE-0336,RUN-20260828-01a55fcf
REC-03361,PKG-0337-01,train,LINEAGE-0337,RUN-20260828-01a55fcf
REC-03362,PKG-0337-02,train,LINEAGE-0337,RUN-20260828-01a55fcf
REC-03363,PKG-0337-03,train,LINEAGE-0337,RUN-20260828-01a55fcf
REC-03364,PKG-0337-04,train,LINEAGE-0337,RUN-20260828-01a55fcf
REC-03365,PKG-0337-05,train,LINEAGE-0337,RUN-20260828-01a55fcf
REC-03366,PKG-0337-06,train,LINEAGE-0337,RUN-20260828-01a55fcf
REC-03367,PKG-0337-07,train,LINEAGE-0337,RUN-20260828-01a55fcf
REC-03368,PKG-0337-08,train,LINEAGE-0337,RUN-20260828-01a55fcf
REC-03369,PKG-0337-09,train,LINEAGE-0337,RUN-20260828-01a55fcf
REC-03370,PKG-0337-10,train,LINEAGE-0337,RUN-20260828-01a55fcf
REC-03371,PKG-0338-01,test,LINEAGE-0338,RUN-20260828-01a55fcf
REC-03372,PKG-0338-02,test,LINEAGE-0338,RUN-20260828-01a55fcf
REC-03373,PKG-0338-03,test,LINEAGE-0338,RUN-20260828-01a55fcf
REC-03374,PKG-0338-04,test,LINEAGE-0338,RUN-20260828-01a55fcf
REC-03375,PKG-0338-05,test,LINEAGE-0338,RUN-20260828-01a55fcf
REC-03376,PKG-0338-06,test,LINEAGE-0338,RUN-20260828-01a55fcf
REC-03377,PKG-0338-07,test,LINEAGE-0338,RUN-20260828-01a55fcf
REC-03378,PKG-0338-08,test,LINEAGE-0338,RUN-20260828-01a55fcf
REC-03379,PKG-0338-09,test,LINEAGE-0338,RUN-20260828-01a55fcf
REC-03380,PKG-0338-10,test,LINEAGE-0338,RUN-20260828-01a55fcf
REC-03381,PKG-0339-01,test,LINEAGE-0339,RUN-20260828-01a55fcf
REC-03382,PKG-0339-02,test,LINEAGE-0339,RUN-20260828-01a55fcf
REC-03383,PKG-0339-03,test,LINEAGE-0339,RUN-20260828-01a55fcf
REC-03384,PKG-0339-04,test,LINEAGE-0339,RUN-20260828-01a55fcf
REC-03385,PKG-0339-05,test,LINEAGE-0339,RUN-20260828-01a55fcf
REC-03386,PKG-0339-06,test,LINEAGE-0339,RUN-20260828-01a55fcf
REC-03387,PKG-0339-07,test,LINEAGE-0339,RUN-20260828-01a55fcf
REC-03388,PKG-0339-08,test,LINEAGE-0339,RUN-20260828-01a55fcf
REC-03389,PKG-0339-09,test,LINEAGE-0339,RUN-20260828-01a55fcf
REC-03390,PKG-0339-10,test,LINEAGE-0339,RUN-20260828-01a55fcf
REC-03391,PKG-0340-01,train,LINEAGE-0340,RUN-20260828-01a55fcf
REC-03392,PKG-0340-02,train,LINEAGE-0340,RUN-20260828-01a55fcf
REC-03393,PKG-0340-03,train,LINEAGE-0340,RUN-20260828-01a55fcf
REC-03394,PKG-0340-04,train,LINEAGE-0340,RUN-20260828-01a55fcf
REC-03395,PKG-0340-05,train,LINEAGE-0340,RUN-20260828-01a55fcf
REC-03396,PKG-0340-06,train,LINEAGE-0340,RUN-20260828-01a55fcf
REC-03397,PKG-0340-07,train,LINEAGE-0340,RUN-20260828-01a55fcf
REC-03398,PKG-0340-08,train,LINEAGE-0340,RUN-20260828-01a55fcf
REC-03399,PKG-0340-09,train,LINEAGE-0340,RUN-20260828-01a55fcf
REC-03400,PKG-0340-10,train,LINEAGE-0340,RUN-20260828-01a55fcf
REC-03401,PKG-0341-01,train,LINEAGE-0341,RUN-20260828-01a55fcf
REC-03402,PKG-0341-02,train,LINEAGE-0341,RUN-20260828-01a55fcf
REC-03403,PKG-0341-03,train,LINEAGE-0341,RUN-20260828-01a55fcf
REC-03404,PKG-0341-04,train,LINEAGE-0341,RUN-20260828-01a55fcf
REC-03405,PKG-0341-05,train,LINEAGE-0341,RUN-20260828-01a55fcf
REC-03406,PKG-0341-06,train,LINEAGE-0341,RUN-20260828-01a55fcf
REC-03407,PKG-0341-07,train,LINEAGE-0341,RUN-20260828-01a55fcf
REC-03408,PKG-0341-08,train,LINEAGE-0341,RUN-20260828-01a55fcf
REC-03409,PKG-0341-09,train,LINEAGE-0341,RUN-20260828-01a55fcf
REC-03410,PKG-0341-10,train,LINEAGE-0341,RUN-20260828-01a55fcf
REC-03411,PKG-0342-01,train,LINEAGE-0342,RUN-20260828-01a55fcf
REC-03412,PKG-0342-02,train,LINEAGE-0342,RUN-20260828-01a55fcf
REC-03413,PKG-0342-03,train,LINEAGE-0342,RUN-20260828-01a55fcf
REC-03414,PKG-0342-04,train,LINEAGE-0342,RUN-20260828-01a55fcf
REC-03415,PKG-0342-05,train,LINEAGE-0342,RUN-20260828-01a55fcf
REC-03416,PKG-0342-06,train,LINEAGE-0342,RUN-20260828-01a55fcf
REC-03417,PKG-0342-07,train,LINEAGE-0342,RUN-20260828-01a55fcf
REC-03418,PKG-0342-08,train,LINEAGE-0342,RUN-20260828-01a55fcf
REC-03419,PKG-0342-09,train,LINEAGE-0342,RUN-20260828-01a55fcf
REC-03420,PKG-0342-10,train,LINEAGE-0342,RUN-20260828-01a55fcf
REC-03421,PKG-0343-01,train,LINEAGE-0343,RUN-20260828-01a55fcf
REC-03422,PKG-0343-02,train,LINEAGE-0343,RUN-20260828-01a55fcf
REC-03423,PKG-0343-03,train,LINEAGE-0343,RUN-20260828-01a55fcf
REC-03424,PKG-0343-04,train,LINEAGE-0343,RUN-20260828-01a55fcf
REC-03425,PKG-0343-05,train,LINEAGE-0343,RUN-20260828-01a55fcf
REC-03426,PKG-0343-06,train,LINEAGE-0343,RUN-20260828-01a55fcf
REC-03427,PKG-0343-07,train,LINEAGE-0343,RUN-20260828-01a55fcf
REC-03428,PKG-0343-08,train,LINEAGE-0343,RUN-20260828-01a55fcf
REC-03429,PKG-0343-09,train,LINEAGE-0343,RUN-20260828-01a55fcf
REC-03430,PKG-0343-10,train,LINEAGE-0343,RUN-20260828-01a55fcf
REC-03431,PKG-0344-01,train,LINEAGE-0344,RUN-20260828-01a55fcf
REC-03432,PKG-0344-02,train,LINEAGE-0344,RUN-20260828-01a55fcf
REC-03433,PKG-0344-03,train,LINEAGE-0344,RUN-20260828-01a55fcf
REC-03434,PKG-0344-04,train,LINEAGE-0344,RUN-20260828-01a55fcf
REC-03435,PKG-0344-05,train,LINEAGE-0344,RUN-20260828-01a55fcf
REC-03436,PKG-0344-06,train,LINEAGE-0344,RUN-20260828-01a55fcf
REC-03437,PKG-0344-07,train,LINEAGE-0344,RUN-20260828-01a55fcf
REC-03438,PKG-0344-08,train,LINEAGE-0344,RUN-20260828-01a55fcf
REC-03439,PKG-0344-09,train,LINEAGE-0344,RUN-20260828-01a55fcf
REC-03440,PKG-0344-10,train,LINEAGE-0344,RUN-20260828-01a55fcf
REC-03441,PKG-0345-01,train,LINEAGE-0345,RUN-20260828-01a55fcf
REC-03442,PKG-0345-02,train,LINEAGE-0345,RUN-20260828-01a55fcf
REC-03443,PKG-0345-03,train,LINEAGE-0345,RUN-20260828-01a55fcf
REC-03444,PKG-0345-04,train,LINEAGE-0345,RUN-20260828-01a55fcf
REC-03445,PKG-0345-05,train,LINEAGE-0345,RUN-20260828-01a55fcf
REC-03446,PKG-0345-06,train,LINEAGE-0345,RUN-20260828-01a55fcf
REC-03447,PKG-0345-07,train,LINEAGE-0345,RUN-20260828-01a55fcf
REC-03448,PKG-0345-08,train,LINEAGE-0345,RUN-20260828-01a55fcf
REC-03449,PKG-0345-09,train,LINEAGE-0345,RUN-20260828-01a55fcf
REC-03450,PKG-0345-10,train,LINEAGE-0345,RUN-20260828-01a55fcf
REC-03451,PKG-0346-01,train,LINEAGE-0346,RUN-20260828-01a55fcf
REC-03452,PKG-0346-02,train,LINEAGE-0346,RUN-20260828-01a55fcf
REC-03453,PKG-0346-03,train,LINEAGE-0346,RUN-20260828-01a55fcf
REC-03454,PKG-0346-04,train,LINEAGE-0346,RUN-20260828-01a55fcf
REC-03455,PKG-0346-05,train,LINEAGE-0346,RUN-20260828-01a55fcf
REC-03456,PKG-0346-06,train,LINEAGE-0346,RUN-20260828-01a55fcf
REC-03457,PKG-0346-07,train,LINEAGE-0346,RUN-20260828-01a55fcf
REC-03458,PKG-0346-08,train,LINEAGE-0346,RUN-20260828-01a55fcf
REC-03459,PKG-0346-09,train,LINEAGE-0346,RUN-20260828-01a55fcf
REC-03460,PKG-0346-10,train,LINEAGE-0346,RUN-20260828-01a55fcf
REC-03461,PKG-0347-01,validation,LINEAGE-0347,RUN-20260828-01a55fcf
REC-03462,PKG-0347-02,validation,LINEAGE-0347,RUN-20260828-01a55fcf
REC-03463,PKG-0347-03,validation,LINEAGE-0347,RUN-20260828-01a55fcf
REC-03464,PKG-0347-04,validation,LINEAGE-0347,RUN-20260828-01a55fcf
REC-03465,PKG-0347-05,validation,LINEAGE-0347,RUN-20260828-01a55fcf
REC-03466,PKG-0347-06,validation,LINEAGE-0347,RUN-20260828-01a55fcf
REC-03467,PKG-0347-07,validation,LINEAGE-0347,RUN-20260828-01a55fcf
REC-03468,PKG-0347-08,validation,LINEAGE-0347,RUN-20260828-01a55fcf
REC-03469,PKG-0347-09,validation,LINEAGE-0347,RUN-20260828-01a55fcf
REC-03470,PKG-0347-10,validation,LINEAGE-0347,RUN-20260828-01a55fcf
REC-03471,PKG-0348-01,train,LINEAGE-0348,RUN-20260828-01a55fcf
REC-03472,PKG-0348-02,train,LINEAGE-0348,RUN-20260828-01a55fcf
REC-03473,PKG-0348-03,train,LINEAGE-0348,RUN-20260828-01a55fcf
REC-03474,PKG-0348-04,train,LINEAGE-0348,RUN-20260828-01a55fcf
REC-03475,PKG-0348-05,train,LINEAGE-0348,RUN-20260828-01a55fcf
REC-03476,PKG-0348-06,train,LINEAGE-0348,RUN-20260828-01a55fcf
REC-03477,PKG-0348-07,train,LINEAGE-0348,RUN-20260828-01a55fcf
REC-03478,PKG-0348-08,train,LINEAGE-0348,RUN-20260828-01a55fcf
REC-03479,PKG-0348-09,train,LINEAGE-0348,RUN-20260828-01a55fcf
REC-03480,PKG-0348-10,train,LINEAGE-0348,RUN-20260828-01a55fcf
REC-03481,PKG-0349-01,train,LINEAGE-0349,RUN-20260828-01a55fcf
REC-03482,PKG-0349-02,train,LINEAGE-0349,RUN-20260828-01a55fcf
REC-03483,PKG-0349-03,train,LINEAGE-0349,RUN-20260828-01a55fcf
REC-03484,PKG-0349-04,train,LINEAGE-0349,RUN-20260828-01a55fcf
REC-03485,PKG-0349-05,train,LINEAGE-0349,RUN-20260828-01a55fcf
REC-03486,PKG-0349-06,train,LINEAGE-0349,RUN-20260828-01a55fcf
REC-03487,PKG-0349-07,train,LINEAGE-0349,RUN-20260828-01a55fcf
REC-03488,PKG-0349-08,train,LINEAGE-0349,RUN-20260828-01a55fcf
REC-03489,PKG-0349-09,train,LINEAGE-0349,RUN-20260828-01a55fcf
REC-03490,PKG-0349-10,train,LINEAGE-0349,RUN-20260828-01a55fcf
REC-03491,PKG-0350-01,train,LINEAGE-0350,RUN-20260828-01a55fcf
REC-03492,PKG-0350-02,train,LINEAGE-0350,RUN-20260828-01a55fcf
REC-03493,PKG-0350-03,train,LINEAGE-0350,RUN-20260828-01a55fcf
REC-03494,PKG-0350-04,train,LINEAGE-0350,RUN-20260828-01a55fcf
REC-03495,PKG-0350-05,train,LINEAGE-0350,RUN-20260828-01a55fcf
REC-03496,PKG-0350-06,train,LINEAGE-0350,RUN-20260828-01a55fcf
REC-03497,PKG-0350-07,train,LINEAGE-0350,RUN-20260828-01a55fcf
REC-03498,PKG-0350-08,train,LINEAGE-0350,RUN-20260828-01a55fcf
REC-03499,PKG-0350-09,train,LINEAGE-0350,RUN-20260828-01a55fcf
REC-03500,PKG-0350-10,train,LINEAGE-0350,RUN-20260828-01a55fcf
REC-03501,PKG-0351-01,train,LINEAGE-0351,RUN-20260828-01a55fcf
REC-03502,PKG-0351-02,train,LINEAGE-0351,RUN-20260828-01a55fcf
REC-03503,PKG-0351-03,train,LINEAGE-0351,RUN-20260828-01a55fcf
REC-03504,PKG-0351-04,train,LINEAGE-0351,RUN-20260828-01a55fcf
REC-03505,PKG-0351-05,train,LINEAGE-0351,RUN-20260828-01a55fcf
REC-03506,PKG-0351-06,train,LINEAGE-0351,RUN-20260828-01a55fcf
REC-03507,PKG-0351-07,train,LINEAGE-0351,RUN-20260828-01a55fcf
REC-03508,PKG-0351-08,train,LINEAGE-0351,RUN-20260828-01a55fcf
REC-03509,PKG-0351-09,train,LINEAGE-0351,RUN-20260828-01a55fcf
REC-03510,PKG-0351-10,train,LINEAGE-0351,RUN-20260828-01a55fcf
REC-03511,PKG-0352-01,test,LINEAGE-0352,RUN-20260828-01a55fcf
REC-03512,PKG-0352-02,test,LINEAGE-0352,RUN-20260828-01a55fcf
REC-03513,PKG-0352-03,test,LINEAGE-0352,RUN-20260828-01a55fcf
REC-03514,PKG-0352-04,test,LINEAGE-0352,RUN-20260828-01a55fcf
REC-03515,PKG-0352-05,test,LINEAGE-0352,RUN-20260828-01a55fcf
REC-03516,PKG-0352-06,test,LINEAGE-0352,RUN-20260828-01a55fcf
REC-03517,PKG-0352-07,test,LINEAGE-0352,RUN-20260828-01a55fcf
REC-03518,PKG-0352-08,test,LINEAGE-0352,RUN-20260828-01a55fcf
REC-03519,PKG-0352-09,test,LINEAGE-0352,RUN-20260828-01a55fcf
REC-03520,PKG-0352-10,test,LINEAGE-0352,RUN-20260828-01a55fcf
REC-03521,PKG-0353-01,train,LINEAGE-0353,RUN-20260828-01a55fcf
REC-03522,PKG-0353-02,train,LINEAGE-0353,RUN-20260828-01a55fcf
REC-03523,PKG-0353-03,train,LINEAGE-0353,RUN-20260828-01a55fcf
REC-03524,PKG-0353-04,train,LINEAGE-0353,RUN-20260828-01a55fcf
REC-03525,PKG-0353-05,train,LINEAGE-0353,RUN-20260828-01a55fcf
REC-03526,PKG-0353-06,train,LINEAGE-0353,RUN-20260828-01a55fcf
REC-03527,PKG-0353-07,train,LINEAGE-0353,RUN-20260828-01a55fcf
REC-03528,PKG-0353-08,train,LINEAGE-0353,RUN-20260828-01a55fcf
REC-03529,PKG-0353-09,train,LINEAGE-0353,RUN-20260828-01a55fcf
REC-03530,PKG-0353-10,train,LINEAGE-0353,RUN-20260828-01a55fcf
REC-03531,PKG-0354-01,test,LINEAGE-0354,RUN-20260828-01a55fcf
REC-03532,PKG-0354-02,test,LINEAGE-0354,RUN-20260828-01a55fcf
REC-03533,PKG-0354-03,test,LINEAGE-0354,RUN-20260828-01a55fcf
REC-03534,PKG-0354-04,test,LINEAGE-0354,RUN-20260828-01a55fcf
REC-03535,PKG-0354-05,test,LINEAGE-0354,RUN-20260828-01a55fcf
REC-03536,PKG-0354-06,test,LINEAGE-0354,RUN-20260828-01a55fcf
REC-03537,PKG-0354-07,test,LINEAGE-0354,RUN-20260828-01a55fcf
REC-03538,PKG-0354-08,test,LINEAGE-0354,RUN-20260828-01a55fcf
REC-03539,PKG-0354-09,test,LINEAGE-0354,RUN-20260828-01a55fcf
REC-03540,PKG-0354-10,test,LINEAGE-0354,RUN-20260828-01a55fcf
REC-03541,PKG-0355-01,train,LINEAGE-0355,RUN-20260828-01a55fcf
REC-03542,PKG-0355-02,train,LINEAGE-0355,RUN-20260828-01a55fcf
REC-03543,PKG-0355-03,train,LINEAGE-0355,RUN-20260828-01a55fcf
REC-03544,PKG-0355-04,train,LINEAGE-0355,RUN-20260828-01a55fcf
REC-03545,PKG-0355-05,train,LINEAGE-0355,RUN-20260828-01a55fcf
REC-03546,PKG-0355-06,train,LINEAGE-0355,RUN-20260828-01a55fcf
REC-03547,PKG-0355-07,train,LINEAGE-0355,RUN-20260828-01a55fcf
REC-03548,PKG-0355-08,train,LINEAGE-0355,RUN-20260828-01a55fcf
REC-03549,PKG-0355-09,train,LINEAGE-0355,RUN-20260828-01a55fcf
REC-03550,PKG-0355-10,train,LINEAGE-0355,RUN-20260828-01a55fcf
REC-03551,PKG-0356-01,validation,LINEAGE-0356,RUN-20260828-01a55fcf
REC-03552,PKG-0356-02,validation,LINEAGE-0356,RUN-20260828-01a55fcf
REC-03553,PKG-0356-03,validation,LINEAGE-0356,RUN-20260828-01a55fcf
REC-03554,PKG-0356-04,validation,LINEAGE-0356,RUN-20260828-01a55fcf
REC-03555,PKG-0356-05,validation,LINEAGE-0356,RUN-20260828-01a55fcf
REC-03556,PKG-0356-06,validation,LINEAGE-0356,RUN-20260828-01a55fcf
REC-03557,PKG-0356-07,validation,LINEAGE-0356,RUN-20260828-01a55fcf
REC-03558,PKG-0356-08,validation,LINEAGE-0356,RUN-20260828-01a55fcf
REC-03559,PKG-0356-09,validation,LINEAGE-0356,RUN-20260828-01a55fcf
REC-03560,PKG-0356-10,validation,LINEAGE-0356,RUN-20260828-01a55fcf
REC-03561,PKG-0357-01,train,LINEAGE-0357,RUN-20260828-01a55fcf
REC-03562,PKG-0357-02,train,LINEAGE-0357,RUN-20260828-01a55fcf
REC-03563,PKG-0357-03,train,LINEAGE-0357,RUN-20260828-01a55fcf
REC-03564,PKG-0357-04,train,LINEAGE-0357,RUN-20260828-01a55fcf
REC-03565,PKG-0357-05,train,LINEAGE-0357,RUN-20260828-01a55fcf
REC-03566,PKG-0357-06,train,LINEAGE-0357,RUN-20260828-01a55fcf
REC-03567,PKG-0357-07,train,LINEAGE-0357,RUN-20260828-01a55fcf
REC-03568,PKG-0357-08,train,LINEAGE-0357,RUN-20260828-01a55fcf
REC-03569,PKG-0357-09,train,LINEAGE-0357,RUN-20260828-01a55fcf
REC-03570,PKG-0357-10,train,LINEAGE-0357,RUN-20260828-01a55fcf
REC-03571,PKG-0358-01,train,LINEAGE-0358,RUN-20260828-01a55fcf
REC-03572,PKG-0358-02,train,LINEAGE-0358,RUN-20260828-01a55fcf
REC-03573,PKG-0358-03,train,LINEAGE-0358,RUN-20260828-01a55fcf
REC-03574,PKG-0358-04,train,LINEAGE-0358,RUN-20260828-01a55fcf
REC-03575,PKG-0358-05,train,LINEAGE-0358,RUN-20260828-01a55fcf
REC-03576,PKG-0358-06,train,LINEAGE-0358,RUN-20260828-01a55fcf
REC-03577,PKG-0358-07,train,LINEAGE-0358,RUN-20260828-01a55fcf
REC-03578,PKG-0358-08,train,LINEAGE-0358,RUN-20260828-01a55fcf
REC-03579,PKG-0358-09,train,LINEAGE-0358,RUN-20260828-01a55fcf
REC-03580,PKG-0358-10,train,LINEAGE-0358,RUN-20260828-01a55fcf
REC-03581,PKG-0359-01,validation,LINEAGE-0359,RUN-20260828-01a55fcf
REC-03582,PKG-0359-02,validation,LINEAGE-0359,RUN-20260828-01a55fcf
REC-03583,PKG-0359-03,validation,LINEAGE-0359,RUN-20260828-01a55fcf
REC-03584,PKG-0359-04,validation,LINEAGE-0359,RUN-20260828-01a55fcf
REC-03585,PKG-0359-05,validation,LINEAGE-0359,RUN-20260828-01a55fcf
REC-03586,PKG-0359-06,validation,LINEAGE-0359,RUN-20260828-01a55fcf
REC-03587,PKG-0359-07,validation,LINEAGE-0359,RUN-20260828-01a55fcf
REC-03588,PKG-0359-08,validation,LINEAGE-0359,RUN-20260828-01a55fcf
REC-03589,PKG-0359-09,validation,LINEAGE-0359,RUN-20260828-01a55fcf
REC-03590,PKG-0359-10,validation,LINEAGE-0359,RUN-20260828-01a55fcf
REC-03591,PKG-0360-01,test,LINEAGE-0360,RUN-20260828-01a55fcf
REC-03592,PKG-0360-02,test,LINEAGE-0360,RUN-20260828-01a55fcf
REC-03593,PKG-0360-03,test,LINEAGE-0360,RUN-20260828-01a55fcf
REC-03594,PKG-0360-04,test,LINEAGE-0360,RUN-20260828-01a55fcf
REC-03595,PKG-0360-05,test,LINEAGE-0360,RUN-20260828-01a55fcf
REC-03596,PKG-0360-06,test,LINEAGE-0360,RUN-20260828-01a55fcf
REC-03597,PKG-0360-07,test,LINEAGE-0360,RUN-20260828-01a55fcf
REC-03598,PKG-0360-08,test,LINEAGE-0360,RUN-20260828-01a55fcf
REC-03599,PKG-0360-09,test,LINEAGE-0360,RUN-20260828-01a55fcf
REC-03600,PKG-0360-10,test,LINEAGE-0360,RUN-20260828-01a55fcf
REC-03601,PKG-0361-01,test,LINEAGE-0361,RUN-20260828-01a55fcf
REC-03602,PKG-0361-02,test,LINEAGE-0361,RUN-20260828-01a55fcf
REC-03603,PKG-0361-03,test,LINEAGE-0361,RUN-20260828-01a55fcf
REC-03604,PKG-0361-04,test,LINEAGE-0361,RUN-20260828-01a55fcf
REC-03605,PKG-0361-05,test,LINEAGE-0361,RUN-20260828-01a55fcf
REC-03606,PKG-0361-06,test,LINEAGE-0361,RUN-20260828-01a55fcf
REC-03607,PKG-0361-07,test,LINEAGE-0361,RUN-20260828-01a55fcf
REC-03608,PKG-0361-08,test,LINEAGE-0361,RUN-20260828-01a55fcf
REC-03609,PKG-0361-09,test,LINEAGE-0361,RUN-20260828-01a55fcf
REC-03610,PKG-0361-10,test,LINEAGE-0361,RUN-20260828-01a55fcf
REC-03611,PKG-0362-01,train,LINEAGE-0362,RUN-20260828-01a55fcf
REC-03612,PKG-0362-02,train,LINEAGE-0362,RUN-20260828-01a55fcf
REC-03613,PKG-0362-03,train,LINEAGE-0362,RUN-20260828-01a55fcf
REC-03614,PKG-0362-04,train,LINEAGE-0362,RUN-20260828-01a55fcf
REC-03615,PKG-0362-05,train,LINEAGE-0362,RUN-20260828-01a55fcf
REC-03616,PKG-0362-06,train,LINEAGE-0362,RUN-20260828-01a55fcf
REC-03617,PKG-0362-07,train,LINEAGE-0362,RUN-20260828-01a55fcf
REC-03618,PKG-0362-08,train,LINEAGE-0362,RUN-20260828-01a55fcf
REC-03619,PKG-0362-09,train,LINEAGE-0362,RUN-20260828-01a55fcf
REC-03620,PKG-0362-10,train,LINEAGE-0362,RUN-20260828-01a55fcf
REC-03621,PKG-0363-01,train,LINEAGE-0363,RUN-20260828-01a55fcf
REC-03622,PKG-0363-02,train,LINEAGE-0363,RUN-20260828-01a55fcf
REC-03623,PKG-0363-03,train,LINEAGE-0363,RUN-20260828-01a55fcf
REC-03624,PKG-0363-04,train,LINEAGE-0363,RUN-20260828-01a55fcf
REC-03625,PKG-0363-05,train,LINEAGE-0363,RUN-20260828-01a55fcf
REC-03626,PKG-0363-06,train,LINEAGE-0363,RUN-20260828-01a55fcf
REC-03627,PKG-0363-07,train,LINEAGE-0363,RUN-20260828-01a55fcf
REC-03628,PKG-0363-08,train,LINEAGE-0363,RUN-20260828-01a55fcf
REC-03629,PKG-0363-09,train,LINEAGE-0363,RUN-20260828-01a55fcf
REC-03630,PKG-0363-10,train,LINEAGE-0363,RUN-20260828-01a55fcf
REC-03631,PKG-0364-01,train,LINEAGE-0364,RUN-20260828-01a55fcf
REC-03632,PKG-0364-02,train,LINEAGE-0364,RUN-20260828-01a55fcf
REC-03633,PKG-0364-03,train,LINEAGE-0364,RUN-20260828-01a55fcf
REC-03634,PKG-0364-04,train,LINEAGE-0364,RUN-20260828-01a55fcf
REC-03635,PKG-0364-05,train,LINEAGE-0364,RUN-20260828-01a55fcf
REC-03636,PKG-0364-06,train,LINEAGE-0364,RUN-20260828-01a55fcf
REC-03637,PKG-0364-07,train,LINEAGE-0364,RUN-20260828-01a55fcf
REC-03638,PKG-0364-08,train,LINEAGE-0364,RUN-20260828-01a55fcf
REC-03639,PKG-0364-09,train,LINEAGE-0364,RUN-20260828-01a55fcf
REC-03640,PKG-0364-10,train,LINEAGE-0364,RUN-20260828-01a55fcf
REC-03641,PKG-0365-01,train,LINEAGE-0365,RUN-20260828-01a55fcf
REC-03642,PKG-0365-02,train,LINEAGE-0365,RUN-20260828-01a55fcf
REC-03643,PKG-0365-03,train,LINEAGE-0365,RUN-20260828-01a55fcf
REC-03644,PKG-0365-04,train,LINEAGE-0365,RUN-20260828-01a55fcf
REC-03645,PKG-0365-05,train,LINEAGE-0365,RUN-20260828-01a55fcf
REC-03646,PKG-0365-06,train,LINEAGE-0365,RUN-20260828-01a55fcf
REC-03647,PKG-0365-07,train,LINEAGE-0365,RUN-20260828-01a55fcf
REC-03648,PKG-0365-08,train,LINEAGE-0365,RUN-20260828-01a55fcf
REC-03649,PKG-0365-09,train,LINEAGE-0365,RUN-20260828-01a55fcf
REC-03650,PKG-0365-10,train,LINEAGE-0365,RUN-20260828-01a55fcf
REC-03651,PKG-0366-01,train,LINEAGE-0366,RUN-20260828-01a55fcf
REC-03652,PKG-0366-02,train,LINEAGE-0366,RUN-20260828-01a55fcf
REC-03653,PKG-0366-03,train,LINEAGE-0366,RUN-20260828-01a55fcf
REC-03654,PKG-0366-04,train,LINEAGE-0366,RUN-20260828-01a55fcf
REC-03655,PKG-0366-05,train,LINEAGE-0366,RUN-20260828-01a55fcf
REC-03656,PKG-0366-06,train,LINEAGE-0366,RUN-20260828-01a55fcf
REC-03657,PKG-0366-07,train,LINEAGE-0366,RUN-20260828-01a55fcf
REC-03658,PKG-0366-08,train,LINEAGE-0366,RUN-20260828-01a55fcf
REC-03659,PKG-0366-09,train,LINEAGE-0366,RUN-20260828-01a55fcf
REC-03660,PKG-0366-10,train,LINEAGE-0366,RUN-20260828-01a55fcf
REC-03661,PKG-0367-01,validation,LINEAGE-0367,RUN-20260828-01a55fcf
REC-03662,PKG-0367-02,validation,LINEAGE-0367,RUN-20260828-01a55fcf
REC-03663,PKG-0367-03,validation,LINEAGE-0367,RUN-20260828-01a55fcf
REC-03664,PKG-0367-04,validation,LINEAGE-0367,RUN-20260828-01a55fcf
REC-03665,PKG-0367-05,validation,LINEAGE-0367,RUN-20260828-01a55fcf
REC-03666,PKG-0367-06,validation,LINEAGE-0367,RUN-20260828-01a55fcf
REC-03667,PKG-0367-07,validation,LINEAGE-0367,RUN-20260828-01a55fcf
REC-03668,PKG-0367-08,validation,LINEAGE-0367,RUN-20260828-01a55fcf
REC-03669,PKG-0367-09,validation,LINEAGE-0367,RUN-20260828-01a55fcf
REC-03670,PKG-0367-10,validation,LINEAGE-0367,RUN-20260828-01a55fcf
REC-03671,PKG-0368-01,train,LINEAGE-0368,RUN-20260828-01a55fcf
REC-03672,PKG-0368-02,train,LINEAGE-0368,RUN-20260828-01a55fcf
REC-03673,PKG-0368-03,train,LINEAGE-0368,RUN-20260828-01a55fcf
REC-03674,PKG-0368-04,train,LINEAGE-0368,RUN-20260828-01a55fcf
REC-03675,PKG-0368-05,train,LINEAGE-0368,RUN-20260828-01a55fcf
REC-03676,PKG-0368-06,train,LINEAGE-0368,RUN-20260828-01a55fcf
REC-03677,PKG-0368-07,train,LINEAGE-0368,RUN-20260828-01a55fcf
REC-03678,PKG-0368-08,train,LINEAGE-0368,RUN-20260828-01a55fcf
REC-03679,PKG-0368-09,train,LINEAGE-0368,RUN-20260828-01a55fcf
REC-03680,PKG-0368-10,train,LINEAGE-0368,RUN-20260828-01a55fcf
REC-03681,PKG-0369-01,validation,LINEAGE-0369,RUN-20260828-01a55fcf
REC-03682,PKG-0369-02,validation,LINEAGE-0369,RUN-20260828-01a55fcf
REC-03683,PKG-0369-03,validation,LINEAGE-0369,RUN-20260828-01a55fcf
REC-03684,PKG-0369-04,validation,LINEAGE-0369,RUN-20260828-01a55fcf
REC-03685,PKG-0369-05,validation,LINEAGE-0369,RUN-20260828-01a55fcf
REC-03686,PKG-0369-06,validation,LINEAGE-0369,RUN-20260828-01a55fcf
REC-03687,PKG-0369-07,validation,LINEAGE-0369,RUN-20260828-01a55fcf
REC-03688,PKG-0369-08,validation,LINEAGE-0369,RUN-20260828-01a55fcf
REC-03689,PKG-0369-09,validation,LINEAGE-0369,RUN-20260828-01a55fcf
REC-03690,PKG-0369-10,validation,LINEAGE-0369,RUN-20260828-01a55fcf
REC-03691,PKG-0370-01,train,LINEAGE-0370,RUN-20260828-01a55fcf
REC-03692,PKG-0370-02,train,LINEAGE-0370,RUN-20260828-01a55fcf
REC-03693,PKG-0370-03,train,LINEAGE-0370,RUN-20260828-01a55fcf
REC-03694,PKG-0370-04,train,LINEAGE-0370,RUN-20260828-01a55fcf
REC-03695,PKG-0370-05,train,LINEAGE-0370,RUN-20260828-01a55fcf
REC-03696,PKG-0370-06,train,LINEAGE-0370,RUN-20260828-01a55fcf
REC-03697,PKG-0370-07,train,LINEAGE-0370,RUN-20260828-01a55fcf
REC-03698,PKG-0370-08,train,LINEAGE-0370,RUN-20260828-01a55fcf
REC-03699,PKG-0370-09,train,LINEAGE-0370,RUN-20260828-01a55fcf
REC-03700,PKG-0370-10,train,LINEAGE-0370,RUN-20260828-01a55fcf
REC-03701,PKG-0371-01,train,LINEAGE-0371,RUN-20260828-01a55fcf
REC-03702,PKG-0371-02,train,LINEAGE-0371,RUN-20260828-01a55fcf
REC-03703,PKG-0371-03,train,LINEAGE-0371,RUN-20260828-01a55fcf
REC-03704,PKG-0371-04,train,LINEAGE-0371,RUN-20260828-01a55fcf
REC-03705,PKG-0371-05,train,LINEAGE-0371,RUN-20260828-01a55fcf
REC-03706,PKG-0371-06,train,LINEAGE-0371,RUN-20260828-01a55fcf
REC-03707,PKG-0371-07,train,LINEAGE-0371,RUN-20260828-01a55fcf
REC-03708,PKG-0371-08,train,LINEAGE-0371,RUN-20260828-01a55fcf
REC-03709,PKG-0371-09,train,LINEAGE-0371,RUN-20260828-01a55fcf
REC-03710,PKG-0371-10,train,LINEAGE-0371,RUN-20260828-01a55fcf
REC-03711,PKG-0372-01,train,LINEAGE-0372,RUN-20260828-01a55fcf
REC-03712,PKG-0372-02,train,LINEAGE-0372,RUN-20260828-01a55fcf
REC-03713,PKG-0372-03,train,LINEAGE-0372,RUN-20260828-01a55fcf
REC-03714,PKG-0372-04,train,LINEAGE-0372,RUN-20260828-01a55fcf
REC-03715,PKG-0372-05,train,LINEAGE-0372,RUN-20260828-01a55fcf
REC-03716,PKG-0372-06,train,LINEAGE-0372,RUN-20260828-01a55fcf
REC-03717,PKG-0372-07,train,LINEAGE-0372,RUN-20260828-01a55fcf
REC-03718,PKG-0372-08,train,LINEAGE-0372,RUN-20260828-01a55fcf
REC-03719,PKG-0372-09,train,LINEAGE-0372,RUN-20260828-01a55fcf
REC-03720,PKG-0372-10,train,LINEAGE-0372,RUN-20260828-01a55fcf
REC-03721,PKG-0373-01,train,LINEAGE-0373,RUN-20260828-01a55fcf
REC-03722,PKG-0373-02,train,LINEAGE-0373,RUN-20260828-01a55fcf
REC-03723,PKG-0373-03,train,LINEAGE-0373,RUN-20260828-01a55fcf
REC-03724,PKG-0373-04,train,LINEAGE-0373,RUN-20260828-01a55fcf
REC-03725,PKG-0373-05,train,LINEAGE-0373,RUN-20260828-01a55fcf
REC-03726,PKG-0373-06,train,LINEAGE-0373,RUN-20260828-01a55fcf
REC-03727,PKG-0373-07,train,LINEAGE-0373,RUN-20260828-01a55fcf
REC-03728,PKG-0373-08,train,LINEAGE-0373,RUN-20260828-01a55fcf
REC-03729,PKG-0373-09,train,LINEAGE-0373,RUN-20260828-01a55fcf
REC-03730,PKG-0373-10,train,LINEAGE-0373,RUN-20260828-01a55fcf
REC-03731,PKG-0374-01,train,LINEAGE-0374,RUN-20260828-01a55fcf
REC-03732,PKG-0374-02,train,LINEAGE-0374,RUN-20260828-01a55fcf
REC-03733,PKG-0374-03,train,LINEAGE-0374,RUN-20260828-01a55fcf
REC-03734,PKG-0374-04,train,LINEAGE-0374,RUN-20260828-01a55fcf
REC-03735,PKG-0374-05,train,LINEAGE-0374,RUN-20260828-01a55fcf
REC-03736,PKG-0374-06,train,LINEAGE-0374,RUN-20260828-01a55fcf
REC-03737,PKG-0374-07,train,LINEAGE-0374,RUN-20260828-01a55fcf
REC-03738,PKG-0374-08,train,LINEAGE-0374,RUN-20260828-01a55fcf
REC-03739,PKG-0374-09,train,LINEAGE-0374,RUN-20260828-01a55fcf
REC-03740,PKG-0374-10,train,LINEAGE-0374,RUN-20260828-01a55fcf
REC-03741,PKG-0375-01,train,LINEAGE-0375,RUN-20260828-01a55fcf
REC-03742,PKG-0375-02,train,LINEAGE-0375,RUN-20260828-01a55fcf
REC-03743,PKG-0375-03,train,LINEAGE-0375,RUN-20260828-01a55fcf
REC-03744,PKG-0375-04,train,LINEAGE-0375,RUN-20260828-01a55fcf
REC-03745,PKG-0375-05,train,LINEAGE-0375,RUN-20260828-01a55fcf
REC-03746,PKG-0375-06,train,LINEAGE-0375,RUN-20260828-01a55fcf
REC-03747,PKG-0375-07,train,LINEAGE-0375,RUN-20260828-01a55fcf
REC-03748,PKG-0375-08,train,LINEAGE-0375,RUN-20260828-01a55fcf
REC-03749,PKG-0375-09,train,LINEAGE-0375,RUN-20260828-01a55fcf
REC-03750,PKG-0375-10,train,LINEAGE-0375,RUN-20260828-01a55fcf
REC-03751,PKG-0376-01,train,LINEAGE-0376,RUN-20260828-01a55fcf
REC-03752,PKG-0376-02,train,LINEAGE-0376,RUN-20260828-01a55fcf
REC-03753,PKG-0376-03,train,LINEAGE-0376,RUN-20260828-01a55fcf
REC-03754,PKG-0376-04,train,LINEAGE-0376,RUN-20260828-01a55fcf
REC-03755,PKG-0376-05,train,LINEAGE-0376,RUN-20260828-01a55fcf
REC-03756,PKG-0376-06,train,LINEAGE-0376,RUN-20260828-01a55fcf
REC-03757,PKG-0376-07,train,LINEAGE-0376,RUN-20260828-01a55fcf
REC-03758,PKG-0376-08,train,LINEAGE-0376,RUN-20260828-01a55fcf
REC-03759,PKG-0376-09,train,LINEAGE-0376,RUN-20260828-01a55fcf
REC-03760,PKG-0376-10,train,LINEAGE-0376,RUN-20260828-01a55fcf
REC-03761,PKG-0377-01,train,LINEAGE-0377,RUN-20260828-01a55fcf
REC-03762,PKG-0377-02,train,LINEAGE-0377,RUN-20260828-01a55fcf
REC-03763,PKG-0377-03,train,LINEAGE-0377,RUN-20260828-01a55fcf
REC-03764,PKG-0377-04,train,LINEAGE-0377,RUN-20260828-01a55fcf
REC-03765,PKG-0377-05,train,LINEAGE-0377,RUN-20260828-01a55fcf
REC-03766,PKG-0377-06,train,LINEAGE-0377,RUN-20260828-01a55fcf
REC-03767,PKG-0377-07,train,LINEAGE-0377,RUN-20260828-01a55fcf
REC-03768,PKG-0377-08,train,LINEAGE-0377,RUN-20260828-01a55fcf
REC-03769,PKG-0377-09,train,LINEAGE-0377,RUN-20260828-01a55fcf
REC-03770,PKG-0377-10,train,LINEAGE-0377,RUN-20260828-01a55fcf
REC-03771,PKG-0378-01,train,LINEAGE-0378,RUN-20260828-01a55fcf
REC-03772,PKG-0378-02,train,LINEAGE-0378,RUN-20260828-01a55fcf
REC-03773,PKG-0378-03,train,LINEAGE-0378,RUN-20260828-01a55fcf
REC-03774,PKG-0378-04,train,LINEAGE-0378,RUN-20260828-01a55fcf
REC-03775,PKG-0378-05,train,LINEAGE-0378,RUN-20260828-01a55fcf
REC-03776,PKG-0378-06,train,LINEAGE-0378,RUN-20260828-01a55fcf
REC-03777,PKG-0378-07,train,LINEAGE-0378,RUN-20260828-01a55fcf
REC-03778,PKG-0378-08,train,LINEAGE-0378,RUN-20260828-01a55fcf
REC-03779,PKG-0378-09,train,LINEAGE-0378,RUN-20260828-01a55fcf
REC-03780,PKG-0378-10,train,LINEAGE-0378,RUN-20260828-01a55fcf
REC-03781,PKG-0379-01,train,LINEAGE-0379,RUN-20260828-01a55fcf
REC-03782,PKG-0379-02,train,LINEAGE-0379,RUN-20260828-01a55fcf
REC-03783,PKG-0379-03,train,LINEAGE-0379,RUN-20260828-01a55fcf
REC-03784,PKG-0379-04,train,LINEAGE-0379,RUN-20260828-01a55fcf
REC-03785,PKG-0379-05,train,LINEAGE-0379,RUN-20260828-01a55fcf
REC-03786,PKG-0379-06,train,LINEAGE-0379,RUN-20260828-01a55fcf
REC-03787,PKG-0379-07,train,LINEAGE-0379,RUN-20260828-01a55fcf
REC-03788,PKG-0379-08,train,LINEAGE-0379,RUN-20260828-01a55fcf
REC-03789,PKG-0379-09,train,LINEAGE-0379,RUN-20260828-01a55fcf
REC-03790,PKG-0379-10,train,LINEAGE-0379,RUN-20260828-01a55fcf
REC-03791,PKG-0380-01,validation,LINEAGE-0380,RUN-20260828-01a55fcf
REC-03792,PKG-0380-02,validation,LINEAGE-0380,RUN-20260828-01a55fcf
REC-03793,PKG-0380-03,validation,LINEAGE-0380,RUN-20260828-01a55fcf
REC-03794,PKG-0380-04,validation,LINEAGE-0380,RUN-20260828-01a55fcf
REC-03795,PKG-0380-05,validation,LINEAGE-0380,RUN-20260828-01a55fcf
REC-03796,PKG-0380-06,validation,LINEAGE-0380,RUN-20260828-01a55fcf
REC-03797,PKG-0380-07,validation,LINEAGE-0380,RUN-20260828-01a55fcf
REC-03798,PKG-0380-08,validation,LINEAGE-0380,RUN-20260828-01a55fcf
REC-03799,PKG-0380-09,validation,LINEAGE-0380,RUN-20260828-01a55fcf
REC-03800,PKG-0380-10,validation,LINEAGE-0380,RUN-20260828-01a55fcf
REC-03801,PKG-0381-01,train,LINEAGE-0381,RUN-20260828-01a55fcf
REC-03802,PKG-0381-02,train,LINEAGE-0381,RUN-20260828-01a55fcf
REC-03803,PKG-0381-03,train,LINEAGE-0381,RUN-20260828-01a55fcf
REC-03804,PKG-0381-04,train,LINEAGE-0381,RUN-20260828-01a55fcf
REC-03805,PKG-0381-05,train,LINEAGE-0381,RUN-20260828-01a55fcf
REC-03806,PKG-0381-06,train,LINEAGE-0381,RUN-20260828-01a55fcf
REC-03807,PKG-0381-07,train,LINEAGE-0381,RUN-20260828-01a55fcf
REC-03808,PKG-0381-08,train,LINEAGE-0381,RUN-20260828-01a55fcf
REC-03809,PKG-0381-09,train,LINEAGE-0381,RUN-20260828-01a55fcf
REC-03810,PKG-0381-10,train,LINEAGE-0381,RUN-20260828-01a55fcf
REC-03811,PKG-0382-01,test,LINEAGE-0382,RUN-20260828-01a55fcf
REC-03812,PKG-0382-02,test,LINEAGE-0382,RUN-20260828-01a55fcf
REC-03813,PKG-0382-03,test,LINEAGE-0382,RUN-20260828-01a55fcf
REC-03814,PKG-0382-04,test,LINEAGE-0382,RUN-20260828-01a55fcf
REC-03815,PKG-0382-05,test,LINEAGE-0382,RUN-20260828-01a55fcf
REC-03816,PKG-0382-06,test,LINEAGE-0382,RUN-20260828-01a55fcf
REC-03817,PKG-0382-07,test,LINEAGE-0382,RUN-20260828-01a55fcf
REC-03818,PKG-0382-08,test,LINEAGE-0382,RUN-20260828-01a55fcf
REC-03819,PKG-0382-09,test,LINEAGE-0382,RUN-20260828-01a55fcf
REC-03820,PKG-0382-10,test,LINEAGE-0382,RUN-20260828-01a55fcf
REC-03821,PKG-0383-01,validation,LINEAGE-0383,RUN-20260828-01a55fcf
REC-03822,PKG-0383-02,validation,LINEAGE-0383,RUN-20260828-01a55fcf
REC-03823,PKG-0383-03,validation,LINEAGE-0383,RUN-20260828-01a55fcf
REC-03824,PKG-0383-04,validation,LINEAGE-0383,RUN-20260828-01a55fcf
REC-03825,PKG-0383-05,validation,LINEAGE-0383,RUN-20260828-01a55fcf
REC-03826,PKG-0383-06,validation,LINEAGE-0383,RUN-20260828-01a55fcf
REC-03827,PKG-0383-07,validation,LINEAGE-0383,RUN-20260828-01a55fcf
REC-03828,PKG-0383-08,validation,LINEAGE-0383,RUN-20260828-01a55fcf
REC-03829,PKG-0383-09,validation,LINEAGE-0383,RUN-20260828-01a55fcf
REC-03830,PKG-0383-10,validation,LINEAGE-0383,RUN-20260828-01a55fcf
REC-03831,PKG-0384-01,validation,LINEAGE-0384,RUN-20260828-01a55fcf
REC-03832,PKG-0384-02,validation,LINEAGE-0384,RUN-20260828-01a55fcf
REC-03833,PKG-0384-03,validation,LINEAGE-0384,RUN-20260828-01a55fcf
REC-03834,PKG-0384-04,validation,LINEAGE-0384,RUN-20260828-01a55fcf
REC-03835,PKG-0384-05,validation,LINEAGE-0384,RUN-20260828-01a55fcf
REC-03836,PKG-0384-06,validation,LINEAGE-0384,RUN-20260828-01a55fcf
REC-03837,PKG-0384-07,validation,LINEAGE-0384,RUN-20260828-01a55fcf
REC-03838,PKG-0384-08,validation,LINEAGE-0384,RUN-20260828-01a55fcf
REC-03839,PKG-0384-09,validation,LINEAGE-0384,RUN-20260828-01a55fcf
REC-03840,PKG-0384-10,validation,LINEAGE-0384,RUN-20260828-01a55fcf
REC-03841,PKG-0385-01,train,LINEAGE-0385,RUN-20260828-01a55fcf
REC-03842,PKG-0385-02,train,LINEAGE-0385,RUN-20260828-01a55fcf
REC-03843,PKG-0385-03,train,LINEAGE-0385,RUN-20260828-01a55fcf
REC-03844,PKG-0385-04,train,LINEAGE-0385,RUN-20260828-01a55fcf
REC-03845,PKG-0385-05,train,LINEAGE-0385,RUN-20260828-01a55fcf
REC-03846,PKG-0385-06,train,LINEAGE-0385,RUN-20260828-01a55fcf
REC-03847,PKG-0385-07,train,LINEAGE-0385,RUN-20260828-01a55fcf
REC-03848,PKG-0385-08,train,LINEAGE-0385,RUN-20260828-01a55fcf
REC-03849,PKG-0385-09,train,LINEAGE-0385,RUN-20260828-01a55fcf
REC-03850,PKG-0385-10,train,LINEAGE-0385,RUN-20260828-01a55fcf
REC-03851,PKG-0386-01,train,LINEAGE-0386,RUN-20260828-01a55fcf
REC-03852,PKG-0386-02,train,LINEAGE-0386,RUN-20260828-01a55fcf
REC-03853,PKG-0386-03,train,LINEAGE-0386,RUN-20260828-01a55fcf
REC-03854,PKG-0386-04,train,LINEAGE-0386,RUN-20260828-01a55fcf
REC-03855,PKG-0386-05,train,LINEAGE-0386,RUN-20260828-01a55fcf
REC-03856,PKG-0386-06,train,LINEAGE-0386,RUN-20260828-01a55fcf
REC-03857,PKG-0386-07,train,LINEAGE-0386,RUN-20260828-01a55fcf
REC-03858,PKG-0386-08,train,LINEAGE-0386,RUN-20260828-01a55fcf
REC-03859,PKG-0386-09,train,LINEAGE-0386,RUN-20260828-01a55fcf
REC-03860,PKG-0386-10,train,LINEAGE-0386,RUN-20260828-01a55fcf
REC-03861,PKG-0387-01,train,LINEAGE-0387,RUN-20260828-01a55fcf
REC-03862,PKG-0387-02,train,LINEAGE-0387,RUN-20260828-01a55fcf
REC-03863,PKG-0387-03,train,LINEAGE-0387,RUN-20260828-01a55fcf
REC-03864,PKG-0387-04,train,LINEAGE-0387,RUN-20260828-01a55fcf
REC-03865,PKG-0387-05,train,LINEAGE-0387,RUN-20260828-01a55fcf
REC-03866,PKG-0387-06,train,LINEAGE-0387,RUN-20260828-01a55fcf
REC-03867,PKG-0387-07,train,LINEAGE-0387,RUN-20260828-01a55fcf
REC-03868,PKG-0387-08,train,LINEAGE-0387,RUN-20260828-01a55fcf
REC-03869,PKG-0387-09,train,LINEAGE-0387,RUN-20260828-01a55fcf
REC-03870,PKG-0387-10,train,LINEAGE-0387,RUN-20260828-01a55fcf
REC-03871,PKG-0388-01,validation,LINEAGE-0388,RUN-20260828-01a55fcf
REC-03872,PKG-0388-02,validation,LINEAGE-0388,RUN-20260828-01a55fcf
REC-03873,PKG-0388-03,validation,LINEAGE-0388,RUN-20260828-01a55fcf
REC-03874,PKG-0388-04,validation,LINEAGE-0388,RUN-20260828-01a55fcf
REC-03875,PKG-0388-05,validation,LINEAGE-0388,RUN-20260828-01a55fcf
REC-03876,PKG-0388-06,validation,LINEAGE-0388,RUN-20260828-01a55fcf
REC-03877,PKG-0388-07,validation,LINEAGE-0388,RUN-20260828-01a55fcf
REC-03878,PKG-0388-08,validation,LINEAGE-0388,RUN-20260828-01a55fcf
REC-03879,PKG-0388-09,validation,LINEAGE-0388,RUN-20260828-01a55fcf
REC-03880,PKG-0388-10,validation,LINEAGE-0388,RUN-20260828-01a55fcf
REC-03881,PKG-0389-01,train,LINEAGE-0389,RUN-20260828-01a55fcf
REC-03882,PKG-0389-02,train,LINEAGE-0389,RUN-20260828-01a55fcf
REC-03883,PKG-0389-03,train,LINEAGE-0389,RUN-20260828-01a55fcf
REC-03884,PKG-0389-04,train,LINEAGE-0389,RUN-20260828-01a55fcf
REC-03885,PKG-0389-05,train,LINEAGE-0389,RUN-20260828-01a55fcf
REC-03886,PKG-0389-06,train,LINEAGE-0389,RUN-20260828-01a55fcf
REC-03887,PKG-0389-07,train,LINEAGE-0389,RUN-20260828-01a55fcf
REC-03888,PKG-0389-08,train,LINEAGE-0389,RUN-20260828-01a55fcf
REC-03889,PKG-0389-09,train,LINEAGE-0389,RUN-20260828-01a55fcf
REC-03890,PKG-0389-10,train,LINEAGE-0389,RUN-20260828-01a55fcf
REC-03891,PKG-0390-01,train,LINEAGE-0390,RUN-20260828-01a55fcf
REC-03892,PKG-0390-02,train,LINEAGE-0390,RUN-20260828-01a55fcf
REC-03893,PKG-0390-03,train,LINEAGE-0390,RUN-20260828-01a55fcf
REC-03894,PKG-0390-04,train,LINEAGE-0390,RUN-20260828-01a55fcf
REC-03895,PKG-0390-05,train,LINEAGE-0390,RUN-20260828-01a55fcf
REC-03896,PKG-0390-06,train,LINEAGE-0390,RUN-20260828-01a55fcf
REC-03897,PKG-0390-07,train,LINEAGE-0390,RUN-20260828-01a55fcf
REC-03898,PKG-0390-08,train,LINEAGE-0390,RUN-20260828-01a55fcf
REC-03899,PKG-0390-09,train,LINEAGE-0390,RUN-20260828-01a55fcf
REC-03900,PKG-0390-10,train,LINEAGE-0390,RUN-20260828-01a55fcf
REC-03901,PKG-0391-01,train,LINEAGE-0391,RUN-20260828-01a55fcf
REC-03902,PKG-0391-02,train,LINEAGE-0391,RUN-20260828-01a55fcf
REC-03903,PKG-0391-03,train,LINEAGE-0391,RUN-20260828-01a55fcf
REC-03904,PKG-0391-04,train,LINEAGE-0391,RUN-20260828-01a55fcf
REC-03905,PKG-0391-05,train,LINEAGE-0391,RUN-20260828-01a55fcf
REC-03906,PKG-0391-06,train,LINEAGE-0391,RUN-20260828-01a55fcf
REC-03907,PKG-0391-07,train,LINEAGE-0391,RUN-20260828-01a55fcf
REC-03908,PKG-0391-08,train,LINEAGE-0391,RUN-20260828-01a55fcf
REC-03909,PKG-0391-09,train,LINEAGE-0391,RUN-20260828-01a55fcf
REC-03910,PKG-0391-10,train,LINEAGE-0391,RUN-20260828-01a55fcf
REC-03911,PKG-0392-01,validation,LINEAGE-0392,RUN-20260828-01a55fcf
REC-03912,PKG-0392-02,validation,LINEAGE-0392,RUN-20260828-01a55fcf
REC-03913,PKG-0392-03,validation,LINEAGE-0392,RUN-20260828-01a55fcf
REC-03914,PKG-0392-04,validation,LINEAGE-0392,RUN-20260828-01a55fcf
REC-03915,PKG-0392-05,validation,LINEAGE-0392,RUN-20260828-01a55fcf
REC-03916,PKG-0392-06,validation,LINEAGE-0392,RUN-20260828-01a55fcf
REC-03917,PKG-0392-07,validation,LINEAGE-0392,RUN-20260828-01a55fcf
REC-03918,PKG-0392-08,validation,LINEAGE-0392,RUN-20260828-01a55fcf
REC-03919,PKG-0392-09,validation,LINEAGE-0392,RUN-20260828-01a55fcf
REC-03920,PKG-0392-10,validation,LINEAGE-0392,RUN-20260828-01a55fcf
REC-03921,PKG-0393-01,test,LINEAGE-0393,RUN-20260828-01a55fcf
REC-03922,PKG-0393-02,test,LINEAGE-0393,RUN-20260828-01a55fcf
REC-03923,PKG-0393-03,test,LINEAGE-0393,RUN-20260828-01a55fcf
REC-03924,PKG-0393-04,test,LINEAGE-0393,RUN-20260828-01a55fcf
REC-03925,PKG-0393-05,test,LINEAGE-0393,RUN-20260828-01a55fcf
REC-03926,PKG-0393-06,test,LINEAGE-0393,RUN-20260828-01a55fcf
REC-03927,PKG-0393-07,test,LINEAGE-0393,RUN-20260828-01a55fcf
REC-03928,PKG-0393-08,test,LINEAGE-0393,RUN-20260828-01a55fcf
REC-03929,PKG-0393-09,test,LINEAGE-0393,RUN-20260828-01a55fcf
REC-03930,PKG-0393-10,test,LINEAGE-0393,RUN-20260828-01a55fcf
REC-03931,PKG-0394-01,train,LINEAGE-0394,RUN-20260828-01a55fcf
REC-03932,PKG-0394-02,train,LINEAGE-0394,RUN-20260828-01a55fcf
REC-03933,PKG-0394-03,train,LINEAGE-0394,RUN-20260828-01a55fcf
REC-03934,PKG-0394-04,train,LINEAGE-0394,RUN-20260828-01a55fcf
REC-03935,PKG-0394-05,train,LINEAGE-0394,RUN-20260828-01a55fcf
REC-03936,PKG-0394-06,train,LINEAGE-0394,RUN-20260828-01a55fcf
REC-03937,PKG-0394-07,train,LINEAGE-0394,RUN-20260828-01a55fcf
REC-03938,PKG-0394-08,train,LINEAGE-0394,RUN-20260828-01a55fcf
REC-03939,PKG-0394-09,train,LINEAGE-0394,RUN-20260828-01a55fcf
REC-03940,PKG-0394-10,train,LINEAGE-0394,RUN-20260828-01a55fcf
REC-03941,PKG-0395-01,test,LINEAGE-0395,RUN-20260828-01a55fcf
REC-03942,PKG-0395-02,test,LINEAGE-0395,RUN-20260828-01a55fcf
REC-03943,PKG-0395-03,test,LINEAGE-0395,RUN-20260828-01a55fcf
REC-03944,PKG-0395-04,test,LINEAGE-0395,RUN-20260828-01a55fcf
REC-03945,PKG-0395-05,test,LINEAGE-0395,RUN-20260828-01a55fcf
REC-03946,PKG-0395-06,test,LINEAGE-0395,RUN-20260828-01a55fcf
REC-03947,PKG-0395-07,test,LINEAGE-0395,RUN-20260828-01a55fcf
REC-03948,PKG-0395-08,test,LINEAGE-0395,RUN-20260828-01a55fcf
REC-03949,PKG-0395-09,test,LINEAGE-0395,RUN-20260828-01a55fcf
REC-03950,PKG-0395-10,test,LINEAGE-0395,RUN-20260828-01a55fcf
REC-03951,PKG-0396-01,test,LINEAGE-0396,RUN-20260828-01a55fcf
REC-03952,PKG-0396-02,test,LINEAGE-0396,RUN-20260828-01a55fcf
REC-03953,PKG-0396-03,test,LINEAGE-0396,RUN-20260828-01a55fcf
REC-03954,PKG-0396-04,test,LINEAGE-0396,RUN-20260828-01a55fcf
REC-03955,PKG-0396-05,test,LINEAGE-0396,RUN-20260828-01a55fcf
REC-03956,PKG-0396-06,test,LINEAGE-0396,RUN-20260828-01a55fcf
REC-03957,PKG-0396-07,test,LINEAGE-0396,RUN-20260828-01a55fcf
REC-03958,PKG-0396-08,test,LINEAGE-0396,RUN-20260828-01a55fcf
REC-03959,PKG-0396-09,test,LINEAGE-0396,RUN-20260828-01a55fcf
REC-03960,PKG-0396-10,test,LINEAGE-0396,RUN-20260828-01a55fcf
REC-03961,PKG-0397-01,test,LINEAGE-0397,RUN-20260828-01a55fcf
REC-03962,PKG-0397-02,test,LINEAGE-0397,RUN-20260828-01a55fcf
REC-03963,PKG-0397-03,test,LINEAGE-0397,RUN-20260828-01a55fcf
REC-03964,PKG-0397-04,test,LINEAGE-0397,RUN-20260828-01a55fcf
REC-03965,PKG-0397-05,test,LINEAGE-0397,RUN-20260828-01a55fcf
REC-03966,PKG-0397-06,test,LINEAGE-0397,RUN-20260828-01a55fcf
REC-03967,PKG-0397-07,test,LINEAGE-0397,RUN-20260828-01a55fcf
REC-03968,PKG-0397-08,test,LINEAGE-0397,RUN-20260828-01a55fcf
REC-03969,PKG-0397-09,test,LINEAGE-0397,RUN-20260828-01a55fcf
REC-03970,PKG-0397-10,test,LINEAGE-0397,RUN-20260828-01a55fcf
REC-03971,PKG-0398-01,train,LINEAGE-0398,RUN-20260828-01a55fcf
REC-03972,PKG-0398-02,train,LINEAGE-0398,RUN-20260828-01a55fcf
REC-03973,PKG-0398-03,train,LINEAGE-0398,RUN-20260828-01a55fcf
REC-03974,PKG-0398-04,train,LINEAGE-0398,RUN-20260828-01a55fcf
REC-03975,PKG-0398-05,train,LINEAGE-0398,RUN-20260828-01a55fcf
REC-03976,PKG-0398-06,train,LINEAGE-0398,RUN-20260828-01a55fcf
REC-03977,PKG-0398-07,train,LINEAGE-0398,RUN-20260828-01a55fcf
REC-03978,PKG-0398-08,train,LINEAGE-0398,RUN-20260828-01a55fcf
REC-03979,PKG-0398-09,train,LINEAGE-0398,RUN-20260828-01a55fcf
REC-03980,PKG-0398-10,train,LINEAGE-0398,RUN-20260828-01a55fcf
REC-03981,PKG-0399-01,train,LINEAGE-0399,RUN-20260828-01a55fcf
REC-03982,PKG-0399-02,train,LINEAGE-0399,RUN-20260828-01a55fcf
REC-03983,PKG-0399-03,train,LINEAGE-0399,RUN-20260828-01a55fcf
REC-03984,PKG-0399-04,train,LINEAGE-0399,RUN-20260828-01a55fcf
REC-03985,PKG-0399-05,train,LINEAGE-0399,RUN-20260828-01a55fcf
REC-03986,PKG-0399-06,train,LINEAGE-0399,RUN-20260828-01a55fcf
REC-03987,PKG-0399-07,train,LINEAGE-0399,RUN-20260828-01a55fcf
REC-03988,PKG-0399-08,train,LINEAGE-0399,RUN-20260828-01a55fcf
REC-03989,PKG-0399-09,train,LINEAGE-0399,RUN-20260828-01a55fcf
REC-03990,PKG-0399-10,train,LINEAGE-0399,RUN-20260828-01a55fcf
REC-03991,PKG-0400-01,train,LINEAGE-0400,RUN-20260828-01a55fcf
REC-03992,PKG-0400-02,train,LINEAGE-0400,RUN-20260828-01a55fcf
REC-03993,PKG-0400-03,train,LINEAGE-0400,RUN-20260828-01a55fcf
REC-03994,PKG-0400-04,train,LINEAGE-0400,RUN-20260828-01a55fcf
REC-03995,PKG-0400-05,train,LINEAGE-0400,RUN-20260828-01a55fcf
REC-03996,PKG-0400-06,train,LINEAGE-0400,RUN-20260828-01a55fcf
REC-03997,PKG-0400-07,train,LINEAGE-0400,RUN-20260828-01a55fcf
REC-03998,PKG-0400-08,train,LINEAGE-0400,RUN-20260828-01a55fcf
REC-03999,PKG-0400-09,train,LINEAGE-0400,RUN-20260828-01a55fcf
REC-04000,PKG-0400-10,train,LINEAGE-0400,RUN-20260828-01a55fcf
REC-04001,PKG-0401-01,train,LINEAGE-0401,RUN-20260828-01a55fcf
REC-04002,PKG-0401-02,train,LINEAGE-0401,RUN-20260828-01a55fcf
REC-04003,PKG-0401-03,train,LINEAGE-0401,RUN-20260828-01a55fcf
REC-04004,PKG-0401-04,train,LINEAGE-0401,RUN-20260828-01a55fcf
REC-04005,PKG-0401-05,train,LINEAGE-0401,RUN-20260828-01a55fcf
REC-04006,PKG-0401-06,train,LINEAGE-0401,RUN-20260828-01a55fcf
REC-04007,PKG-0401-07,train,LINEAGE-0401,RUN-20260828-01a55fcf
REC-04008,PKG-0401-08,train,LINEAGE-0401,RUN-20260828-01a55fcf
REC-04009,PKG-0401-09,train,LINEAGE-0401,RUN-20260828-01a55fcf
REC-04010,PKG-0401-10,train,LINEAGE-0401,RUN-20260828-01a55fcf
REC-04011,PKG-0402-01,validation,LINEAGE-0402,RUN-20260828-01a55fcf
REC-04012,PKG-0402-02,validation,LINEAGE-0402,RUN-20260828-01a55fcf
REC-04013,PKG-0402-03,validation,LINEAGE-0402,RUN-20260828-01a55fcf
REC-04014,PKG-0402-04,validation,LINEAGE-0402,RUN-20260828-01a55fcf
REC-04015,PKG-0402-05,validation,LINEAGE-0402,RUN-20260828-01a55fcf
REC-04016,PKG-0402-06,validation,LINEAGE-0402,RUN-20260828-01a55fcf
REC-04017,PKG-0402-07,validation,LINEAGE-0402,RUN-20260828-01a55fcf
REC-04018,PKG-0402-08,validation,LINEAGE-0402,RUN-20260828-01a55fcf
REC-04019,PKG-0402-09,validation,LINEAGE-0402,RUN-20260828-01a55fcf
REC-04020,PKG-0402-10,validation,LINEAGE-0402,RUN-20260828-01a55fcf
REC-04021,PKG-0403-01,train,LINEAGE-0403,RUN-20260828-01a55fcf
REC-04022,PKG-0403-02,train,LINEAGE-0403,RUN-20260828-01a55fcf
REC-04023,PKG-0403-03,train,LINEAGE-0403,RUN-20260828-01a55fcf
REC-04024,PKG-0403-04,train,LINEAGE-0403,RUN-20260828-01a55fcf
REC-04025,PKG-0403-05,train,LINEAGE-0403,RUN-20260828-01a55fcf
REC-04026,PKG-0403-06,train,LINEAGE-0403,RUN-20260828-01a55fcf
REC-04027,PKG-0403-07,train,LINEAGE-0403,RUN-20260828-01a55fcf
REC-04028,PKG-0403-08,train,LINEAGE-0403,RUN-20260828-01a55fcf
REC-04029,PKG-0403-09,train,LINEAGE-0403,RUN-20260828-01a55fcf
REC-04030,PKG-0403-10,train,LINEAGE-0403,RUN-20260828-01a55fcf
REC-04031,PKG-0404-01,test,LINEAGE-0404,RUN-20260828-01a55fcf
REC-04032,PKG-0404-02,test,LINEAGE-0404,RUN-20260828-01a55fcf
REC-04033,PKG-0404-03,test,LINEAGE-0404,RUN-20260828-01a55fcf
REC-04034,PKG-0404-04,test,LINEAGE-0404,RUN-20260828-01a55fcf
REC-04035,PKG-0404-05,test,LINEAGE-0404,RUN-20260828-01a55fcf
REC-04036,PKG-0404-06,test,LINEAGE-0404,RUN-20260828-01a55fcf
REC-04037,PKG-0404-07,test,LINEAGE-0404,RUN-20260828-01a55fcf
REC-04038,PKG-0404-08,test,LINEAGE-0404,RUN-20260828-01a55fcf
REC-04039,PKG-0404-09,test,LINEAGE-0404,RUN-20260828-01a55fcf
REC-04040,PKG-0404-10,test,LINEAGE-0404,RUN-20260828-01a55fcf
REC-04041,PKG-0405-01,train,LINEAGE-0405,RUN-20260828-01a55fcf
REC-04042,PKG-0405-02,train,LINEAGE-0405,RUN-20260828-01a55fcf
REC-04043,PKG-0405-03,train,LINEAGE-0405,RUN-20260828-01a55fcf
REC-04044,PKG-0405-04,train,LINEAGE-0405,RUN-20260828-01a55fcf
REC-04045,PKG-0405-05,train,LINEAGE-0405,RUN-20260828-01a55fcf
REC-04046,PKG-0405-06,train,LINEAGE-0405,RUN-20260828-01a55fcf
REC-04047,PKG-0405-07,train,LINEAGE-0405,RUN-20260828-01a55fcf
REC-04048,PKG-0405-08,train,LINEAGE-0405,RUN-20260828-01a55fcf
REC-04049,PKG-0405-09,train,LINEAGE-0405,RUN-20260828-01a55fcf
REC-04050,PKG-0405-10,train,LINEAGE-0405,RUN-20260828-01a55fcf
REC-04051,PKG-0406-01,test,LINEAGE-0406,RUN-20260828-01a55fcf
REC-04052,PKG-0406-02,test,LINEAGE-0406,RUN-20260828-01a55fcf
REC-04053,PKG-0406-03,test,LINEAGE-0406,RUN-20260828-01a55fcf
REC-04054,PKG-0406-04,test,LINEAGE-0406,RUN-20260828-01a55fcf
REC-04055,PKG-0406-05,test,LINEAGE-0406,RUN-20260828-01a55fcf
REC-04056,PKG-0406-06,test,LINEAGE-0406,RUN-20260828-01a55fcf
REC-04057,PKG-0406-07,test,LINEAGE-0406,RUN-20260828-01a55fcf
REC-04058,PKG-0406-08,test,LINEAGE-0406,RUN-20260828-01a55fcf
REC-04059,PKG-0406-09,test,LINEAGE-0406,RUN-20260828-01a55fcf
REC-04060,PKG-0406-10,test,LINEAGE-0406,RUN-20260828-01a55fcf
REC-04061,PKG-0407-01,validation,LINEAGE-0407,RUN-20260828-01a55fcf
REC-04062,PKG-0407-02,validation,LINEAGE-0407,RUN-20260828-01a55fcf
REC-04063,PKG-0407-03,validation,LINEAGE-0407,RUN-20260828-01a55fcf
REC-04064,PKG-0407-04,validation,LINEAGE-0407,RUN-20260828-01a55fcf
REC-04065,PKG-0407-05,validation,LINEAGE-0407,RUN-20260828-01a55fcf
REC-04066,PKG-0407-06,validation,LINEAGE-0407,RUN-20260828-01a55fcf
REC-04067,PKG-0407-07,validation,LINEAGE-0407,RUN-20260828-01a55fcf
REC-04068,PKG-0407-08,validation,LINEAGE-0407,RUN-20260828-01a55fcf
REC-04069,PKG-0407-09,validation,LINEAGE-0407,RUN-20260828-01a55fcf
REC-04070,PKG-0407-10,validation,LINEAGE-0407,RUN-20260828-01a55fcf
REC-04071,PKG-0408-01,train,LINEAGE-0408,RUN-20260828-01a55fcf
REC-04072,PKG-0408-02,train,LINEAGE-0408,RUN-20260828-01a55fcf
REC-04073,PKG-0408-03,train,LINEAGE-0408,RUN-20260828-01a55fcf
REC-04074,PKG-0408-04,train,LINEAGE-0408,RUN-20260828-01a55fcf
REC-04075,PKG-0408-05,train,LINEAGE-0408,RUN-20260828-01a55fcf
REC-04076,PKG-0408-06,train,LINEAGE-0408,RUN-20260828-01a55fcf
REC-04077,PKG-0408-07,train,LINEAGE-0408,RUN-20260828-01a55fcf
REC-04078,PKG-0408-08,train,LINEAGE-0408,RUN-20260828-01a55fcf
REC-04079,PKG-0408-09,train,LINEAGE-0408,RUN-20260828-01a55fcf
REC-04080,PKG-0408-10,train,LINEAGE-0408,RUN-20260828-01a55fcf
REC-04081,PKG-0409-01,train,LINEAGE-0409,RUN-20260828-01a55fcf
REC-04082,PKG-0409-02,train,LINEAGE-0409,RUN-20260828-01a55fcf
REC-04083,PKG-0409-03,train,LINEAGE-0409,RUN-20260828-01a55fcf
REC-04084,PKG-0409-04,train,LINEAGE-0409,RUN-20260828-01a55fcf
REC-04085,PKG-0409-05,train,LINEAGE-0409,RUN-20260828-01a55fcf
REC-04086,PKG-0409-06,train,LINEAGE-0409,RUN-20260828-01a55fcf
REC-04087,PKG-0409-07,train,LINEAGE-0409,RUN-20260828-01a55fcf
REC-04088,PKG-0409-08,train,LINEAGE-0409,RUN-20260828-01a55fcf
REC-04089,PKG-0409-09,train,LINEAGE-0409,RUN-20260828-01a55fcf
REC-04090,PKG-0409-10,train,LINEAGE-0409,RUN-20260828-01a55fcf
REC-04091,PKG-0410-01,train,LINEAGE-0410,RUN-20260828-01a55fcf
REC-04092,PKG-0410-02,train,LINEAGE-0410,RUN-20260828-01a55fcf
REC-04093,PKG-0410-03,train,LINEAGE-0410,RUN-20260828-01a55fcf
REC-04094,PKG-0410-04,train,LINEAGE-0410,RUN-20260828-01a55fcf
REC-04095,PKG-0410-05,train,LINEAGE-0410,RUN-20260828-01a55fcf
REC-04096,PKG-0410-06,train,LINEAGE-0410,RUN-20260828-01a55fcf
REC-04097,PKG-0410-07,train,LINEAGE-0410,RUN-20260828-01a55fcf
REC-04098,PKG-0410-08,train,LINEAGE-0410,RUN-20260828-01a55fcf
REC-04099,PKG-0410-09,train,LINEAGE-0410,RUN-20260828-01a55fcf
REC-04100,PKG-0410-10,train,LINEAGE-0410,RUN-20260828-01a55fcf
REC-04101,PKG-0411-01,test,LINEAGE-0411,RUN-20260828-01a55fcf
REC-04102,PKG-0411-02,test,LINEAGE-0411,RUN-20260828-01a55fcf
REC-04103,PKG-0411-03,test,LINEAGE-0411,RUN-20260828-01a55fcf
REC-04104,PKG-0411-04,test,LINEAGE-0411,RUN-20260828-01a55fcf
REC-04105,PKG-0411-05,test,LINEAGE-0411,RUN-20260828-01a55fcf
REC-04106,PKG-0411-06,test,LINEAGE-0411,RUN-20260828-01a55fcf
REC-04107,PKG-0411-07,test,LINEAGE-0411,RUN-20260828-01a55fcf
REC-04108,PKG-0411-08,test,LINEAGE-0411,RUN-20260828-01a55fcf
REC-04109,PKG-0411-09,test,LINEAGE-0411,RUN-20260828-01a55fcf
REC-04110,PKG-0411-10,test,LINEAGE-0411,RUN-20260828-01a55fcf
REC-04111,PKG-0412-01,train,LINEAGE-0412,RUN-20260828-01a55fcf
REC-04112,PKG-0412-02,train,LINEAGE-0412,RUN-20260828-01a55fcf
REC-04113,PKG-0412-03,train,LINEAGE-0412,RUN-20260828-01a55fcf
REC-04114,PKG-0412-04,train,LINEAGE-0412,RUN-20260828-01a55fcf
REC-04115,PKG-0412-05,train,LINEAGE-0412,RUN-20260828-01a55fcf
REC-04116,PKG-0412-06,train,LINEAGE-0412,RUN-20260828-01a55fcf
REC-04117,PKG-0412-07,train,LINEAGE-0412,RUN-20260828-01a55fcf
REC-04118,PKG-0412-08,train,LINEAGE-0412,RUN-20260828-01a55fcf
REC-04119,PKG-0412-09,train,LINEAGE-0412,RUN-20260828-01a55fcf
REC-04120,PKG-0412-10,train,LINEAGE-0412,RUN-20260828-01a55fcf
REC-04121,PKG-0413-01,test,LINEAGE-0413,RUN-20260828-01a55fcf
REC-04122,PKG-0413-02,test,LINEAGE-0413,RUN-20260828-01a55fcf
REC-04123,PKG-0413-03,test,LINEAGE-0413,RUN-20260828-01a55fcf
REC-04124,PKG-0413-04,test,LINEAGE-0413,RUN-20260828-01a55fcf
REC-04125,PKG-0413-05,test,LINEAGE-0413,RUN-20260828-01a55fcf
REC-04126,PKG-0413-06,test,LINEAGE-0413,RUN-20260828-01a55fcf
REC-04127,PKG-0413-07,test,LINEAGE-0413,RUN-20260828-01a55fcf
REC-04128,PKG-0413-08,test,LINEAGE-0413,RUN-20260828-01a55fcf
REC-04129,PKG-0413-09,test,LINEAGE-0413,RUN-20260828-01a55fcf
REC-04130,PKG-0413-10,test,LINEAGE-0413,RUN-20260828-01a55fcf
REC-04131,PKG-0414-01,train,LINEAGE-0414,RUN-20260828-01a55fcf
REC-04132,PKG-0414-02,train,LINEAGE-0414,RUN-20260828-01a55fcf
REC-04133,PKG-0414-03,train,LINEAGE-0414,RUN-20260828-01a55fcf
REC-04134,PKG-0414-04,train,LINEAGE-0414,RUN-20260828-01a55fcf
REC-04135,PKG-0414-05,train,LINEAGE-0414,RUN-20260828-01a55fcf
REC-04136,PKG-0414-06,train,LINEAGE-0414,RUN-20260828-01a55fcf
REC-04137,PKG-0414-07,train,LINEAGE-0414,RUN-20260828-01a55fcf
REC-04138,PKG-0414-08,train,LINEAGE-0414,RUN-20260828-01a55fcf
REC-04139,PKG-0414-09,train,LINEAGE-0414,RUN-20260828-01a55fcf
REC-04140,PKG-0414-10,train,LINEAGE-0414,RUN-20260828-01a55fcf
REC-04141,PKG-0415-01,test,LINEAGE-0415,RUN-20260828-01a55fcf
REC-04142,PKG-0415-02,test,LINEAGE-0415,RUN-20260828-01a55fcf
REC-04143,PKG-0415-03,test,LINEAGE-0415,RUN-20260828-01a55fcf
REC-04144,PKG-0415-04,test,LINEAGE-0415,RUN-20260828-01a55fcf
REC-04145,PKG-0415-05,test,LINEAGE-0415,RUN-20260828-01a55fcf
REC-04146,PKG-0415-06,test,LINEAGE-0415,RUN-20260828-01a55fcf
REC-04147,PKG-0415-07,test,LINEAGE-0415,RUN-20260828-01a55fcf
REC-04148,PKG-0415-08,test,LINEAGE-0415,RUN-20260828-01a55fcf
REC-04149,PKG-0415-09,test,LINEAGE-0415,RUN-20260828-01a55fcf
REC-04150,PKG-0415-10,test,LINEAGE-0415,RUN-20260828-01a55fcf
REC-04151,PKG-0416-01,train,LINEAGE-0416,RUN-20260828-01a55fcf
REC-04152,PKG-0416-02,train,LINEAGE-0416,RUN-20260828-01a55fcf
REC-04153,PKG-0416-03,train,LINEAGE-0416,RUN-20260828-01a55fcf
REC-04154,PKG-0416-04,train,LINEAGE-0416,RUN-20260828-01a55fcf
REC-04155,PKG-0416-05,train,LINEAGE-0416,RUN-20260828-01a55fcf
REC-04156,PKG-0416-06,train,LINEAGE-0416,RUN-20260828-01a55fcf
REC-04157,PKG-0416-07,train,LINEAGE-0416,RUN-20260828-01a55fcf
REC-04158,PKG-0416-08,train,LINEAGE-0416,RUN-20260828-01a55fcf
REC-04159,PKG-0416-09,train,LINEAGE-0416,RUN-20260828-01a55fcf
REC-04160,PKG-0416-10,train,LINEAGE-0416,RUN-20260828-01a55fcf
REC-04161,PKG-0417-01,train,LINEAGE-0417,RUN-20260828-01a55fcf
REC-04162,PKG-0417-02,train,LINEAGE-0417,RUN-20260828-01a55fcf
REC-04163,PKG-0417-03,train,LINEAGE-0417,RUN-20260828-01a55fcf
REC-04164,PKG-0417-04,train,LINEAGE-0417,RUN-20260828-01a55fcf
REC-04165,PKG-0417-05,train,LINEAGE-0417,RUN-20260828-01a55fcf
REC-04166,PKG-0417-06,train,LINEAGE-0417,RUN-20260828-01a55fcf
REC-04167,PKG-0417-07,train,LINEAGE-0417,RUN-20260828-01a55fcf
REC-04168,PKG-0417-08,train,LINEAGE-0417,RUN-20260828-01a55fcf
REC-04169,PKG-0417-09,train,LINEAGE-0417,RUN-20260828-01a55fcf
REC-04170,PKG-0417-10,train,LINEAGE-0417,RUN-20260828-01a55fcf
REC-04171,PKG-0418-01,train,LINEAGE-0418,RUN-20260828-01a55fcf
REC-04172,PKG-0418-02,train,LINEAGE-0418,RUN-20260828-01a55fcf
REC-04173,PKG-0418-03,train,LINEAGE-0418,RUN-20260828-01a55fcf
REC-04174,PKG-0418-04,train,LINEAGE-0418,RUN-20260828-01a55fcf
REC-04175,PKG-0418-05,train,LINEAGE-0418,RUN-20260828-01a55fcf
REC-04176,PKG-0418-06,train,LINEAGE-0418,RUN-20260828-01a55fcf
REC-04177,PKG-0418-07,train,LINEAGE-0418,RUN-20260828-01a55fcf
REC-04178,PKG-0418-08,train,LINEAGE-0418,RUN-20260828-01a55fcf
REC-04179,PKG-0418-09,train,LINEAGE-0418,RUN-20260828-01a55fcf
REC-04180,PKG-0418-10,train,LINEAGE-0418,RUN-20260828-01a55fcf
REC-04181,PKG-0419-01,validation,LINEAGE-0419,RUN-20260828-01a55fcf
REC-04182,PKG-0419-02,validation,LINEAGE-0419,RUN-20260828-01a55fcf
REC-04183,PKG-0419-03,validation,LINEAGE-0419,RUN-20260828-01a55fcf
REC-04184,PKG-0419-04,validation,LINEAGE-0419,RUN-20260828-01a55fcf
REC-04185,PKG-0419-05,validation,LINEAGE-0419,RUN-20260828-01a55fcf
REC-04186,PKG-0419-06,validation,LINEAGE-0419,RUN-20260828-01a55fcf
REC-04187,PKG-0419-07,validation,LINEAGE-0419,RUN-20260828-01a55fcf
REC-04188,PKG-0419-08,validation,LINEAGE-0419,RUN-20260828-01a55fcf
REC-04189,PKG-0419-09,validation,LINEAGE-0419,RUN-20260828-01a55fcf
REC-04190,PKG-0419-10,validation,LINEAGE-0419,RUN-20260828-01a55fcf
REC-04191,PKG-0420-01,test,LINEAGE-0420,RUN-20260828-01a55fcf
REC-04192,PKG-0420-02,test,LINEAGE-0420,RUN-20260828-01a55fcf
REC-04193,PKG-0420-03,test,LINEAGE-0420,RUN-20260828-01a55fcf
REC-04194,PKG-0420-04,test,LINEAGE-0420,RUN-20260828-01a55fcf
REC-04195,PKG-0420-05,test,LINEAGE-0420,RUN-20260828-01a55fcf
REC-04196,PKG-0420-06,test,LINEAGE-0420,RUN-20260828-01a55fcf
REC-04197,PKG-0420-07,test,LINEAGE-0420,RUN-20260828-01a55fcf
REC-04198,PKG-0420-08,test,LINEAGE-0420,RUN-20260828-01a55fcf
REC-04199,PKG-0420-09,test,LINEAGE-0420,RUN-20260828-01a55fcf
REC-04200,PKG-0420-10,test,LINEAGE-0420,RUN-20260828-01a55fcf
REC-04201,PKG-0421-01,train,LINEAGE-0421,RUN-20260828-01a55fcf
REC-04202,PKG-0421-02,train,LINEAGE-0421,RUN-20260828-01a55fcf
REC-04203,PKG-0421-03,train,LINEAGE-0421,RUN-20260828-01a55fcf
REC-04204,PKG-0421-04,train,LINEAGE-0421,RUN-20260828-01a55fcf
REC-04205,PKG-0421-05,train,LINEAGE-0421,RUN-20260828-01a55fcf
REC-04206,PKG-0421-06,train,LINEAGE-0421,RUN-20260828-01a55fcf
REC-04207,PKG-0421-07,train,LINEAGE-0421,RUN-20260828-01a55fcf
REC-04208,PKG-0421-08,train,LINEAGE-0421,RUN-20260828-01a55fcf
REC-04209,PKG-0421-09,train,LINEAGE-0421,RUN-20260828-01a55fcf
REC-04210,PKG-0421-10,train,LINEAGE-0421,RUN-20260828-01a55fcf
REC-04211,PKG-0422-01,train,LINEAGE-0422,RUN-20260828-01a55fcf
REC-04212,PKG-0422-02,train,LINEAGE-0422,RUN-20260828-01a55fcf
REC-04213,PKG-0422-03,train,LINEAGE-0422,RUN-20260828-01a55fcf
REC-04214,PKG-0422-04,train,LINEAGE-0422,RUN-20260828-01a55fcf
REC-04215,PKG-0422-05,train,LINEAGE-0422,RUN-20260828-01a55fcf
REC-04216,PKG-0422-06,train,LINEAGE-0422,RUN-20260828-01a55fcf
REC-04217,PKG-0422-07,train,LINEAGE-0422,RUN-20260828-01a55fcf
REC-04218,PKG-0422-08,train,LINEAGE-0422,RUN-20260828-01a55fcf
REC-04219,PKG-0422-09,train,LINEAGE-0422,RUN-20260828-01a55fcf
REC-04220,PKG-0422-10,train,LINEAGE-0422,RUN-20260828-01a55fcf
REC-04221,PKG-0423-01,train,LINEAGE-0423,RUN-20260828-01a55fcf
REC-04222,PKG-0423-02,train,LINEAGE-0423,RUN-20260828-01a55fcf
REC-04223,PKG-0423-03,train,LINEAGE-0423,RUN-20260828-01a55fcf
REC-04224,PKG-0423-04,train,LINEAGE-0423,RUN-20260828-01a55fcf
REC-04225,PKG-0423-05,train,LINEAGE-0423,RUN-20260828-01a55fcf
REC-04226,PKG-0423-06,train,LINEAGE-0423,RUN-20260828-01a55fcf
REC-04227,PKG-0423-07,train,LINEAGE-0423,RUN-20260828-01a55fcf
REC-04228,PKG-0423-08,train,LINEAGE-0423,RUN-20260828-01a55fcf
REC-04229,PKG-0423-09,train,LINEAGE-0423,RUN-20260828-01a55fcf
REC-04230,PKG-0423-10,train,LINEAGE-0423,RUN-20260828-01a55fcf
REC-04231,PKG-0424-01,train,LINEAGE-0424,RUN-20260828-01a55fcf
REC-04232,PKG-0424-02,train,LINEAGE-0424,RUN-20260828-01a55fcf
REC-04233,PKG-0424-03,train,LINEAGE-0424,RUN-20260828-01a55fcf
REC-04234,PKG-0424-04,train,LINEAGE-0424,RUN-20260828-01a55fcf
REC-04235,PKG-0424-05,train,LINEAGE-0424,RUN-20260828-01a55fcf
REC-04236,PKG-0424-06,train,LINEAGE-0424,RUN-20260828-01a55fcf
REC-04237,PKG-0424-07,train,LINEAGE-0424,RUN-20260828-01a55fcf
REC-04238,PKG-0424-08,train,LINEAGE-0424,RUN-20260828-01a55fcf
REC-04239,PKG-0424-09,train,LINEAGE-0424,RUN-20260828-01a55fcf
REC-04240,PKG-0424-10,train,LINEAGE-0424,RUN-20260828-01a55fcf
REC-04241,PKG-0425-01,train,LINEAGE-0425,RUN-20260828-01a55fcf
REC-04242,PKG-0425-02,train,LINEAGE-0425,RUN-20260828-01a55fcf
REC-04243,PKG-0425-03,train,LINEAGE-0425,RUN-20260828-01a55fcf
REC-04244,PKG-0425-04,train,LINEAGE-0425,RUN-20260828-01a55fcf
REC-04245,PKG-0425-05,train,LINEAGE-0425,RUN-20260828-01a55fcf
REC-04246,PKG-0425-06,train,LINEAGE-0425,RUN-20260828-01a55fcf
REC-04247,PKG-0425-07,train,LINEAGE-0425,RUN-20260828-01a55fcf
REC-04248,PKG-0425-08,train,LINEAGE-0425,RUN-20260828-01a55fcf
REC-04249,PKG-0425-09,train,LINEAGE-0425,RUN-20260828-01a55fcf
REC-04250,PKG-0425-10,train,LINEAGE-0425,RUN-20260828-01a55fcf
REC-04251,PKG-0426-01,train,LINEAGE-0426,RUN-20260828-01a55fcf
REC-04252,PKG-0426-02,train,LINEAGE-0426,RUN-20260828-01a55fcf
REC-04253,PKG-0426-03,train,LINEAGE-0426,RUN-20260828-01a55fcf
REC-04254,PKG-0426-04,train,LINEAGE-0426,RUN-20260828-01a55fcf
REC-04255,PKG-0426-05,train,LINEAGE-0426,RUN-20260828-01a55fcf
REC-04256,PKG-0426-06,train,LINEAGE-0426,RUN-20260828-01a55fcf
REC-04257,PKG-0426-07,train,LINEAGE-0426,RUN-20260828-01a55fcf
REC-04258,PKG-0426-08,train,LINEAGE-0426,RUN-20260828-01a55fcf
REC-04259,PKG-0426-09,train,LINEAGE-0426,RUN-20260828-01a55fcf
REC-04260,PKG-0426-10,train,LINEAGE-0426,RUN-20260828-01a55fcf
REC-04261,PKG-0427-01,validation,LINEAGE-0427,RUN-20260828-01a55fcf
REC-04262,PKG-0427-02,validation,LINEAGE-0427,RUN-20260828-01a55fcf
REC-04263,PKG-0427-03,validation,LINEAGE-0427,RUN-20260828-01a55fcf
REC-04264,PKG-0427-04,validation,LINEAGE-0427,RUN-20260828-01a55fcf
REC-04265,PKG-0427-05,validation,LINEAGE-0427,RUN-20260828-01a55fcf
REC-04266,PKG-0427-06,validation,LINEAGE-0427,RUN-20260828-01a55fcf
REC-04267,PKG-0427-07,validation,LINEAGE-0427,RUN-20260828-01a55fcf
REC-04268,PKG-0427-08,validation,LINEAGE-0427,RUN-20260828-01a55fcf
REC-04269,PKG-0427-09,validation,LINEAGE-0427,RUN-20260828-01a55fcf
REC-04270,PKG-0427-10,validation,LINEAGE-0427,RUN-20260828-01a55fcf
REC-04271,PKG-0428-01,test,LINEAGE-0428,RUN-20260828-01a55fcf
REC-04272,PKG-0428-02,test,LINEAGE-0428,RUN-20260828-01a55fcf
REC-04273,PKG-0428-03,test,LINEAGE-0428,RUN-20260828-01a55fcf
REC-04274,PKG-0428-04,test,LINEAGE-0428,RUN-20260828-01a55fcf
REC-04275,PKG-0428-05,test,LINEAGE-0428,RUN-20260828-01a55fcf
REC-04276,PKG-0428-06,test,LINEAGE-0428,RUN-20260828-01a55fcf
REC-04277,PKG-0428-07,test,LINEAGE-0428,RUN-20260828-01a55fcf
REC-04278,PKG-0428-08,test,LINEAGE-0428,RUN-20260828-01a55fcf
REC-04279,PKG-0428-09,test,LINEAGE-0428,RUN-20260828-01a55fcf
REC-04280,PKG-0428-10,test,LINEAGE-0428,RUN-20260828-01a55fcf
REC-04281,PKG-0429-01,train,LINEAGE-0429,RUN-20260828-01a55fcf
REC-04282,PKG-0429-02,train,LINEAGE-0429,RUN-20260828-01a55fcf
REC-04283,PKG-0429-03,train,LINEAGE-0429,RUN-20260828-01a55fcf
REC-04284,PKG-0429-04,train,LINEAGE-0429,RUN-20260828-01a55fcf
REC-04285,PKG-0429-05,train,LINEAGE-0429,RUN-20260828-01a55fcf
REC-04286,PKG-0429-06,train,LINEAGE-0429,RUN-20260828-01a55fcf
REC-04287,PKG-0429-07,train,LINEAGE-0429,RUN-20260828-01a55fcf
REC-04288,PKG-0429-08,train,LINEAGE-0429,RUN-20260828-01a55fcf
REC-04289,PKG-0429-09,train,LINEAGE-0429,RUN-20260828-01a55fcf
REC-04290,PKG-0429-10,train,LINEAGE-0429,RUN-20260828-01a55fcf
REC-04291,PKG-0430-01,validation,LINEAGE-0430,RUN-20260828-01a55fcf
REC-04292,PKG-0430-02,validation,LINEAGE-0430,RUN-20260828-01a55fcf
REC-04293,PKG-0430-03,validation,LINEAGE-0430,RUN-20260828-01a55fcf
REC-04294,PKG-0430-04,validation,LINEAGE-0430,RUN-20260828-01a55fcf
REC-04295,PKG-0430-05,validation,LINEAGE-0430,RUN-20260828-01a55fcf
REC-04296,PKG-0430-06,validation,LINEAGE-0430,RUN-20260828-01a55fcf
REC-04297,PKG-0430-07,validation,LINEAGE-0430,RUN-20260828-01a55fcf
REC-04298,PKG-0430-08,validation,LINEAGE-0430,RUN-20260828-01a55fcf
REC-04299,PKG-0430-09,validation,LINEAGE-0430,RUN-20260828-01a55fcf
REC-04300,PKG-0430-10,validation,LINEAGE-0430,RUN-20260828-01a55fcf
REC-04301,PKG-0431-01,train,LINEAGE-0431,RUN-20260828-01a55fcf
REC-04302,PKG-0431-02,train,LINEAGE-0431,RUN-20260828-01a55fcf
REC-04303,PKG-0431-03,train,LINEAGE-0431,RUN-20260828-01a55fcf
REC-04304,PKG-0431-04,train,LINEAGE-0431,RUN-20260828-01a55fcf
REC-04305,PKG-0431-05,train,LINEAGE-0431,RUN-20260828-01a55fcf
REC-04306,PKG-0431-06,train,LINEAGE-0431,RUN-20260828-01a55fcf
REC-04307,PKG-0431-07,train,LINEAGE-0431,RUN-20260828-01a55fcf
REC-04308,PKG-0431-08,train,LINEAGE-0431,RUN-20260828-01a55fcf
REC-04309,PKG-0431-09,train,LINEAGE-0431,RUN-20260828-01a55fcf
REC-04310,PKG-0431-10,train,LINEAGE-0431,RUN-20260828-01a55fcf
REC-04311,PKG-0432-01,train,LINEAGE-0432,RUN-20260828-01a55fcf
REC-04312,PKG-0432-02,train,LINEAGE-0432,RUN-20260828-01a55fcf
REC-04313,PKG-0432-03,train,LINEAGE-0432,RUN-20260828-01a55fcf
REC-04314,PKG-0432-04,train,LINEAGE-0432,RUN-20260828-01a55fcf
REC-04315,PKG-0432-05,train,LINEAGE-0432,RUN-20260828-01a55fcf
REC-04316,PKG-0432-06,train,LINEAGE-0432,RUN-20260828-01a55fcf
REC-04317,PKG-0432-07,train,LINEAGE-0432,RUN-20260828-01a55fcf
REC-04318,PKG-0432-08,train,LINEAGE-0432,RUN-20260828-01a55fcf
REC-04319,PKG-0432-09,train,LINEAGE-0432,RUN-20260828-01a55fcf
REC-04320,PKG-0432-10,train,LINEAGE-0432,RUN-20260828-01a55fcf
REC-04321,PKG-0433-01,train,LINEAGE-0433,RUN-20260828-01a55fcf
REC-04322,PKG-0433-02,train,LINEAGE-0433,RUN-20260828-01a55fcf
REC-04323,PKG-0433-03,train,LINEAGE-0433,RUN-20260828-01a55fcf
REC-04324,PKG-0433-04,train,LINEAGE-0433,RUN-20260828-01a55fcf
REC-04325,PKG-0433-05,train,LINEAGE-0433,RUN-20260828-01a55fcf
REC-04326,PKG-0433-06,train,LINEAGE-0433,RUN-20260828-01a55fcf
REC-04327,PKG-0433-07,train,LINEAGE-0433,RUN-20260828-01a55fcf
REC-04328,PKG-0433-08,train,LINEAGE-0433,RUN-20260828-01a55fcf
REC-04329,PKG-0433-09,train,LINEAGE-0433,RUN-20260828-01a55fcf
REC-04330,PKG-0433-10,train,LINEAGE-0433,RUN-20260828-01a55fcf
REC-04331,PKG-0434-01,validation,LINEAGE-0434,RUN-20260828-01a55fcf
REC-04332,PKG-0434-02,validation,LINEAGE-0434,RUN-20260828-01a55fcf
REC-04333,PKG-0434-03,validation,LINEAGE-0434,RUN-20260828-01a55fcf
REC-04334,PKG-0434-04,validation,LINEAGE-0434,RUN-20260828-01a55fcf
REC-04335,PKG-0434-05,validation,LINEAGE-0434,RUN-20260828-01a55fcf
REC-04336,PKG-0434-06,validation,LINEAGE-0434,RUN-20260828-01a55fcf
REC-04337,PKG-0434-07,validation,LINEAGE-0434,RUN-20260828-01a55fcf
REC-04338,PKG-0434-08,validation,LINEAGE-0434,RUN-20260828-01a55fcf
REC-04339,PKG-0434-09,validation,LINEAGE-0434,RUN-20260828-01a55fcf
REC-04340,PKG-0434-10,validation,LINEAGE-0434,RUN-20260828-01a55fcf
REC-04341,PKG-0435-01,test,LINEAGE-0435,RUN-20260828-01a55fcf
REC-04342,PKG-0435-02,test,LINEAGE-0435,RUN-20260828-01a55fcf
REC-04343,PKG-0435-03,test,LINEAGE-0435,RUN-20260828-01a55fcf
REC-04344,PKG-0435-04,test,LINEAGE-0435,RUN-20260828-01a55fcf
REC-04345,PKG-0435-05,test,LINEAGE-0435,RUN-20260828-01a55fcf
REC-04346,PKG-0435-06,test,LINEAGE-0435,RUN-20260828-01a55fcf
REC-04347,PKG-0435-07,test,LINEAGE-0435,RUN-20260828-01a55fcf
REC-04348,PKG-0435-08,test,LINEAGE-0435,RUN-20260828-01a55fcf
REC-04349,PKG-0435-09,test,LINEAGE-0435,RUN-20260828-01a55fcf
REC-04350,PKG-0435-10,test,LINEAGE-0435,RUN-20260828-01a55fcf
REC-04351,PKG-0436-01,train,LINEAGE-0436,RUN-20260828-01a55fcf
REC-04352,PKG-0436-02,train,LINEAGE-0436,RUN-20260828-01a55fcf
REC-04353,PKG-0436-03,train,LINEAGE-0436,RUN-20260828-01a55fcf
REC-04354,PKG-0436-04,train,LINEAGE-0436,RUN-20260828-01a55fcf
REC-04355,PKG-0436-05,train,LINEAGE-0436,RUN-20260828-01a55fcf
REC-04356,PKG-0436-06,train,LINEAGE-0436,RUN-20260828-01a55fcf
REC-04357,PKG-0436-07,train,LINEAGE-0436,RUN-20260828-01a55fcf
REC-04358,PKG-0436-08,train,LINEAGE-0436,RUN-20260828-01a55fcf
REC-04359,PKG-0436-09,train,LINEAGE-0436,RUN-20260828-01a55fcf
REC-04360,PKG-0436-10,train,LINEAGE-0436,RUN-20260828-01a55fcf
REC-04361,PKG-0437-01,train,LINEAGE-0437,RUN-20260828-01a55fcf
REC-04362,PKG-0437-02,train,LINEAGE-0437,RUN-20260828-01a55fcf
REC-04363,PKG-0437-03,train,LINEAGE-0437,RUN-20260828-01a55fcf
REC-04364,PKG-0437-04,train,LINEAGE-0437,RUN-20260828-01a55fcf
REC-04365,PKG-0437-05,train,LINEAGE-0437,RUN-20260828-01a55fcf
REC-04366,PKG-0437-06,train,LINEAGE-0437,RUN-20260828-01a55fcf
REC-04367,PKG-0437-07,train,LINEAGE-0437,RUN-20260828-01a55fcf
REC-04368,PKG-0437-08,train,LINEAGE-0437,RUN-20260828-01a55fcf
REC-04369,PKG-0437-09,train,LINEAGE-0437,RUN-20260828-01a55fcf
REC-04370,PKG-0437-10,train,LINEAGE-0437,RUN-20260828-01a55fcf
REC-04371,PKG-0438-01,validation,LINEAGE-0438,RUN-20260828-01a55fcf
REC-04372,PKG-0438-02,validation,LINEAGE-0438,RUN-20260828-01a55fcf
REC-04373,PKG-0438-03,validation,LINEAGE-0438,RUN-20260828-01a55fcf
REC-04374,PKG-0438-04,validation,LINEAGE-0438,RUN-20260828-01a55fcf
REC-04375,PKG-0438-05,validation,LINEAGE-0438,RUN-20260828-01a55fcf
REC-04376,PKG-0438-06,validation,LINEAGE-0438,RUN-20260828-01a55fcf
REC-04377,PKG-0438-07,validation,LINEAGE-0438,RUN-20260828-01a55fcf
REC-04378,PKG-0438-08,validation,LINEAGE-0438,RUN-20260828-01a55fcf
REC-04379,PKG-0438-09,validation,LINEAGE-0438,RUN-20260828-01a55fcf
REC-04380,PKG-0438-10,validation,LINEAGE-0438,RUN-20260828-01a55fcf
REC-04381,PKG-0439-01,train,LINEAGE-0439,RUN-20260828-01a55fcf
REC-04382,PKG-0439-02,train,LINEAGE-0439,RUN-20260828-01a55fcf
REC-04383,PKG-0439-03,train,LINEAGE-0439,RUN-20260828-01a55fcf
REC-04384,PKG-0439-04,train,LINEAGE-0439,RUN-20260828-01a55fcf
REC-04385,PKG-0439-05,train,LINEAGE-0439,RUN-20260828-01a55fcf
REC-04386,PKG-0439-06,train,LINEAGE-0439,RUN-20260828-01a55fcf
REC-04387,PKG-0439-07,train,LINEAGE-0439,RUN-20260828-01a55fcf
REC-04388,PKG-0439-08,train,LINEAGE-0439,RUN-20260828-01a55fcf
REC-04389,PKG-0439-09,train,LINEAGE-0439,RUN-20260828-01a55fcf
REC-04390,PKG-0439-10,train,LINEAGE-0439,RUN-20260828-01a55fcf
REC-04391,PKG-0440-01,train,LINEAGE-0440,RUN-20260828-01a55fcf
REC-04392,PKG-0440-02,train,LINEAGE-0440,RUN-20260828-01a55fcf
REC-04393,PKG-0440-03,train,LINEAGE-0440,RUN-20260828-01a55fcf
REC-04394,PKG-0440-04,train,LINEAGE-0440,RUN-20260828-01a55fcf
REC-04395,PKG-0440-05,train,LINEAGE-0440,RUN-20260828-01a55fcf
REC-04396,PKG-0440-06,train,LINEAGE-0440,RUN-20260828-01a55fcf
REC-04397,PKG-0440-07,train,LINEAGE-0440,RUN-20260828-01a55fcf
REC-04398,PKG-0440-08,train,LINEAGE-0440,RUN-20260828-01a55fcf
REC-04399,PKG-0440-09,train,LINEAGE-0440,RUN-20260828-01a55fcf
REC-04400,PKG-0440-10,train,LINEAGE-0440,RUN-20260828-01a55fcf
REC-04401,PKG-0441-01,test,LINEAGE-0441,RUN-20260828-01a55fcf
REC-04402,PKG-0441-02,test,LINEAGE-0441,RUN-20260828-01a55fcf
REC-04403,PKG-0441-03,test,LINEAGE-0441,RUN-20260828-01a55fcf
REC-04404,PKG-0441-04,test,LINEAGE-0441,RUN-20260828-01a55fcf
REC-04405,PKG-0441-05,test,LINEAGE-0441,RUN-20260828-01a55fcf
REC-04406,PKG-0441-06,test,LINEAGE-0441,RUN-20260828-01a55fcf
REC-04407,PKG-0441-07,test,LINEAGE-0441,RUN-20260828-01a55fcf
REC-04408,PKG-0441-08,test,LINEAGE-0441,RUN-20260828-01a55fcf
REC-04409,PKG-0441-09,test,LINEAGE-0441,RUN-20260828-01a55fcf
REC-04410,PKG-0441-10,test,LINEAGE-0441,RUN-20260828-01a55fcf
REC-04411,PKG-0442-01,train,LINEAGE-0442,RUN-20260828-01a55fcf
REC-04412,PKG-0442-02,train,LINEAGE-0442,RUN-20260828-01a55fcf
REC-04413,PKG-0442-03,train,LINEAGE-0442,RUN-20260828-01a55fcf
REC-04414,PKG-0442-04,train,LINEAGE-0442,RUN-20260828-01a55fcf
REC-04415,PKG-0442-05,train,LINEAGE-0442,RUN-20260828-01a55fcf
REC-04416,PKG-0442-06,train,LINEAGE-0442,RUN-20260828-01a55fcf
REC-04417,PKG-0442-07,train,LINEAGE-0442,RUN-20260828-01a55fcf
REC-04418,PKG-0442-08,train,LINEAGE-0442,RUN-20260828-01a55fcf
REC-04419,PKG-0442-09,train,LINEAGE-0442,RUN-20260828-01a55fcf
REC-04420,PKG-0442-10,train,LINEAGE-0442,RUN-20260828-01a55fcf
REC-04421,PKG-0443-01,train,LINEAGE-0443,RUN-20260828-01a55fcf
REC-04422,PKG-0443-02,train,LINEAGE-0443,RUN-20260828-01a55fcf
REC-04423,PKG-0443-03,train,LINEAGE-0443,RUN-20260828-01a55fcf
REC-04424,PKG-0443-04,train,LINEAGE-0443,RUN-20260828-01a55fcf
REC-04425,PKG-0443-05,train,LINEAGE-0443,RUN-20260828-01a55fcf
REC-04426,PKG-0443-06,train,LINEAGE-0443,RUN-20260828-01a55fcf
REC-04427,PKG-0443-07,train,LINEAGE-0443,RUN-20260828-01a55fcf
REC-04428,PKG-0443-08,train,LINEAGE-0443,RUN-20260828-01a55fcf
REC-04429,PKG-0443-09,train,LINEAGE-0443,RUN-20260828-01a55fcf
REC-04430,PKG-0443-10,train,LINEAGE-0443,RUN-20260828-01a55fcf
REC-04431,PKG-0444-01,train,LINEAGE-0444,RUN-20260828-01a55fcf
REC-04432,PKG-0444-02,train,LINEAGE-0444,RUN-20260828-01a55fcf
REC-04433,PKG-0444-03,train,LINEAGE-0444,RUN-20260828-01a55fcf
REC-04434,PKG-0444-04,train,LINEAGE-0444,RUN-20260828-01a55fcf
REC-04435,PKG-0444-05,train,LINEAGE-0444,RUN-20260828-01a55fcf
REC-04436,PKG-0444-06,train,LINEAGE-0444,RUN-20260828-01a55fcf
REC-04437,PKG-0444-07,train,LINEAGE-0444,RUN-20260828-01a55fcf
REC-04438,PKG-0444-08,train,LINEAGE-0444,RUN-20260828-01a55fcf
REC-04439,PKG-0444-09,train,LINEAGE-0444,RUN-20260828-01a55fcf
REC-04440,PKG-0444-10,train,LINEAGE-0444,RUN-20260828-01a55fcf
REC-04441,PKG-0445-01,test,LINEAGE-0445,RUN-20260828-01a55fcf
REC-04442,PKG-0445-02,test,LINEAGE-0445,RUN-20260828-01a55fcf
REC-04443,PKG-0445-03,test,LINEAGE-0445,RUN-20260828-01a55fcf
REC-04444,PKG-0445-04,test,LINEAGE-0445,RUN-20260828-01a55fcf
REC-04445,PKG-0445-05,test,LINEAGE-0445,RUN-20260828-01a55fcf
REC-04446,PKG-0445-06,test,LINEAGE-0445,RUN-20260828-01a55fcf
REC-04447,PKG-0445-07,test,LINEAGE-0445,RUN-20260828-01a55fcf
REC-04448,PKG-0445-08,test,LINEAGE-0445,RUN-20260828-01a55fcf
REC-04449,PKG-0445-09,test,LINEAGE-0445,RUN-20260828-01a55fcf
REC-04450,PKG-0445-10,test,LINEAGE-0445,RUN-20260828-01a55fcf
REC-04451,PKG-0446-01,train,LINEAGE-0446,RUN-20260828-01a55fcf
REC-04452,PKG-0446-02,train,LINEAGE-0446,RUN-20260828-01a55fcf
REC-04453,PKG-0446-03,train,LINEAGE-0446,RUN-20260828-01a55fcf
REC-04454,PKG-0446-04,train,LINEAGE-0446,RUN-20260828-01a55fcf
REC-04455,PKG-0446-05,train,LINEAGE-0446,RUN-20260828-01a55fcf
REC-04456,PKG-0446-06,train,LINEAGE-0446,RUN-20260828-01a55fcf
REC-04457,PKG-0446-07,train,LINEAGE-0446,RUN-20260828-01a55fcf
REC-04458,PKG-0446-08,train,LINEAGE-0446,RUN-20260828-01a55fcf
REC-04459,PKG-0446-09,train,LINEAGE-0446,RUN-20260828-01a55fcf
REC-04460,PKG-0446-10,train,LINEAGE-0446,RUN-20260828-01a55fcf
REC-04461,PKG-0447-01,train,LINEAGE-0447,RUN-20260828-01a55fcf
REC-04462,PKG-0447-02,train,LINEAGE-0447,RUN-20260828-01a55fcf
REC-04463,PKG-0447-03,train,LINEAGE-0447,RUN-20260828-01a55fcf
REC-04464,PKG-0447-04,train,LINEAGE-0447,RUN-20260828-01a55fcf
REC-04465,PKG-0447-05,train,LINEAGE-0447,RUN-20260828-01a55fcf
REC-04466,PKG-0447-06,train,LINEAGE-0447,RUN-20260828-01a55fcf
REC-04467,PKG-0447-07,train,LINEAGE-0447,RUN-20260828-01a55fcf
REC-04468,PKG-0447-08,train,LINEAGE-0447,RUN-20260828-01a55fcf
REC-04469,PKG-0447-09,train,LINEAGE-0447,RUN-20260828-01a55fcf
REC-04470,PKG-0447-10,train,LINEAGE-0447,RUN-20260828-01a55fcf
REC-04471,PKG-0448-01,train,LINEAGE-0448,RUN-20260828-01a55fcf
REC-04472,PKG-0448-02,train,LINEAGE-0448,RUN-20260828-01a55fcf
REC-04473,PKG-0448-03,train,LINEAGE-0448,RUN-20260828-01a55fcf
REC-04474,PKG-0448-04,train,LINEAGE-0448,RUN-20260828-01a55fcf
REC-04475,PKG-0448-05,train,LINEAGE-0448,RUN-20260828-01a55fcf
REC-04476,PKG-0448-06,train,LINEAGE-0448,RUN-20260828-01a55fcf
REC-04477,PKG-0448-07,train,LINEAGE-0448,RUN-20260828-01a55fcf
REC-04478,PKG-0448-08,train,LINEAGE-0448,RUN-20260828-01a55fcf
REC-04479,PKG-0448-09,train,LINEAGE-0448,RUN-20260828-01a55fcf
REC-04480,PKG-0448-10,train,LINEAGE-0448,RUN-20260828-01a55fcf
REC-04481,PKG-0449-01,train,LINEAGE-0449,RUN-20260828-01a55fcf
REC-04482,PKG-0449-02,train,LINEAGE-0449,RUN-20260828-01a55fcf
REC-04483,PKG-0449-03,train,LINEAGE-0449,RUN-20260828-01a55fcf
REC-04484,PKG-0449-04,train,LINEAGE-0449,RUN-20260828-01a55fcf
REC-04485,PKG-0449-05,train,LINEAGE-0449,RUN-20260828-01a55fcf
REC-04486,PKG-0449-06,train,LINEAGE-0449,RUN-20260828-01a55fcf
REC-04487,PKG-0449-07,train,LINEAGE-0449,RUN-20260828-01a55fcf
REC-04488,PKG-0449-08,train,LINEAGE-0449,RUN-20260828-01a55fcf
REC-04489,PKG-0449-09,train,LINEAGE-0449,RUN-20260828-01a55fcf
REC-04490,PKG-0449-10,train,LINEAGE-0449,RUN-20260828-01a55fcf
REC-04491,PKG-0450-01,train,LINEAGE-0450,RUN-20260828-01a55fcf
REC-04492,PKG-0450-02,train,LINEAGE-0450,RUN-20260828-01a55fcf
REC-04493,PKG-0450-03,train,LINEAGE-0450,RUN-20260828-01a55fcf
REC-04494,PKG-0450-04,train,LINEAGE-0450,RUN-20260828-01a55fcf
REC-04495,PKG-0450-05,train,LINEAGE-0450,RUN-20260828-01a55fcf
REC-04496,PKG-0450-06,train,LINEAGE-0450,RUN-20260828-01a55fcf
REC-04497,PKG-0450-07,train,LINEAGE-0450,RUN-20260828-01a55fcf
REC-04498,PKG-0450-08,train,LINEAGE-0450,RUN-20260828-01a55fcf
REC-04499,PKG-0450-09,train,LINEAGE-0450,RUN-20260828-01a55fcf
REC-04500,PKG-0450-10,train,LINEAGE-0450,RUN-20260828-01a55fcf
REC-04501,PKG-0451-01,validation,LINEAGE-0451,RUN-20260828-01a55fcf
REC-04502,PKG-0451-02,validation,LINEAGE-0451,RUN-20260828-01a55fcf
REC-04503,PKG-0451-03,validation,LINEAGE-0451,RUN-20260828-01a55fcf
REC-04504,PKG-0451-04,validation,LINEAGE-0451,RUN-20260828-01a55fcf
REC-04505,PKG-0451-05,validation,LINEAGE-0451,RUN-20260828-01a55fcf
REC-04506,PKG-0451-06,validation,LINEAGE-0451,RUN-20260828-01a55fcf
REC-04507,PKG-0451-07,validation,LINEAGE-0451,RUN-20260828-01a55fcf
REC-04508,PKG-0451-08,validation,LINEAGE-0451,RUN-20260828-01a55fcf
REC-04509,PKG-0451-09,validation,LINEAGE-0451,RUN-20260828-01a55fcf
REC-04510,PKG-0451-10,validation,LINEAGE-0451,RUN-20260828-01a55fcf
REC-04511,PKG-0452-01,train,LINEAGE-0452,RUN-20260828-01a55fcf
REC-04512,PKG-0452-02,train,LINEAGE-0452,RUN-20260828-01a55fcf
REC-04513,PKG-0452-03,train,LINEAGE-0452,RUN-20260828-01a55fcf
REC-04514,PKG-0452-04,train,LINEAGE-0452,RUN-20260828-01a55fcf
REC-04515,PKG-0452-05,train,LINEAGE-0452,RUN-20260828-01a55fcf
REC-04516,PKG-0452-06,train,LINEAGE-0452,RUN-20260828-01a55fcf
REC-04517,PKG-0452-07,train,LINEAGE-0452,RUN-20260828-01a55fcf
REC-04518,PKG-0452-08,train,LINEAGE-0452,RUN-20260828-01a55fcf
REC-04519,PKG-0452-09,train,LINEAGE-0452,RUN-20260828-01a55fcf
REC-04520,PKG-0452-10,train,LINEAGE-0452,RUN-20260828-01a55fcf
REC-04521,PKG-0453-01,train,LINEAGE-0453,RUN-20260828-01a55fcf
REC-04522,PKG-0453-02,train,LINEAGE-0453,RUN-20260828-01a55fcf
REC-04523,PKG-0453-03,train,LINEAGE-0453,RUN-20260828-01a55fcf
REC-04524,PKG-0453-04,train,LINEAGE-0453,RUN-20260828-01a55fcf
REC-04525,PKG-0453-05,train,LINEAGE-0453,RUN-20260828-01a55fcf
REC-04526,PKG-0453-06,train,LINEAGE-0453,RUN-20260828-01a55fcf
REC-04527,PKG-0453-07,train,LINEAGE-0453,RUN-20260828-01a55fcf
REC-04528,PKG-0453-08,train,LINEAGE-0453,RUN-20260828-01a55fcf
REC-04529,PKG-0453-09,train,LINEAGE-0453,RUN-20260828-01a55fcf
REC-04530,PKG-0453-10,train,LINEAGE-0453,RUN-20260828-01a55fcf
REC-04531,PKG-0454-01,train,LINEAGE-0454,RUN-20260828-01a55fcf
REC-04532,PKG-0454-02,train,LINEAGE-0454,RUN-20260828-01a55fcf
REC-04533,PKG-0454-03,train,LINEAGE-0454,RUN-20260828-01a55fcf
REC-04534,PKG-0454-04,train,LINEAGE-0454,RUN-20260828-01a55fcf
REC-04535,PKG-0454-05,train,LINEAGE-0454,RUN-20260828-01a55fcf
REC-04536,PKG-0454-06,train,LINEAGE-0454,RUN-20260828-01a55fcf
REC-04537,PKG-0454-07,train,LINEAGE-0454,RUN-20260828-01a55fcf
REC-04538,PKG-0454-08,train,LINEAGE-0454,RUN-20260828-01a55fcf
REC-04539,PKG-0454-09,train,LINEAGE-0454,RUN-20260828-01a55fcf
REC-04540,PKG-0454-10,train,LINEAGE-0454,RUN-20260828-01a55fcf
REC-04541,PKG-0455-01,train,LINEAGE-0455,RUN-20260828-01a55fcf
REC-04542,PKG-0455-02,train,LINEAGE-0455,RUN-20260828-01a55fcf
REC-04543,PKG-0455-03,train,LINEAGE-0455,RUN-20260828-01a55fcf
REC-04544,PKG-0455-04,train,LINEAGE-0455,RUN-20260828-01a55fcf
REC-04545,PKG-0455-05,train,LINEAGE-0455,RUN-20260828-01a55fcf
REC-04546,PKG-0455-06,train,LINEAGE-0455,RUN-20260828-01a55fcf
REC-04547,PKG-0455-07,train,LINEAGE-0455,RUN-20260828-01a55fcf
REC-04548,PKG-0455-08,train,LINEAGE-0455,RUN-20260828-01a55fcf
REC-04549,PKG-0455-09,train,LINEAGE-0455,RUN-20260828-01a55fcf
REC-04550,PKG-0455-10,train,LINEAGE-0455,RUN-20260828-01a55fcf
REC-04551,PKG-0456-01,train,LINEAGE-0456,RUN-20260828-01a55fcf
REC-04552,PKG-0456-02,train,LINEAGE-0456,RUN-20260828-01a55fcf
REC-04553,PKG-0456-03,train,LINEAGE-0456,RUN-20260828-01a55fcf
REC-04554,PKG-0456-04,train,LINEAGE-0456,RUN-20260828-01a55fcf
REC-04555,PKG-0456-05,train,LINEAGE-0456,RUN-20260828-01a55fcf
REC-04556,PKG-0456-06,train,LINEAGE-0456,RUN-20260828-01a55fcf
REC-04557,PKG-0456-07,train,LINEAGE-0456,RUN-20260828-01a55fcf
REC-04558,PKG-0456-08,train,LINEAGE-0456,RUN-20260828-01a55fcf
REC-04559,PKG-0456-09,train,LINEAGE-0456,RUN-20260828-01a55fcf
REC-04560,PKG-0456-10,train,LINEAGE-0456,RUN-20260828-01a55fcf
REC-04561,PKG-0457-01,test,LINEAGE-0457,RUN-20260828-01a55fcf
REC-04562,PKG-0457-02,test,LINEAGE-0457,RUN-20260828-01a55fcf
REC-04563,PKG-0457-03,test,LINEAGE-0457,RUN-20260828-01a55fcf
REC-04564,PKG-0457-04,test,LINEAGE-0457,RUN-20260828-01a55fcf
REC-04565,PKG-0457-05,test,LINEAGE-0457,RUN-20260828-01a55fcf
REC-04566,PKG-0457-06,test,LINEAGE-0457,RUN-20260828-01a55fcf
REC-04567,PKG-0457-07,test,LINEAGE-0457,RUN-20260828-01a55fcf
REC-04568,PKG-0457-08,test,LINEAGE-0457,RUN-20260828-01a55fcf
REC-04569,PKG-0457-09,test,LINEAGE-0457,RUN-20260828-01a55fcf
REC-04570,PKG-0457-10,test,LINEAGE-0457,RUN-20260828-01a55fcf
REC-04571,PKG-0458-01,train,LINEAGE-0458,RUN-20260828-01a55fcf
REC-04572,PKG-0458-02,train,LINEAGE-0458,RUN-20260828-01a55fcf
REC-04573,PKG-0458-03,train,LINEAGE-0458,RUN-20260828-01a55fcf
REC-04574,PKG-0458-04,train,LINEAGE-0458,RUN-20260828-01a55fcf
REC-04575,PKG-0458-05,train,LINEAGE-0458,RUN-20260828-01a55fcf
REC-04576,PKG-0458-06,train,LINEAGE-0458,RUN-20260828-01a55fcf
REC-04577,PKG-0458-07,train,LINEAGE-0458,RUN-20260828-01a55fcf
REC-04578,PKG-0458-08,train,LINEAGE-0458,RUN-20260828-01a55fcf
REC-04579,PKG-0458-09,train,LINEAGE-0458,RUN-20260828-01a55fcf
REC-04580,PKG-0458-10,train,LINEAGE-0458,RUN-20260828-01a55fcf
REC-04581,PKG-0459-01,train,LINEAGE-0459,RUN-20260828-01a55fcf
REC-04582,PKG-0459-02,train,LINEAGE-0459,RUN-20260828-01a55fcf
REC-04583,PKG-0459-03,train,LINEAGE-0459,RUN-20260828-01a55fcf
REC-04584,PKG-0459-04,train,LINEAGE-0459,RUN-20260828-01a55fcf
REC-04585,PKG-0459-05,train,LINEAGE-0459,RUN-20260828-01a55fcf
REC-04586,PKG-0459-06,train,LINEAGE-0459,RUN-20260828-01a55fcf
REC-04587,PKG-0459-07,train,LINEAGE-0459,RUN-20260828-01a55fcf
REC-04588,PKG-0459-08,train,LINEAGE-0459,RUN-20260828-01a55fcf
REC-04589,PKG-0459-09,train,LINEAGE-0459,RUN-20260828-01a55fcf
REC-04590,PKG-0459-10,train,LINEAGE-0459,RUN-20260828-01a55fcf
REC-04591,PKG-0460-01,train,LINEAGE-0460,RUN-20260828-01a55fcf
REC-04592,PKG-0460-02,train,LINEAGE-0460,RUN-20260828-01a55fcf
REC-04593,PKG-0460-03,train,LINEAGE-0460,RUN-20260828-01a55fcf
REC-04594,PKG-0460-04,train,LINEAGE-0460,RUN-20260828-01a55fcf
REC-04595,PKG-0460-05,train,LINEAGE-0460,RUN-20260828-01a55fcf
REC-04596,PKG-0460-06,train,LINEAGE-0460,RUN-20260828-01a55fcf
REC-04597,PKG-0460-07,train,LINEAGE-0460,RUN-20260828-01a55fcf
REC-04598,PKG-0460-08,train,LINEAGE-0460,RUN-20260828-01a55fcf
REC-04599,PKG-0460-09,train,LINEAGE-0460,RUN-20260828-01a55fcf
REC-04600,PKG-0460-10,train,LINEAGE-0460,RUN-20260828-01a55fcf
REC-04601,PKG-0461-01,test,LINEAGE-0461,RUN-20260828-01a55fcf
REC-04602,PKG-0461-02,test,LINEAGE-0461,RUN-20260828-01a55fcf
REC-04603,PKG-0461-03,test,LINEAGE-0461,RUN-20260828-01a55fcf
REC-04604,PKG-0461-04,test,LINEAGE-0461,RUN-20260828-01a55fcf
REC-04605,PKG-0461-05,test,LINEAGE-0461,RUN-20260828-01a55fcf
REC-04606,PKG-0461-06,test,LINEAGE-0461,RUN-20260828-01a55fcf
REC-04607,PKG-0461-07,test,LINEAGE-0461,RUN-20260828-01a55fcf
REC-04608,PKG-0461-08,test,LINEAGE-0461,RUN-20260828-01a55fcf
REC-04609,PKG-0461-09,test,LINEAGE-0461,RUN-20260828-01a55fcf
REC-04610,PKG-0461-10,test,LINEAGE-0461,RUN-20260828-01a55fcf
REC-04611,PKG-0462-01,train,LINEAGE-0462,RUN-20260828-01a55fcf
REC-04612,PKG-0462-02,train,LINEAGE-0462,RUN-20260828-01a55fcf
REC-04613,PKG-0462-03,train,LINEAGE-0462,RUN-20260828-01a55fcf
REC-04614,PKG-0462-04,train,LINEAGE-0462,RUN-20260828-01a55fcf
REC-04615,PKG-0462-05,train,LINEAGE-0462,RUN-20260828-01a55fcf
REC-04616,PKG-0462-06,train,LINEAGE-0462,RUN-20260828-01a55fcf
REC-04617,PKG-0462-07,train,LINEAGE-0462,RUN-20260828-01a55fcf
REC-04618,PKG-0462-08,train,LINEAGE-0462,RUN-20260828-01a55fcf
REC-04619,PKG-0462-09,train,LINEAGE-0462,RUN-20260828-01a55fcf
REC-04620,PKG-0462-10,train,LINEAGE-0462,RUN-20260828-01a55fcf
REC-04621,PKG-0463-01,train,LINEAGE-0463,RUN-20260828-01a55fcf
REC-04622,PKG-0463-02,train,LINEAGE-0463,RUN-20260828-01a55fcf
REC-04623,PKG-0463-03,train,LINEAGE-0463,RUN-20260828-01a55fcf
REC-04624,PKG-0463-04,train,LINEAGE-0463,RUN-20260828-01a55fcf
REC-04625,PKG-0463-05,train,LINEAGE-0463,RUN-20260828-01a55fcf
REC-04626,PKG-0463-06,train,LINEAGE-0463,RUN-20260828-01a55fcf
REC-04627,PKG-0463-07,train,LINEAGE-0463,RUN-20260828-01a55fcf
REC-04628,PKG-0463-08,train,LINEAGE-0463,RUN-20260828-01a55fcf
REC-04629,PKG-0463-09,train,LINEAGE-0463,RUN-20260828-01a55fcf
REC-04630,PKG-0463-10,train,LINEAGE-0463,RUN-20260828-01a55fcf
REC-04631,PKG-0464-01,train,LINEAGE-0464,RUN-20260828-01a55fcf
REC-04632,PKG-0464-02,train,LINEAGE-0464,RUN-20260828-01a55fcf
REC-04633,PKG-0464-03,train,LINEAGE-0464,RUN-20260828-01a55fcf
REC-04634,PKG-0464-04,train,LINEAGE-0464,RUN-20260828-01a55fcf
REC-04635,PKG-0464-05,train,LINEAGE-0464,RUN-20260828-01a55fcf
REC-04636,PKG-0464-06,train,LINEAGE-0464,RUN-20260828-01a55fcf
REC-04637,PKG-0464-07,train,LINEAGE-0464,RUN-20260828-01a55fcf
REC-04638,PKG-0464-08,train,LINEAGE-0464,RUN-20260828-01a55fcf
REC-04639,PKG-0464-09,train,LINEAGE-0464,RUN-20260828-01a55fcf
REC-04640,PKG-0464-10,train,LINEAGE-0464,RUN-20260828-01a55fcf
REC-04641,PKG-0465-01,train,LINEAGE-0465,RUN-20260828-01a55fcf
REC-04642,PKG-0465-02,train,LINEAGE-0465,RUN-20260828-01a55fcf
REC-04643,PKG-0465-03,train,LINEAGE-0465,RUN-20260828-01a55fcf
REC-04644,PKG-0465-04,train,LINEAGE-0465,RUN-20260828-01a55fcf
REC-04645,PKG-0465-05,train,LINEAGE-0465,RUN-20260828-01a55fcf
REC-04646,PKG-0465-06,train,LINEAGE-0465,RUN-20260828-01a55fcf
REC-04647,PKG-0465-07,train,LINEAGE-0465,RUN-20260828-01a55fcf
REC-04648,PKG-0465-08,train,LINEAGE-0465,RUN-20260828-01a55fcf
REC-04649,PKG-0465-09,train,LINEAGE-0465,RUN-20260828-01a55fcf
REC-04650,PKG-0465-10,train,LINEAGE-0465,RUN-20260828-01a55fcf
REC-04651,PKG-0466-01,train,LINEAGE-0466,RUN-20260828-01a55fcf
REC-04652,PKG-0466-02,train,LINEAGE-0466,RUN-20260828-01a55fcf
REC-04653,PKG-0466-03,train,LINEAGE-0466,RUN-20260828-01a55fcf
REC-04654,PKG-0466-04,train,LINEAGE-0466,RUN-20260828-01a55fcf
REC-04655,PKG-0466-05,train,LINEAGE-0466,RUN-20260828-01a55fcf
REC-04656,PKG-0466-06,train,LINEAGE-0466,RUN-20260828-01a55fcf
REC-04657,PKG-0466-07,train,LINEAGE-0466,RUN-20260828-01a55fcf
REC-04658,PKG-0466-08,train,LINEAGE-0466,RUN-20260828-01a55fcf
REC-04659,PKG-0466-09,train,LINEAGE-0466,RUN-20260828-01a55fcf
REC-04660,PKG-0466-10,train,LINEAGE-0466,RUN-20260828-01a55fcf
REC-04661,PKG-0467-01,train,LINEAGE-0467,RUN-20260828-01a55fcf
REC-04662,PKG-0467-02,train,LINEAGE-0467,RUN-20260828-01a55fcf
REC-04663,PKG-0467-03,train,LINEAGE-0467,RUN-20260828-01a55fcf
REC-04664,PKG-0467-04,train,LINEAGE-0467,RUN-20260828-01a55fcf
REC-04665,PKG-0467-05,train,LINEAGE-0467,RUN-20260828-01a55fcf
REC-04666,PKG-0467-06,train,LINEAGE-0467,RUN-20260828-01a55fcf
REC-04667,PKG-0467-07,train,LINEAGE-0467,RUN-20260828-01a55fcf
REC-04668,PKG-0467-08,train,LINEAGE-0467,RUN-20260828-01a55fcf
REC-04669,PKG-0467-09,train,LINEAGE-0467,RUN-20260828-01a55fcf
REC-04670,PKG-0467-10,train,LINEAGE-0467,RUN-20260828-01a55fcf
REC-04671,PKG-0468-01,train,LINEAGE-0468,RUN-20260828-01a55fcf
REC-04672,PKG-0468-02,train,LINEAGE-0468,RUN-20260828-01a55fcf
REC-04673,PKG-0468-03,train,LINEAGE-0468,RUN-20260828-01a55fcf
REC-04674,PKG-0468-04,train,LINEAGE-0468,RUN-20260828-01a55fcf
REC-04675,PKG-0468-05,train,LINEAGE-0468,RUN-20260828-01a55fcf
REC-04676,PKG-0468-06,train,LINEAGE-0468,RUN-20260828-01a55fcf
REC-04677,PKG-0468-07,train,LINEAGE-0468,RUN-20260828-01a55fcf
REC-04678,PKG-0468-08,train,LINEAGE-0468,RUN-20260828-01a55fcf
REC-04679,PKG-0468-09,train,LINEAGE-0468,RUN-20260828-01a55fcf
REC-04680,PKG-0468-10,train,LINEAGE-0468,RUN-20260828-01a55fcf
REC-04681,PKG-0469-01,train,LINEAGE-0469,RUN-20260828-01a55fcf
REC-04682,PKG-0469-02,train,LINEAGE-0469,RUN-20260828-01a55fcf
REC-04683,PKG-0469-03,train,LINEAGE-0469,RUN-20260828-01a55fcf
REC-04684,PKG-0469-04,train,LINEAGE-0469,RUN-20260828-01a55fcf
REC-04685,PKG-0469-05,train,LINEAGE-0469,RUN-20260828-01a55fcf
REC-04686,PKG-0469-06,train,LINEAGE-0469,RUN-20260828-01a55fcf
REC-04687,PKG-0469-07,train,LINEAGE-0469,RUN-20260828-01a55fcf
REC-04688,PKG-0469-08,train,LINEAGE-0469,RUN-20260828-01a55fcf
REC-04689,PKG-0469-09,train,LINEAGE-0469,RUN-20260828-01a55fcf
REC-04690,PKG-0469-10,train,LINEAGE-0469,RUN-20260828-01a55fcf
REC-04691,PKG-0470-01,train,LINEAGE-0470,RUN-20260828-01a55fcf
REC-04692,PKG-0470-02,train,LINEAGE-0470,RUN-20260828-01a55fcf
REC-04693,PKG-0470-03,train,LINEAGE-0470,RUN-20260828-01a55fcf
REC-04694,PKG-0470-04,train,LINEAGE-0470,RUN-20260828-01a55fcf
REC-04695,PKG-0470-05,train,LINEAGE-0470,RUN-20260828-01a55fcf
REC-04696,PKG-0470-06,train,LINEAGE-0470,RUN-20260828-01a55fcf
REC-04697,PKG-0470-07,train,LINEAGE-0470,RUN-20260828-01a55fcf
REC-04698,PKG-0470-08,train,LINEAGE-0470,RUN-20260828-01a55fcf
REC-04699,PKG-0470-09,train,LINEAGE-0470,RUN-20260828-01a55fcf
REC-04700,PKG-0470-10,train,LINEAGE-0470,RUN-20260828-01a55fcf
REC-04701,PKG-0471-01,validation,LINEAGE-0471,RUN-20260828-01a55fcf
REC-04702,PKG-0471-02,validation,LINEAGE-0471,RUN-20260828-01a55fcf
REC-04703,PKG-0471-03,validation,LINEAGE-0471,RUN-20260828-01a55fcf
REC-04704,PKG-0471-04,validation,LINEAGE-0471,RUN-20260828-01a55fcf
REC-04705,PKG-0471-05,validation,LINEAGE-0471,RUN-20260828-01a55fcf
REC-04706,PKG-0471-06,validation,LINEAGE-0471,RUN-20260828-01a55fcf
REC-04707,PKG-0471-07,validation,LINEAGE-0471,RUN-20260828-01a55fcf
REC-04708,PKG-0471-08,validation,LINEAGE-0471,RUN-20260828-01a55fcf
REC-04709,PKG-0471-09,validation,LINEAGE-0471,RUN-20260828-01a55fcf
REC-04710,PKG-0471-10,validation,LINEAGE-0471,RUN-20260828-01a55fcf
REC-04711,PKG-0472-01,validation,LINEAGE-0472,RUN-20260828-01a55fcf
REC-04712,PKG-0472-02,validation,LINEAGE-0472,RUN-20260828-01a55fcf
REC-04713,PKG-0472-03,validation,LINEAGE-0472,RUN-20260828-01a55fcf
REC-04714,PKG-0472-04,validation,LINEAGE-0472,RUN-20260828-01a55fcf
REC-04715,PKG-0472-05,validation,LINEAGE-0472,RUN-20260828-01a55fcf
REC-04716,PKG-0472-06,validation,LINEAGE-0472,RUN-20260828-01a55fcf
REC-04717,PKG-0472-07,validation,LINEAGE-0472,RUN-20260828-01a55fcf
REC-04718,PKG-0472-08,validation,LINEAGE-0472,RUN-20260828-01a55fcf
REC-04719,PKG-0472-09,validation,LINEAGE-0472,RUN-20260828-01a55fcf
REC-04720,PKG-0472-10,validation,LINEAGE-0472,RUN-20260828-01a55fcf
REC-04721,PKG-0473-01,train,LINEAGE-0473,RUN-20260828-01a55fcf
REC-04722,PKG-0473-02,train,LINEAGE-0473,RUN-20260828-01a55fcf
REC-04723,PKG-0473-03,train,LINEAGE-0473,RUN-20260828-01a55fcf
REC-04724,PKG-0473-04,train,LINEAGE-0473,RUN-20260828-01a55fcf
REC-04725,PKG-0473-05,train,LINEAGE-0473,RUN-20260828-01a55fcf
REC-04726,PKG-0473-06,train,LINEAGE-0473,RUN-20260828-01a55fcf
REC-04727,PKG-0473-07,train,LINEAGE-0473,RUN-20260828-01a55fcf
REC-04728,PKG-0473-08,train,LINEAGE-0473,RUN-20260828-01a55fcf
REC-04729,PKG-0473-09,train,LINEAGE-0473,RUN-20260828-01a55fcf
REC-04730,PKG-0473-10,train,LINEAGE-0473,RUN-20260828-01a55fcf
REC-04731,PKG-0474-01,validation,LINEAGE-0474,RUN-20260828-01a55fcf
REC-04732,PKG-0474-02,validation,LINEAGE-0474,RUN-20260828-01a55fcf
REC-04733,PKG-0474-03,validation,LINEAGE-0474,RUN-20260828-01a55fcf
REC-04734,PKG-0474-04,validation,LINEAGE-0474,RUN-20260828-01a55fcf
REC-04735,PKG-0474-05,validation,LINEAGE-0474,RUN-20260828-01a55fcf
REC-04736,PKG-0474-06,validation,LINEAGE-0474,RUN-20260828-01a55fcf
REC-04737,PKG-0474-07,validation,LINEAGE-0474,RUN-20260828-01a55fcf
REC-04738,PKG-0474-08,validation,LINEAGE-0474,RUN-20260828-01a55fcf
REC-04739,PKG-0474-09,validation,LINEAGE-0474,RUN-20260828-01a55fcf
REC-04740,PKG-0474-10,validation,LINEAGE-0474,RUN-20260828-01a55fcf
REC-04741,PKG-0475-01,train,LINEAGE-0475,RUN-20260828-01a55fcf
REC-04742,PKG-0475-02,train,LINEAGE-0475,RUN-20260828-01a55fcf
REC-04743,PKG-0475-03,train,LINEAGE-0475,RUN-20260828-01a55fcf
REC-04744,PKG-0475-04,train,LINEAGE-0475,RUN-20260828-01a55fcf
REC-04745,PKG-0475-05,train,LINEAGE-0475,RUN-20260828-01a55fcf
REC-04746,PKG-0475-06,train,LINEAGE-0475,RUN-20260828-01a55fcf
REC-04747,PKG-0475-07,train,LINEAGE-0475,RUN-20260828-01a55fcf
REC-04748,PKG-0475-08,train,LINEAGE-0475,RUN-20260828-01a55fcf
REC-04749,PKG-0475-09,train,LINEAGE-0475,RUN-20260828-01a55fcf
REC-04750,PKG-0475-10,train,LINEAGE-0475,RUN-20260828-01a55fcf
REC-04751,PKG-0476-01,train,LINEAGE-0476,RUN-20260828-01a55fcf
REC-04752,PKG-0476-02,train,LINEAGE-0476,RUN-20260828-01a55fcf
REC-04753,PKG-0476-03,train,LINEAGE-0476,RUN-20260828-01a55fcf
REC-04754,PKG-0476-04,train,LINEAGE-0476,RUN-20260828-01a55fcf
REC-04755,PKG-0476-05,train,LINEAGE-0476,RUN-20260828-01a55fcf
REC-04756,PKG-0476-06,train,LINEAGE-0476,RUN-20260828-01a55fcf
REC-04757,PKG-0476-07,train,LINEAGE-0476,RUN-20260828-01a55fcf
REC-04758,PKG-0476-08,train,LINEAGE-0476,RUN-20260828-01a55fcf
REC-04759,PKG-0476-09,train,LINEAGE-0476,RUN-20260828-01a55fcf
REC-04760,PKG-0476-10,train,LINEAGE-0476,RUN-20260828-01a55fcf
REC-04761,PKG-0477-01,train,LINEAGE-0477,RUN-20260828-01a55fcf
REC-04762,PKG-0477-02,train,LINEAGE-0477,RUN-20260828-01a55fcf
REC-04763,PKG-0477-03,train,LINEAGE-0477,RUN-20260828-01a55fcf
REC-04764,PKG-0477-04,train,LINEAGE-0477,RUN-20260828-01a55fcf
REC-04765,PKG-0477-05,train,LINEAGE-0477,RUN-20260828-01a55fcf
REC-04766,PKG-0477-06,train,LINEAGE-0477,RUN-20260828-01a55fcf
REC-04767,PKG-0477-07,train,LINEAGE-0477,RUN-20260828-01a55fcf
REC-04768,PKG-0477-08,train,LINEAGE-0477,RUN-20260828-01a55fcf
REC-04769,PKG-0477-09,train,LINEAGE-0477,RUN-20260828-01a55fcf
REC-04770,PKG-0477-10,train,LINEAGE-0477,RUN-20260828-01a55fcf
REC-04771,PKG-0478-01,train,LINEAGE-0478,RUN-20260828-01a55fcf
REC-04772,PKG-0478-02,train,LINEAGE-0478,RUN-20260828-01a55fcf
REC-04773,PKG-0478-03,train,LINEAGE-0478,RUN-20260828-01a55fcf
REC-04774,PKG-0478-04,train,LINEAGE-0478,RUN-20260828-01a55fcf
REC-04775,PKG-0478-05,train,LINEAGE-0478,RUN-20260828-01a55fcf
REC-04776,PKG-0478-06,train,LINEAGE-0478,RUN-20260828-01a55fcf
REC-04777,PKG-0478-07,train,LINEAGE-0478,RUN-20260828-01a55fcf
REC-04778,PKG-0478-08,train,LINEAGE-0478,RUN-20260828-01a55fcf
REC-04779,PKG-0478-09,train,LINEAGE-0478,RUN-20260828-01a55fcf
REC-04780,PKG-0478-10,train,LINEAGE-0478,RUN-20260828-01a55fcf
REC-04781,PKG-0479-01,validation,LINEAGE-0479,RUN-20260828-01a55fcf
REC-04782,PKG-0479-02,validation,LINEAGE-0479,RUN-20260828-01a55fcf
REC-04783,PKG-0479-03,validation,LINEAGE-0479,RUN-20260828-01a55fcf
REC-04784,PKG-0479-04,validation,LINEAGE-0479,RUN-20260828-01a55fcf
REC-04785,PKG-0479-05,validation,LINEAGE-0479,RUN-20260828-01a55fcf
REC-04786,PKG-0479-06,validation,LINEAGE-0479,RUN-20260828-01a55fcf
REC-04787,PKG-0479-07,validation,LINEAGE-0479,RUN-20260828-01a55fcf
REC-04788,PKG-0479-08,validation,LINEAGE-0479,RUN-20260828-01a55fcf
REC-04789,PKG-0479-09,validation,LINEAGE-0479,RUN-20260828-01a55fcf
REC-04790,PKG-0479-10,validation,LINEAGE-0479,RUN-20260828-01a55fcf
REC-04791,PKG-0480-01,validation,LINEAGE-0480,RUN-20260828-01a55fcf
REC-04792,PKG-0480-02,validation,LINEAGE-0480,RUN-20260828-01a55fcf
REC-04793,PKG-0480-03,validation,LINEAGE-0480,RUN-20260828-01a55fcf
REC-04794,PKG-0480-04,validation,LINEAGE-0480,RUN-20260828-01a55fcf
REC-04795,PKG-0480-05,validation,LINEAGE-0480,RUN-20260828-01a55fcf
REC-04796,PKG-0480-06,validation,LINEAGE-0480,RUN-20260828-01a55fcf
REC-04797,PKG-0480-07,validation,LINEAGE-0480,RUN-20260828-01a55fcf
REC-04798,PKG-0480-08,validation,LINEAGE-0480,RUN-20260828-01a55fcf
REC-04799,PKG-0480-09,validation,LINEAGE-0480,RUN-20260828-01a55fcf
REC-04800,PKG-0480-10,validation,LINEAGE-0480,RUN-20260828-01a55fcf
REC-04801,PKG-0481-01,train,LINEAGE-0481,RUN-20260828-01a55fcf
REC-04802,PKG-0481-02,train,LINEAGE-0481,RUN-20260828-01a55fcf
REC-04803,PKG-0481-03,train,LINEAGE-0481,RUN-20260828-01a55fcf
REC-04804,PKG-0481-04,train,LINEAGE-0481,RUN-20260828-01a55fcf
REC-04805,PKG-0481-05,train,LINEAGE-0481,RUN-20260828-01a55fcf
REC-04806,PKG-0481-06,train,LINEAGE-0481,RUN-20260828-01a55fcf
REC-04807,PKG-0481-07,train,LINEAGE-0481,RUN-20260828-01a55fcf
REC-04808,PKG-0481-08,train,LINEAGE-0481,RUN-20260828-01a55fcf
REC-04809,PKG-0481-09,train,LINEAGE-0481,RUN-20260828-01a55fcf
REC-04810,PKG-0481-10,train,LINEAGE-0481,RUN-20260828-01a55fcf
REC-04811,PKG-0482-01,train,LINEAGE-0482,RUN-20260828-01a55fcf
REC-04812,PKG-0482-02,train,LINEAGE-0482,RUN-20260828-01a55fcf
REC-04813,PKG-0482-03,train,LINEAGE-0482,RUN-20260828-01a55fcf
REC-04814,PKG-0482-04,train,LINEAGE-0482,RUN-20260828-01a55fcf
REC-04815,PKG-0482-05,train,LINEAGE-0482,RUN-20260828-01a55fcf
REC-04816,PKG-0482-06,train,LINEAGE-0482,RUN-20260828-01a55fcf
REC-04817,PKG-0482-07,train,LINEAGE-0482,RUN-20260828-01a55fcf
REC-04818,PKG-0482-08,train,LINEAGE-0482,RUN-20260828-01a55fcf
REC-04819,PKG-0482-09,train,LINEAGE-0482,RUN-20260828-01a55fcf
REC-04820,PKG-0482-10,train,LINEAGE-0482,RUN-20260828-01a55fcf
REC-04821,PKG-0483-01,train,LINEAGE-0483,RUN-20260828-01a55fcf
REC-04822,PKG-0483-02,train,LINEAGE-0483,RUN-20260828-01a55fcf
REC-04823,PKG-0483-03,train,LINEAGE-0483,RUN-20260828-01a55fcf
REC-04824,PKG-0483-04,train,LINEAGE-0483,RUN-20260828-01a55fcf
REC-04825,PKG-0483-05,train,LINEAGE-0483,RUN-20260828-01a55fcf
REC-04826,PKG-0483-06,train,LINEAGE-0483,RUN-20260828-01a55fcf
REC-04827,PKG-0483-07,train,LINEAGE-0483,RUN-20260828-01a55fcf
REC-04828,PKG-0483-08,train,LINEAGE-0483,RUN-20260828-01a55fcf
REC-04829,PKG-0483-09,train,LINEAGE-0483,RUN-20260828-01a55fcf
REC-04830,PKG-0483-10,train,LINEAGE-0483,RUN-20260828-01a55fcf
REC-04831,PKG-0484-01,train,LINEAGE-0484,RUN-20260828-01a55fcf
REC-04832,PKG-0484-02,train,LINEAGE-0484,RUN-20260828-01a55fcf
REC-04833,PKG-0484-03,train,LINEAGE-0484,RUN-20260828-01a55fcf
REC-04834,PKG-0484-04,train,LINEAGE-0484,RUN-20260828-01a55fcf
REC-04835,PKG-0484-05,train,LINEAGE-0484,RUN-20260828-01a55fcf
REC-04836,PKG-0484-06,train,LINEAGE-0484,RUN-20260828-01a55fcf
REC-04837,PKG-0484-07,train,LINEAGE-0484,RUN-20260828-01a55fcf
REC-04838,PKG-0484-08,train,LINEAGE-0484,RUN-20260828-01a55fcf
REC-04839,PKG-0484-09,train,LINEAGE-0484,RUN-20260828-01a55fcf
REC-04840,PKG-0484-10,train,LINEAGE-0484,RUN-20260828-01a55fcf
REC-04841,PKG-0485-01,train,LINEAGE-0485,RUN-20260828-01a55fcf
REC-04842,PKG-0485-02,train,LINEAGE-0485,RUN-20260828-01a55fcf
REC-04843,PKG-0485-03,train,LINEAGE-0485,RUN-20260828-01a55fcf
REC-04844,PKG-0485-04,train,LINEAGE-0485,RUN-20260828-01a55fcf
REC-04845,PKG-0485-05,train,LINEAGE-0485,RUN-20260828-01a55fcf
REC-04846,PKG-0485-06,train,LINEAGE-0485,RUN-20260828-01a55fcf
REC-04847,PKG-0485-07,train,LINEAGE-0485,RUN-20260828-01a55fcf
REC-04848,PKG-0485-08,train,LINEAGE-0485,RUN-20260828-01a55fcf
REC-04849,PKG-0485-09,train,LINEAGE-0485,RUN-20260828-01a55fcf
REC-04850,PKG-0485-10,train,LINEAGE-0485,RUN-20260828-01a55fcf
REC-04851,PKG-0486-01,train,LINEAGE-0486,RUN-20260828-01a55fcf
REC-04852,PKG-0486-02,train,LINEAGE-0486,RUN-20260828-01a55fcf
REC-04853,PKG-0486-03,train,LINEAGE-0486,RUN-20260828-01a55fcf
REC-04854,PKG-0486-04,train,LINEAGE-0486,RUN-20260828-01a55fcf
REC-04855,PKG-0486-05,train,LINEAGE-0486,RUN-20260828-01a55fcf
REC-04856,PKG-0486-06,train,LINEAGE-0486,RUN-20260828-01a55fcf
REC-04857,PKG-0486-07,train,LINEAGE-0486,RUN-20260828-01a55fcf
REC-04858,PKG-0486-08,train,LINEAGE-0486,RUN-20260828-01a55fcf
REC-04859,PKG-0486-09,train,LINEAGE-0486,RUN-20260828-01a55fcf
REC-04860,PKG-0486-10,train,LINEAGE-0486,RUN-20260828-01a55fcf
REC-04861,PKG-0487-01,test,LINEAGE-0487,RUN-20260828-01a55fcf
REC-04862,PKG-0487-02,test,LINEAGE-0487,RUN-20260828-01a55fcf
REC-04863,PKG-0487-03,test,LINEAGE-0487,RUN-20260828-01a55fcf
REC-04864,PKG-0487-04,test,LINEAGE-0487,RUN-20260828-01a55fcf
REC-04865,PKG-0487-05,test,LINEAGE-0487,RUN-20260828-01a55fcf
REC-04866,PKG-0487-06,test,LINEAGE-0487,RUN-20260828-01a55fcf
REC-04867,PKG-0487-07,test,LINEAGE-0487,RUN-20260828-01a55fcf
REC-04868,PKG-0487-08,test,LINEAGE-0487,RUN-20260828-01a55fcf
REC-04869,PKG-0487-09,test,LINEAGE-0487,RUN-20260828-01a55fcf
REC-04870,PKG-0487-10,test,LINEAGE-0487,RUN-20260828-01a55fcf
REC-04871,PKG-0488-01,train,LINEAGE-0488,RUN-20260828-01a55fcf
REC-04872,PKG-0488-02,train,LINEAGE-0488,RUN-20260828-01a55fcf
REC-04873,PKG-0488-03,train,LINEAGE-0488,RUN-20260828-01a55fcf
REC-04874,PKG-0488-04,train,LINEAGE-0488,RUN-20260828-01a55fcf
REC-04875,PKG-0488-05,train,LINEAGE-0488,RUN-20260828-01a55fcf
REC-04876,PKG-0488-06,train,LINEAGE-0488,RUN-20260828-01a55fcf
REC-04877,PKG-0488-07,train,LINEAGE-0488,RUN-20260828-01a55fcf
REC-04878,PKG-0488-08,train,LINEAGE-0488,RUN-20260828-01a55fcf
REC-04879,PKG-0488-09,train,LINEAGE-0488,RUN-20260828-01a55fcf
REC-04880,PKG-0488-10,train,LINEAGE-0488,RUN-20260828-01a55fcf
REC-04881,PKG-0489-01,train,LINEAGE-0489,RUN-20260828-01a55fcf
REC-04882,PKG-0489-02,train,LINEAGE-0489,RUN-20260828-01a55fcf
REC-04883,PKG-0489-03,train,LINEAGE-0489,RUN-20260828-01a55fcf
REC-04884,PKG-0489-04,train,LINEAGE-0489,RUN-20260828-01a55fcf
REC-04885,PKG-0489-05,train,LINEAGE-0489,RUN-20260828-01a55fcf
REC-04886,PKG-0489-06,train,LINEAGE-0489,RUN-20260828-01a55fcf
REC-04887,PKG-0489-07,train,LINEAGE-0489,RUN-20260828-01a55fcf
REC-04888,PKG-0489-08,train,LINEAGE-0489,RUN-20260828-01a55fcf
REC-04889,PKG-0489-09,train,LINEAGE-0489,RUN-20260828-01a55fcf
REC-04890,PKG-0489-10,train,LINEAGE-0489,RUN-20260828-01a55fcf
REC-04891,PKG-0490-01,train,LINEAGE-0490,RUN-20260828-01a55fcf
REC-04892,PKG-0490-02,train,LINEAGE-0490,RUN-20260828-01a55fcf
REC-04893,PKG-0490-03,train,LINEAGE-0490,RUN-20260828-01a55fcf
REC-04894,PKG-0490-04,train,LINEAGE-0490,RUN-20260828-01a55fcf
REC-04895,PKG-0490-05,train,LINEAGE-0490,RUN-20260828-01a55fcf
REC-04896,PKG-0490-06,train,LINEAGE-0490,RUN-20260828-01a55fcf
REC-04897,PKG-0490-07,train,LINEAGE-0490,RUN-20260828-01a55fcf
REC-04898,PKG-0490-08,train,LINEAGE-0490,RUN-20260828-01a55fcf
REC-04899,PKG-0490-09,train,LINEAGE-0490,RUN-20260828-01a55fcf
REC-04900,PKG-0490-10,train,LINEAGE-0490,RUN-20260828-01a55fcf
REC-04901,PKG-0491-01,validation,LINEAGE-0491,RUN-20260828-01a55fcf
REC-04902,PKG-0491-02,validation,LINEAGE-0491,RUN-20260828-01a55fcf
REC-04903,PKG-0491-03,validation,LINEAGE-0491,RUN-20260828-01a55fcf
REC-04904,PKG-0491-04,validation,LINEAGE-0491,RUN-20260828-01a55fcf
REC-04905,PKG-0491-05,validation,LINEAGE-0491,RUN-20260828-01a55fcf
REC-04906,PKG-0491-06,validation,LINEAGE-0491,RUN-20260828-01a55fcf
REC-04907,PKG-0491-07,validation,LINEAGE-0491,RUN-20260828-01a55fcf
REC-04908,PKG-0491-08,validation,LINEAGE-0491,RUN-20260828-01a55fcf
REC-04909,PKG-0491-09,validation,LINEAGE-0491,RUN-20260828-01a55fcf
REC-04910,PKG-0491-10,validation,LINEAGE-0491,RUN-20260828-01a55fcf
REC-04911,PKG-0492-01,train,LINEAGE-0492,RUN-20260828-01a55fcf
REC-04912,PKG-0492-02,train,LINEAGE-0492,RUN-20260828-01a55fcf
REC-04913,PKG-0492-03,train,LINEAGE-0492,RUN-20260828-01a55fcf
REC-04914,PKG-0492-04,train,LINEAGE-0492,RUN-20260828-01a55fcf
REC-04915,PKG-0492-05,train,LINEAGE-0492,RUN-20260828-01a55fcf
REC-04916,PKG-0492-06,train,LINEAGE-0492,RUN-20260828-01a55fcf
REC-04917,PKG-0492-07,train,LINEAGE-0492,RUN-20260828-01a55fcf
REC-04918,PKG-0492-08,train,LINEAGE-0492,RUN-20260828-01a55fcf
REC-04919,PKG-0492-09,train,LINEAGE-0492,RUN-20260828-01a55fcf
REC-04920,PKG-0492-10,train,LINEAGE-0492,RUN-20260828-01a55fcf
REC-04921,PKG-0493-01,train,LINEAGE-0493,RUN-20260828-01a55fcf
REC-04922,PKG-0493-02,train,LINEAGE-0493,RUN-20260828-01a55fcf
REC-04923,PKG-0493-03,train,LINEAGE-0493,RUN-20260828-01a55fcf
REC-04924,PKG-0493-04,train,LINEAGE-0493,RUN-20260828-01a55fcf
REC-04925,PKG-0493-05,train,LINEAGE-0493,RUN-20260828-01a55fcf
REC-04926,PKG-0493-06,train,LINEAGE-0493,RUN-20260828-01a55fcf
REC-04927,PKG-0493-07,train,LINEAGE-0493,RUN-20260828-01a55fcf
REC-04928,PKG-0493-08,train,LINEAGE-0493,RUN-20260828-01a55fcf
REC-04929,PKG-0493-09,train,LINEAGE-0493,RUN-20260828-01a55fcf
REC-04930,PKG-0493-10,train,LINEAGE-0493,RUN-20260828-01a55fcf
REC-04931,PKG-0494-01,validation,LINEAGE-0494,RUN-20260828-01a55fcf
REC-04932,PKG-0494-02,validation,LINEAGE-0494,RUN-20260828-01a55fcf
REC-04933,PKG-0494-03,validation,LINEAGE-0494,RUN-20260828-01a55fcf
REC-04934,PKG-0494-04,validation,LINEAGE-0494,RUN-20260828-01a55fcf
REC-04935,PKG-0494-05,validation,LINEAGE-0494,RUN-20260828-01a55fcf
REC-04936,PKG-0494-06,validation,LINEAGE-0494,RUN-20260828-01a55fcf
REC-04937,PKG-0494-07,validation,LINEAGE-0494,RUN-20260828-01a55fcf
REC-04938,PKG-0494-08,validation,LINEAGE-0494,RUN-20260828-01a55fcf
REC-04939,PKG-0494-09,validation,LINEAGE-0494,RUN-20260828-01a55fcf
REC-04940,PKG-0494-10,validation,LINEAGE-0494,RUN-20260828-01a55fcf
REC-04941,PKG-0495-01,train,LINEAGE-0495,RUN-20260828-01a55fcf
REC-04942,PKG-0495-02,train,LINEAGE-0495,RUN-20260828-01a55fcf
REC-04943,PKG-0495-03,train,LINEAGE-0495,RUN-20260828-01a55fcf
REC-04944,PKG-0495-04,train,LINEAGE-0495,RUN-20260828-01a55fcf
REC-04945,PKG-0495-05,train,LINEAGE-0495,RUN-20260828-01a55fcf
REC-04946,PKG-0495-06,train,LINEAGE-0495,RUN-20260828-01a55fcf
REC-04947,PKG-0495-07,train,LINEAGE-0495,RUN-20260828-01a55fcf
REC-04948,PKG-0495-08,train,LINEAGE-0495,RUN-20260828-01a55fcf
REC-04949,PKG-0495-09,train,LINEAGE-0495,RUN-20260828-01a55fcf
REC-04950,PKG-0495-10,train,LINEAGE-0495,RUN-20260828-01a55fcf
REC-04951,PKG-0496-01,validation,LINEAGE-0496,RUN-20260828-01a55fcf
REC-04952,PKG-0496-02,validation,LINEAGE-0496,RUN-20260828-01a55fcf
REC-04953,PKG-0496-03,validation,LINEAGE-0496,RUN-20260828-01a55fcf
REC-04954,PKG-0496-04,validation,LINEAGE-0496,RUN-20260828-01a55fcf
REC-04955,PKG-0496-05,validation,LINEAGE-0496,RUN-20260828-01a55fcf
REC-04956,PKG-0496-06,validation,LINEAGE-0496,RUN-20260828-01a55fcf
REC-04957,PKG-0496-07,validation,LINEAGE-0496,RUN-20260828-01a55fcf
REC-04958,PKG-0496-08,validation,LINEAGE-0496,RUN-20260828-01a55fcf
REC-04959,PKG-0496-09,validation,LINEAGE-0496,RUN-20260828-01a55fcf
REC-04960,PKG-0496-10,validation,LINEAGE-0496,RUN-20260828-01a55fcf
REC-04961,PKG-0497-01,test,LINEAGE-0497,RUN-20260828-01a55fcf
REC-04962,PKG-0497-02,test,LINEAGE-0497,RUN-20260828-01a55fcf
REC-04963,PKG-0497-03,test,LINEAGE-0497,RUN-20260828-01a55fcf
REC-04964,PKG-0497-04,test,LINEAGE-0497,RUN-20260828-01a55fcf
REC-04965,PKG-0497-05,test,LINEAGE-0497,RUN-20260828-01a55fcf
REC-04966,PKG-0497-06,test,LINEAGE-0497,RUN-20260828-01a55fcf
REC-04967,PKG-0497-07,test,LINEAGE-0497,RUN-20260828-01a55fcf
REC-04968,PKG-0497-08,test,LINEAGE-0497,RUN-20260828-01a55fcf
REC-04969,PKG-0497-09,test,LINEAGE-0497,RUN-20260828-01a55fcf
REC-04970,PKG-0497-10,test,LINEAGE-0497,RUN-20260828-01a55fcf
REC-04971,PKG-0498-01,train,LINEAGE-0498,RUN-20260828-01a55fcf
REC-04972,PKG-0498-02,train,LINEAGE-0498,RUN-20260828-01a55fcf
REC-04973,PKG-0498-03,train,LINEAGE-0498,RUN-20260828-01a55fcf
REC-04974,PKG-0498-04,train,LINEAGE-0498,RUN-20260828-01a55fcf
REC-04975,PKG-0498-05,train,LINEAGE-0498,RUN-20260828-01a55fcf
REC-04976,PKG-0498-06,train,LINEAGE-0498,RUN-20260828-01a55fcf
REC-04977,PKG-0498-07,train,LINEAGE-0498,RUN-20260828-01a55fcf
REC-04978,PKG-0498-08,train,LINEAGE-0498,RUN-20260828-01a55fcf
REC-04979,PKG-0498-09,train,LINEAGE-0498,RUN-20260828-01a55fcf
REC-04980,PKG-0498-10,train,LINEAGE-0498,RUN-20260828-01a55fcf
REC-04981,PKG-0499-01,test,LINEAGE-0499,RUN-20260828-01a55fcf
REC-04982,PKG-0499-02,test,LINEAGE-0499,RUN-20260828-01a55fcf
REC-04983,PKG-0499-03,test,LINEAGE-0499,RUN-20260828-01a55fcf
REC-04984,PKG-0499-04,test,LINEAGE-0499,RUN-20260828-01a55fcf
REC-04985,PKG-0499-05,test,LINEAGE-0499,RUN-20260828-01a55fcf
REC-04986,PKG-0499-06,test,LINEAGE-0499,RUN-20260828-01a55fcf
REC-04987,PKG-0499-07,test,LINEAGE-0499,RUN-20260828-01a55fcf
REC-04988,PKG-0499-08,test,LINEAGE-0499,RUN-20260828-01a55fcf
REC-04989,PKG-0499-09,test,LINEAGE-0499,RUN-20260828-01a55fcf
REC-04990,PKG-0499-10,test,LINEAGE-0499,RUN-20260828-01a55fcf
REC-04991,PKG-0500-01,test,LINEAGE-0500,RUN-20260828-01a55fcf
REC-04992,PKG-0500-02,test,LINEAGE-0500,RUN-20260828-01a55fcf
REC-04993,PKG-0500-03,test,LINEAGE-0500,RUN-20260828-01a55fcf
REC-04994,PKG-0500-04,test,LINEAGE-0500,RUN-20260828-01a55fcf
REC-04995,PKG-0500-05,test,LINEAGE-0500,RUN-20260828-01a55fcf
REC-04996,PKG-0500-06,test,LINEAGE-0500,RUN-20260828-01a55fcf
REC-04997,PKG-0500-07,test,LINEAGE-0500,RUN-20260828-01a55fcf
REC-04998,PKG-0500-08,test,LINEAGE-0500,RUN-20260828-01a55fcf
REC-04999,PKG-0500-09,test,LINEAGE-0500,RUN-20260828-01a55fcf
REC-05000,PKG-0500-10,test,LINEAGE-0500,RUN-20260828-01a55fcf
